customer_id,customer_name,email,phone,signup_date_raw,tier,region
CUST00001,Allison Hill,donaldgarcia@example.net,,04/12/2026,Bronze,Midwest
CUST00002,Javier Johnson,jesseguzman@example.net,886.737.9402,19-Jan-2025,Bronze,West
CUST00003,Phillip Garcia,,,2025-04-03,Silver,Northeast
CUST00004,Gregory Baker,blairamanda@example.com,584-695-9310,19-Jun-2026,Silver,Midwest
CUST00005,Sharon James,xreid@example.org,(653)541-9283x276,2025-11-12,Silver,Midwest
CUST00006,Patty Perez,trujillorichard@example.org,495.537.6724,2025-12-26,Bronze,South
CUST00007,Nicole Patterson,icox@example.net,610.212.2691x6697,11/08/2025,Gold,South
CUST00008,Stephen Potter,daniel62@example.com,5484281489,30-Mar-2025,Bronze,West
CUST00009,Troy Nielsen,georgetracy@example.org,(443)903-9117x182,22-May-2026,Silver,South
CUST00010,Joseph Obrien,sarahcampos@example.net,546.357.8713,2025-03-04,Silver,South
CUST00011,Crystal Robinson,zimmermanbrian@example.org,4519834738,2024-12-25,Bronze,West
CUST00012,Jason Davis,agomez@example.com,001-801-406-5133x3872,01/20/2025,Bronze,South
CUST00013,Thomas Ramos,williamsyvette@example.org,432-867-7360,2024-07-02,Silver,Midwest
CUST00014,Timothy Glover,rodney87@example.org,243.909.8050,07/02/2025,Bronze,Midwest
CUST00015,Brooke Yu,yorkcasey@example.org,+1-736-619-3990x91699,2024-11-26,Bronze,Northeast
CUST00016,Cynthia Foster,stephen10@example.com,+1-791-618-3842x513,2024-10-23,Bronze,South
CUST00017,Michele Carr,contrerasangela@example.net,524-711-8244,26-Nov-2024,Bronze,South
CUST00018,Deborah Freeman,davisrodney@example.com,2053242786,24-Aug-2024,Bronze,West
CUST00019,Stephanie Gardner,brandi26@example.org,8454053315,2026-05-06,Platinum,Midwest
CUST00020,Christopher Marsh,nicolejohnson@example.net,,2026-05-05,Gold,Midwest
CUST00021,Jennifer Santiago,josephcobb@example.org,(707)633-7543x3036,03/23/2026,Silver,West
CUST00022,Diana May,ifrazier@example.com,8147294019,14-Dec-2025,Bronze,Northeast
CUST00023,Larry Dixon,mlam@example.com,,02-Aug-2024,Silver,South
CUST00024,Joseph Drake,michaeljones@example.net,895-814-8465x64823,11/06/2025,Bronze,South
CUST00025,Lisa Turner,torresjason@example.net,+1-757-377-3872x148,17-Feb-2026,Gold,South
CUST00026,Megan Walker,dylanwilliams@example.com,+1-317-869-3676x320,2024-12-07,Bronze,Midwest
CUST00027,Melissa Marshall,samanthamartinez@example.org,988.995.7986x872,05-Jan-2025,Gold,South
CUST00028,Mark Cannon,rsims@example.com,,08/26/2024,Gold,South
CUST00029,Devon Flores,taylorjesse@example.net,(231)566-5876,28-Feb-2026,Gold,Northeast
CUST00030,Randy Shah,gateskathy@example.com,805.946.6889x3734,22-Jul-2024,Silver,Midwest
CUST00031,Michael Powell,marycalhoun@example.net,+1-906-499-0162,2024-08-06,Bronze,West
CUST00032,Daniel Murphy,aramirez@example.com,270-580-5310,23-Nov-2024,Silver,South
CUST00033,Christian Martinez,elliottjeffery@example.net,852-899-1241x904,05/18/2026,Bronze,West
CUST00034,Kevin Rivas,curtisbarton@example.net,+1-819-905-8651x850,09/15/2024,Bronze,Midwest
CUST00035,Madison Poole,ryangross@example.net,,13-Jan-2025,Silver,Midwest
CUST00036,Kimberly Webb,lpetersen@example.com,,02/20/2025,Bronze,Midwest
CUST00037,Timothy Ramirez,dsanchez@example.net,+1-665-607-5273x545,10-Aug-2025,Bronze,West
CUST00038,Cheryl Allen,wfreeman@example.org,001-777-970-1436x349,08/08/2025,Bronze,Northeast
CUST00039,Zachary Pierce,jacqueline44@example.com,913.651.8233,12/11/2025,Bronze,Northeast
CUST00040,Kelly Campbell,wallkenneth@example.com,(640)482-4008,2025-10-09,Bronze,South
CUST00041,Ashley Smith,taylor75@example.org,,2026-06-04,Bronze,West
CUST00042,Scott Wilson,moralescharles@example.net,+1-502-829-4131x86999,05/25/2025,Bronze,Northeast
CUST00043,Scott Branch,ashley09@example.net,333-441-2328,02-Jul-2024,Bronze,Northeast
CUST00044,Kirk Carter,keithcampbell@example.com,434-693-6183,2026-02-23,Bronze,West
CUST00045,Christopher Parker,scott74@example.net,(248)387-7190x6594,2024-12-14,Bronze,Northeast
CUST00046,Shannon Matthews,keyemily@example.com,001-802-978-7429,06/07/2026,Bronze,West
CUST00047,Jason Morris,hodgemark@example.net,246.980.7154x5168,2025-04-28,Silver,Northeast
CUST00048,Isaiah Avila,nwolf@example.com,,05-Aug-2025,Bronze,Midwest
CUST00049,Jessica Wolfe,johnsoncrystal@example.org,001-424-980-8613x171,2026-05-11,Bronze,Northeast
CUST00050,Michael Perry,pbaird@example.com,+1-826-739-8214,2026-05-13,Gold,Midwest
CUST00051,Samantha Campbell,mary97@example.org,,2025-05-22,Bronze,South
CUST00052,Mr. Phillip Bennett,molly39@example.com,260.457.6627,02-Jul-2025,Bronze,South
CUST00053,Sheila Sawyer,dgarcia@example.org,001-826-721-7459x6158,09/30/2025,Bronze,Northeast
CUST00054,Katherine Weaver,,+1-213-243-1611x724,22-Feb-2025,Platinum,Northeast
CUST00055,Ian Jordan,amandaknight@example.org,(421)596-9379,2025-06-02,Gold,Northeast
CUST00056,David Smith,rsantana@example.net,(617)559-4647,2026-06-29,Bronze,South
CUST00057,Ashley James,bailey40@example.net,(640)490-9743x9533,01-Oct-2025,Silver,South
CUST00058,Maria Parker,xjohnson@example.net,,2024-10-04,Bronze,Northeast
CUST00059,Erin Perry,davidryan@example.com,784.324.7451x71236,01/28/2026,Silver,South
CUST00060,Joshua Gibson,brenda51@example.net,970.698.5931,10/17/2025,Silver,South
CUST00061,Andrew Johnson,pwilson@example.net,(367)958-6926,2025-09-22,Silver,South
CUST00062,Diana Vaughn,,277.835.1585,2025-01-18,Silver,South
CUST00063,Tiffany Holloway,batesdarlene@example.net,5055329318,13-Feb-2026,Bronze,Northeast
CUST00064,Raymond Kramer,ramireztracey@example.org,+1-742-210-2053,05-Nov-2024,Gold,Northeast
CUST00065,Patrick Fox,alvarezkimberly@example.net,001-917-283-9084,2024-08-14,Bronze,Northeast
CUST00066,James Parks,cjoseph@example.org,759-821-2499,2026-06-26,Gold,Midwest
CUST00067,Jody Jacobs,mcguiredanny@example.net,+1-883-767-3657x6615,10/28/2025,Silver,West
CUST00068,Christian Leblanc,davischristopher@example.com,352-880-9885,2025-03-15,Gold,Midwest
CUST00069,Nicole Parrish,schmittcaroline@example.com,,14-Sep-2024,Gold,West
CUST00070,Brittney Olson,bellangela@example.org,001-649-636-8998x09402,2026-05-03,Bronze,Northeast
CUST00071,Christopher Thomas,vjones@example.net,,06/09/2026,Bronze,West
CUST00072,Joseph Bennett,xpeterson@example.com,001-859-991-0229x0147,2025-09-16,Bronze,Midwest
CUST00073,Daniel Hunt,russell49@example.com,740.336.9003x43244,2024-07-06,Platinum,South
CUST00074,Casey James,vincentwhitaker@example.com,860-860-7159,30-Nov-2025,Platinum,South
CUST00075,Brian Smith,george97@example.net,,05/02/2026,Bronze,South
CUST00076,Ryan Sanchez,,001-468-316-4535,07/08/2025,Silver,South
CUST00077,Jordan Bullock,michael23@example.org,(943)929-2127,2025-11-09,Bronze,Midwest
CUST00078,Maria Downs,michelle52@example.com,377-644-9058,2025-06-02,Silver,Midwest
CUST00079,Jacob Mitchell,gilbertwilliam@example.com,,28-Aug-2025,Gold,South
CUST00080,Nancy Williams,marcalvarez@example.org,,05/30/2026,Silver,West
CUST00081,Robert Monroe,wagnergerald@example.org,001-777-288-9255x466,27-Jan-2026,Bronze,West
CUST00082,Andrea Davis,umitchell@example.net,+1-625-819-2546x291,13-Oct-2025,Gold,South
CUST00083,Carl Warner,lucasrodney@example.com,4544235733,08/26/2024,Bronze,West
CUST00084,Ashley Wise,stanleynancy@example.net,(296)822-2927,03/23/2025,Bronze,West
CUST00085,Tracy Bishop,pyoung@example.com,435.697.7468x8623,08-Aug-2024,Bronze,Northeast
CUST00086,Mr. Timothy Dawson,mitchellkathryn@example.com,782.561.3750x606,08-Apr-2025,Bronze,Midwest
CUST00087,Danny Flores,combsdebra@example.org,(304)272-7790,2025-01-03,Bronze,Northeast
CUST00088,Kimberly Acosta,srodriguez@example.org,510-436-9711x7980,2025-01-29,Bronze,Midwest
CUST00089,Harry Duncan,elizabethmiller@example.com,288-888-8067,06/16/2026,Bronze,Northeast
CUST00090,Alan Kramer,john19@example.net,001-252-605-8527x72217,2024-11-24,Silver,Midwest
CUST00091,Stacey Stewart,zachary87@example.com,8348505415,24-Dec-2025,Bronze,Midwest
CUST00092,Jasmine Beltran,xholt@example.net,,2025-01-11,Gold,South
CUST00093,Jeff Jordan,amymorris@example.org,644-279-6275x70596,24-Aug-2024,Gold,West
CUST00094,Heidi Owen,stephaniethomas@example.net,+1-770-721-3556x90927,2025-05-20,Silver,West
CUST00095,Chad Richardson,debra31@example.org,001-927-586-8144x7394,28-Sep-2024,Bronze,West
CUST00096,Jodi Roach,zosborn@example.net,451-588-4422x58313,2026-01-28,Silver,Midwest
CUST00097,Julian Wood,cherylmiller@example.com,(778)466-9125x1778,02-Apr-2026,Bronze,Midwest
CUST00098,Margaret White,ryanbartlett@example.org,682-342-2535,30-Dec-2024,Bronze,West
CUST00099,Krista Martinez,christina18@example.net,(299)222-9959,08/29/2024,Bronze,West
CUST00100,Patricia Baker,katiebutler@example.net,9783447364,14-Nov-2025,Bronze,West
CUST00101,Jason Marshall,catherine55@example.net,(962)558-8153x714,10/11/2024,Silver,West
CUST00102,Tony Lin,kwright@example.com,001-953-227-8774,04-Sep-2024,Gold,West
CUST00103,Jim Allen,brandon47@example.net,+1-874-280-1624x5650,2025-08-20,Bronze,West
CUST00104,Juan Jones,rduran@example.net,+1-891-221-6558x52398,2024-08-03,Platinum,Northeast
CUST00105,Gary Wells,ghernandez@example.org,695-926-9495x88879,15-Feb-2026,Bronze,West
CUST00106,Michael Whitney,laura09@example.com,599-230-9728x962,2025-08-22,Bronze,South
CUST00107,Cheryl Alexander,shernandez@example.org,(489)970-2838x57865,04/26/2026,Bronze,West
CUST00108,Hector Ingram,chelsea33@example.com,,2025-08-11,Silver,Northeast
CUST00109,William Evans,janet75@example.com,(284)641-9866x524,28-May-2026,Bronze,Northeast
CUST00110,Thomas Douglas,ilewis@example.com,+1-542-519-9330,2024-08-08,Gold,Midwest
CUST00111,Mitchell Garcia,adampierce@example.org,(877)434-5401x93802,2026-05-12,Silver,Midwest
CUST00112,Russell French,sharonhayden@example.com,9044991547,03/13/2026,Bronze,Northeast
CUST00113,Corey Rodriguez,jessicawong@example.net,(805)749-3296,09/02/2024,Bronze,Northeast
CUST00114,Cathy Taylor,shari04@example.com,774.554.9904,08/15/2024,Bronze,Midwest
CUST00115,Eric Sullivan,hannah45@example.net,932.572.7956,07-Jan-2026,Bronze,South
CUST00116,Linda Cobb,xrice@example.org,001-410-788-3982,2026-03-15,Silver,Northeast
CUST00117,Michael Love,gdavis@example.com,9726867908,12/10/2025,Bronze,South
CUST00118,Robert Reese,,001-910-265-1801,01/26/2025,Bronze,South
CUST00119,Chad May,ybrooks@example.com,(261)282-5128x6823,14-Jun-2026,Bronze,Midwest
CUST00120,Nathan Coleman,pmorrow@example.com,(324)231-0690x331,05/22/2025,Silver,West
CUST00121,Shelby Sanchez,moralesjimmy@example.org,001-502-884-3959x95342,05-Feb-2025,Bronze,Midwest
CUST00122,Travis Hobbs,conniesimmons@example.com,,08/04/2024,Bronze,West
CUST00123,Mason James,heather62@example.com,(428)873-3427x0866,12/25/2024,Bronze,South
CUST00124,Matthew Nielsen,christopher30@example.com,(299)501-3983x7354,05/15/2026,Bronze,South
CUST00125,Autumn Key,srocha@example.net,001-636-738-5467x854,2025-07-09,Bronze,West
CUST00126,Brett Zavala MD,robin55@example.com,8936204899,20-Oct-2024,Bronze,West
CUST00127,James Whitaker,rpierce@example.com,,01/04/2025,Bronze,Midwest
CUST00128,Tracy May,umurray@example.com,(328)272-8080,01/09/2026,Silver,South
CUST00129,Ryan Hall,albertwagner@example.com,8992770088,07/13/2024,Bronze,West
CUST00130,Kimberly Mitchell,ldrake@example.org,682-833-9845,2024-08-27,Silver,South
CUST00131,Judy Sanchez,kevinclayton@example.org,+1-801-766-6870x0217,17-Aug-2025,Bronze,Midwest
CUST00132,Anna Rice,hallrachel@example.net,001-474-701-4890,12-Jul-2024,Platinum,South
CUST00133,Charles Hoover,thickman@example.org,001-739-268-5621,09/10/2024,Bronze,Midwest
CUST00134,Billy Jacobs,unovak@example.org,+1-647-573-5866x2961,2025-12-02,Bronze,Northeast
CUST00135,Christian Dawson,jodistewart@example.org,404-875-4121,2025-05-24,Silver,West
CUST00136,Jennifer Johnson,angela99@example.com,,03/22/2026,Bronze,West
CUST00137,Jason Maxwell,ashleyjackson@example.com,(824)644-7212,05/03/2025,Gold,West
CUST00138,Mr. David Wright,mwheeler@example.com,,09/16/2024,Bronze,Northeast
CUST00139,Travis Cook,vbrock@example.com,969-524-5937x52654,02/23/2025,Bronze,Midwest
CUST00140,Richard Diaz,brittanygardner@example.net,001-480-873-7416x72434,27-Jan-2026,Silver,Midwest
CUST00141,William Mendoza,sferguson@example.com,+1-405-289-1135,08/15/2025,Bronze,West
CUST00142,Maria Rasmussen,tammy61@example.org,943-788-8993,12-Apr-2025,Platinum,Northeast
CUST00143,Leah Mason,whitney71@example.com,(911)925-4573x87571,2025-02-18,Bronze,Northeast
CUST00144,Robert Wilson,deborah23@example.net,(482)458-6736,2025-10-10,Bronze,West
CUST00145,Allen Mendez,shannonjordan@example.org,001-933-341-9182x553,01/08/2025,Bronze,South
CUST00146,Kelsey Fowler,lcarr@example.org,(557)692-4991x251,09/24/2024,Bronze,Midwest
CUST00147,Charles Price,baileyhenderson@example.com,+1-782-282-7422x5790,19-Jun-2025,Silver,Midwest
CUST00148,James Hoffman,fortiz@example.com,001-677-421-9034x043,21-Jan-2026,Bronze,South
CUST00149,Patricia Simpson,armstrongjoseph@example.net,,2026-02-21,Silver,South
CUST00150,Rodney Williams,bpayne@example.org,001-734-807-4517x1339,10/30/2024,Silver,South
CUST00151,Daniel Clark,hudsonamanda@example.net,+1-425-844-9481,2026-05-01,Silver,West
CUST00152,Sharon Martinez DVM,dustinmorris@example.org,001-767-929-4667x11684,2026-05-24,Bronze,Northeast
CUST00153,Aaron Schroeder,simonstephen@example.net,001-751-486-3637x454,08/17/2025,Silver,Midwest
CUST00154,Mr. Michael Williams,simsmary@example.org,427-670-6324,09/07/2024,Bronze,West
CUST00155,Bradley Beck,brettgarrett@example.net,001-936-211-0371x293,2024-07-06,Bronze,West
CUST00156,Bryan Dalton,timperez@example.org,001-211-455-4262x2189,2025-05-17,Bronze,West
CUST00157,Lori Hernandez,cjensen@example.org,412-519-6565,18-Jan-2025,Bronze,Northeast
CUST00158,Juan Greene,kimberly04@example.org,398.236.4037x61379,06/20/2026,Gold,Northeast
CUST00159,Bonnie Valencia,rdiaz@example.org,001-871-809-1043x00684,11/24/2025,Bronze,South
CUST00160,Joshua Jensen,christopher18@example.org,(285)569-1463,09/01/2024,Silver,Midwest
CUST00161,Jesse Lynch,elizabeth21@example.org,,11/29/2025,Bronze,West
CUST00162,Carla Benton,gary24@example.net,305-964-8149,28-May-2025,Silver,Midwest
CUST00163,Jonathan Bradley,eric19@example.net,,12/09/2025,Bronze,Northeast
CUST00164,Jordan Williams,sanchezthomas@example.com,,2026-05-02,Bronze,South
CUST00165,Tyler Johnson,pwalker@example.com,001-854-319-5180x2380,04/01/2026,Platinum,Midwest
CUST00166,Patricia Collins,tranalan@example.org,,2025-01-29,Gold,Midwest
CUST00167,Nancy Sanchez,brittany73@example.net,+1-232-706-0385,07/02/2024,Bronze,South
CUST00168,Sarah Acosta,harristonya@example.com,302.441.0386x5719,10/08/2025,Gold,West
CUST00169,Kevin Brown,joelgreen@example.com,(455)974-3132x9121,06/05/2025,Bronze,West
CUST00170,Joshua Oconnell,shannonford@example.org,524-790-3521,2025-04-15,Platinum,Midwest
CUST00171,Edwin Wilkins,anthonysullivan@example.com,+1-283-517-1210,10/04/2024,Bronze,West
CUST00172,Jacqueline Mccoy,aguilarjonathan@example.org,9132721510,10/31/2024,Platinum,Midwest
CUST00173,Samantha Foster,reyesronald@example.com,,04-Dec-2024,Platinum,South
CUST00174,Douglas Stephenson,mendezchristina@example.net,576-287-0146x2638,06/22/2026,Bronze,West
CUST00175,Heather Stephens,,,19-Jun-2025,Platinum,Northeast
CUST00176,Kathryn Price,anthonyharper@example.org,001-240-578-5932x13348,08/24/2025,Silver,West
CUST00177,Mrs. Taylor Frey,gregorywatkins@example.net,001-659-405-9929x378,23-Jun-2025,Gold,West
CUST00178,David Robinson,nsmith@example.org,(352)750-0292,06/01/2026,Gold,Northeast
CUST00179,Tom Foster,rogersmarcus@example.org,001-667-452-8953x9264,07-Nov-2024,Gold,Midwest
CUST00180,Michael Berry,whitelucas@example.net,791.472.5135,2025-10-07,Silver,Northeast
CUST00181,Samantha Santiago,sean43@example.org,001-915-841-0067x626,2025-03-14,Bronze,Northeast
CUST00182,Ronald Kramer,franciscojones@example.org,705-941-1526x2181,2025-11-26,Bronze,West
CUST00183,Matthew Lawson,gmoore@example.com,336.288.4443,2025-04-13,Bronze,West
CUST00184,Katherine Brown,pattersonkelly@example.net,+1-897-931-0324x1714,22-Jun-2025,Bronze,West
CUST00185,Anna Stephens,nathanjames@example.org,304.777.4349x021,10-Feb-2026,Bronze,West
CUST00186,Peter Perez,randallloretta@example.com,+1-479-337-4160,2026-05-24,Bronze,South
CUST00187,Travis Jackson,lindseymartinez@example.com,863-829-4511,08/07/2025,Silver,West
CUST00188,Kelly Stark,buchanancindy@example.net,(716)822-9991x19148,01/09/2025,Gold,Northeast
CUST00189,Laura Kennedy,joshuathomas@example.net,+1-660-965-3074x50544,18-Mar-2026,Bronze,South
CUST00190,Valerie Perez,,775-246-9137x3678,07/11/2025,Bronze,Northeast
CUST00191,Eric Hunter,kimberlywarren@example.net,7235303070,01/16/2025,Silver,Midwest
CUST00192,Kathy Reid,maldonadojohn@example.com,+1-272-879-8552x414,06-Aug-2024,Bronze,South
CUST00193,Penny Lewis,deborahbyrd@example.com,+1-668-600-7229x0349,05-May-2025,Silver,Midwest
CUST00194,Gregory King,hturner@example.net,(391)708-5899x4417,21-Jun-2026,Bronze,West
CUST00195,Shannon Green,,001-943-628-3096x520,2025-01-06,Bronze,South
CUST00196,James Johnson,matthewreeves@example.net,+1-375-984-2824,2024-10-02,Bronze,South
CUST00197,Robert Hines,staceylam@example.net,635-934-6554,2026-03-13,Bronze,West
CUST00198,Sean Silva,kennedyjames@example.org,+1-768-446-0223x56972,01/19/2026,Gold,West
CUST00199,Mr. Christopher Walters,hayesjason@example.org,,2025-08-25,Gold,West
CUST00200,Richard Chan,christinaschultz@example.com,(576)500-8350x58300,11/18/2025,Bronze,West
CUST00201,Carl Reyes,,001-742-810-4478,04/09/2026,Bronze,South
CUST00202,Grace Valenzuela MD,frederickmeadows@example.com,3337230982,12/01/2025,Bronze,Midwest
CUST00203,Jaime Bowman,wheelerbrandon@example.org,+1-200-616-7618x4723,03-May-2025,Bronze,Midwest
CUST00204,Joseph Dean,robertroach@example.net,001-791-841-1739x3483,02/01/2025,Gold,South
CUST00205,Jon Clark,arivera@example.org,,2025-11-02,Gold,South
CUST00206,Sara Caldwell,stacychan@example.org,,2025-12-10,Gold,Midwest
CUST00207,David Hall,joseph01@example.org,4454561100,25-Feb-2025,Silver,West
CUST00208,Tina Adams,watsonmatthew@example.org,(867)946-7621x2021,02/05/2026,Silver,West
CUST00209,Catherine James,cheryl27@example.com,567-701-4508,07/14/2025,Bronze,South
CUST00210,Lisa Reynolds,timothyalvarado@example.net,(728)590-0287x7217,2025-02-27,Gold,Northeast
CUST00211,Jonathon Pierce,ppowell@example.org,879.871.7751x701,27-Jul-2024,Bronze,West
CUST00212,Samantha Conner,pamela83@example.net,+1-375-350-3758x99757,01/05/2026,Bronze,Midwest
CUST00213,Glenn Gallegos,amy51@example.org,(372)861-4933,2024-12-05,Bronze,South
CUST00214,Cheryl Morgan,owilliams@example.net,,03-Sep-2025,Bronze,Midwest
CUST00215,Joanna Barrett,tamarasmith@example.net,4863978292,2025-04-09,Bronze,Midwest
CUST00216,Sonya Gordon,mbarnes@example.net,001-734-565-4722x69848,11/24/2024,Gold,Midwest
CUST00217,Donna Reed,tinasantos@example.org,385.215.8799x68460,2025-04-04,Bronze,Northeast
CUST00218,Anthony Adams,tonyavega@example.org,5438805719,2024-12-21,Silver,Northeast
CUST00219,Rebecca Roberts,housepaul@example.net,,13-Feb-2025,Bronze,Northeast
CUST00220,Alexandria King,ogreer@example.net,001-459-389-3347x212,04/01/2025,Silver,Northeast
CUST00221,Justin Anderson,adam72@example.org,(759)309-4798,23-Jan-2026,Bronze,South
CUST00222,Daniel White,hartmanerik@example.net,+1-661-553-3555,2026-05-24,Platinum,West
CUST00223,Karen Hoffman,wilsonmichael@example.org,,21-Apr-2026,Gold,Northeast
CUST00224,Lisa Haley,patrick16@example.com,+1-240-685-8877,2026-04-16,Bronze,South
CUST00225,Jose Vaughan,teresaayala@example.net,3134361386,18-Jul-2024,Bronze,South
CUST00226,Amanda Jones,lauragrant@example.net,846.367.6650,2025-07-25,Silver,Northeast
CUST00227,Lisa Avila,haynescharles@example.net,244-991-4766,22-Oct-2024,Silver,Midwest
CUST00228,Paul Robles,susan24@example.net,001-350-688-2100x9968,12/01/2024,Bronze,West
CUST00229,Molly Lewis,eugenewalker@example.com,612.390.8781,12/30/2024,Bronze,South
CUST00230,Kevin Lynn,david31@example.com,+1-713-757-7594x929,05/30/2026,Bronze,Northeast
CUST00231,Erik Floyd,xhill@example.org,,08-Nov-2025,Bronze,Midwest
CUST00232,John Griffin,tony12@example.net,+1-814-528-3411x080,22-Apr-2026,Silver,Northeast
CUST00233,Kimberly Lutz,jvaldez@example.com,(539)442-7881x6580,01/04/2026,Gold,Northeast
CUST00234,Christopher Knight,jillwebb@example.com,5377314530,04/09/2025,Bronze,Midwest
CUST00235,Sierra Williams,dakota84@example.net,898-592-6659x184,2025-07-12,Bronze,South
CUST00236,Sean Tucker,aeaton@example.net,(472)431-8432,2025-03-22,Gold,Northeast
CUST00237,Bailey Hall,jennifer77@example.com,492.460.3029,02-Oct-2025,Bronze,Midwest
CUST00238,Kenneth Brown,sandra86@example.net,001-404-513-7977,02/26/2026,Bronze,Midwest
CUST00239,Rebecca Hoover,cindydixon@example.org,001-857-499-1366x2103,09/15/2025,Bronze,Northeast
CUST00240,Steven Greene,davisdonna@example.net,+1-506-986-5086,01/27/2026,Bronze,South
CUST00241,Kevin Figueroa,colemanjonathan@example.org,349-286-4300,03/31/2025,Silver,Northeast
CUST00242,Robert Ortiz,mooredenise@example.com,986-495-9463x688,27-Mar-2025,Bronze,Northeast
CUST00243,Dawn Parker,kim62@example.net,237-421-3865,04/10/2025,Silver,West
CUST00244,Regina Morrow,bfrost@example.org,643-251-9066,2026-05-21,Bronze,Northeast
CUST00245,Margaret Gonzales,melissagalvan@example.net,430-398-8392x0530,06/27/2026,Silver,South
CUST00246,Heather Foster,,001-738-701-1848,03-Jun-2026,Bronze,Midwest
CUST00247,Larry Lee,qandrews@example.org,(981)881-8451x84894,2025-08-15,Silver,South
CUST00248,Nina Ali,lmaldonado@example.org,,17-Jun-2025,Bronze,Midwest
CUST00249,James Kramer,ericahall@example.com,(958)780-4341x65182,15-Mar-2025,Silver,South
CUST00250,Debra Valentine,victorgonzalez@example.net,343.333.3952,2026-05-02,Bronze,West
CUST00251,Mary Austin,charlesnathan@example.com,894.972.8463x9208,17-May-2026,Bronze,West
CUST00252,Gregory Dalton,stephenmartinez@example.net,450.603.6915x594,2024-12-20,Bronze,South
CUST00253,Louis Diaz,acoleman@example.net,001-855-864-7292x93143,11/20/2024,Gold,South
CUST00254,Nancy Kennedy,thompsonvictor@example.net,685.974.4890x61203,2026-03-04,Bronze,West
CUST00255,Patrick Green,ann45@example.org,(915)393-9982x45587,04/04/2025,Silver,Midwest
CUST00256,Mark Thomas,daniellemcfarland@example.com,+1-899-661-1253x5544,09-Apr-2026,Silver,Midwest
CUST00257,Teresa Adkins,lgutierrez@example.org,(334)913-2611,04-Aug-2025,Platinum,Midwest
CUST00258,James Hubbard,garciachristine@example.org,,2025-10-21,Bronze,Midwest
CUST00259,Ellen Wright,scott22@example.net,(900)455-7784,2026-06-07,Platinum,West
CUST00260,Cassandra Harper,omills@example.net,257-283-1745x6424,17-Jul-2025,Bronze,South
CUST00261,Brandy Mitchell,wattstravis@example.com,806-549-3085x3686,2024-10-28,Bronze,West
CUST00262,Jean Gray,christian38@example.net,001-944-984-6312x241,01/15/2025,Silver,South
CUST00263,Chelsea Smith,bookerandrew@example.org,642-970-3120x7356,06/28/2026,Bronze,South
CUST00264,Rick Rivera,brianrowe@example.org,,2025-07-31,Silver,West
CUST00265,Steven Wright,hclayton@example.net,567.930.3718,10-Apr-2025,Gold,West
CUST00266,Taylor Moore,garnerandrea@example.org,474-635-0313x650,2025-08-31,Bronze,West
CUST00267,David Novak,jbarker@example.com,001-413-927-1950x05281,12/17/2024,Bronze,South
CUST00268,Dr. Nicole Trujillo,bquinn@example.net,,02-Apr-2025,Bronze,Midwest
CUST00269,Danielle Williams,ihansen@example.net,439.928.5574x9821,01-Feb-2025,Silver,Midwest
CUST00270,Jacob Smith,bgross@example.net,(693)751-8638x782,04/25/2025,Bronze,South
CUST00271,Brent Hopkins,conleydavid@example.org,,25-Nov-2024,Silver,Northeast
CUST00272,Mr. Kenneth Huff,sfox@example.net,705-839-1037x170,02/20/2026,Bronze,Midwest
CUST00273,Amy Jensen,navarromary@example.org,581.413.8633,2025-08-12,Gold,South
CUST00274,Nichole Miranda,emily61@example.org,(786)785-2897,08/06/2025,Bronze,Northeast
CUST00275,Sarah Gutierrez DDS,charlene98@example.org,(484)657-7600x4908,07/05/2024,Gold,Northeast
CUST00276,Mrs. Emily Ingram,samantha88@example.net,001-721-507-5224,12/17/2024,Bronze,South
CUST00277,Anna Ross,jessicacummings@example.com,(379)219-4096,05/04/2026,Bronze,Midwest
CUST00278,Shawn Hamilton,kanejeremy@example.net,+1-506-404-8058x925,2024-08-06,Silver,Northeast
CUST00279,Jenna Griffin,walkerkeith@example.com,(625)317-9086,17-Apr-2025,Bronze,West
CUST00280,Michael Gill,fhansen@example.com,+1-393-389-8331x4659,02-Nov-2025,Silver,Midwest
CUST00281,Gregory Flores,carrillogary@example.com,,09/23/2025,Silver,Midwest
CUST00282,Jessica Thomas MD,jamesbrooks@example.net,310-639-2405,25-May-2025,Silver,Midwest
CUST00283,Daniel Medina,amychristensen@example.net,692.206.9804x2043,06/04/2025,Gold,Midwest
CUST00284,Andrea Guerrero,michelle04@example.net,(936)281-5798x1238,07/29/2024,Bronze,South
CUST00285,Elizabeth Burns,andrewsutton@example.com,+1-743-884-0460x8432,10/22/2025,Platinum,Midwest
CUST00286,James Yu,robertberry@example.com,,06/08/2026,Bronze,West
CUST00287,Erin Daniels,denisecarpenter@example.net,724.382.6292,2025-08-11,Silver,Northeast
CUST00288,Bailey Stewart,jessicacannon@example.com,(547)542-3122x09949,12/16/2024,Bronze,Midwest
CUST00289,Bobby Chan,waynejacobs@example.net,,2025-10-17,Gold,South
CUST00290,James Wells,jamesjohnson@example.org,563-833-1279x757,04/22/2025,Silver,Midwest
CUST00291,Nicolas James,phillip99@example.net,,2025-07-18,Bronze,Northeast
CUST00292,Rachel Meyer,cbryant@example.org,986.408.6803x47644,2025-05-04,Bronze,South
CUST00293,Amy Black,stevenlucas@example.org,001-981-529-8266x5702,2026-04-05,Silver,West
CUST00294,Fred Wong,jennifermartinez@example.org,,2025-11-27,Bronze,Midwest
CUST00295,Angela Zimmerman,nicholasjames@example.org,492-522-2064x47421,03-Jul-2024,Silver,West
CUST00296,Alexandria Jimenez,astephens@example.net,633.597.7671x9903,08/05/2024,Bronze,Midwest
CUST00297,Matthew Johnson,estradamary@example.com,710-216-2249x99827,09/06/2024,Bronze,West
CUST00298,Jacob Gray,changmegan@example.org,,30-Jan-2025,Silver,Midwest
CUST00299,Michael Hill,swarren@example.org,,09/20/2025,Bronze,West
CUST00300,Nicholas Fuller,webbhaley@example.net,969-954-8995x2997,10-Feb-2026,Platinum,Northeast
CUST00301,Crystal Roberts,aaronjohnson@example.net,539-266-0558,11-Oct-2025,Silver,West
CUST00302,Dawn Jones,william50@example.org,,11/12/2025,Platinum,South
CUST00303,Nathaniel Gilbert,collierjames@example.com,+1-677-702-7278x57608,2025-08-09,Bronze,Northeast
CUST00304,Kenneth Rivera,carl24@example.org,868-329-9629x14504,06/28/2025,Bronze,South
CUST00305,Jesse Sampson,aliciathompson@example.com,5317780782,2026-05-05,Gold,West
CUST00306,Kelly Rowe,kaylagarcia@example.net,+1-923-207-6810x40915,2024-09-14,Gold,Northeast
CUST00307,Nichole Johnson,danielle35@example.org,444.685.7142,2024-09-22,Bronze,Northeast
CUST00308,Kristin Garcia,andrea42@example.net,993-221-4958x7020,09/16/2024,Gold,West
CUST00309,Jeffery White,tjensen@example.com,981.679.2171,11/11/2025,Bronze,Midwest
CUST00310,Julie Hall,douglashuang@example.com,(962)955-7701x715,2026-03-09,Gold,South
CUST00311,Gregory Andrews,sullivanjennifer@example.org,981-848-7696x39382,08/18/2024,Gold,West
CUST00312,Michael Reynolds,vbradley@example.net,001-332-919-7199x758,2024-11-06,Bronze,West
CUST00313,Andrea Rodriguez,pmurphy@example.net,6138290227,09/22/2025,Gold,West
CUST00314,Daniel Rich,ashley46@example.net,(219)209-8624x058,2025-11-25,Silver,South
CUST00315,Heather Callahan,youngjacqueline@example.com,+1-856-766-6832x7238,03/05/2026,Bronze,West
CUST00316,Zachary Santiago,alexanderwong@example.org,001-876-921-2679x6927,04/07/2025,Bronze,South
CUST00317,Jeff Smith,pbradford@example.net,346.489.5009x75197,15-Dec-2025,Platinum,Northeast
CUST00318,Shannon Christensen,steven18@example.net,737-218-9490,06/07/2025,Silver,Midwest
CUST00319,Julie Gross,zgomez@example.com,,27-Jan-2025,Silver,West
CUST00320,Thomas Curry,,,12-Dec-2025,Bronze,West
CUST00321,Amy Kennedy,ashleydouglas@example.com,,2026-02-10,Silver,South
CUST00322,Donna Miller,yorkjoshua@example.org,+1-444-640-1929x275,22-Jan-2026,Bronze,South
CUST00323,Christopher Rose,cooperchristopher@example.org,+1-627-366-3723x950,2024-08-08,Platinum,Northeast
CUST00324,John Alvarez,noahthornton@example.com,728-860-4765x801,09/19/2025,Gold,Northeast
CUST00325,Denise Nelson,scottbreanna@example.com,001-339-338-5258x00106,11/12/2025,Bronze,South
CUST00326,Nicholas King,johnsonchristopher@example.net,+1-639-911-1926x92124,2025-10-25,Bronze,Northeast
CUST00327,Jesse Carney,qschwartz@example.com,921-340-6650x442,06/24/2025,Platinum,South
CUST00328,Lisa White,irodriguez@example.com,691.974.1011,14-Jul-2024,Silver,South
CUST00329,Mr. Aaron Johnson MD,isabelconway@example.net,2878766183,27-May-2026,Silver,South
CUST00330,Karen Bradley,mathew46@example.org,,2025-10-04,Silver,Midwest
CUST00331,Ann Nichols,christopher74@example.net,,26-Nov-2024,Silver,West
CUST00332,Tracy Guerrero,heather15@example.com,973-820-3093,15-Aug-2024,Gold,Northeast
CUST00333,Elizabeth Ferguson,blevy@example.org,205-406-1387x82931,22-Jun-2025,Bronze,West
CUST00334,Terry Montgomery,jacquelineanderson@example.org,+1-504-317-9291x1179,2026-02-07,Bronze,South
CUST00335,Robert Hendrix,rnguyen@example.net,+1-325-630-9251,11-Oct-2024,Silver,Midwest
CUST00336,Michael Tran,lsanchez@example.org,(219)462-0710,07-May-2026,Silver,Midwest
CUST00337,Linda Campbell,nschwartz@example.org,+1-348-676-3290x9279,2025-03-11,Gold,Midwest
CUST00338,David Wilson,montgomerymichelle@example.net,237.734.0312x77220,24-Jan-2025,Bronze,South
CUST00339,Geoffrey Trujillo,vwilliams@example.org,+1-922-707-8113,02-May-2025,Platinum,South
CUST00340,Stephanie Hall,nguyencorey@example.net,(436)831-7970x62397,30-Mar-2025,Bronze,Midwest
CUST00341,Cory Howard,james20@example.net,001-704-521-7762,2026-04-08,Silver,South
CUST00342,Rachel Little,belindatran@example.org,268-873-9774,2025-12-19,Bronze,South
CUST00343,Garrett Riley,robinvillanueva@example.com,3079806867,06/27/2025,Silver,Northeast
CUST00344,Paul Steele,idodson@example.com,431-807-4279x9077,11/12/2024,Silver,South
CUST00345,Lori Padilla,daltonchad@example.net,780-246-4989x31950,19-Sep-2024,Bronze,West
CUST00346,Manuel Diaz,deborahbush@example.net,,11/30/2025,Bronze,West
CUST00347,William Allen,banksjo@example.net,001-733-955-4864x015,06/20/2025,Gold,South
CUST00348,Barbara Mckinney,shannon51@example.org,911.462.4112x412,03/30/2026,Bronze,South
CUST00349,Lori Carter,thomasfisher@example.net,,2025-10-13,Bronze,South
CUST00350,Arthur Wiggins,marystone@example.com,,2025-04-27,Bronze,West
CUST00351,Matthew Nguyen,kellis@example.org,424-637-5402x5472,2024-11-10,Gold,South
CUST00352,Michael Conway,evanwilson@example.com,001-727-745-2380,16-Oct-2024,Bronze,South
CUST00353,William Ferguson,knapprichard@example.com,,01/12/2026,Silver,Midwest
CUST00354,Tanya Moore,deborah47@example.com,001-892-597-5170x28140,2025-05-22,Bronze,West
CUST00355,Anthony Davidson,kimberlywang@example.org,,2024-07-17,Bronze,South
CUST00356,Jill Powers,daughertypreston@example.com,799-780-5626x56504,02/10/2025,Bronze,Northeast
CUST00357,Justin Lewis,afigueroa@example.com,726-362-9912x3478,12-May-2026,Bronze,West
CUST00358,Jaime Smith,robert87@example.net,001-623-626-4870,06/26/2025,Gold,Northeast
CUST00359,Courtney Moody,joseblanchard@example.net,,06/10/2025,Silver,South
CUST00360,Stephanie Butler,pknox@example.org,8146719597,2025-10-01,Bronze,West
CUST00361,Michael Wilson,brucefrancisco@example.org,,2024-10-15,Silver,West
CUST00362,Michael Howard,nelsonrobert@example.com,,05-Aug-2024,Bronze,South
CUST00363,Mark Jones,katiewhite@example.org,+1-428-255-4451x895,08-Oct-2024,Gold,South
CUST00364,Richard Jenkins,curtismoore@example.org,389.388.8167,02/17/2026,Silver,South
CUST00365,Karen Collins,don79@example.net,,01/08/2026,Silver,West
CUST00366,Michael Johnson,walkermelissa@example.org,001-834-223-2161x107,21-Nov-2024,Gold,Northeast
CUST00367,Matthew Watkins,qwilson@example.org,440-711-9393,22-Jul-2024,Silver,Midwest
CUST00368,Paul Ramirez,michael89@example.org,591.919.0833x42801,2025-03-25,Silver,West
CUST00369,Jessica Rosario,maryzavala@example.com,483.961.5171,2026-01-07,Silver,Northeast
CUST00370,Kristin Williams,tristan64@example.com,+1-447-238-6463x175,06/29/2026,Bronze,Midwest
CUST00371,Brian Kim DDS,wilsonralph@example.net,001-812-315-3539,12/17/2024,Gold,Northeast
CUST00372,Jonathan Hubbard,katelyn65@example.com,+1-496-278-4271x14773,11-Sep-2024,Bronze,West
CUST00373,Barry Gregory,patrickshelton@example.org,699-711-8773x4778,2026-02-11,Bronze,South
CUST00374,Alicia Gallagher,hbeard@example.com,856.477.0028x427,13-Feb-2025,Silver,South
CUST00375,Phillip Carroll,rkeller@example.net,001-977-882-8064,2025-09-23,Bronze,South
CUST00376,William Flores,garzadavid@example.com,(590)556-1655x650,12/19/2024,Silver,Midwest
CUST00377,Bradley Watts,danny20@example.net,807-769-8640x79056,08/22/2025,Bronze,South
CUST00378,Ariel Leonard,tyler52@example.net,856-537-1834x4049,29-Sep-2025,Bronze,West
CUST00379,Michelle Lane,joshua98@example.com,(935)414-8468x53664,2026-04-04,Bronze,South
CUST00380,Kelli Lopez,vlewis@example.com,,01/12/2025,Silver,West
CUST00381,Rhonda Farrell,umichael@example.net,8838572324,02/18/2025,Gold,South
CUST00382,Amy Harris,sadams@example.net,(249)536-3123,02-Feb-2026,Bronze,Northeast
CUST00383,John Esparza,clucas@example.org,(942)204-4820,10-Aug-2024,Bronze,Northeast
CUST00384,Emily Evans,lesterrichard@example.com,+1-316-523-1981x89847,2025-09-11,Silver,Midwest
CUST00385,Emily Collier,,001-263-963-2123x4764,2025-07-24,Bronze,West
CUST00386,Ashley Gardner,rvega@example.org,(675)740-9003x486,04/20/2026,Bronze,Northeast
CUST00387,Kimberly Young,zprice@example.com,,05-Feb-2025,Bronze,Northeast
CUST00388,Nicole Evans,ruthwelch@example.net,(704)817-7656x12481,2025-09-12,Gold,Northeast
CUST00389,Nancy Chavez,gilldanielle@example.org,+1-472-806-3459x1123,01/29/2026,Bronze,South
CUST00390,John Moss,glenn95@example.com,,22-Nov-2024,Silver,South
CUST00391,Christopher Walter,andrewjohnson@example.net,+1-693-417-3420x6969,03-Sep-2024,Silver,Midwest
CUST00392,Travis Wilson,dayala@example.net,513.633.4476x2639,2025-12-12,Gold,South
CUST00393,Christopher Sparks,robertsjose@example.net,835.897.1072x563,12/19/2025,Silver,Northeast
CUST00394,Brandon Brown,sarah75@example.net,+1-490-604-8964x65280,01-Nov-2024,Silver,Midwest
CUST00395,Gerald Mcdonald Jr.,hthomas@example.com,6277456449,05/14/2025,Gold,South
CUST00396,Norman Henry,angelalivingston@example.net,803.320.3207x427,2026-06-26,Platinum,West
CUST00397,Amanda Kelly,hellis@example.net,(615)513-4228,08/30/2025,Bronze,West
CUST00398,Kelly Duncan,pknapp@example.com,+1-915-904-1659x15201,05/28/2025,Silver,Northeast
CUST00399,Linda Smith,douglasstephanie@example.com,001-892-630-4501x8961,2024-11-07,Bronze,Northeast
CUST00400,Sharon Davis,frankchan@example.com,+1-521-947-6492x5158,21-May-2025,Silver,South
CUST00401,Derrick Burke,avilalisa@example.net,(466)910-8573,07/20/2025,Bronze,Midwest
CUST00402,Angela Mcdonald,solomontim@example.org,,2026-06-18,Bronze,South
CUST00403,Elizabeth Wright,dphillips@example.net,608-718-6617,01/02/2025,Silver,Midwest
CUST00404,Jonathan Wilson,lwhite@example.com,6167459779,05-Jun-2026,Gold,Northeast
CUST00405,Chelsea Lopez,monica16@example.net,9066102776,09/24/2025,Bronze,Northeast
CUST00406,Heather Nunez,fballard@example.org,(403)510-3037,14-May-2025,Bronze,Midwest
CUST00407,Rachel Lee,kayla27@example.com,5125277707,01/31/2025,Bronze,Midwest
CUST00408,Jenna Cook,mccoyjennifer@example.com,599.284.0767x8997,21-Jul-2025,Bronze,Northeast
CUST00409,Ethan Brown,hsmall@example.com,+1-557-760-2437x573,05/03/2026,Silver,West
CUST00410,Michelle Mcdonald,jennifer66@example.net,+1-957-329-3417x2232,2026-01-30,Bronze,Northeast
CUST00411,Katherine Young,kiddmichael@example.com,(522)980-1561x931,2025-01-04,Bronze,Northeast
CUST00412,Henry Williams,paula89@example.net,,2024-09-14,Platinum,West
CUST00413,Tracy Lloyd,,001-411-699-1808x12135,2025-11-29,Silver,West
CUST00414,Kathleen Harrell,deborahcook@example.org,437-360-3754,01/10/2025,Gold,West
CUST00415,Jennifer Soto,edwardmolina@example.com,926.466.7850,13-Jan-2026,Gold,Midwest
CUST00416,Kelly Jones,leroy26@example.org,(202)690-8466x8455,2026-04-18,Platinum,West
CUST00417,Bridget Powell,paigeweber@example.net,+1-675-563-4108x5628,2024-09-06,Gold,Northeast
CUST00418,Kelly Sherman,andrewzamora@example.net,001-643-746-8105,29-Sep-2024,Silver,West
CUST00419,Teresa West,chaveztonya@example.net,001-498-893-5449,07/14/2025,Bronze,Midwest
CUST00420,Garrett Aguilar,shawn26@example.com,710-862-7371,2025-09-02,Bronze,West
CUST00421,Jennifer Baker,cfields@example.net,962.928.2772x8813,2024-07-24,Bronze,Northeast
CUST00422,Justin Dorsey,guzmanricky@example.org,,27-Mar-2025,Silver,Northeast
CUST00423,Joseph Wilson,vickie44@example.com,,07/21/2024,Bronze,Midwest
CUST00424,Richard Fisher,pamela32@example.net,701.885.1067x9497,2025-06-12,Silver,South
CUST00425,Lisa Gill,qgill@example.com,(751)299-6636,30-May-2026,Bronze,South
CUST00426,Nancy Brewer,jasminearmstrong@example.net,981-281-3989x0983,26-Sep-2024,Silver,West
CUST00427,Catherine Smith,johnthornton@example.net,,20-May-2025,Gold,Midwest
CUST00428,Lisa Morales,henrysarah@example.com,(426)408-5641x11824,01/03/2025,Bronze,South
CUST00429,Eric Russell,brianwoodward@example.org,6048615265,18-May-2026,Bronze,West
CUST00430,Amber Allen,trevorgoodwin@example.com,240-857-8617,2025-10-05,Silver,West
CUST00431,Alicia Spencer,sanchezangela@example.org,896-971-8325x8238,31-Jul-2024,Bronze,West
CUST00432,Tonya Oliver,aaronmahoney@example.com,394-665-3984x028,09/04/2024,Silver,Midwest
CUST00433,Sandra Hardy,natalie39@example.net,254-974-3553x79502,07/04/2024,Silver,West
CUST00434,Christopher Peters,ifarmer@example.org,,25-Jan-2026,Gold,Northeast
CUST00435,Angela Johnson,wchambers@example.com,+1-256-620-1753x703,09-Nov-2025,Bronze,Northeast
CUST00436,Cheryl Velasquez,lindsey33@example.com,(904)479-3036x149,07-Aug-2025,Silver,Midwest
CUST00437,Krystal Fleming,cameronanderson@example.org,(649)938-4308,07/02/2024,Bronze,Northeast
CUST00438,Michael Santos,ryan64@example.org,+1-287-875-8030x46875,19-Nov-2024,Bronze,West
CUST00439,Kenneth Johnson,tiffanycoleman@example.org,832.254.1107,05-Sep-2025,Bronze,Midwest
CUST00440,Felicia Wright,wellssusan@example.org,883-719-9717x91100,04/10/2026,Bronze,South
CUST00441,Rachel Brown,nbrown@example.net,(211)908-0466x19639,04/06/2025,Bronze,West
CUST00442,Sheryl Harvey,debra07@example.net,793-811-0919x39284,2025-06-16,Bronze,West
CUST00443,Charlene Taylor,,4024496854,08-Jun-2025,Bronze,South
CUST00444,Donna Cordova,brianhunter@example.net,9659333153,11-Sep-2025,Bronze,Midwest
CUST00445,Kenneth Mccarty,robert21@example.com,5739033793,18-Dec-2025,Gold,West
CUST00446,Erin Singh,richardmckenzie@example.org,(701)250-8124x739,06/12/2026,Bronze,West
CUST00447,Duane Robinson,jennifer58@example.org,(330)724-1026,05/14/2026,Bronze,South
CUST00448,David Pacheco,shelleyrowland@example.net,(211)522-3386x55963,03/15/2026,Bronze,Northeast
CUST00449,Charles Wright,monique89@example.com,717.991.2868,2025-07-14,Gold,Northeast
CUST00450,Micheal Fox,fbaldwin@example.com,696-890-3337x363,09-Apr-2026,Bronze,Midwest
CUST00451,Taylor Brooks,,+1-212-914-7853,07/09/2025,Bronze,West
CUST00452,Jerry Reynolds,linda54@example.com,,19-Jul-2024,Silver,Northeast
CUST00453,Derek Jones,,348-388-1431,20-Mar-2025,Platinum,Northeast
CUST00454,Felicia Leonard,kevin43@example.net,+1-928-440-4456x690,03/23/2026,Gold,Midwest
CUST00455,Nathaniel Clark,zacharyhartman@example.com,,2025-12-09,Bronze,South
CUST00456,Ricky Edwards,roymcmahon@example.com,677.280.5292,06/30/2025,Bronze,West
CUST00457,Heather Perez,zjennings@example.net,+1-745-890-9022,15-Jun-2026,Bronze,Northeast
CUST00458,James Ferguson,thomasmurphy@example.com,+1-341-821-8209x7023,2025-01-23,Bronze,West
CUST00459,Matthew Jones,woodalex@example.com,(862)912-8671x63234,24-Oct-2024,Bronze,Midwest
CUST00460,Emily Harris,ahill@example.org,216.393.8597x779,26-Jan-2025,Silver,Northeast
CUST00461,Joyce Graves,peter26@example.org,(296)576-2916,2026-04-07,Bronze,West
CUST00462,Stephen Medina,wolfejennifer@example.org,568.215.1185x6724,02-Jun-2025,Gold,Northeast
CUST00463,Michael Brady,zcooper@example.org,(500)941-2577x7118,2024-10-11,Platinum,Midwest
CUST00464,Sarah Jackson,lawsongregory@example.org,+1-462-510-4275,12/03/2025,Gold,South
CUST00465,Kim Ramos,copelandlisa@example.net,+1-516-347-0900x63353,07/12/2024,Silver,South
CUST00466,Adrian Hoover,walkernicole@example.net,(520)568-1558,13-May-2026,Silver,South
CUST00467,Jeffrey Hall,kellyglenn@example.com,+1-550-863-7314x9501,2025-02-05,Bronze,West
CUST00468,Victoria Garcia,johnathandavis@example.com,+1-862-552-5715x0997,02-Jul-2025,Bronze,West
CUST00469,Alexis Smith,parkerjoann@example.org,+1-510-925-7432x630,12/21/2025,Bronze,West
CUST00470,Donald Schneider,meyertiffany@example.net,703-455-3380x3396,2025-05-19,Silver,Northeast
CUST00471,Sergio Jones,brettbraun@example.org,(812)998-3381,13-Feb-2025,Bronze,West
CUST00472,Danielle Thompson,kevinray@example.net,,2024-11-24,Gold,West
CUST00473,Karen Tapia,raymond27@example.com,(489)662-7066x14982,2025-04-04,Bronze,West
CUST00474,Douglas Hart,ijones@example.net,832.930.0857x6665,02/10/2025,Bronze,Northeast
CUST00475,Mrs. Stacey Riddle,cruzariel@example.org,,08-Jan-2026,Silver,West
CUST00476,Patricia Walton,,(287)450-6633x705,2025-01-07,Silver,Midwest
CUST00477,Michael King,alexanderwise@example.net,001-866-691-8362x644,12/18/2025,Bronze,South
CUST00478,Tammy Booth,fieldskimberly@example.com,(343)364-0270,2026-01-16,Bronze,South
CUST00479,Jason Roberts,xjackson@example.org,001-223-472-8179x323,2026-02-10,Bronze,Midwest
CUST00480,William Savage,nsims@example.org,+1-921-941-6141x5093,03-Nov-2025,Bronze,Northeast
CUST00481,Antonio Walton,ortegakristina@example.org,,09/09/2024,Bronze,West
CUST00482,Adrienne Morrison,sarah75@example.net,(255)955-3566x90551,03/27/2026,Bronze,Midwest
CUST00483,Russell Buckley,guzmanmisty@example.com,001-735-279-7863x050,07-Jun-2026,Bronze,South
CUST00484,Megan Hall,nross@example.org,(267)416-4932x898,06/28/2025,Bronze,West
CUST00485,Ronnie Davies,cjackson@example.org,683.533.2116x0256,12/07/2025,Bronze,West
CUST00486,Tiffany Lambert,sandraschultz@example.com,853-599-1566,2024-12-10,Silver,Midwest
CUST00487,Brandon Davis,juliewilson@example.com,(556)890-4098,15-Jun-2026,Bronze,Midwest
CUST00488,Jacob Shelton,aprilguzman@example.org,960-987-5243,16-Oct-2024,Bronze,West
CUST00489,Paul Sweeney,georgekyle@example.net,,09/29/2024,Bronze,Midwest
CUST00490,Michelle Mendoza DVM,ycarter@example.org,823-930-2764x20865,2026-06-22,Bronze,West
CUST00491,Jeanne Rose,justin38@example.com,425-990-4729,20-Nov-2025,Bronze,Northeast
CUST00492,Charles Robinson,jillsmith@example.net,001-912-466-2015,20-May-2026,Silver,Northeast
CUST00493,Jose Morgan,obooker@example.net,(830)613-6749x2617,04-Oct-2025,Bronze,Northeast
CUST00494,Adam Wilson,burnselizabeth@example.net,409.899.7419,18-Jun-2025,Bronze,South
CUST00495,Jessica Duncan,nguyenjennifer@example.net,(360)568-8871,2026-06-04,Bronze,Midwest
CUST00496,Catherine George,adamwest@example.com,202-393-2184,15-Jun-2026,Silver,Midwest
CUST00497,Heidi Stephens,qrowland@example.org,940.784.8729,17-Jul-2025,Silver,Midwest
CUST00498,Mrs. Kimberly Clark,batesbradley@example.org,,2024-11-15,Bronze,Northeast
CUST00499,Ronnie Bernard,brittanyramirez@example.net,+1-861-484-4626x714,2025-07-26,Bronze,South
CUST00500,Nicholas Cowan,jenniferelliott@example.net,392.862.5660x93141,08/18/2024,Bronze,Northeast
CUST00501,Heidi Cook,dustin34@example.org,963-361-1284,07/21/2025,Bronze,Northeast
CUST00502,Sharon Arnold,mosleygeorge@example.com,,11/09/2024,Silver,Midwest
CUST00503,Megan Kramer,iwoods@example.com,7825226940,07-Nov-2025,Bronze,Midwest
CUST00504,Jimmy Gonzales,lauren84@example.com,(283)341-4651x11312,12/24/2025,Bronze,West
CUST00505,Katherine Baxter,urhodes@example.org,578.281.6093x0685,16-Sep-2025,Bronze,Northeast
CUST00506,Megan Macias,gregoryrichardson@example.org,650.967.6251x53814,01/30/2025,Silver,West
CUST00507,Oscar Carroll,,248.907.9705,02/25/2025,Silver,Northeast
CUST00508,Aaron Zamora,richardsmith@example.com,931.888.2617x0243,30-Mar-2025,Bronze,South
CUST00509,Steven Herrera,daniel77@example.org,,10-Oct-2024,Gold,South
CUST00510,Abigail Stephenson,danielmitchell@example.org,(465)702-3741x6787,30-Dec-2025,Bronze,South
CUST00511,Jennifer Barber,ganderson@example.org,(225)880-3056,16-Jun-2025,Silver,South
CUST00512,Bradley Patterson,jessicalopez@example.com,001-514-336-3718x92392,05-Oct-2024,Bronze,Northeast
CUST00513,William Hickman,msmith@example.org,,03/23/2026,Silver,West
CUST00514,Joseph Graves,jeffreysimmons@example.org,,07/07/2025,Bronze,West
CUST00515,Elizabeth Adams,sherry63@example.com,6203005347,11-May-2025,Gold,Midwest
CUST00516,John Cook,davisalexander@example.net,001-325-355-9895x34396,2024-10-04,Bronze,West
CUST00517,Barbara Willis,jamesgriffin@example.org,289-454-7382,2024-11-17,Bronze,Midwest
CUST00518,Dawn Wiley,patricia71@example.com,476-688-0294,03-Aug-2024,Silver,West
CUST00519,Rebecca Benson,isimpson@example.net,627-586-8669,11/12/2024,Bronze,Northeast
CUST00520,Daniel Horton,ugordon@example.net,643-244-8123x083,2025-10-10,Bronze,South
CUST00521,Diana Anderson,dayjohn@example.org,+1-610-459-5518,04/24/2025,Silver,West
CUST00522,Erika Brown,hollowayjeffrey@example.com,,2024-11-06,Bronze,South
CUST00523,Kimberly Irwin,sharphailey@example.net,998-537-3543x962,15-Dec-2025,Bronze,Midwest
CUST00524,Charles Mendoza,lwhite@example.org,,15-Nov-2024,Silver,South
CUST00525,Nicholas Holland Jr.,nicoleroth@example.net,,09/17/2025,Bronze,Northeast
CUST00526,Benjamin Sanchez,hgarcia@example.org,001-609-416-6010x0231,2026-05-16,Bronze,South
CUST00527,Rebecca Smith,danielsloretta@example.net,932-479-7245,12/25/2024,Bronze,Midwest
CUST00528,Debra Stephens,bryancurtis@example.com,886-420-3036,2025-03-15,Silver,South
CUST00529,Thomas Cohen,vasquezvicki@example.org,245-419-5151,07-Nov-2024,Bronze,South
CUST00530,Linda Shelton,patriciamcdaniel@example.net,851-947-5410x2252,08-Dec-2025,Gold,Midwest
CUST00531,Karen Jones,rmoyer@example.org,952-826-5576,2025-09-12,Platinum,Midwest
CUST00532,Brenda Raymond,patrickdunn@example.net,,2025-07-25,Silver,Midwest
CUST00533,Samantha Cruz,xrose@example.net,001-231-735-0305x8721,03/21/2025,Bronze,South
CUST00534,Peggy Taylor,jthomas@example.com,833.702.1260,2024-08-09,Silver,Northeast
CUST00535,Kevin Woods,anthonydiaz@example.org,610.996.2272,26-Apr-2025,Gold,South
CUST00536,Richard Dominguez,daniel00@example.net,001-828-420-6678x49843,15-Jan-2025,Bronze,Northeast
CUST00537,James Tapia,richardbrown@example.com,(489)217-7566,06-Feb-2026,Silver,Northeast
CUST00538,Chloe Rodriguez,coxkimberly@example.com,2346281139,11/14/2024,Gold,West
CUST00539,Timothy Allen,davilaannette@example.net,800.751.4054x6835,06/10/2026,Silver,Midwest
CUST00540,Anne Russell,shawkimberly@example.org,001-367-390-4227,05/26/2026,Gold,Northeast
CUST00541,Daniel Maldonado,,(728)689-8572,03/20/2025,Bronze,Midwest
CUST00542,Jessica Macdonald,nallen@example.net,,08/24/2024,Bronze,Midwest
CUST00543,Mark Jimenez,thomasmonica@example.net,671-775-2421,03/15/2025,Bronze,South
CUST00544,Michael Murray,wgood@example.com,+1-721-797-0546x6927,30-Mar-2025,Bronze,West
CUST00545,Katie Baker,oliverdawn@example.net,880.321.4629,2024-12-10,Bronze,Northeast
CUST00546,Maureen Bailey,dday@example.org,,09/01/2024,Bronze,Midwest
CUST00547,Sylvia Nielsen,vgonzalez@example.org,559-773-7147x08272,2025-08-19,Silver,Northeast
CUST00548,Patricia Brown PhD,nirwin@example.org,606.844.2121,2024-08-29,Bronze,Midwest
CUST00549,Jocelyn Barnes,elizabethgreen@example.org,965-442-3567,2026-06-04,Bronze,South
CUST00550,Thomas Hudson,hoffmanpatricia@example.org,,2024-08-26,Silver,Midwest
CUST00551,Lisa Morris,alexis72@example.com,816-448-0727x91033,12-Sep-2025,Silver,West
CUST00552,Daniel Lee,woodmichael@example.com,381-477-6655x8685,31-May-2025,Bronze,West
CUST00553,Juan Martin,qjames@example.net,+1-364-991-1110x96179,2025-07-02,Bronze,Northeast
CUST00554,Mary Christian,jeffreygibson@example.com,,22-Sep-2024,Bronze,West
CUST00555,Tiffany Bell,pgutierrez@example.net,,01/23/2026,Silver,Midwest
CUST00556,Todd Casey,joseph44@example.com,+1-830-560-0025x89552,10-Aug-2025,Bronze,Northeast
CUST00557,Luis Long,solisbecky@example.org,+1-862-665-8263x1281,03/03/2026,Bronze,Midwest
CUST00558,Frank Davis,kimcristina@example.net,(909)781-9602,2024-11-13,Silver,Midwest
CUST00559,Courtney Lee,jessicaroman@example.com,,01/13/2026,Silver,Northeast
CUST00560,Denise Donovan,littlebeth@example.org,379-311-2442,06/26/2025,Gold,Midwest
CUST00561,Ryan Myers,apope@example.org,213.366.5722x4029,06/12/2026,Bronze,Midwest
CUST00562,Karen Mendez DDS,aimeescott@example.org,790.380.8823,2026-04-17,Bronze,Northeast
CUST00563,Charles Miller,,001-824-847-3158x477,2026-05-04,Gold,West
CUST00564,Craig Mathis,suzanne19@example.net,823-876-7694x5919,23-Nov-2024,Silver,West
CUST00565,Steven Weiss,cjackson@example.net,,01-Jan-2025,Silver,Midwest
CUST00566,Larry Wiley,raymond12@example.com,(725)531-3552x51050,05-Jun-2025,Gold,Midwest
CUST00567,Stephanie Hoffman,ncampbell@example.net,718.749.1966,22-Nov-2024,Silver,Northeast
CUST00568,Johnny Williams,robert17@example.org,+1-659-463-9040x907,2026-03-06,Bronze,Northeast
CUST00569,Steven Hull,rogersallen@example.com,,08-Sep-2024,Silver,South
CUST00570,Miranda Hill,richard85@example.com,+1-206-247-7159x103,2024-10-10,Bronze,Midwest
CUST00571,Shannon Ramsey MD,leerachel@example.com,+1-600-740-1041,11/14/2025,Silver,South
CUST00572,Jamie Hale,brandywilson@example.com,,03/21/2026,Silver,Northeast
CUST00573,Stacy Church,qwalsh@example.org,,07/16/2025,Bronze,Northeast
CUST00574,John Henry,marc73@example.org,241-558-3311x703,07-Jun-2025,Bronze,West
CUST00575,John Peterson,kathleen47@example.net,,21-Oct-2024,Bronze,Midwest
CUST00576,Suzanne Robinson,paul79@example.net,,26-Nov-2024,Silver,Northeast
CUST00577,Barry Henderson,stephanie91@example.org,711.630.7240x787,2024-09-25,Gold,Northeast
CUST00578,Heather Lewis,gshaw@example.com,6745510663,04/20/2025,Gold,Midwest
CUST00579,Kendra Snyder,drodriguez@example.net,313.310.0943,17-Jan-2025,Gold,West
CUST00580,Melissa Sullivan,ugarcia@example.net,973-623-5494x012,14-Mar-2026,Bronze,Northeast
CUST00581,Carolyn Maldonado,jacobyoder@example.org,,02-Jun-2026,Gold,Midwest
CUST00582,Jessica Smith,nicole20@example.net,(579)407-3710x094,2026-01-02,Platinum,Northeast
CUST00583,Ariel Lara,shaun58@example.com,+1-274-457-0545x89714,06/14/2026,Bronze,West
CUST00584,Mary Thomas,,903.496.5313x6148,10-Jan-2025,Silver,Midwest
CUST00585,Stacy Myers,rlandry@example.com,709.685.9167,09/19/2024,Platinum,Midwest
CUST00586,Timothy Thomas,alexandraroberts@example.net,+1-224-974-1407x03491,2025-02-08,Bronze,West
CUST00587,Matthew Smith,,325-648-8214x236,07-Dec-2024,Gold,Northeast
CUST00588,Henry Cain,ghenderson@example.com,,02-May-2026,Bronze,South
CUST00589,Carrie Graham,linda23@example.com,(968)434-4149,2025-04-01,Bronze,Northeast
CUST00590,Jessica Taylor,gbenson@example.net,,12/02/2025,Bronze,Midwest
CUST00591,Jeffrey Fisher,jmurray@example.org,001-661-229-4398x52989,02-Jan-2026,Gold,West
CUST00592,Jamie Smith,fcombs@example.org,,2025-01-13,Silver,West
CUST00593,Mrs. Linda Short,dvaughn@example.org,001-698-203-8287x2324,02/08/2026,Silver,Midwest
CUST00594,Christina Jones,cassandramartinez@example.org,331.670.8760,04/21/2025,Gold,West
CUST00595,Dr. Sarah Payne,nvillarreal@example.org,(320)922-3288x37744,03/25/2025,Bronze,Midwest
CUST00596,James Marsh,bbutler@example.org,2479196094,01-Aug-2024,Bronze,Northeast
CUST00597,Tonya Mcdonald,khill@example.com,483.658.6812x25957,01/24/2026,Bronze,South
CUST00598,Tammy Jones,ebennett@example.net,+1-329-288-4259x95996,07/22/2024,Bronze,Northeast
CUST00599,Crystal Ortega,evilla@example.com,001-933-712-6610x94101,09/16/2025,Gold,Northeast
CUST00600,Tammy Morris,ogray@example.net,+1-433-847-7433,2026-02-14,Bronze,Midwest
CUST00601,Cheryl Perkins,harrislisa@example.org,(969)781-5287x339,2025-03-17,Silver,South
CUST00602,Sarah Solis,ypatterson@example.org,001-212-784-1173,07/17/2024,Gold,Midwest
CUST00603,Donna Clayton,ewarner@example.org,,2026-06-06,Bronze,Northeast
CUST00604,Kenneth Castaneda,reginald08@example.net,597-740-0564,2026-04-09,Bronze,West
CUST00605,Dan Montoya,sandra03@example.com,399-905-1699,22-May-2026,Bronze,South
CUST00606,Andrew Johnson,debrareynolds@example.com,,2026-01-21,Bronze,West
CUST00607,Crystal Velazquez,ayalalisa@example.net,,09/17/2025,Bronze,West
CUST00608,Michael Smith,xwilliams@example.com,001-526-768-2171x955,05/15/2025,Gold,West
CUST00609,David Chapman,robertgoodwin@example.net,001-400-630-1027,08/01/2024,Bronze,Midwest
CUST00610,Matthew Sanchez,david67@example.net,911-648-3753,05/18/2026,Gold,Northeast
CUST00611,Eileen Valdez,luis88@example.org,5566974132,23-Dec-2025,Bronze,West
CUST00612,Jaime Velasquez,barryyoung@example.com,+1-671-807-0449x6410,2025-06-27,Bronze,Midwest
CUST00613,Janice Williams,nicolaskeller@example.net,5402850954,06-Mar-2025,Bronze,Northeast
CUST00614,Jessica Patterson,aguirreangela@example.net,+1-248-676-9984x26732,02/03/2026,Bronze,West
CUST00615,Angela Wright,matthew60@example.net,954-949-0149x542,07/13/2024,Bronze,Midwest
CUST00616,Andrew Howard,,+1-483-660-9149x8517,2026-01-10,Gold,South
CUST00617,Sean Martinez,dylanwilliamson@example.org,510.228.7950,25-May-2026,Bronze,Midwest
CUST00618,Vanessa Smith DVM,amber09@example.org,,12-Mar-2025,Bronze,Northeast
CUST00619,Jeremy Dixon,jameshudson@example.net,(216)442-0595x56574,26-Mar-2025,Gold,West
CUST00620,Chris Garza,lynchlindsey@example.net,001-589-853-6902x611,2025-07-28,Bronze,South
CUST00621,Shawn Yates,hhopkins@example.com,943-894-3535x37513,21-Mar-2025,Bronze,South
CUST00622,Jonathan Melendez,cjacobs@example.com,692.683.6929,07-Mar-2025,Gold,West
CUST00623,Jason Wagner,barbarachen@example.org,(370)421-6487,2026-03-26,Bronze,Midwest
CUST00624,Allison Jackson,andersonmichelle@example.com,,04/21/2026,Bronze,Midwest
CUST00625,James Hawkins,david59@example.net,+1-410-315-7676x472,2024-10-19,Gold,South
CUST00626,Kevin Craig,cgray@example.org,,06-Jul-2025,Gold,Northeast
CUST00627,Theresa Davis,trevor09@example.net,698.764.5652x20368,2024-09-11,Bronze,West
CUST00628,Bryan Hill,kwalker@example.com,291-534-2138x820,07/05/2024,Bronze,Midwest
CUST00629,Allison Harris,hdennis@example.org,741.317.6741x241,25-Dec-2025,Platinum,South
CUST00630,Benjamin Moore,joshua81@example.net,001-450-861-8538x003,28-Mar-2026,Gold,South
CUST00631,Craig Harrison,ucervantes@example.com,423-218-3061x7893,2025-05-01,Bronze,South
CUST00632,James Silva,todd24@example.org,877-969-5874x1314,23-Feb-2025,Gold,West
CUST00633,Audrey Marshall,donna56@example.net,(577)896-3044,14-Aug-2024,Bronze,South
CUST00634,Deborah Stewart,blamb@example.com,404-573-5047x639,2026-01-20,Silver,Northeast
CUST00635,Walter Bishop,cassidysmith@example.net,,16-Jul-2024,Bronze,South
CUST00636,Richard Cook,katie81@example.net,5836583286,2026-02-05,Gold,South
CUST00637,Erin Lewis,shelbyjohnson@example.org,001-681-386-7024x40330,2026-02-13,Silver,South
CUST00638,James Cardenas,michelle11@example.net,,2025-12-09,Bronze,West
CUST00639,Jennifer Smith,codychapman@example.com,994.556.8044,09/11/2024,Bronze,West
CUST00640,Laura Bennett,adavis@example.net,374-988-3607x658,12/11/2024,Silver,Midwest
CUST00641,Jennifer Hall,thomas14@example.com,,2024-10-13,Bronze,South
CUST00642,Angela Hoffman,michelleburns@example.org,,08/31/2024,Bronze,West
CUST00643,Ryan Mills,briansnyder@example.com,,2025-02-13,Bronze,West
CUST00644,Chris Morris,rsavage@example.net,987.387.5357,03-May-2026,Bronze,West
CUST00645,Billy Martinez,martinkaitlin@example.org,,2024-11-21,Platinum,West
CUST00646,Ashley Mcclure,zjackson@example.net,728.466.0416x4485,12-Oct-2024,Silver,South
CUST00647,Christine Mendez,april47@example.com,,12/01/2024,Silver,West
CUST00648,Paul Ferrell,frankespinoza@example.com,5565227104,11/18/2025,Bronze,West
CUST00649,Erin Brown,ewheeler@example.com,,2025-10-07,Silver,Northeast
CUST00650,Haley Smith,joshuahoover@example.com,,08/31/2025,Bronze,South
CUST00651,Marcus Powell,ann31@example.net,(813)742-4912,2025-08-24,Bronze,West
CUST00652,Lisa Levy,aclark@example.org,319.222.2705,10/08/2024,Bronze,South
CUST00653,Jessica Ruiz,vincent13@example.net,(666)475-4858x1932,2026-03-05,Bronze,Northeast
CUST00654,Katherine Mccormick,grantryan@example.com,(505)875-6398,30-Mar-2025,Bronze,Midwest
CUST00655,Whitney Gonzalez,alicia09@example.com,615-248-0940x47604,08-Jun-2026,Bronze,West
CUST00656,Sharon Pennington,ehenry@example.net,+1-281-905-0922x2161,10/08/2025,Bronze,Northeast
CUST00657,Brent Stephens,dianamclaughlin@example.com,+1-652-395-8066x01382,03-Nov-2024,Silver,Midwest
CUST00658,Lee Barker,vthompson@example.org,348-451-5791x9711,2025-12-14,Gold,Midwest
CUST00659,Kevin Sheppard,kristinarobinson@example.com,413.743.2406x424,2025-04-28,Bronze,Northeast
CUST00660,Denise Gonzalez,jordan74@example.org,559.855.8720x9628,10-Mar-2025,Bronze,South
CUST00661,Rebecca Clark,christopher34@example.org,840.218.2727x955,2025-02-21,Bronze,West
CUST00662,Ian Santana,robertcook@example.net,925-942-7820,06-Sep-2025,Bronze,Northeast
CUST00663,Monica Wells,johnnybrooks@example.com,264.403.8166x4969,09-Jul-2025,Silver,Northeast
CUST00664,Stacie Sanford,stephaniebradley@example.org,,03-Oct-2024,Silver,Northeast
CUST00665,Tyler Waller,laura25@example.com,(827)302-3244x1233,2025-12-10,Silver,South
CUST00666,Justin Rowe,woodsmelvin@example.com,+1-463-776-7316,08-Jan-2026,Bronze,West
CUST00667,Raymond Villanueva,,+1-769-768-1579x03923,2025-03-05,Silver,West
CUST00668,Lisa Walton,,332-773-0346,04/06/2025,Silver,Northeast
CUST00669,Chris Collins,ajohnson@example.org,(268)417-1516,02/18/2025,Bronze,South
CUST00670,Janet Gibson,qvaldez@example.com,(304)464-1978x57585,15-Jun-2026,Silver,Midwest
CUST00671,Janet Leonard,adamvaughan@example.net,001-643-289-7607,09/27/2024,Silver,South
CUST00672,Jacob Small DDS,ronald40@example.net,724-256-0754x091,23-Jul-2025,Bronze,West
CUST00673,Christopher Nichols,jessicaschultz@example.com,257-493-8970x155,18-Sep-2025,Bronze,South
CUST00674,Robin Garcia,morgandana@example.com,(560)224-1613x94498,2025-03-30,Bronze,West
CUST00675,Philip Kim,joshuapowers@example.net,(724)340-6306x2447,09-Dec-2024,Bronze,Midwest
CUST00676,Frederick Brown,jessica97@example.net,(995)986-7805x55572,2024-12-01,Bronze,West
CUST00677,Megan Scott,guerreroashley@example.org,+1-278-451-3854x4577,2025-09-29,Bronze,West
CUST00678,Guy Reynolds,potterjustin@example.net,636.482.6911x6331,2026-03-23,Silver,Midwest
CUST00679,Victoria Werner,nbell@example.com,+1-945-951-5888x636,2025-01-25,Platinum,West
CUST00680,Brooke Marks,iroberts@example.com,001-372-816-9666x30932,2026-05-21,Gold,South
CUST00681,David Hudson,xcohen@example.org,001-796-488-3275x3273,01/30/2025,Bronze,Northeast
CUST00682,Christine Murray,gabrielawallace@example.org,(378)219-5237,2025-12-28,Gold,Midwest
CUST00683,Jennifer Meyer,eatkins@example.com,781-898-0770x460,12/05/2025,Silver,Northeast
CUST00684,Marie Patterson,garciamelanie@example.net,,2026-01-01,Silver,Northeast
CUST00685,Christopher Gutierrez,donald37@example.org,915-617-7345x475,08/19/2025,Silver,South
CUST00686,Pam Hernandez,anthony59@example.com,001-644-829-4774x222,01/04/2025,Bronze,Midwest
CUST00687,Samuel Aguilar,breannagreen@example.net,986.479.2529x85856,27-Mar-2026,Bronze,Northeast
CUST00688,Mr. James Barnett,,353-543-3249,03/17/2025,Silver,South
CUST00689,Thomas Escobar,judithcox@example.org,,2025-04-17,Bronze,South
CUST00690,Gary Jones,wallerbrian@example.net,333.542.3372x09484,12/17/2025,Silver,South
CUST00691,Susan Anderson,bruce33@example.net,001-997-571-8051x37171,2024-09-11,Gold,West
CUST00692,Linda Evans,perkinsmichelle@example.org,001-773-999-7046x9472,10-Jul-2025,Bronze,West
CUST00693,Elizabeth Camacho,matthewbyrd@example.net,871-627-0587x7221,09/07/2024,Bronze,Northeast
CUST00694,Grace Mcdaniel,jamesrodriguez@example.org,548.445.8714,2025-02-22,Bronze,Midwest
CUST00695,James Jackson,chelseamoore@example.net,796.943.4745x2455,02/10/2025,Gold,South
CUST00696,Pamela Smith,abrown@example.com,+1-827-740-3344x5056,11-Aug-2025,Gold,Midwest
CUST00697,Rebecca Williamson,ggates@example.org,525.679.7067,20-Jun-2026,Bronze,Midwest
CUST00698,Amy Brown,joshua57@example.com,672-515-6229,14-Aug-2025,Bronze,South
CUST00699,Garrett Payne,angela40@example.org,001-615-657-3257x37553,09/14/2025,Silver,South
CUST00700,Brenda May,ffoster@example.org,708.350.9608x58749,12/18/2025,Gold,West
CUST00701,Valerie Norman,laurenmathis@example.org,001-479-731-6477,23-Aug-2024,Gold,Northeast
CUST00702,Gina Rose,zpreston@example.net,709-960-0356x2439,2025-10-20,Gold,West
CUST00703,Roberto Schaefer,jacobhernandez@example.com,(310)789-0285,2026-03-27,Bronze,Midwest
CUST00704,Mary Harris,rogernelson@example.org,001-850-527-1607x36077,11/27/2024,Bronze,Midwest
CUST00705,Robert Davis,williamlane@example.net,523-517-9556,19-Jun-2026,Platinum,South
CUST00706,Heather Scott,duffyallen@example.com,,02/06/2026,Bronze,Midwest
CUST00707,Scott Gomez,mary64@example.org,001-216-470-4502x329,2025-07-14,Bronze,West
CUST00708,John Williams,michelleguerrero@example.com,+1-262-962-2822x512,11/26/2024,Bronze,Northeast
CUST00709,Jake Skinner,anthony05@example.org,702.560.8698x2210,2024-09-06,Gold,Midwest
CUST00710,Ashley Alvarez DVM,,,17-Mar-2026,Bronze,South
CUST00711,Brandy Morrison,collinsterrance@example.com,,02-Oct-2024,Silver,Midwest
CUST00712,Holly Austin,woodskaitlyn@example.net,,11/21/2024,Bronze,South
CUST00713,Carlos Dunlap,donnapaul@example.net,(649)413-3424x5798,2025-02-25,Bronze,West
CUST00714,Charles Doyle,adkinslauren@example.net,7322020326,08/22/2025,Bronze,Midwest
CUST00715,Mr. Mark Montoya,nhayes@example.com,,26-Sep-2025,Bronze,Midwest
CUST00716,Autumn Ramirez,matthew24@example.com,387.515.8415x6082,2026-06-11,Bronze,South
CUST00717,Barbara Marquez,morganparker@example.com,+1-218-526-8323,17-Dec-2025,Platinum,Northeast
CUST00718,Kyle Hernandez,mcbridemichael@example.org,,18-Nov-2025,Bronze,West
CUST00719,Carol Moore DDS,meganpotter@example.org,+1-896-934-0646,06/07/2025,Silver,Midwest
CUST00720,Todd Smith,jeanette43@example.net,+1-891-806-2272x362,09/05/2025,Bronze,Northeast
CUST00721,Gregory Perez,donald61@example.net,001-392-937-2450x1848,17-Dec-2024,Silver,West
CUST00722,Rodney Weaver,whernandez@example.net,,06-Mar-2025,Silver,South
CUST00723,William James,daniel76@example.net,,2024-10-31,Silver,South
CUST00724,Sharon Freeman,jeffrey11@example.net,+1-795-837-6601x444,10/30/2025,Silver,South
CUST00725,Howard Smith,fsanchez@example.org,001-864-217-8996,2025-09-12,Silver,West
CUST00726,Rebecca Finley,wilsonkathryn@example.com,,27-Aug-2025,Bronze,Northeast
CUST00727,Lindsey Ochoa,reedkristin@example.com,001-280-766-0392,2024-09-11,Gold,Northeast
CUST00728,Rebecca Daniel,michael55@example.org,,01/18/2025,Silver,West
CUST00729,Erika Lyons,kayla23@example.net,001-685-365-2715x59835,04/28/2026,Bronze,Midwest
CUST00730,Jared Howell,katherineharris@example.net,655.475.2250x1394,04/17/2025,Gold,South
CUST00731,Christina Davis,jphelps@example.net,,2025-03-05,Bronze,Midwest
CUST00732,Casey Cruz,christina15@example.org,903.582.4073x333,10/14/2024,Gold,South
CUST00733,Vincent Mathews,amassey@example.net,,08/06/2025,Bronze,West
CUST00734,Jennifer Abbott,yburton@example.net,754-565-5358x512,01/31/2026,Silver,West
CUST00735,Anne Lowery,gnichols@example.net,958.937.4907,2025-09-04,Bronze,Northeast
CUST00736,Zachary Johnson,dhansen@example.com,821.551.4940x9762,2025-10-26,Bronze,West
CUST00737,Michael Torres,ashleyliu@example.com,(389)350-9059,2025-09-21,Silver,South
CUST00738,Monica Oconnor,tinaayala@example.org,(807)815-1169,04-Apr-2025,Platinum,Midwest
CUST00739,Ryan White,michael64@example.com,924-363-3515,07/17/2025,Bronze,Northeast
CUST00740,Larry Hendrix,flemingcody@example.org,900.456.4099x51239,26-Jul-2025,Gold,Midwest
CUST00741,Anne Vega,carolberry@example.com,001-328-727-0908x144,11/10/2025,Silver,Northeast
CUST00742,Carol Garcia,carrieosborn@example.com,986.571.8153x523,01/30/2026,Bronze,West
CUST00743,Anthony Haas,qcochran@example.net,001-691-781-5899x88683,07-Oct-2024,Bronze,Midwest
CUST00744,Eileen Sims,fgraham@example.com,9716587964,01/13/2026,Gold,Northeast
CUST00745,Kelsey Williams,parkerbriana@example.net,+1-525-708-0046,06/03/2026,Platinum,Northeast
CUST00746,Roger Russo,williammaldonado@example.org,517.223.5137,08/02/2024,Bronze,Midwest
CUST00747,Steven Wilson,adam35@example.org,(635)560-2293x9469,17-May-2026,Bronze,West
CUST00748,Susan Ortiz,perryrobert@example.com,,03/07/2026,Silver,Northeast
CUST00749,Richard King,simsrandall@example.net,001-672-831-1127x12852,24-Jan-2025,Silver,Northeast
CUST00750,Scott Green,fosternicole@example.org,387-332-8077,14-Dec-2024,Bronze,Midwest
CUST00751,Cathy Farmer,allenchristina@example.com,001-727-690-8335x0902,05/04/2026,Bronze,Northeast
CUST00752,Curtis Schneider,sjames@example.net,532-635-7071,08/10/2025,Silver,West
CUST00753,Victor Brown,ortizamanda@example.net,001-825-350-2130x6090,03/17/2026,Bronze,Midwest
CUST00754,Amanda Gardner,,9796649673,09-Mar-2025,Platinum,South
CUST00755,Jordan Calhoun MD,jeffrey42@example.com,825-406-4207x683,2026-03-05,Bronze,Midwest
CUST00756,Tom Fisher,cmurray@example.com,(575)755-6283x3339,18-Apr-2026,Silver,Northeast
CUST00757,Pamela Russell,jason27@example.org,+1-474-896-0335,2026-05-15,Gold,West
CUST00758,Tony Johnson,paulestrada@example.com,001-792-269-3265x7327,2025-11-05,Silver,Northeast
CUST00759,Angelica Smith,riverachristopher@example.com,,25-Nov-2024,Gold,Northeast
CUST00760,Daniel Pittman,cindy59@example.com,852.444.1822x2618,14-Aug-2025,Silver,Midwest
CUST00761,Melissa Campbell,theresabeck@example.org,,24-Apr-2026,Bronze,West
CUST00762,Andrew Beard,kgray@example.org,001-757-799-2707,21-Jun-2026,Silver,Midwest
CUST00763,Andrea Taylor,erica21@example.net,854.415.9709,2025-03-24,Bronze,South
CUST00764,Jose Hendrix,burnsrebecca@example.org,+1-234-447-6504x7158,28-Mar-2026,Gold,Midwest
CUST00765,Alexandra Berry,oscar76@example.com,4467558665,12/07/2025,Bronze,Midwest
CUST00766,Katherine Adams,fsellers@example.net,381-302-1312x51293,08-Jul-2024,Silver,South
CUST00767,Robert Berg,mooreconnie@example.com,+1-851-591-0231x2110,01-Dec-2024,Bronze,Midwest
CUST00768,Jasmine Garrett,thomasgonzalez@example.com,+1-527-649-0728x012,10/13/2024,Gold,Midwest
CUST00769,Valerie Graves,lopezmelinda@example.org,(869)649-6843,2026-02-22,Silver,South
CUST00770,Kerry Pena,juan21@example.org,375-709-6170,02-Sep-2025,Bronze,West
CUST00771,Heather Becker,carrolljessica@example.com,457.257.4758x339,16-Nov-2025,Bronze,West
CUST00772,Spencer Nguyen,dford@example.com,(826)760-2562,2024-07-11,Bronze,Northeast
CUST00773,Mary Thompson,jaysmith@example.com,(645)530-7624,2024-11-16,Platinum,South
CUST00774,Kathryn Graham,tonywade@example.com,,06/01/2026,Bronze,Northeast
CUST00775,Frank Woods,donald87@example.org,(670)742-5496x91928,11-Dec-2025,Gold,Midwest
CUST00776,Sharon Wood,cbrown@example.com,(733)553-5748x59532,2025-11-29,Silver,South
CUST00777,Robin Wright,uzamora@example.net,,04/04/2026,Bronze,South
CUST00778,Charles Morris,uford@example.com,,18-Aug-2024,Bronze,West
CUST00779,Corey Carrillo,michaelstrickland@example.com,630.755.9782,19-Jun-2025,Silver,South
CUST00780,Stephen Gonzalez,susanharper@example.org,403-688-4366x0443,19-Jul-2024,Bronze,Midwest
CUST00781,Pamela Miller,jparsons@example.com,+1-968-629-7514x7439,27-Oct-2024,Bronze,Midwest
CUST00782,Tyler Martinez,angela52@example.com,,2026-02-27,Bronze,South
CUST00783,Alexander Hamilton,randall59@example.org,+1-445-399-0802x7112,07/17/2025,Bronze,West
CUST00784,Cynthia Fischer,matthew65@example.org,368.608.6628x1372,2024-12-13,Gold,Northeast
CUST00785,Michael Johnson,timothywilliams@example.org,(628)955-6608,18-Jul-2024,Bronze,South
CUST00786,Jennifer Jones,brittanyclark@example.net,605.619.5826x3280,10-Aug-2025,Bronze,Midwest
CUST00787,Caitlin Harris,matthew54@example.com,447-307-9863,2024-07-31,Bronze,West
CUST00788,Natalie Sawyer,kathleenfitzgerald@example.com,001-239-645-7039x438,2024-07-10,Silver,South
CUST00789,Shannon Clark,dcortez@example.com,+1-227-278-9431x910,17-Mar-2026,Silver,Northeast
CUST00790,Tara Turner,kdaniel@example.org,2536365146,2026-01-13,Gold,Midwest
CUST00791,Elizabeth Baker,davidfields@example.net,6726011379,07/17/2024,Bronze,Northeast
CUST00792,Amy Holt,camerongregory@example.org,3766762090,11/30/2025,Bronze,South
CUST00793,Christina Adams,sylvia33@example.net,700.996.8730x451,02/19/2026,Bronze,Midwest
CUST00794,Jacqueline Winters,malikfowler@example.com,,2024-11-04,Bronze,Northeast
CUST00795,John Reed,dylan78@example.com,(261)794-2557x782,05-Jul-2025,Silver,West
CUST00796,Lori George,melissaberry@example.org,001-661-461-8808x190,22-Dec-2025,Gold,West
CUST00797,Rachel Burns,jessica58@example.com,963.495.6137x23081,29-Apr-2026,Silver,Northeast
CUST00798,Elizabeth Campos,marcia81@example.org,6009413211,2026-05-25,Bronze,Midwest
CUST00799,Hunter Powell,matthew53@example.com,(999)879-9070x75504,31-Dec-2025,Gold,South
CUST00800,Jenny Matthews,stacy70@example.com,3719748113,04/03/2025,Bronze,Northeast
CUST00801,Larry Harrison,kyle73@example.net,,2025-04-26,Silver,Northeast
CUST00802,Carl Huffman,wallssean@example.net,(374)996-8049,04-Nov-2024,Gold,South
CUST00803,Scott Williams,ronald21@example.org,,17-Jun-2025,Bronze,Northeast
CUST00804,James Garner,kelseywilliams@example.org,459.473.7112,12/22/2025,Bronze,Northeast
CUST00805,Kristine Kim,laura60@example.net,658.716.7046x86111,2025-06-12,Silver,South
CUST00806,Dana Reilly,davidmartin@example.net,,14-Nov-2024,Gold,South
CUST00807,Matthew Gardner,timothy29@example.com,,23-Sep-2024,Bronze,Northeast
CUST00808,Dale Evans,,001-660-450-8018x4980,18-Feb-2025,Silver,Northeast
CUST00809,John Lewis,nmendoza@example.org,(368)981-2282,10-Jul-2025,Bronze,West
CUST00810,Ms. Danielle Molina,sharon46@example.org,001-860-456-0356x79327,2024-12-23,Bronze,Midwest
CUST00811,Kathleen Jones,butleranna@example.net,001-920-954-6475x48954,2025-04-08,Bronze,Northeast
CUST00812,Melissa Dominguez,taylordavis@example.com,588-591-4444x98355,12-Mar-2025,Bronze,Northeast
CUST00813,Roger Holmes,mramirez@example.com,,2025-11-01,Bronze,West
CUST00814,Louis Buchanan,james58@example.net,737-598-2143x39527,12-Apr-2025,Silver,Northeast
CUST00815,Tara Stevens,dustin91@example.com,,2024-09-29,Bronze,West
CUST00816,Juan Long,lopezsarah@example.com,389.948.9634x067,15-May-2025,Silver,South
CUST00817,Charles Martinez,williamschad@example.org,+1-284-221-6309,2024-09-20,Bronze,Midwest
CUST00818,Michelle Mitchell,jerrymontgomery@example.net,001-248-453-2089x53263,05-Sep-2024,Bronze,South
CUST00819,Veronica Nelson,pmartinez@example.com,237.592.2341,11/02/2025,Bronze,South
CUST00820,Scott Atkinson,glewis@example.org,(777)726-9608x43768,2024-07-16,Bronze,Northeast
CUST00821,Jasmine Ramos,nathanwarner@example.net,001-562-863-3556x434,2025-09-11,Gold,Midwest
CUST00822,Alexander Mcconnell,debbiebrown@example.net,9698556076,2024-09-04,Silver,Northeast
CUST00823,Darryl Richardson,timothy23@example.net,+1-289-683-0650x3121,27-Aug-2024,Silver,Midwest
CUST00824,Jody Carter,lramirez@example.org,(842)481-3190x92487,20-Dec-2024,Gold,West
CUST00825,Christie Marquez,mejiajoseph@example.org,,07/25/2025,Bronze,South
CUST00826,Kristen Wood,ericfrederick@example.org,8524480880,2024-10-30,Bronze,Northeast
CUST00827,Ryan Allen,audrey47@example.org,921.932.9016x204,06-Nov-2025,Silver,Midwest
CUST00828,Joshua Powell,hhayden@example.com,+1-396-748-6287x203,06-Mar-2026,Silver,Midwest
CUST00829,Tanner Reyes,nathaniel57@example.org,001-903-662-7924x63203,06/20/2025,Bronze,West
CUST00830,John Khan,danderson@example.org,(314)650-5766,2025-03-16,Bronze,Midwest
CUST00831,Karen Villa,vjones@example.org,782-201-2840x0838,05/23/2025,Bronze,West
CUST00832,Louis Reed,justin08@example.net,,28-Sep-2024,Bronze,South
CUST00833,John Gallagher,estradaamy@example.net,001-481-526-5742,06-Sep-2024,Silver,West
CUST00834,James Williams,alexander23@example.com,001-236-326-8943,28-Oct-2024,Gold,Northeast
CUST00835,Nicholas Buchanan,taylorzavala@example.net,711.475.9574x9885,2025-10-30,Silver,South
CUST00836,Leah Fleming,jeremyjohnson@example.com,558-547-6094x412,04/04/2026,Gold,Northeast
CUST00837,Taylor Howe,robert66@example.net,,2025-02-27,Bronze,South
CUST00838,Christopher Olson,hamptonsara@example.org,(866)526-7055x14377,04/22/2025,Silver,Northeast
CUST00839,Donna Bishop,matthewharper@example.net,(211)911-0286x7120,11/07/2024,Silver,West
CUST00840,William Richardson,elizabeth10@example.org,351-609-1090x3267,06-Sep-2025,Bronze,West
CUST00841,Kelly Decker,,,24-Jan-2025,Silver,Midwest
CUST00842,Larry Green,crawfordjeffrey@example.com,,24-Jul-2024,Bronze,Midwest
CUST00843,Mary Neal,ghoward@example.com,266-334-5337x2201,10/16/2024,Silver,Northeast
CUST00844,Mrs. Miranda Campbell MD,beth76@example.com,889-543-7052,03/09/2025,Gold,Midwest
CUST00845,Ryan Lara,flopez@example.com,+1-365-972-5659x20246,03/31/2026,Bronze,West
CUST00846,Andrew Taylor,mkrueger@example.net,(260)305-5955,2025-06-17,Silver,South
CUST00847,Kathryn Clark,erin84@example.net,(989)299-3607x9848,01/24/2025,Silver,Northeast
CUST00848,Kevin Hanna,wellsnatalie@example.com,+1-693-859-3744x039,2025-01-10,Bronze,West
CUST00849,Amanda Crane,aallen@example.com,2149886084,2026-06-21,Bronze,Northeast
CUST00850,Matthew Roberts,wyattsara@example.com,+1-552-983-0615,2024-07-16,Bronze,Midwest
CUST00851,Paul Scott,emily62@example.com,325.414.4881,2026-03-29,Gold,West
CUST00852,April Allen,tammy17@example.com,388-778-1794,2026-01-27,Silver,West
CUST00853,James Lopez,jessica91@example.org,(225)728-8375,03/15/2026,Bronze,Northeast
CUST00854,Jessica Aguirre,mlewis@example.net,+1-279-913-7876x5530,2024-11-15,Gold,Northeast
CUST00855,Alicia Beck,deborah60@example.com,712.319.8819x277,09/29/2025,Bronze,Northeast
CUST00856,Russell Stewart,amanda64@example.org,804-324-6245,11-Jun-2026,Silver,Northeast
CUST00857,Jonathan Rodgers,sjohnson@example.com,(312)689-9151,01/11/2026,Bronze,Northeast
CUST00858,Caleb Ray,halljoshua@example.net,001-381-789-8484x16046,01/13/2025,Bronze,West
CUST00859,Benjamin Rush,rodriguezthomas@example.com,(468)314-2983x152,03-Oct-2025,Bronze,Midwest
CUST00860,Daniel Erickson,joannshort@example.net,836.508.4937x83063,02/22/2026,Bronze,West
CUST00861,Chad Beltran,sbartlett@example.com,891.564.9701,12/27/2025,Silver,West
CUST00862,Laura Olsen,coffeyjohn@example.net,3332016234,19-Oct-2025,Bronze,Midwest
CUST00863,Sandra Smith,petersonsergio@example.org,001-715-556-6847x3236,2026-03-27,Bronze,West
CUST00864,Mary Burns,samuel40@example.com,620.607.8436x142,07-Nov-2024,Silver,Northeast
CUST00865,Kara Farmer,willismichael@example.net,573.947.6427,2026-04-21,Gold,Midwest
CUST00866,David Tucker,valeriearnold@example.net,(614)858-4148,2024-07-15,Bronze,Midwest
CUST00867,Stacey Allen,johnny38@example.net,001-882-778-0205,02-Jul-2024,Bronze,West
CUST00868,Brian Torres,zking@example.com,001-936-599-9516,10-Apr-2026,Platinum,Northeast
CUST00869,Scott Kelly,amandasnyder@example.com,+1-501-919-2360,27-Apr-2025,Bronze,Northeast
CUST00870,Angel Becker DVM,ohiggins@example.net,335.610.4096,12-Oct-2025,Bronze,Northeast
CUST00871,Stephanie Davis,cheryldavis@example.com,+1-783-307-4820x736,03-Sep-2024,Bronze,Midwest
CUST00872,Tammy Ramirez,whorton@example.com,+1-420-519-0432,20-Dec-2025,Bronze,Midwest
CUST00873,Christina Clark,kennethbrown@example.com,492.301.3546,02/28/2026,Bronze,West
CUST00874,James Jackson,patelgabrielle@example.com,512-431-2616,2025-01-11,Silver,Northeast
CUST00875,Kristen Byrd,olivia29@example.net,+1-593-876-2974x54930,01-Feb-2025,Gold,South
CUST00876,Julie Davis,hogandavid@example.org,481.587.6920,2026-02-03,Silver,Midwest
CUST00877,Anthony Garrison,allenandrea@example.com,581.344.5822x06732,2025-07-13,Bronze,West
CUST00878,Andrea Le,rojasmarc@example.org,+1-345-500-0000x15291,16-Jun-2025,Bronze,Northeast
CUST00879,Jessica Shannon,brian90@example.net,(455)361-8444,02-Aug-2025,Gold,South
CUST00880,Michael Fernandez,travis12@example.org,001-248-290-5670x86700,26-Oct-2025,Bronze,Midwest
CUST00881,Jamie Fields,wardzachary@example.net,(566)791-3624,03/27/2025,Silver,Northeast
CUST00882,Eric Jackson,jblair@example.net,9707633699,01/25/2026,Silver,Midwest
CUST00883,Marcus Fields,davidbrown@example.org,664-481-8804,08/04/2025,Bronze,South
CUST00884,Spencer Wright,nicholasgallagher@example.net,,10/16/2025,Bronze,Northeast
CUST00885,David Nunez,heathermontgomery@example.com,001-828-594-6420x3625,09/14/2024,Bronze,Midwest
CUST00886,Darlene Murray,shortkelly@example.net,(625)554-0263x5582,31-May-2026,Bronze,Midwest
CUST00887,Allison Miller,yparker@example.com,489-688-0315x3888,27-Feb-2025,Bronze,South
CUST00888,Julie Decker,nunezmatthew@example.com,+1-804-533-3353x84951,2026-02-09,Gold,South
CUST00889,Ann Dawson,ufox@example.org,,2025-08-01,Silver,West
CUST00890,Christina Watkins,travistaylor@example.net,830-260-1198x75617,08-Jul-2024,Platinum,West
CUST00891,Robert Osborn,willismatthew@example.com,982-998-0365,09-Jan-2025,Gold,West
CUST00892,William Wilson,nrangel@example.net,365.395.2014,27-Mar-2026,Bronze,Midwest
CUST00893,Laura Rodriguez,jeremiah68@example.com,,08-Mar-2025,Silver,West
CUST00894,Charles Shea,georgesharp@example.org,,09/16/2025,Bronze,Midwest
CUST00895,Angel Hayes,matthew11@example.com,,12-May-2026,Bronze,Northeast
CUST00896,Shannon Carter,,386.305.0537x66608,27-Dec-2025,Bronze,South
CUST00897,Ryan Mcmillan,nancybrown@example.org,(366)491-0627x153,11-Jan-2026,Bronze,South
CUST00898,Gilbert Williams,lhicks@example.com,001-617-676-8293,12/29/2025,Bronze,West
CUST00899,David Kemp,leontracie@example.org,243-378-8260x33591,10/30/2025,Bronze,West
CUST00900,Michael Obrien,romerovictoria@example.net,001-814-849-2074x926,2026-03-26,Platinum,Midwest
CUST00901,Sandra May,hdavis@example.com,(385)696-9325,2024-07-16,Silver,West
CUST00902,Emily Montgomery,stephaniezamora@example.org,(834)226-6980,22-Jun-2026,Bronze,Northeast
CUST00903,James Wilson,bcompton@example.net,523.448.3893x595,23-Oct-2025,Silver,South
CUST00904,Alicia Cardenas,maria56@example.net,829-796-5082,01-Aug-2025,Gold,Northeast
CUST00905,Matthew Davis,wberry@example.com,+1-713-308-7612x3859,2024-12-31,Bronze,South
CUST00906,Derek Weaver,brianamejia@example.net,800-327-3008x696,06/28/2026,Silver,South
CUST00907,William Hughes,charlesbarnett@example.net,200-916-8094x14915,04/24/2025,Bronze,West
CUST00908,Mark Gonzalez,omay@example.org,6538440777,27-Oct-2024,Bronze,Midwest
CUST00909,Joann Taylor,ahines@example.net,(892)250-8177,06/16/2026,Silver,West
CUST00910,Tara Jones,andrew88@example.com,733-437-3125,2024-11-25,Bronze,South
CUST00911,Jennifer Mcdonald,marshalljamie@example.org,+1-911-992-0613x63852,2025-08-03,Silver,South
CUST00912,Jamie Lee,qjones@example.net,244-390-2950x2648,05/11/2025,Gold,Northeast
CUST00913,Anthony Hayes,marilyn67@example.net,427-378-2210,04/02/2026,Bronze,South
CUST00914,Leah Wilcox,fullerjose@example.com,(598)557-9736,04/01/2026,Bronze,West
CUST00915,Cassandra Maldonado,ricky53@example.net,001-570-879-8661x77067,13-Jul-2025,Silver,West
CUST00916,Shannon Smith,bennettdouglas@example.net,(223)755-2165,2025-07-28,Bronze,Midwest
CUST00917,Brian Baker,jessicamills@example.org,692-559-6790,10-May-2025,Silver,Midwest
CUST00918,Donna Payne,bentondavid@example.org,,2026-03-13,Gold,West
CUST00919,Tiffany Holt,eileendaniels@example.net,,09/10/2025,Silver,Northeast
CUST00920,Katie Carter,kennethjacobs@example.net,+1-988-311-4578x870,2025-03-18,Silver,West
CUST00921,Steven Morales,iwoods@example.net,(909)974-6191,09/19/2025,Bronze,Midwest
CUST00922,Joshua Vincent MD,twagner@example.org,(258)893-7085,2025-10-13,Bronze,South
CUST00923,Rebecca Wood,nicole56@example.com,001-795-679-0012x4825,12/31/2024,Bronze,South
CUST00924,Jennifer Watkins,donaldserrano@example.net,,31-Jan-2025,Silver,West
CUST00925,Madison Anderson,kristine33@example.net,001-715-962-4152,07-Nov-2024,Bronze,South
CUST00926,Jasmine Schmitt,richardlawrence@example.net,858.795.1381,2025-03-24,Gold,West
CUST00927,Katherine Baker,jherring@example.com,6953744303,2026-04-01,Bronze,Northeast
CUST00928,Samantha Jones,sloancarol@example.org,7385593401,2025-04-14,Bronze,West
CUST00929,Edward Rodriguez,james32@example.com,+1-636-478-1367x500,11/21/2025,Gold,West
CUST00930,Ashley Clements,johnsonmichael@example.com,(698)719-8780x9270,10/03/2024,Silver,Northeast
CUST00931,Kelsey Gates,richard25@example.net,001-466-905-9867x87442,27-Nov-2025,Bronze,Midwest
CUST00932,Victoria Barry,amber59@example.com,(759)242-8249x116,10/08/2024,Gold,Midwest
CUST00933,Sonya Williams,nathan39@example.net,213.721.5513,2025-03-05,Silver,South
CUST00934,Damon Schultz,evelyncampbell@example.com,689.866.9972x73677,10/18/2024,Bronze,Northeast
CUST00935,Jacob Robertson,samantharoberts@example.org,332.281.2312x39204,01-Apr-2025,Bronze,West
CUST00936,Brandon Sanchez,tracy38@example.com,(908)927-6817x225,2025-02-19,Bronze,Midwest
CUST00937,Heidi Burton,,526.329.0529x1876,2025-04-13,Platinum,South
CUST00938,Catherine Gonzales,brewergregory@example.com,+1-533-873-9920x52229,04-Apr-2026,Bronze,Northeast
CUST00939,Morgan Lloyd,bowmanjoel@example.net,(732)655-3983,01/11/2025,Bronze,West
CUST00940,Nathaniel Ford,zrobinson@example.com,930-295-4497x9127,2024-11-14,Bronze,Midwest
CUST00941,Benjamin Brown,elizabethcarlson@example.net,313.475.2988x3220,2026-01-30,Silver,Midwest
CUST00942,Richard Roy,glenware@example.com,001-787-497-8889x75358,12/20/2024,Gold,Northeast
CUST00943,Tammy Lindsey,harrisjoshua@example.com,761.499.5171,05/27/2026,Silver,West
CUST00944,Laura Mcfarland,johnsonedward@example.net,(595)201-4374,2025-09-20,Bronze,Northeast
CUST00945,Aaron Perry,rmiller@example.net,919.812.6022x1321,06/06/2025,Bronze,South
CUST00946,Amy Obrien,wilsonpatrick@example.org,(920)519-0725,22-Nov-2024,Bronze,Northeast
CUST00947,Monica Johnson,ryanrogers@example.net,3273481242,2025-01-24,Bronze,Northeast
CUST00948,Melanie Garrett,sandraheath@example.net,+1-352-229-4620x93556,2026-02-08,Bronze,West
CUST00949,Michael Carlson,kimberlysilva@example.org,001-813-671-2436x58585,01/07/2026,Silver,West
CUST00950,Ryan Green,beasleykimberly@example.org,,2024-10-11,Silver,West
CUST00951,Mr. Bryce Mendez,fhall@example.com,2298907166,2024-12-14,Bronze,West
CUST00952,Douglas Santos,petersonjose@example.org,+1-903-740-3010x95679,05-May-2025,Bronze,South
CUST00953,Lisa Wood,nathan62@example.org,371-324-7601x080,2024-07-29,Bronze,Midwest
CUST00954,Thomas Sparks,craigross@example.org,226.380.8081x5712,11-Jun-2026,Silver,West
CUST00955,Julie Gonzalez,ortizcristian@example.org,,06/02/2025,Bronze,Midwest
CUST00956,Bobby Williams,michael84@example.com,,04-Feb-2025,Bronze,South
CUST00957,Carrie Padilla,smithryan@example.com,+1-285-576-6947,26-Sep-2024,Bronze,South
CUST00958,Cristian Lambert,catherinemoore@example.com,966-262-1591x832,24-Jul-2024,Gold,Midwest
CUST00959,Jennifer Coleman,tammy90@example.org,207-697-7140,08/31/2025,Gold,South
CUST00960,Teresa Jones,audrey53@example.net,001-915-820-4998x094,23-Jan-2026,Bronze,Midwest
CUST00961,Katherine Walker,gonzalezbrittany@example.net,366-498-4166,12/05/2024,Silver,Midwest
CUST00962,Anthony Castillo,john25@example.com,,11-Nov-2024,Gold,Midwest
CUST00963,Tracy Santiago,brandi19@example.com,2149262037,18-Feb-2026,Bronze,South
CUST00964,Carolyn Davis,randalldonna@example.net,9414813599,2026-04-16,Bronze,Northeast
CUST00965,Jeremy Johnson,,+1-689-648-0186,2025-07-26,Gold,Midwest
CUST00966,Bryan Arroyo,alejandra39@example.com,957.308.2004x80675,2026-02-25,Silver,West
CUST00967,Colin Elliott,caitlin11@example.org,279.642.9688x27697,01-Aug-2024,Silver,Northeast
CUST00968,Micheal Green,tylerrodney@example.com,(307)983-2748x83565,2025-08-28,Bronze,Midwest
CUST00969,Mary Davidson,kellywilliams@example.net,(649)466-8349x60478,2024-08-17,Bronze,Northeast
CUST00970,Justin Garcia,ernestmahoney@example.net,001-536-248-8208x93486,04/03/2026,Gold,Northeast
CUST00971,David Mendoza,eguzman@example.com,5917141319,2025-10-26,Silver,South
CUST00972,Miss Carla Hoover,jenniferrodriguez@example.org,760.252.3045x8816,25-Apr-2026,Bronze,Midwest
CUST00973,Tyler Christensen,hthomas@example.net,865-803-4409,09-Mar-2026,Silver,Midwest
CUST00974,Patrick Mosley,bartondavid@example.com,+1-389-680-8806x782,28-Aug-2024,Bronze,South
CUST00975,Jose Carney,marydean@example.com,+1-964-686-9893x9698,05/10/2026,Gold,Midwest
CUST00976,Erik Stafford,murphybrianna@example.com,+1-701-319-2920x75360,21-Aug-2024,Bronze,Midwest
CUST00977,Michael Brown,uclark@example.org,(221)689-4559x06700,02/09/2026,Gold,South
CUST00978,Wesley Wright,carternicholas@example.com,+1-648-796-6760x56420,05-May-2025,Bronze,South
CUST00979,Peter Morgan,duncankimberly@example.com,001-453-438-9062x35466,2026-01-13,Bronze,South
CUST00980,Dylan Rodriguez,cassandra53@example.org,9628212242,06/03/2026,Bronze,Northeast
CUST00981,Matthew Collins,kathrynaustin@example.com,6118241158,25-Jun-2026,Bronze,South
CUST00982,Tanner Herrera,,579-386-7782,2024-11-04,Gold,Northeast
CUST00983,Teresa Wallace,galvanjoshua@example.org,001-664-526-1212x038,12/19/2025,Gold,Midwest
CUST00984,Gloria Jordan,idelacruz@example.org,585.725.4824x218,2026-04-02,Bronze,South
CUST00985,Paul Dodson,johnsonshirley@example.com,654-975-2311x2327,11/10/2025,Gold,Northeast
CUST00986,Robyn Miller,zsantana@example.org,842.472.0388,2026-02-18,Silver,South
CUST00987,Heather Smith,soliscarlos@example.com,704.453.0693,11-Jan-2025,Silver,Northeast
CUST00988,Erin Perez,alexander18@example.org,001-667-678-4816x524,30-Apr-2026,Gold,West
CUST00989,Deborah Simmons,lorikoch@example.net,,08/18/2024,Bronze,West
CUST00990,Claudia Bush,smithgina@example.net,+1-853-491-2878x84869,2026-04-07,Silver,Northeast
CUST00991,Linda Torres,timothy27@example.org,472-646-3019x864,2024-10-05,Bronze,Northeast
CUST00992,Justin Perez,pmartin@example.org,001-512-418-7062,07/12/2025,Silver,Midwest
CUST00993,Amber Lane,garymartinez@example.org,9238200186,04/03/2025,Platinum,Northeast
CUST00994,Allen Skinner,hespinoza@example.org,+1-514-635-6140,05/08/2026,Bronze,South
CUST00995,Margaret Miller,hartmanjoshua@example.net,+1-923-854-6951x0030,2026-04-29,Silver,South
CUST00996,Robert Ramirez,stephanie96@example.com,350-306-6664,10-Jul-2024,Bronze,Midwest
CUST00997,Sydney Evans,fletcherjanet@example.org,207-785-1699x4970,01/15/2026,Silver,Midwest
CUST00998,Jessica Kelley,angela68@example.net,001-599-862-6970,11-Aug-2025,Bronze,Northeast
CUST00999,Madison Wilson,eharrington@example.com,9598625719,18-Jul-2024,Gold,Northeast
CUST01000,Beth Harding,ryanmiles@example.com,789.482.6041x809,05/17/2026,Bronze,South
CUST01001,Heather Dixon,murraystephen@example.net,427-646-9211,09/05/2024,Bronze,South
CUST01002,Jennifer Taylor,gregory29@example.com,789-917-0454x21854,02/28/2026,Silver,West
CUST01003,Jeffrey Wagner,,2923257090,2025-10-04,Silver,Midwest
CUST01004,Michael Peterson,stephanie72@example.org,(647)228-2895,2024-08-12,Silver,Midwest
CUST01005,Mr. Thomas Black,haleylove@example.org,326-216-8507,01/25/2026,Bronze,Northeast
CUST01006,Margaret Mullins,davisautumn@example.org,+1-927-211-5261x053,02/19/2026,Bronze,Midwest
CUST01007,Andrew Ford,rwheeler@example.org,6745189485,02/12/2026,Silver,Midwest
CUST01008,Keith Mcdonald,michellejenkins@example.org,+1-644-371-6198x273,12/03/2024,Silver,Northeast
CUST01009,Patricia Johnson,brandon58@example.net,,2025-09-19,Silver,South
CUST01010,Clifford Mcdonald,jason57@example.com,535.526.8064x86067,2026-06-22,Bronze,South
CUST01011,Stephanie Galvan DDS,tammy53@example.com,+1-846-728-0550x7740,05/24/2025,Gold,Northeast
CUST01012,Bobby Woodward,jamiewhite@example.org,+1-508-355-1074x091,05/25/2026,Bronze,West
CUST01013,Julie Romero MD,thomaslinda@example.net,360.422.0695x354,06/28/2026,Bronze,Northeast
CUST01014,Mary White,kristen95@example.org,4267015153,06/05/2026,Silver,Northeast
CUST01015,Melissa Green,,+1-295-707-4071x7327,11/29/2025,Bronze,West
CUST01016,Holly Johnson,elizabethcalderon@example.org,,08-Jul-2024,Bronze,South
CUST01017,Tyler Howell,kendra03@example.net,001-210-645-2036,16-Aug-2024,Bronze,Northeast
CUST01018,Lori Browning,veronicarogers@example.net,+1-828-355-3595x205,2024-07-25,Gold,South
CUST01019,John Shepard,schneiderraymond@example.com,+1-501-986-7740,07/01/2025,Silver,Northeast
CUST01020,Beth Preston,eileenhudson@example.com,295-530-0677x6255,26-Oct-2024,Silver,Midwest
CUST01021,Adam Snyder,iedwards@example.com,(441)478-4290,12/07/2024,Platinum,South
CUST01022,Gary Davis,mclaughlinanthony@example.org,,12-Oct-2025,Bronze,Midwest
CUST01023,Sara Williams,adamduran@example.net,+1-868-843-0211,20-May-2025,Gold,Midwest
CUST01024,Lisa Smith,susan75@example.net,+1-887-659-2129,2024-10-31,Silver,Midwest
CUST01025,Troy Allen,lauradyer@example.org,255.982.1477x092,22-Sep-2024,Bronze,South
CUST01026,Sarah Perez,whiteryan@example.org,,2024-09-11,Silver,West
CUST01027,Molly Jackson,rebecca81@example.net,001-870-559-1611,26-Jul-2025,Gold,South
CUST01028,Joshua Cross,ashley77@example.org,001-516-388-0053x789,2025-08-04,Bronze,South
CUST01029,Tommy Romero,znolan@example.net,454-501-8227x200,22-Sep-2025,Bronze,Northeast
CUST01030,Lori Roberson,derekdougherty@example.org,714-547-4328x116,11/24/2025,Bronze,West
CUST01031,Nancy Navarro,barryclark@example.org,523-222-7752x135,04/17/2026,Bronze,Midwest
CUST01032,Kathy Butler,russellrandy@example.org,+1-505-493-7775x69198,01/11/2026,Silver,Northeast
CUST01033,Marissa Ewing,perrynicole@example.net,001-617-546-9029x8310,2026-03-06,Silver,Midwest
CUST01034,Samantha Jones,jmyers@example.net,,08/29/2024,Gold,West
CUST01035,Teresa Barnes,masonmichael@example.net,(866)770-6362x198,2025-03-21,Bronze,Northeast
CUST01036,Dustin Hines,kevin07@example.com,(434)993-3965x0496,16-Nov-2024,Bronze,Northeast
CUST01037,Janice Hamilton,davistanya@example.com,262.958.5421,2026-05-23,Gold,Midwest
CUST01038,Melissa Garcia,phernandez@example.net,919-496-4338x5324,10-Apr-2026,Bronze,West
CUST01039,Holly Young,joseharris@example.org,001-931-815-8760x545,2026-04-29,Bronze,West
CUST01040,Debra Rivera,tmorales@example.net,853-353-6597x466,05/11/2025,Bronze,West
CUST01041,Beth Thompson,mitchell80@example.net,894-681-5269x25596,08-Mar-2026,Silver,Midwest
CUST01042,Scott Allen,rberg@example.org,259.614.2614,2025-10-18,Silver,Northeast
CUST01043,Danielle Merritt,tvelasquez@example.com,330-979-6373x1008,17-May-2026,Silver,West
CUST01044,Tamara Thomas,millerjessica@example.com,884-952-3542,2025-01-06,Bronze,Midwest
CUST01045,Marie Shelton,rodriguezjames@example.org,,03/27/2026,Silver,Midwest
CUST01046,Megan Holt,vhogan@example.org,,2024-12-10,Silver,South
CUST01047,Jesse Ray,afleming@example.org,970.314.0052,18-Jul-2024,Silver,Midwest
CUST01048,Erika Stone,johnsonsamantha@example.com,+1-522-314-2573x16094,2026-01-12,Gold,Midwest
CUST01049,James Drake,snyderfrank@example.org,,22-Nov-2024,Bronze,South
CUST01050,Marcus Bell,aprilmyers@example.net,7925973525,04/25/2026,Bronze,Midwest
CUST01051,Chris Steele,nperez@example.org,,2026-04-13,Bronze,South
CUST01052,Carrie Mitchell,,835.332.3661x8507,04/23/2026,Silver,Northeast
CUST01053,Judy Dixon,ylawson@example.org,001-582-436-0107x12615,2025-11-27,Silver,West
CUST01054,Katherine Leon,wleblanc@example.com,+1-446-573-5742,15-Jun-2026,Silver,Midwest
CUST01055,Vickie Haas,stephaniegillespie@example.net,4194442589,08-Nov-2024,Silver,Midwest
CUST01056,Jennifer Bennett,,,19-Feb-2026,Bronze,Midwest
CUST01057,Wendy Clark,mcculloughjohn@example.net,001-273-911-8046x7413,31-Oct-2025,Bronze,Northeast
CUST01058,Justin Torres,,885-220-1362,2025-07-06,Bronze,South
CUST01059,James Duncan,ysandoval@example.org,647-305-5491x21516,26-Aug-2024,Silver,Midwest
CUST01060,Megan Rivera,andre19@example.net,(493)295-7875x2070,01/01/2025,Gold,Northeast
CUST01061,Christopher Smith,udavis@example.net,824-913-9369,07/23/2025,Gold,West
CUST01062,Jennifer Knight,klewis@example.com,,06/23/2025,Bronze,South
CUST01063,Mr. Lance Townsend,samuelprice@example.org,659.588.9786x533,2024-09-23,Silver,Northeast
CUST01064,Randy Murphy,anthonyhunt@example.net,001-352-731-2021,06-Mar-2026,Silver,Northeast
CUST01065,Katelyn Gray,anna74@example.com,6008268764,27-Jun-2025,Bronze,South
CUST01066,Jerome Cole,nicole16@example.org,(956)504-5006x3553,28-Jul-2024,Bronze,Midwest
CUST01067,Vanessa Cunningham,sydneyalexander@example.org,+1-295-429-6353x0597,26-Mar-2025,Silver,West
CUST01068,Joseph Ford,ronaldyoung@example.org,594-689-8959x65466,2026-06-09,Silver,Midwest
CUST01069,Shelly Mcmahon,,,29-Jan-2025,Silver,Midwest
CUST01070,Michael Floyd,cheryl69@example.net,001-539-634-4974,04/01/2026,Bronze,South
CUST01071,Joseph Lowe,dustinwilliams@example.com,362.297.3988x94132,2026-06-28,Silver,South
CUST01072,Jill Brown,dariusmendoza@example.org,,06/15/2025,Silver,South
CUST01073,Samuel Bailey,crystal65@example.com,,06/10/2025,Bronze,Northeast
CUST01074,Shannon Martinez,alejandroturner@example.net,(346)512-9390x02512,12/17/2025,Gold,West
CUST01075,Scott Lin,llee@example.com,+1-670-586-1993x1458,06-Jan-2025,Bronze,Midwest
CUST01076,James Miller,sarahpierce@example.org,542.636.2203,30-May-2025,Gold,West
CUST01077,Jason Douglas,turnerelizabeth@example.net,001-468-668-0085,05-Apr-2025,Bronze,South
CUST01078,Amber Mercado,lucasteresa@example.com,717-243-0435x0238,28-Oct-2024,Silver,Midwest
CUST01079,Lisa Ramirez,cmorgan@example.com,001-723-832-8293x0202,08/23/2025,Bronze,Midwest
CUST01080,Dan Smith,robinsonjon@example.com,,05/18/2025,Silver,Midwest
CUST01081,Barbara Santana,adiaz@example.com,(327)499-5530x24530,25-Apr-2026,Bronze,South
CUST01082,Kristi Green,bjackson@example.org,420-428-4719x017,2025-10-26,Bronze,Northeast
CUST01083,Anthony Brooks,uolsen@example.com,487-617-7546x199,08/06/2024,Gold,South
CUST01084,Joshua Herrera,rmoore@example.com,+1-825-681-2259x0956,2025-12-02,Bronze,Northeast
CUST01085,Misty Hernandez,toddburton@example.com,001-912-212-1101,12/19/2024,Silver,West
CUST01086,Michael Perry,caldwellpatricia@example.org,607.740.3925x199,11/07/2024,Gold,South
CUST01087,Stephen Duran,lgarcia@example.org,,2026-04-21,Gold,Midwest
CUST01088,Nicole Wright,bwhite@example.com,,03/17/2026,Silver,Northeast
CUST01089,Brian Thompson,,+1-954-296-3308x33444,08-Feb-2025,Gold,Northeast
CUST01090,Kathryn Greene,alexander70@example.org,5599685195,2025-06-28,Silver,South
CUST01091,Stephanie Sanders,,+1-432-495-6342x7775,26-Apr-2026,Gold,South
CUST01092,Alicia Miller,fbailey@example.org,+1-820-559-2294x115,31-Jul-2024,Bronze,West
CUST01093,Emily Ortega,phall@example.com,+1-226-729-4206x61549,2024-09-09,Bronze,Northeast
CUST01094,Brian Pena,williamsaudrey@example.org,001-321-712-2121x548,2025-07-28,Bronze,South
CUST01095,Kimberly Nichols,aevans@example.org,001-291-885-4880x64420,07-Nov-2024,Gold,Midwest
CUST01096,Suzanne Jimenez,usanchez@example.net,466-846-4196x23421,02/10/2026,Silver,Northeast
CUST01097,Corey Smith,williamsfrank@example.com,+1-931-947-8911,20-Oct-2024,Bronze,West
CUST01098,Leah Wheeler,barbara81@example.net,(883)818-0036,2024-07-16,Silver,West
CUST01099,Carol Smith,baileyjames@example.org,+1-253-786-3105,2026-02-11,Silver,Northeast
CUST01100,Stephen Nolan,mcconnellangela@example.org,(592)599-0076x86276,11/07/2024,Silver,Northeast
CUST01101,Stacy Macias,nnunez@example.org,861.685.1862x6713,06/04/2026,Bronze,South
CUST01102,William Lee,jamesperez@example.net,(318)983-5279,02/23/2025,Bronze,Midwest
CUST01103,Nancy Graves,ecisneros@example.com,(310)465-9208x8143,06/06/2025,Gold,West
CUST01104,Jason Murray,gomezbrittney@example.net,+1-838-845-7202,03/26/2025,Silver,South
CUST01105,Jennifer Cruz,cherylgomez@example.org,,10/09/2024,Bronze,West
CUST01106,Eric Hunter,matthewwalker@example.com,+1-860-874-2990x74729,09/04/2025,Silver,Midwest
CUST01107,Amy Kim DDS,asmith@example.net,+1-374-574-8599x464,06-Feb-2026,Silver,South
CUST01108,Sarah Rodriguez,dsanchez@example.net,,05/19/2026,Silver,West
CUST01109,James Perkins,osbornkelly@example.net,+1-804-245-0928,2025-02-24,Silver,West
CUST01110,Russell Downs,raymondwoodward@example.org,(364)589-0082x4845,01-Jul-2024,Silver,West
CUST01111,Laura Lee,riverakevin@example.net,+1-839-597-4185,11-Jul-2024,Bronze,Northeast
CUST01112,Jillian Wood,williamsjason@example.net,(366)619-9530x564,01/11/2026,Bronze,West
CUST01113,Jeffrey Weaver,ryan90@example.net,,01/06/2026,Bronze,West
CUST01114,Susan Valdez,pmartin@example.org,,23-Jul-2024,Silver,West
CUST01115,Christina Watson,williamsjoseph@example.com,742-499-0674x5686,2025-02-05,Bronze,Midwest
CUST01116,Charles Strickland,morrismax@example.net,(672)956-2221x90533,30-Jan-2026,Gold,Midwest
CUST01117,Eric Lester,amber55@example.net,796.252.1383,06/22/2025,Bronze,West
CUST01118,Chad Cook,jeffery29@example.org,4369221173,06/26/2025,Bronze,South
CUST01119,Devin Day,christinapeters@example.net,+1-358-752-2942x52516,22-Jun-2025,Platinum,South
CUST01120,Joan Brown,ricedana@example.com,491-647-7447x3535,16-May-2025,Platinum,West
CUST01121,Natalie Oconnor,whitakermegan@example.org,(594)997-3449x305,2025-07-08,Bronze,Northeast
CUST01122,Cory Moreno,,(411)333-8926x08788,03/15/2025,Bronze,South
CUST01123,Joshua Gonzalez,margaret62@example.com,+1-215-321-7465x35378,09-Jul-2025,Silver,South
CUST01124,Heather Jennings,kellybooth@example.com,677-562-9691,12/01/2024,Silver,Midwest
CUST01125,Kevin Johnston,bsoto@example.com,909-599-9001x08985,08/25/2025,Gold,South
CUST01126,Cynthia Velazquez,frank18@example.net,(784)942-4648x84997,02-Nov-2024,Bronze,Northeast
CUST01127,Jacqueline Rowe,tmurphy@example.net,,12-Mar-2025,Gold,West
CUST01128,Theresa Harmon,whitecharles@example.net,,2025-08-30,Silver,West
CUST01129,Lisa Prince,wilkinskevin@example.net,697.617.0598,06-May-2026,Silver,West
CUST01130,Rachel Norton,ronaldhodges@example.org,368.311.2303x88568,08/26/2025,Silver,West
CUST01131,Victoria Flowers,hillsabrina@example.net,2097921779,02/16/2025,Silver,West
CUST01132,Jessica Henderson,jeffreymccormick@example.org,+1-358-580-7053x2601,25-Jan-2026,Bronze,South
CUST01133,David Mathews,,,09/30/2024,Silver,Northeast
CUST01134,Kara Taylor,michael36@example.org,001-608-758-1810,2024-08-14,Bronze,South
CUST01135,Daniel Murray,vjones@example.net,,31-Jan-2026,Bronze,West
CUST01136,Christine Todd,robynmiller@example.net,(789)769-3353x900,12-Jun-2026,Bronze,South
CUST01137,Sarah Jordan,cynthia47@example.net,415.766.3979,10-Mar-2025,Silver,West
CUST01138,Ashley Roberts,nhuber@example.org,+1-828-237-7270x28966,08-Mar-2025,Silver,West
CUST01139,Christopher Miller,jonathan61@example.org,697-253-5846,06/12/2026,Bronze,Northeast
CUST01140,Amanda Caldwell,taylortina@example.org,927-363-6281x444,07/21/2025,Silver,South
CUST01141,Leslie Bauer,johnstonbarbara@example.org,(976)649-0922x88498,2026-03-28,Silver,South
CUST01142,Heather Foley,mariahwang@example.net,001-372-871-7430x6881,03/04/2026,Bronze,Midwest
CUST01143,Patricia Cannon,harrisstacey@example.net,881.687.3877x58333,01/06/2026,Bronze,South
CUST01144,Ronald Davis,jacobscindy@example.org,(438)260-2826x254,05-May-2026,Bronze,Midwest
CUST01145,Ryan Huffman,patriciacarr@example.net,+1-657-372-0441x0079,16-Aug-2025,Bronze,Midwest
CUST01146,Jacob Norman,browntimothy@example.net,612-824-8709x8726,11/27/2024,Bronze,Northeast
CUST01147,Blake Crawford,laura24@example.org,,2025-01-10,Silver,Midwest
CUST01148,Maria Lewis,igarcia@example.net,5032468616,06/12/2025,Silver,Midwest
CUST01149,James Benson,brianconrad@example.org,7955366219,2025-04-25,Bronze,South
CUST01150,Amanda Morgan,bjacobs@example.org,573-925-9007,2024-09-04,Bronze,West
CUST01151,Amanda Hayes,claytonharris@example.com,001-308-271-6722,07-Feb-2026,Gold,Midwest
CUST01152,Sergio Mckinney,julia17@example.org,001-528-817-0744,08/09/2024,Bronze,West
CUST01153,Samantha Malone,,622-352-1602x5239,10/12/2024,Bronze,South
CUST01154,Taylor Cross,kevin77@example.org,(390)932-6551x3276,2025-09-13,Bronze,South
CUST01155,Justin Waller,josephcooper@example.net,(798)351-6021x191,02-Nov-2024,Gold,South
CUST01156,Stanley Holder,jessica86@example.com,686.686.2376x0088,05/29/2025,Silver,West
CUST01157,Paul Gonzales,daviladaniel@example.org,549.892.1640x0698,2025-09-17,Silver,Midwest
CUST01158,Bethany Gonzalez,tina48@example.com,864.470.8213x98654,2024-10-16,Bronze,Northeast
CUST01159,Carol Cuevas,juliavasquez@example.net,(205)250-3300,2025-08-04,Bronze,Northeast
CUST01160,Ricky Manning,lchavez@example.org,+1-200-288-9911x416,27-Aug-2025,Bronze,Midwest
CUST01161,Anna Bradley,,001-823-227-3798x9790,2025-07-30,Gold,Midwest
CUST01162,Elizabeth Zhang,bendermichelle@example.net,(874)363-0009x98433,11-Apr-2026,Platinum,Northeast
CUST01163,Dana Griffin,millschristopher@example.org,,26-Oct-2025,Silver,Midwest
CUST01164,Jaclyn Green,katherinemccarty@example.com,(503)640-1535,04/27/2025,Bronze,Northeast
CUST01165,Frank Harding,justin46@example.com,420.410.8240x281,10/19/2025,Silver,South
CUST01166,Linda Wang,hernandezpamela@example.org,9855817452,01/27/2026,Silver,West
CUST01167,Wesley Jenkins,stephaniewalker@example.com,7043129182,08/05/2025,Platinum,South
CUST01168,Teresa Fuller,michael04@example.net,,2026-03-24,Silver,Midwest
CUST01169,Stephen Brown,jefferybaker@example.com,,18-Jul-2024,Silver,Midwest
CUST01170,Justin Boyd,fmiller@example.net,,04/02/2026,Silver,Northeast
CUST01171,Christina Strong,,,18-Aug-2025,Bronze,West
CUST01172,Lori Jones MD,,5486507665,13-Feb-2025,Silver,Northeast
CUST01173,Tracy Torres,patriciagood@example.com,246.701.9153,29-Jun-2025,Bronze,West
CUST01174,Lori Harris,travis24@example.org,(986)417-6822x512,04/14/2025,Bronze,West
CUST01175,Ms. Sarah Padilla,sdonovan@example.com,(624)619-7687,2025-06-11,Silver,Northeast
CUST01176,Mary Lane,michaeljohnson@example.org,648.897.4223x54340,04/02/2026,Bronze,South
CUST01177,Kimberly Meza,christophergibbs@example.com,395-325-4920x644,2024-09-12,Silver,Northeast
CUST01178,Katherine Gonzalez,schmidtsteven@example.org,+1-663-843-5948x82188,07/27/2025,Bronze,West
CUST01179,Jennifer Cline MD,velasquezvictoria@example.org,225-343-4123,2025-11-29,Bronze,Northeast
CUST01180,Logan Tapia,psmith@example.com,(518)360-0320,09/07/2025,Silver,Northeast
CUST01181,Leslie Munoz,millerlindsey@example.org,9348713171,2024-08-03,Gold,West
CUST01182,Stacey Todd,kathleencase@example.net,,2025-12-04,Bronze,Midwest
CUST01183,Wanda Bowen,corey47@example.net,,25-Feb-2025,Silver,West
CUST01184,Adam Martinez,susanpeterson@example.com,221.507.2887x80727,06/07/2025,Platinum,Northeast
CUST01185,Ashley Johnson,,,16-Nov-2025,Bronze,Northeast
CUST01186,Luis Daugherty,davidharris@example.net,001-896-347-7183x75307,17-Apr-2026,Bronze,Midwest
CUST01187,Robert Payne,kristen78@example.org,4243432362,2025-04-11,Bronze,Midwest
CUST01188,Willie Morrison,darnold@example.com,,17-Apr-2025,Bronze,Midwest
CUST01189,James Ramos,,+1-851-669-1395x21501,02/21/2026,Gold,Northeast
CUST01190,Aaron Pennington,jameswilliams@example.net,342.543.1983x92484,18-Jul-2024,Bronze,Northeast
CUST01191,Brian Coleman,cervantesleslie@example.org,8216516758,21-Apr-2025,Bronze,Midwest
CUST01192,Crystal Parrish,jesse81@example.org,9508147642,16-Mar-2026,Silver,South
CUST01193,John Arnold,julie12@example.net,001-717-775-1239x59781,06-Jan-2025,Bronze,Midwest
CUST01194,Todd Williams,umartin@example.com,9244465467,07/27/2024,Bronze,South
CUST01195,Brian Murray,serranosteven@example.com,(247)483-7031x7543,09-Apr-2026,Bronze,Midwest
CUST01196,Benjamin Turner,janice26@example.org,(992)454-6862,2025-08-09,Bronze,West
CUST01197,Yolanda West,aking@example.com,,10/19/2025,Bronze,Northeast
CUST01198,Daniel Mendoza,heathjasmine@example.com,,29-Nov-2024,Silver,South
CUST01199,Tammie Alvarez,michaelmartinez@example.net,(287)790-6048x86932,01/20/2026,Silver,Midwest
CUST01200,Debbie Reed,mcdanielsherry@example.net,001-527-739-6159x76405,04/26/2025,Bronze,Midwest
CUST01201,John Larson,vporter@example.com,,2025-01-02,Silver,Northeast
CUST01202,Billy Bush,allenkimberly@example.com,(227)436-2732,11/05/2024,Bronze,Midwest
CUST01203,Karen Rodriguez,huffmaria@example.net,769.317.1620x4298,2025-01-27,Silver,Midwest
CUST01204,Jennifer Tran,brooksshelby@example.com,001-203-392-2026,2026-06-27,Bronze,Midwest
CUST01205,Cathy Sanders,dpoole@example.com,,08/03/2025,Bronze,Midwest
CUST01206,Joanne Stephenson,dorseylinda@example.org,,18-Apr-2025,Bronze,Midwest
CUST01207,Stephen Williams,gina04@example.net,532.367.2446,03/22/2026,Bronze,Northeast
CUST01208,Justin Patton,jwerner@example.org,+1-739-706-5402,2024-09-18,Bronze,Northeast
CUST01209,Nancy Walker,whaynes@example.com,(281)629-1635,06/11/2026,Silver,South
CUST01210,Jessica Martinez,chiggins@example.com,+1-752-272-8453x9749,05/26/2025,Bronze,Northeast
CUST01211,Scott Graham,barnestyler@example.com,,01-Jan-2026,Bronze,Midwest
CUST01212,Alison Williams,ortegasandra@example.net,(290)622-1543,01/05/2025,Silver,Northeast
CUST01213,Amanda Perez,michaellee@example.org,,04-Nov-2024,Bronze,West
CUST01214,Dana Jones,lisabullock@example.com,(601)593-5450x369,2025-09-28,Silver,South
CUST01215,Danielle Golden,melissa62@example.net,,08-May-2025,Silver,South
CUST01216,Joshua Reed,daviddecker@example.com,001-441-229-0759x65999,09/24/2024,Bronze,South
CUST01217,Jon Gonzalez,lstevens@example.com,721-306-2941x937,2025-09-01,Silver,Midwest
CUST01218,Jeremy Warner,olsonjesse@example.com,(864)375-2864,2026-04-16,Bronze,West
CUST01219,Alexander Oliver,westkatie@example.org,2995284524,10/30/2024,Gold,South
CUST01220,Hector Hall,,950-951-4321x91430,2026-04-30,Bronze,West
CUST01221,Charles Owens,nicholasfigueroa@example.org,(418)283-4581,06-Feb-2025,Gold,Northeast
CUST01222,Katherine Reynolds,mgallegos@example.org,,04/03/2026,Silver,Northeast
CUST01223,Leah Andersen,wgomez@example.net,7257784640,18-Dec-2025,Gold,West
CUST01224,Sandra Weaver,holly72@example.com,,2026-01-26,Silver,West
CUST01225,Jordan Sanders,dominiquemaxwell@example.com,,02/08/2025,Bronze,Northeast
CUST01226,Richard Golden,,001-451-796-2822x2501,2025-12-14,Silver,Northeast
CUST01227,Madison Jackson,seth86@example.org,001-342-601-2234,2025-08-20,Gold,West
CUST01228,Adam Smith,sfoster@example.com,7268604509,19-Nov-2024,Bronze,Northeast
CUST01229,Russell Holland,lovechristina@example.org,,20-Dec-2025,Bronze,Northeast
CUST01230,Daniel Wood,amberthompson@example.org,971-919-3600x6082,24-Oct-2025,Gold,Midwest
CUST01231,Douglas Rodriguez,dguerra@example.com,,06/12/2026,Silver,Northeast
CUST01232,Jeanne Robinson,alex95@example.org,523.846.1762x313,09/22/2024,Gold,Northeast
CUST01233,Rebecca Green,hannakevin@example.org,001-816-754-4137x277,2025-06-13,Bronze,Midwest
CUST01234,Thomas Johnson,kristymunoz@example.org,+1-204-361-7551x887,02-Mar-2026,Silver,Midwest
CUST01235,Luis Lopez V,blakejackson@example.net,674.744.1723,09-May-2025,Bronze,West
CUST01236,Craig Holloway,shane02@example.com,585-836-2689x0472,18-Dec-2025,Bronze,Midwest
CUST01237,Matthew Krause,larsonjeremy@example.com,+1-257-542-1643x5990,13-Jun-2025,Silver,South
CUST01238,Michael Williams,omathis@example.com,001-814-337-8844x3706,07/31/2025,Bronze,Northeast
CUST01239,Matthew Chase,ascott@example.com,(763)268-1541,16-May-2026,Gold,West
CUST01240,John Dominguez,smithzachary@example.com,8782604356,04-Mar-2025,Gold,Northeast
CUST01241,Michael Wallace,pvargas@example.org,4674730671,2025-12-18,Bronze,Midwest
CUST01242,Stephen Alvarez,kimberly90@example.net,588.865.3859x067,2024-11-26,Bronze,Northeast
CUST01243,Caroline Robertson,barcher@example.net,850-949-2217x04861,2024-07-22,Silver,Northeast
CUST01244,Cody Brown,moralesfrancisco@example.net,4739992891,26-Sep-2024,Gold,West
CUST01245,Michael Church,kendrahall@example.org,208.564.9426x942,06-Dec-2025,Bronze,Midwest
CUST01246,Melissa Ortega,craigjohn@example.com,490-314-5996x7069,2025-09-23,Gold,South
CUST01247,Jessica Smith,wendy82@example.com,388.843.0217,09-Jun-2025,Silver,West
CUST01248,Abigail Walters,elizabeth15@example.net,290.316.4928x15037,12-Jun-2025,Bronze,South
CUST01249,Vanessa Gutierrez,brad03@example.org,480.681.7262x82968,02/28/2026,Bronze,South
CUST01250,Erika Potts,elliszachary@example.net,001-259-827-4116,05/15/2026,Silver,Northeast
CUST01251,Michelle Wilkerson,kgarrison@example.com,(262)408-0820x3917,2026-06-25,Silver,Midwest
CUST01252,Michael Khan,joseph59@example.com,+1-424-758-7012x0424,2024-12-04,Gold,Midwest
CUST01253,Lauren Mcmillan,summerellis@example.org,,07/07/2024,Silver,West
CUST01254,Deborah Hayes,wrightnicholas@example.com,7247365240,10-Dec-2024,Silver,South
CUST01255,Dawn Molina,xclarke@example.com,,11/08/2025,Silver,Midwest
CUST01256,Shelly Wilcox,mary88@example.org,,2024-09-25,Bronze,West
CUST01257,Laura Bolton,aprilhill@example.net,(862)632-3606x6799,08/31/2025,Bronze,South
CUST01258,Kevin Bradley,qfaulkner@example.org,(804)429-8622,07/09/2024,Platinum,Midwest
CUST01259,Benjamin Chavez,wthompson@example.com,+1-899-929-9833x587,11/30/2025,Bronze,Northeast
CUST01260,Cody Hendricks,hsmith@example.org,582-308-4931x539,2024-10-21,Silver,Northeast
CUST01261,Adam Smith,robertsbrandon@example.net,001-576-629-1430x491,2024-09-25,Bronze,Northeast
CUST01262,Robert Simpson,rachelbridges@example.com,(409)498-6564,2025-02-02,Silver,Midwest
CUST01263,Marc Fletcher,brianwhite@example.com,609.876.6919,2024-09-30,Bronze,West
CUST01264,Teresa Wilcox,banksmeredith@example.com,+1-820-817-5307,12-Sep-2024,Bronze,West
CUST01265,Laura Spence,katherinepearson@example.net,+1-540-943-4741x2531,2025-10-25,Gold,South
CUST01266,Jared Smith,mhenry@example.net,(417)250-3619,10/15/2024,Bronze,South
CUST01267,Marco Houston,,+1-419-638-7337x034,03/13/2026,Platinum,Northeast
CUST01268,Ryan Mitchell,chantrevor@example.org,386.923.5107x651,03-Oct-2025,Platinum,West
CUST01269,Melissa Castaneda,christopher32@example.net,001-351-745-6340,07/06/2025,Silver,West
CUST01270,Joshua Miller,morrismary@example.com,296-653-9160x770,2024-07-09,Bronze,South
CUST01271,Ronald Smith,luis41@example.net,803-898-2218x039,01/12/2026,Bronze,West
CUST01272,Nancy Williams,rose88@example.com,+1-840-678-8026x52951,11/17/2025,Bronze,West
CUST01273,Christine Harris,matthewbutler@example.org,2398744088,2025-06-21,Bronze,West
CUST01274,Traci Hansen,carlsonblake@example.net,001-819-891-8431x132,09/12/2024,Gold,South
CUST01275,Donald Morgan,cooperlauren@example.org,(411)296-0472,2025-02-14,Bronze,Northeast
CUST01276,Julie Smith,xcrane@example.net,347-708-2317x146,14-Dec-2025,Gold,West
CUST01277,Jennifer Sparks,icuevas@example.com,(435)896-0530,08/23/2024,Bronze,West
CUST01278,Alice Brooks,ysmith@example.net,(205)406-3066x3605,2025-12-15,Bronze,South
CUST01279,Anita Schultz,mary98@example.net,503-290-9120,13-Oct-2024,Silver,West
CUST01280,Lee Morgan,katrinastevens@example.com,001-279-253-1926,28-Sep-2025,Silver,Northeast
CUST01281,Amanda Roy,fbailey@example.com,+1-554-349-2054x89445,2024-09-29,Gold,Midwest
CUST01282,Justin Higgins,wbailey@example.net,,12/02/2024,Gold,Midwest
CUST01283,Sarah Gill,kbaird@example.org,,09/09/2025,Bronze,South
CUST01284,Brittany Snyder,,805.266.0361x6248,23-May-2025,Gold,Midwest
CUST01285,Scott Moore,zwinters@example.org,(735)515-8501,2025-11-09,Silver,Midwest
CUST01286,David Swanson,hendersonlisa@example.com,(505)787-9052x24413,10-Feb-2025,Silver,South
CUST01287,Amy Bennett,jessica53@example.org,+1-857-690-5719x18986,2026-03-10,Silver,South
CUST01288,Daniel Rivera,spencerjames@example.com,,03-Dec-2025,Bronze,West
CUST01289,Mark Hansen MD,brookstaylor@example.org,477.418.4301,2024-07-19,Bronze,Midwest
CUST01290,John Robinson,hannahmunoz@example.com,423.796.4402,23-Dec-2024,Silver,Northeast
CUST01291,James Lara,lbennett@example.net,(742)477-3923,2024-08-04,Gold,Northeast
CUST01292,Clarence Johnston,haley01@example.com,+1-433-228-4423x471,02/03/2026,Bronze,West
CUST01293,Dr. Scott Murphy,hannah26@example.org,256.899.9138x310,01/26/2026,Bronze,South
CUST01294,Mrs. Brittney Ayala,,(822)677-7733x16806,2025-12-15,Bronze,Midwest
CUST01295,Robert Smith,brian60@example.com,+1-252-498-4241x074,2026-04-16,Bronze,Northeast
CUST01296,Michael Oneill,xharrington@example.net,(467)262-5906,2026-03-07,Bronze,West
CUST01297,Jared Ballard,cynthia64@example.com,,2025-12-14,Bronze,Northeast
CUST01298,Jerome Edwards,nbrewer@example.org,239.797.9849x14986,2026-02-14,Bronze,Northeast
CUST01299,Douglas Park,douglasbutler@example.com,332-323-9461x2128,26-Feb-2025,Bronze,Midwest
CUST01300,Timothy Perez,smithcharles@example.net,762.823.9847x422,2025-12-04,Bronze,South
CUST01301,Melissa Brown,reginaanderson@example.com,687.705.8416x80613,2025-04-19,Gold,Midwest
CUST01302,William Greene,peter58@example.com,,13-Nov-2025,Silver,Midwest
CUST01303,Latoya Robles,nicoleweaver@example.org,+1-372-836-1080x926,2025-04-19,Gold,Northeast
CUST01304,Jason Kelly,jessica86@example.com,,2025-02-26,Gold,West
CUST01305,Kelly Ross,karen57@example.com,824-976-4000,03/04/2025,Silver,Northeast
CUST01306,Jennifer Schmidt,kellybrown@example.org,(965)645-1224x44189,07/04/2024,Bronze,Midwest
CUST01307,Sandra Harris,bbarr@example.org,635.470.1703x63094,04/29/2026,Bronze,Northeast
CUST01308,Jennifer Thompson,jessica89@example.net,+1-230-894-1349,10/09/2025,Silver,Northeast
CUST01309,Karen Washington,rtaylor@example.com,(284)613-5694,02/17/2025,Bronze,South
CUST01310,Daniel Molina,fwalton@example.com,809.257.3940x59802,2024-10-31,Silver,South
CUST01311,Debra Curtis,solistara@example.com,392.958.4907x34203,2025-10-28,Gold,West
CUST01312,Joseph Stevens,stephanie14@example.org,664.382.3088x29586,2025-08-20,Platinum,West
CUST01313,Matthew Robinson,pjohnson@example.com,001-986-594-2767x4831,23-Nov-2025,Silver,Northeast
CUST01314,Christopher Garza,watsontina@example.net,001-217-888-2426x55946,08-May-2026,Silver,Northeast
CUST01315,Joe Thomas,nwilson@example.net,001-802-723-7900,2026-02-21,Bronze,Midwest
CUST01316,Michelle Burton,jbrown@example.com,379.254.1767x553,03/07/2026,Bronze,West
CUST01317,Julie Jones,florescarrie@example.net,001-545-689-6268,06-Aug-2025,Silver,South
CUST01318,Daniel Johnson,susanjennings@example.com,223-796-1219,12/21/2025,Bronze,West
CUST01319,Renee Garcia,yboone@example.org,520.970.6690x10792,2026-01-20,Silver,Northeast
CUST01320,Brianna Tran,jeffreywhitehead@example.net,+1-864-597-0350x67578,2026-06-27,Silver,Midwest
CUST01321,Hector Griffin,,273.712.3155x5057,2024-10-01,Bronze,Northeast
CUST01322,John Munoz,zacharypage@example.com,904-258-8311x414,18-Oct-2025,Bronze,South
CUST01323,Nicole Mayer,melissa36@example.net,,2026-06-23,Silver,West
CUST01324,Mark Long,manningbrandi@example.com,697.680.2344x568,27-Apr-2025,Bronze,South
CUST01325,Robert Johnson,lorihenderson@example.com,301-763-2957x3783,29-Aug-2025,Silver,Northeast
CUST01326,Mr. Thomas Guzman DDS,elainehall@example.net,(583)402-9158x5423,2025-02-04,Bronze,South
CUST01327,Willie Watson,courtney48@example.org,001-966-607-3446,2025-04-10,Bronze,South
CUST01328,Haley Chen,amy17@example.com,001-391-861-7050x2218,08/16/2025,Bronze,West
CUST01329,Roy Mitchell,perezkathryn@example.com,,30-Oct-2025,Bronze,West
CUST01330,Steve Thornton,lisa37@example.com,702-292-8643x3026,24-Aug-2025,Bronze,South
CUST01331,Janice Fuentes,grantjacob@example.com,871.596.6661x025,19-Jan-2025,Silver,South
CUST01332,Tammy Taylor,dennishale@example.org,,2025-01-12,Bronze,South
CUST01333,Amanda Yoder,jessicastanton@example.net,367.759.0177,2024-10-18,Silver,South
CUST01334,Robert Martinez,anthony23@example.org,001-851-574-6564x26018,06/22/2025,Bronze,Northeast
CUST01335,Daniel Bradley,jill69@example.net,559-722-7764x14900,02-Jul-2024,Bronze,Northeast
CUST01336,Robert Cooper,mariecasey@example.com,,01/20/2026,Bronze,Midwest
CUST01337,Dawn Dunn,,622.788.3904x7331,01/18/2025,Silver,West
CUST01338,Melissa Brooks,mcarter@example.org,(311)449-7887x953,03/30/2026,Bronze,West
CUST01339,Adrian Morris,scottcurtis@example.com,383-908-5800,06/04/2026,Silver,South
CUST01340,Daniel Miller,maysjohn@example.com,886.721.0781x8710,2025-05-05,Silver,Midwest
CUST01341,Philip Combs,pmay@example.org,(569)233-1542,21-Apr-2025,Bronze,South
CUST01342,Cory Lopez,psawyer@example.net,205-322-4114x20667,02/15/2025,Silver,Northeast
CUST01343,Parker Knight,davismichelle@example.com,238.722.2240,12/17/2024,Bronze,South
CUST01344,Bianca Ortega,watsondonald@example.org,590-511-3484,2025-08-24,Silver,Northeast
CUST01345,Martin Cox,hmoses@example.org,(539)645-6452,13-Nov-2024,Bronze,Northeast
CUST01346,Raymond Evans,apatterson@example.org,898-966-3420x953,10/08/2025,Bronze,Northeast
CUST01347,Taylor Nicholson,dorothy85@example.org,+1-373-656-1526x655,06/21/2025,Bronze,South
CUST01348,Toni Wood,monicadixon@example.net,(964)614-7533x69524,05-May-2026,Silver,Midwest
CUST01349,Nathan Estrada,jared96@example.org,001-798-953-2436x79241,29-Aug-2024,Gold,West
CUST01350,Sharon Wolfe,vtapia@example.net,+1-835-543-4685,31-Oct-2025,Gold,South
CUST01351,Richard Long,kennethruiz@example.net,399.381.6153,13-Apr-2025,Gold,West
CUST01352,Mary Neal,johnsonandrew@example.org,226.407.2014x8967,2025-04-08,Silver,South
CUST01353,Daniel Anderson,wernerraymond@example.org,001-447-862-5429,07-Mar-2026,Silver,South
CUST01354,Paul Harris,carlastevens@example.net,001-394-303-6948,2024-11-10,Silver,West
CUST01355,Thomas Higgins,adavis@example.com,+1-406-783-3539x10161,2026-01-24,Bronze,Midwest
CUST01356,Ashley Parsons,ashleynelson@example.net,,2024-07-25,Bronze,South
CUST01357,Chloe Hall,jason67@example.net,348.214.0984,05/28/2026,Bronze,Northeast
CUST01358,Katherine Robinson,mcknightregina@example.org,660-449-9100,2026-04-13,Bronze,South
CUST01359,Joseph Rivas,hcastaneda@example.com,+1-301-599-0342,2025-01-04,Platinum,West
CUST01360,Taylor Turner,pamela03@example.com,,2024-11-21,Bronze,South
CUST01361,Michael Cunningham,tuckersheila@example.net,338-960-1571,09/23/2024,Gold,Northeast
CUST01362,Rachel Davis,sara02@example.com,602.788.1411x287,2024-10-08,Bronze,Northeast
CUST01363,Mr. Raymond Lawson,galvarez@example.com,364.863.9138x1074,28-Sep-2024,Bronze,Northeast
CUST01364,Donna Wright,davidcampbell@example.org,,08/25/2024,Bronze,West
CUST01365,Thomas Robinson,jenkinselizabeth@example.net,(761)468-4552,01/04/2026,Bronze,Northeast
CUST01366,Eric Jones Jr.,justin17@example.net,+1-699-548-8566,06/16/2026,Bronze,Northeast
CUST01367,Brian Mooney,ryan56@example.org,(458)742-2717x266,2025-04-22,Bronze,West
CUST01368,James Smith,alvaradochristopher@example.net,313-206-8624x087,07/03/2024,Gold,Midwest
CUST01369,Robin Ortiz,chambersvanessa@example.org,428.420.7623x8115,12/15/2024,Bronze,Northeast
CUST01370,Catherine Hawkins,alexander47@example.com,(283)659-9940,2024-09-06,Silver,Midwest
CUST01371,Kristen Chavez,perezpamela@example.org,001-413-250-5357x228,29-Jan-2026,Platinum,South
CUST01372,Bruce Graves,sue80@example.net,001-778-530-2801x04194,05-Feb-2025,Gold,West
CUST01373,Shelby Martinez,spearsjose@example.com,+1-567-242-8021,04/08/2025,Gold,South
CUST01374,Kathleen Durham,nunezjeremy@example.net,001-812-213-9743,2025-02-18,Bronze,Midwest
CUST01375,Frank Cooper,lmueller@example.net,708-442-9069x6904,14-Jul-2025,Bronze,Northeast
CUST01376,Jessica Bennett,pricerobert@example.org,,12/18/2024,Bronze,West
CUST01377,Jacqueline English,rossdouglas@example.com,436-781-4980,12/08/2024,Gold,Northeast
CUST01378,Douglas Mendoza,kgilbert@example.net,+1-464-544-7725x084,25-Dec-2025,Bronze,West
CUST01379,Carrie Turner,wangjoshua@example.com,001-724-715-5369x158,31-May-2025,Bronze,Northeast
CUST01380,Lauren Johnson,maryhart@example.com,5244257033,2025-09-26,Silver,Midwest
CUST01381,Kyle Howard,,615.282.8630,04/26/2026,Bronze,Northeast
CUST01382,Jeffrey White,ramoscory@example.com,(492)320-4167,19-Mar-2025,Platinum,Midwest
CUST01383,Christopher Sullivan,thomasmooney@example.org,(732)250-3139x2804,11/12/2024,Bronze,Midwest
CUST01384,Brandon Richards,raydawn@example.org,(493)779-7190x000,05/10/2025,Silver,Midwest
CUST01385,Clinton Peterson,holly18@example.net,(759)540-7992x304,10/08/2024,Gold,Midwest
CUST01386,Victor Curtis,,,07-Jun-2025,Silver,Midwest
CUST01387,Kimberly Jones,nicholas74@example.org,801.894.5391x177,2025-12-01,Bronze,Midwest
CUST01388,Gregory Hopkins,,+1-861-320-9281x5780,02-Feb-2026,Bronze,Northeast
CUST01389,Brittney Sanchez,myersconnie@example.net,306.776.3532x237,01-Sep-2025,Bronze,West
CUST01390,Charles Cardenas,deborah56@example.org,711.542.9430x0037,20-Aug-2025,Bronze,Midwest
CUST01391,Susan Hernandez,jacquelinejones@example.org,665-398-6693x278,06/23/2025,Bronze,West
CUST01392,Rebecca Crawford,ashley53@example.net,(801)814-0652,2025-01-30,Silver,South
CUST01393,Sean Mcdowell,bryce27@example.org,855-633-7565x697,2025-07-21,Bronze,Midwest
CUST01394,Leah Moore,,494-851-0462x506,2025-02-24,Silver,Midwest
CUST01395,Felicia Rodriguez,clinekatie@example.com,(372)493-5097x93442,08/24/2025,Bronze,West
CUST01396,Sean Douglas,lopezkristin@example.com,678.204.5797x2518,31-May-2025,Bronze,Midwest
CUST01397,Matthew Moreno,carterangela@example.org,001-233-872-0945x16767,21-Nov-2024,Silver,Northeast
CUST01398,Megan Allison,hgonzalez@example.org,,06/21/2026,Gold,West
CUST01399,Samantha Johnson,vancejennifer@example.net,884-226-4833x3679,22-May-2026,Platinum,Northeast
CUST01400,Teresa Vazquez,,+1-467-213-6054x946,08/14/2025,Bronze,West
CUST01401,Jason Carroll,wilsonjacob@example.com,,27-Sep-2025,Bronze,Midwest
CUST01402,Anna Elliott,neilsummers@example.org,215-246-1758,12/06/2024,Gold,Midwest
CUST01403,Katrina Fowler,mitchelldanielle@example.org,504-331-5668x5135,01/17/2025,Bronze,Northeast
CUST01404,Karen Ellis,william30@example.net,+1-601-268-5647x1778,09/05/2024,Gold,South
CUST01405,Amanda Oneal,sullivancatherine@example.net,+1-837-816-1158,06/16/2026,Gold,South
CUST01406,Jenny Miller,yserrano@example.com,(798)533-2617x050,03/31/2025,Silver,West
CUST01407,Mason Jones,robert72@example.net,(835)433-9982x426,09/07/2024,Silver,Midwest
CUST01408,Melody Rogers,jonesmark@example.com,(968)479-3030x28532,15-Jun-2025,Silver,Northeast
CUST01409,Kevin Shepherd,jonathanjones@example.com,,2026-02-12,Bronze,South
CUST01410,Carmen Martinez,sherry61@example.org,2879308972,2026-01-10,Platinum,West
CUST01411,Sean Kirk,,877.571.1842x5278,01-Jul-2024,Silver,West
CUST01412,Alexa Solomon,charleswilcox@example.net,323-844-7305x777,2026-05-13,Bronze,Northeast
CUST01413,Lauren Wells,ndiaz@example.com,(566)676-4099x683,2026-01-19,Silver,South
CUST01414,Lucas Richardson,sharonfranco@example.org,+1-265-937-9322x19143,2024-07-16,Silver,Northeast
CUST01415,Karen Sanchez,farmermatthew@example.net,001-411-850-1016,07/07/2024,Gold,Midwest
CUST01416,Brandy Bailey,elizabethkirk@example.com,+1-378-433-5488x357,09/17/2024,Bronze,Northeast
CUST01417,Kaitlyn Davis,patrick86@example.net,(443)620-3172x6652,2025-04-13,Gold,Midwest
CUST01418,Scott Vargas,,(872)240-0020,01-Sep-2024,Silver,West
CUST01419,Jamie Smith,lawrenceanita@example.com,532-871-6303x356,10-Sep-2025,Bronze,Northeast
CUST01420,Stephanie Cain,meadowsbrian@example.org,001-308-299-3187,02/11/2026,Gold,Midwest
CUST01421,Rodney Coffey,alisonhaas@example.org,,02-Mar-2025,Bronze,Northeast
CUST01422,Amy Stephens,colleenwilliams@example.net,804.837.6613,02-Nov-2024,Bronze,West
CUST01423,Allison Mccormick,taylorderrick@example.net,(281)759-4747x05311,11/09/2025,Bronze,Midwest
CUST01424,Megan Harmon,atkinsryan@example.org,+1-879-584-2189x142,06/11/2025,Silver,Midwest
CUST01425,Scott Holland,sullivantodd@example.com,001-818-777-6288x363,07/18/2024,Silver,South
CUST01426,Jennifer Parsons,stevemorales@example.net,(526)966-7880,10/13/2025,Silver,South
CUST01427,James Montoya,jacobrangel@example.net,+1-789-707-4993x59812,09/27/2025,Bronze,West
CUST01428,Mr. Frank Morrison,bjames@example.net,385.980.5014,09/18/2024,Silver,West
CUST01429,Jasmine Webb,ashleyashley@example.org,,04-Sep-2025,Bronze,West
CUST01430,Heather Sanders,fergusonscott@example.net,448-660-0500,13-Jan-2025,Bronze,West
CUST01431,Catherine Gould,dbailey@example.org,+1-830-229-3011x2501,2025-06-25,Bronze,West
CUST01432,Paul Johnson,edward22@example.org,269.231.8062,01/22/2026,Bronze,Midwest
CUST01433,Mr. Todd Burnett DDS,bcurtis@example.org,697-853-7405x714,2026-05-21,Silver,South
CUST01434,Holly Russell,uscott@example.com,+1-773-354-4534,2025-01-21,Silver,West
CUST01435,Stephanie Hester,ggomez@example.org,+1-848-834-8358x62673,25-Feb-2026,Silver,South
CUST01436,Cynthia Johnson,hkennedy@example.com,5896432698,05-Feb-2025,Bronze,West
CUST01437,Monica Shea,michelle05@example.org,001-245-905-0928x46720,11/21/2024,Bronze,West
CUST01438,William Munoz,ashleyterry@example.com,272.395.4503,04-May-2025,Silver,West
CUST01439,Willie Rodriguez,rhodeshannah@example.net,7455028143,2026-04-06,Bronze,Northeast
CUST01440,John Baker,madisonchristensen@example.net,001-753-411-1235x90426,07-Apr-2026,Bronze,Northeast
CUST01441,Brittany Hamilton,,,2025-11-05,Silver,West
CUST01442,Renee Cooper,millstyler@example.net,285.354.5146,31-Aug-2025,Silver,West
CUST01443,Blake Wade,maurice55@example.net,870.962.7281,23-Nov-2024,Bronze,West
CUST01444,James Cuevas,meghancontreras@example.com,,2025-03-31,Bronze,Northeast
CUST01445,Nathan Booth,kathleenscott@example.org,(860)484-8187,2024-07-11,Gold,Midwest
CUST01446,Amy Duncan,munozryan@example.org,,2026-01-27,Bronze,Midwest
CUST01447,Luke Rogers,grahamtroy@example.org,450-559-9822x6731,2025-01-21,Bronze,Northeast
CUST01448,Reginald Gillespie,parkermax@example.org,+1-442-502-5936x45028,17-Sep-2024,Silver,West
CUST01449,John Wang,lgray@example.net,+1-511-654-9044x318,29-Dec-2024,Bronze,South
CUST01450,Jacqueline Herman,tannergina@example.org,+1-497-871-1506x29179,2026-04-20,Bronze,Northeast
CUST01451,Rhonda Browning,meredithhicks@example.com,(491)308-7392,09/06/2025,Gold,South
CUST01452,Keith Jones,,273-976-7105x29877,13-Oct-2025,Silver,West
CUST01453,Kurt Montgomery,brooksjames@example.com,,2025-01-16,Bronze,South
CUST01454,Robert Thompson,kimberlybennett@example.net,287.489.0345,07-Sep-2025,Bronze,West
CUST01455,Jodi Sanders,deborahwilliams@example.org,+1-334-267-5418x236,25-Aug-2024,Bronze,West
CUST01456,Joshua Anderson,,(210)351-3346,2025-08-02,Bronze,West
CUST01457,Aaron Young,michaelyoung@example.org,001-383-916-8163x60389,22-Jun-2026,Bronze,West
CUST01458,Lindsay Owens,deborah67@example.org,9002521410,29-May-2025,Bronze,West
CUST01459,Derrick Diaz,baueremily@example.net,612-737-0851x19194,06-Jan-2025,Bronze,West
CUST01460,Larry Thomas,ycooper@example.org,+1-827-467-1377x188,10-Mar-2026,Bronze,Northeast
CUST01461,Hector Rodriguez,yhubbard@example.com,,2025-08-01,Bronze,West
CUST01462,Jacqueline Snyder,igarcia@example.net,440.922.3461x4466,05/06/2025,Bronze,Midwest
CUST01463,April Bean,jonesstephen@example.org,+1-542-815-2483x19686,01/07/2025,Gold,South
CUST01464,David Edwards,ewatkins@example.org,568.983.0048,10-Nov-2025,Bronze,Northeast
CUST01465,Crystal Daniel,cannonbarbara@example.org,,2025-12-27,Bronze,Midwest
CUST01466,Troy Travis,stanleygary@example.org,(359)934-1040x6291,11/02/2024,Silver,South
CUST01467,Diana Martinez,andrewherrera@example.com,001-996-607-5789x849,29-Aug-2025,Silver,Northeast
CUST01468,Kyle Stewart,danielmartinez@example.com,+1-365-265-8189,05/12/2025,Silver,Northeast
CUST01469,Mark Cohen DVM,richard31@example.com,812.397.5572,02-May-2025,Silver,Northeast
CUST01470,Jason Freeman,davismary@example.org,,2025-07-19,Bronze,Northeast
CUST01471,Leslie Carpenter,myerstiffany@example.org,001-301-830-7167x532,2024-12-09,Silver,West
CUST01472,Mrs. Tammie Lang,chaseaustin@example.net,749-700-4903x72954,2025-07-03,Bronze,South
CUST01473,Jason Ponce,erinstark@example.net,,2026-01-04,Bronze,West
CUST01474,John Ramirez,cassandramoore@example.com,,01/18/2026,Bronze,Midwest
CUST01475,Ashley Stokes,bassjackie@example.org,881-547-6212x36018,08/21/2025,Bronze,Midwest
CUST01476,David Summers,lucas15@example.com,709.230.7968,10/18/2025,Silver,Midwest
CUST01477,Matthew Cox,rtaylor@example.net,7893921773,05/02/2025,Gold,South
CUST01478,Andrea Harris,blee@example.com,6724173402,2025-10-18,Silver,Northeast
CUST01479,Nancy Landry,barkeralicia@example.net,206.332.3654,2026-04-11,Bronze,West
CUST01480,Richard Roberts,kennethstanton@example.com,(902)843-5094,13-Mar-2025,Bronze,Northeast
CUST01481,Ann Barnett,vsandoval@example.com,309-594-1475x398,06-Jun-2025,Gold,South
CUST01482,Ronald Anderson,veronica90@example.net,(661)410-3565,29-Dec-2025,Silver,South
CUST01483,Casey Walters,johnreyes@example.com,(696)392-2953x38619,03/01/2026,Bronze,South
CUST01484,Kimberly Webster,houstonlaura@example.com,(542)640-6628,2025-04-25,Silver,West
CUST01485,Elijah Holmes,stephaniescott@example.com,(418)666-9408x654,29-Dec-2024,Silver,West
CUST01486,Janet Oliver,angelacooper@example.com,635-909-5288x959,07-Mar-2026,Bronze,Midwest
CUST01487,Danielle Simmons,ncampbell@example.com,,12-Sep-2025,Bronze,Midwest
CUST01488,Julie Murphy,stephen88@example.org,9095954288,2026-05-13,Bronze,South
CUST01489,Dr. Lisa Morales,bblack@example.com,898.299.4706x170,2024-08-31,Bronze,South
CUST01490,Jeremiah Miller,richmondjason@example.net,371-856-7566x505,19-May-2026,Bronze,Northeast
CUST01491,Janice Bates,anna23@example.com,001-735-896-9850x450,04/24/2025,Silver,South
CUST01492,Rachel Perez,lance24@example.org,+1-361-678-9257,2026-05-31,Bronze,Northeast
CUST01493,Erin Baird,ambersavage@example.com,(226)848-1638x49368,20-Nov-2024,Platinum,Midwest
CUST01494,Connie Cortez,johnsonchristopher@example.org,789.469.5193x048,22-Apr-2026,Silver,Midwest
CUST01495,Katherine Bell,dblake@example.org,(656)820-3634x4439,2025-07-06,Bronze,Midwest
CUST01496,Nicole Higgins,danieljones@example.org,535.376.1707,2026-04-07,Bronze,West
CUST01497,Sean Murray,athompson@example.org,,2025-04-09,Bronze,Midwest
CUST01498,Jill Edwards,hicksrachel@example.net,+1-777-447-5944x348,09/02/2025,Silver,West
CUST01499,Jill Stevens,natalie03@example.com,(776)387-4042x0767,02/10/2025,Gold,West
CUST01500,Curtis Davis,karen33@example.org,+1-490-500-9406x565,26-Dec-2025,Gold,West
CUST01501,Gwendolyn Fox,diana65@example.org,323-226-6000x47091,2025-12-19,Bronze,Midwest
CUST01502,Lauren Molina,madison11@example.net,001-598-999-6511x815,26-Jan-2026,Silver,Northeast
CUST01503,Jeffery Collins,thomas61@example.net,+1-268-770-4796x6682,2025-12-02,Silver,South
CUST01504,Greg Burke,alvin91@example.com,,12/06/2025,Bronze,South
CUST01505,Melissa Smith,audreylopez@example.com,,2026-04-24,Bronze,South
CUST01506,Emily Massey,cindyhenderson@example.org,840-251-3186,02/10/2025,Bronze,Midwest
CUST01507,Sean Lewis,kingjessica@example.net,224-474-4203x59441,2026-04-30,Gold,South
CUST01508,Jonathan Brewer,victoria86@example.com,477-741-3135x1830,10-Jul-2025,Bronze,Northeast
CUST01509,Steven Waller,amanda15@example.org,,2026-05-25,Bronze,South
CUST01510,Patty Diaz,heatherburns@example.net,359-890-9841x28655,06/01/2025,Bronze,Midwest
CUST01511,Cassandra Medina,matthewslarry@example.net,580-603-8146,10/01/2024,Silver,West
CUST01512,Rose Collins,curtisfranklin@example.com,001-773-409-1218,2025-06-10,Silver,West
CUST01513,Brandon Miller,pdavis@example.org,955-930-1530x30440,07/24/2025,Silver,West
CUST01514,Ariel Williams,jward@example.com,+1-355-476-6345x41829,2025-04-23,Silver,South
CUST01515,Summer Adams,brianparker@example.org,,13-May-2026,Bronze,Northeast
CUST01516,Regina Johnson,hardinkaitlin@example.net,(491)800-8224x2168,02/21/2026,Silver,Northeast
CUST01517,Brittany Miller,okelly@example.com,(669)996-2083,2025-08-22,Platinum,South
CUST01518,Angelica Smith,ashley25@example.com,(228)970-3220,27-Apr-2026,Gold,West
CUST01519,Gerald Snyder,jonathanlee@example.com,729-251-4520,11/28/2025,Bronze,Northeast
CUST01520,Mark Black,shafferbradley@example.net,6229406547,05/27/2026,Bronze,West
CUST01521,William Church,,8908418985,06/02/2026,Bronze,Northeast
CUST01522,Andrew Lester,courtney56@example.org,788.878.8876,11/21/2025,Bronze,South
CUST01523,Lisa Gallegos,harrisdonna@example.org,(622)990-1138x60479,04/19/2026,Silver,Northeast
CUST01524,Kenneth Smith,clarkdavid@example.net,001-348-695-3829x4419,2025-06-01,Silver,South
CUST01525,Amber Ward,scott83@example.net,(216)673-0953x267,03/23/2026,Gold,South
CUST01526,Jennifer Sims,vdavenport@example.com,001-329-525-8228x280,2024-10-21,Bronze,Midwest
CUST01527,Andrew Villanueva,ronald46@example.com,(778)909-6458x37449,03/02/2025,Silver,West
CUST01528,Hunter Gonzalez,wmorris@example.net,001-359-628-9748x741,06/08/2026,Bronze,West
CUST01529,Stephen Mcfarland,wwallace@example.org,,04-Mar-2026,Bronze,Northeast
CUST01530,Rachel Montgomery,oscott@example.com,+1-865-551-5641x967,13-May-2026,Bronze,Midwest
CUST01531,Robert Knight,michaelgordon@example.org,4164301597,2026-05-04,Gold,Midwest
CUST01532,Joseph Malone,kevinbates@example.org,,15-Jun-2025,Platinum,Midwest
CUST01533,Anthony Fuller,ryan01@example.net,704.803.3480x15373,18-Apr-2025,Bronze,Northeast
CUST01534,Ashley Reed,joseph05@example.org,001-426-909-6746,08-Oct-2024,Bronze,Midwest
CUST01535,Nicole Foster,,001-449-791-1928x567,12/20/2025,Bronze,South
CUST01536,Bradley Ibarra,tara38@example.org,8774558212,04/30/2025,Gold,Midwest
CUST01537,Lawrence Sanders,keith60@example.com,+1-390-975-1991,2025-06-18,Bronze,Northeast
CUST01538,Christian Byrd,kerry49@example.org,631-964-9828x38597,2025-05-21,Gold,South
CUST01539,Richard Aguilar,olsonmichael@example.com,001-494-434-3687x7156,12-Dec-2025,Platinum,South
CUST01540,Deborah Salazar,tuckerstacey@example.net,341.253.5977,28-Oct-2025,Bronze,West
CUST01541,Travis Schneider,ogibson@example.com,+1-743-814-8722x557,01/02/2025,Bronze,West
CUST01542,Devin Burch,zparker@example.net,257-739-5232x85558,20-Jun-2025,Bronze,Northeast
CUST01543,Sandra Cox,valdezrichard@example.org,,2026-01-26,Silver,West
CUST01544,Patricia Baker,frankrobert@example.org,847.904.0714,10/05/2025,Silver,Northeast
CUST01545,Nicholas Vasquez,zle@example.net,541.985.5950,2026-05-16,Silver,West
CUST01546,Randall Johnson,mjohnson@example.com,901-275-9001,05/17/2026,Gold,South
CUST01547,Richard Nelson,burnsryan@example.net,(585)851-6215,21-May-2025,Platinum,Northeast
CUST01548,Heather Gonzalez,ptucker@example.com,+1-658-396-0707x22883,06/05/2026,Bronze,Northeast
CUST01549,Gregory Rodriguez,cheryljones@example.org,8978427493,13-Mar-2026,Bronze,Northeast
CUST01550,Emily Joseph,ealexander@example.net,480-830-0735x658,21-Feb-2026,Bronze,West
CUST01551,Valerie Cooper,uyoung@example.com,,02/11/2026,Gold,Midwest
CUST01552,Michelle Marsh,,(488)566-9112,01-Feb-2026,Bronze,South
CUST01553,Dennis Sandoval,michelle61@example.org,001-778-992-5946,03-Jun-2026,Bronze,Midwest
CUST01554,Denise Melendez,henryparks@example.com,,2025-01-21,Bronze,Midwest
CUST01555,Ashley Davis,christopher67@example.org,605.320.3881x93768,07/27/2025,Bronze,Northeast
CUST01556,Shannon Crosby,patrick22@example.org,348-333-3540,12-Nov-2024,Silver,West
CUST01557,Daniel Price,,208.876.4770,26-Oct-2025,Gold,Northeast
CUST01558,Mr. Joshua Rowe,mthomas@example.com,4762716217,01/22/2025,Bronze,West
CUST01559,Kelli Hoffman,dakota69@example.org,8329645649,2025-02-03,Gold,Midwest
CUST01560,Angela Johnson,,001-639-406-4909x703,03-Mar-2025,Bronze,Northeast
CUST01561,Ashley Ali,hfleming@example.net,858-991-3682,27-May-2026,Gold,Midwest
CUST01562,Christopher Yu,carlwright@example.com,001-925-726-0221x6908,2026-01-29,Gold,Midwest
CUST01563,Brenda Cameron,jameschaney@example.net,984.539.1065,07-Apr-2026,Silver,Northeast
CUST01564,Bradley Collins,nicholas35@example.org,5213401283,21-Aug-2025,Silver,South
CUST01565,Trevor Aguilar,aknight@example.org,997-217-7170x30568,04/13/2026,Bronze,South
CUST01566,Carl Kent,fsmith@example.com,383-989-5337x684,08-Jan-2026,Silver,Northeast
CUST01567,John Contreras,smithjoshua@example.com,997-731-7303x32496,2026-04-27,Silver,Northeast
CUST01568,Dr. Deborah Oneill,chankevin@example.com,,2026-04-15,Bronze,Northeast
CUST01569,Laurie Haynes,nswanson@example.org,,07/30/2025,Bronze,West
CUST01570,Jasmine Gates DVM,timothygibson@example.net,(894)676-1110x797,04-Apr-2026,Bronze,West
CUST01571,Michael Bell,steven89@example.com,(226)593-4854,08/27/2025,Bronze,Northeast
CUST01572,Deanna Jennings,judith06@example.com,001-999-926-1382x6870,04/11/2026,Gold,Northeast
CUST01573,James Williams,ashleyorozco@example.com,(363)277-9271,2026-05-21,Bronze,South
CUST01574,Virginia Martinez,qjackson@example.org,,2025-04-23,Silver,Northeast
CUST01575,Marissa Jackson,franklee@example.org,2238993446,14-Feb-2026,Bronze,South
CUST01576,Sandra Crane,qknight@example.net,806.795.2357,19-Jan-2026,Bronze,Midwest
CUST01577,Ann Wagner,timothydavenport@example.org,,2026-01-24,Bronze,West
CUST01578,Deborah Schmidt,justin75@example.org,619-480-4255,07/21/2025,Bronze,Midwest
CUST01579,David Wallace,tara55@example.org,486.488.7860x2039,09/28/2024,Bronze,Northeast
CUST01580,Sylvia Johnson,howelljennifer@example.com,+1-966-439-9287,2026-05-02,Bronze,Northeast
CUST01581,Christina Salinas,kingeric@example.com,001-656-629-1796,2024-09-22,Silver,Midwest
CUST01582,Cory White,ruizandrew@example.org,001-202-387-4512x022,10-Dec-2025,Bronze,West
CUST01583,Edward Valentine Jr.,alyssa92@example.net,001-410-846-6275x015,09-Nov-2025,Silver,South
CUST01584,Dawn Jackson,halljennifer@example.org,585.548.3309x5872,2025-04-17,Bronze,Northeast
CUST01585,Alexandra Williams,linmatthew@example.net,(332)967-1485,06-Jul-2024,Bronze,Midwest
CUST01586,Nathan Cunningham,elynch@example.net,(309)425-1920,08/05/2025,Silver,South
CUST01587,Beth Perez,taracole@example.org,793-779-5829x158,02/11/2026,Bronze,Northeast
CUST01588,Ryan Pham,mmiller@example.org,,2026-06-10,Silver,Midwest
CUST01589,Julie Rivas,hturner@example.com,(448)773-9626,12-Sep-2025,Gold,South
CUST01590,Kimberly Steele,,,2024-11-07,Bronze,Midwest
CUST01591,Tiffany Faulkner,pluna@example.net,(977)424-4343x54978,09/14/2025,Gold,Midwest
CUST01592,Heidi Rodriguez,tgoodwin@example.org,,04/13/2026,Gold,Northeast
CUST01593,Maria Conley,hinesjeremy@example.net,,15-Oct-2025,Silver,Northeast
CUST01594,Beth Ruiz,owoodward@example.org,001-409-640-9165x7376,04/02/2026,Bronze,South
CUST01595,Michael Novak,davidgreen@example.org,2363930914,07-Nov-2025,Gold,Northeast
CUST01596,David Raymond,goodwinjack@example.org,(441)547-5690x0184,2024-12-06,Silver,Midwest
CUST01597,Joseph Mclaughlin,kowen@example.org,001-383-759-6677,12/29/2024,Silver,Midwest
CUST01598,Rachel Martin,judymarshall@example.org,(650)903-2990x9006,23-Apr-2025,Bronze,South
CUST01599,Maria Turner,pgordon@example.net,001-455-240-4231x697,2025-12-18,Silver,South
CUST01600,Jack Roy,christytorres@example.org,+1-596-790-4539x25287,29-May-2025,Gold,Midwest
CUST01601,Robert Dixon,johnvilla@example.org,653-930-2364x122,12-May-2026,Silver,Midwest
CUST01602,Kelly Brooks,pmoore@example.org,(905)316-0232x510,24-Mar-2025,Silver,South
CUST01603,Joseph Jimenez,cynthia04@example.org,(445)764-1199,02/13/2026,Silver,West
CUST01604,Bonnie Hall,pughkelli@example.org,001-613-350-5349,09/23/2025,Silver,Northeast
CUST01605,Ashley Holt,michael16@example.com,328.824.6306,10/06/2024,Gold,West
CUST01606,Megan Salas,patricia63@example.com,(400)276-1504,02/15/2025,Silver,South
CUST01607,Janice Stokes,dlarson@example.org,,2025-02-09,Bronze,South
CUST01608,Melissa Henderson,mcgeebrittany@example.org,,02-Aug-2024,Silver,West
CUST01609,Pamela Butler,atkinsonjessica@example.net,(578)288-8189,01/21/2025,Gold,South
CUST01610,Jeanette Wilson,angelawilson@example.net,,06/10/2025,Bronze,Northeast
CUST01611,Heather Rose,sarah90@example.com,,01-Oct-2025,Silver,Northeast
CUST01612,Janet Holder,omarthompson@example.org,9724720814,2025-10-04,Bronze,South
CUST01613,Guy Campbell,,783.308.3069x789,2025-10-11,Silver,South
CUST01614,Duane Dunn,fmurray@example.com,(774)990-6688x6751,13-Apr-2026,Gold,Midwest
CUST01615,Eric Jordan,elizabeth56@example.org,731-880-7392x0025,27-Feb-2025,Silver,South
CUST01616,Cynthia Harrison,,873.303.1678x7192,03/28/2025,Silver,West
CUST01617,Megan Smith,thomaselizabeth@example.org,(545)950-0549x080,19-Apr-2025,Bronze,Midwest
CUST01618,Joseph Mendoza,nicholas63@example.org,343.683.0009,10-Dec-2024,Silver,West
CUST01619,Eric Giles,vasquezterri@example.com,479-996-5466,18-Nov-2025,Silver,West
CUST01620,Joseph Lindsey,dustinmoore@example.com,,2025-10-04,Bronze,West
CUST01621,Christopher Wright,jeffreyfinley@example.org,(667)371-2515x890,04-May-2026,Bronze,Midwest
CUST01622,Carol Atkins,rogersrobert@example.com,,01-Aug-2024,Bronze,South
CUST01623,Ashley White,tonytran@example.com,790.698.6361x5276,06-Feb-2025,Silver,South
CUST01624,Charles Lloyd,heather24@example.net,,2025-08-01,Gold,Midwest
CUST01625,Nathaniel Sanchez,eyoung@example.com,(603)311-8026x691,14-Sep-2025,Silver,West
CUST01626,Kenneth Smith,johnsonshawn@example.org,591.619.9256x92476,08/16/2024,Bronze,West
CUST01627,Dennis Campbell,katelynblack@example.org,,20-May-2026,Platinum,South
CUST01628,Ms. Ashley Smith DVM,terryjesse@example.com,,07-Oct-2025,Bronze,West
CUST01629,Kevin Smith,,670-985-6094x0671,07/19/2025,Bronze,Midwest
CUST01630,Craig Baker,kathryn64@example.com,522.975.7940x7403,01/10/2025,Bronze,Northeast
CUST01631,Lauren Morse,osmith@example.org,+1-813-269-4126x410,12/11/2024,Bronze,Northeast
CUST01632,Robert Bell,warnerangela@example.com,363.410.1089x6546,20-Feb-2025,Bronze,Midwest
CUST01633,James Roberts,campbellkelly@example.net,(379)948-6989x4848,07/09/2024,Gold,West
CUST01634,Jennifer Rodriguez,morsestephen@example.com,5175737594,02/15/2026,Silver,West
CUST01635,Jill Garcia,ramosaudrey@example.com,,2026-02-27,Bronze,West
CUST01636,Diana Johnson DVM,justin15@example.com,001-867-743-3384,03/30/2025,Gold,West
CUST01637,Keith Rodriguez,cardenasjessica@example.com,800.749.9926,04-Dec-2024,Bronze,West
CUST01638,Brian Singh,dholland@example.org,973-494-6248,05/09/2026,Bronze,Midwest
CUST01639,Paul Castro,megan65@example.net,392.576.8714,16-Jan-2025,Silver,West
CUST01640,Caleb Hubbard,calexander@example.com,4553817357,04-Apr-2026,Silver,West
CUST01641,Chad Johnson,sarahwatson@example.com,,2025-04-13,Bronze,South
CUST01642,Robert Nichols,ssmith@example.net,,13-Jun-2026,Silver,Midwest
CUST01643,Heather Smith,carolyoung@example.net,(771)486-6925,14-Sep-2025,Bronze,South
CUST01644,Amy Johnson,pedrobrown@example.org,,10/30/2025,Bronze,Midwest
CUST01645,Rebecca Rodriguez,millermark@example.org,(219)273-8449x81213,11/03/2025,Bronze,West
CUST01646,Brenda Gallagher,elizabeth69@example.net,6866723310,2025-07-21,Bronze,Northeast
CUST01647,Stephen Werner DVM,courtneygutierrez@example.com,361-892-2188x22063,2026-02-20,Bronze,West
CUST01648,James Little,mariamoore@example.com,,07-Jan-2025,Silver,West
CUST01649,Mark Lawson,uhunter@example.net,+1-391-567-6403x239,2025-10-24,Bronze,Northeast
CUST01650,Brenda Yoder,nicolereid@example.com,712.469.3794x999,2026-05-14,Silver,West
CUST01651,Terry Perry,jonathan84@example.org,001-668-268-1114x3306,2025-09-15,Silver,Midwest
CUST01652,Erica Porter,randalllogan@example.com,+1-306-427-8790x259,12-Jul-2024,Bronze,Midwest
CUST01653,Tiffany Mckay,ajackson@example.org,,08-Apr-2026,Gold,Northeast
CUST01654,Jennifer Johnson,jameshicks@example.org,+1-902-995-5999,2026-01-13,Silver,Northeast
CUST01655,Tracy Hogan,carolynhoward@example.com,001-355-319-2474,2024-08-16,Bronze,Midwest
CUST01656,Victoria Richmond,tsmith@example.net,,2025-05-07,Platinum,South
CUST01657,Jenna Delgado,kgarcia@example.com,+1-742-833-0080,2026-05-29,Bronze,Northeast
CUST01658,Travis Lyons,courtneygamble@example.net,(587)332-1078,2024-11-03,Silver,Northeast
CUST01659,Mike Jarvis,amy22@example.org,,06/10/2025,Bronze,Midwest
CUST01660,Luis Kirk,devin74@example.net,362-479-6365,09/29/2025,Gold,Northeast
CUST01661,Heather Davis,smithmichael@example.org,,07/24/2024,Bronze,West
CUST01662,Eric Medina,jennifer26@example.org,,2024-11-29,Bronze,Northeast
CUST01663,Daniel Smith,ptaylor@example.com,5289303424,27-Feb-2025,Bronze,Northeast
CUST01664,Brian Graham,melissacastro@example.net,966-631-6696,07-Jul-2024,Bronze,Northeast
CUST01665,Aaron Brooks,caleb06@example.org,(764)397-0084x45801,23-Jun-2025,Bronze,Northeast
CUST01666,Kevin Gutierrez,zacharywillis@example.com,815-305-0969,15-Dec-2025,Bronze,Midwest
CUST01667,Barbara Copeland,nathan32@example.org,+1-680-958-8377x43540,26-Jun-2026,Bronze,West
CUST01668,Gerald Berg,caitlinwilliams@example.org,,02-Sep-2024,Bronze,Midwest
CUST01669,Paula Montoya,william62@example.com,288.582.6031x748,2024-07-15,Bronze,Northeast
CUST01670,Heather Barrera,mannbrittany@example.org,+1-761-642-2935,2025-10-25,Silver,Northeast
CUST01671,Shawn Williams,anna75@example.com,999.811.3798x3045,2026-06-09,Bronze,Midwest
CUST01672,David Wang,millerpaul@example.net,001-458-397-0152,18-Jan-2026,Silver,West
CUST01673,Michael Larson,gbrown@example.org,976-612-8989x930,04/11/2025,Bronze,Northeast
CUST01674,Bruce Wright,mray@example.org,415.760.3387x885,17-Dec-2025,Gold,Northeast
CUST01675,Kristina Mendez,ghunt@example.net,001-643-697-6309x00737,01/21/2026,Bronze,Northeast
CUST01676,Michael Day,molly44@example.org,6765926265,2025-02-03,Gold,Midwest
CUST01677,Henry Bradley,zjohnson@example.net,835-798-3985x907,07/05/2025,Bronze,Northeast
CUST01678,Jordan Walker,qrivera@example.net,567-284-3407,2026-06-27,Bronze,Midwest
CUST01679,Annette Mcdaniel,yowens@example.org,,2026-04-03,Silver,Midwest
CUST01680,Shannon Stewart,mayaaron@example.net,,25-Jul-2025,Bronze,Midwest
CUST01681,Christopher Lee,justin33@example.com,001-599-352-8502,2026-01-09,Silver,South
CUST01682,Tara Vega,kedwards@example.com,255.514.9724,10-Oct-2024,Bronze,West
CUST01683,Derek Freeman,rodney95@example.org,001-235-255-5702,04/26/2025,Bronze,West
CUST01684,Benjamin Barnes,joseph59@example.com,861.721.8939x1270,22-Jul-2024,Bronze,Midwest
CUST01685,Ashley Moore,rebeccaweaver@example.org,+1-705-764-4685x3045,2026-02-12,Silver,West
CUST01686,Gary Martinez,vlewis@example.com,4779789433,04/25/2025,Silver,Midwest
CUST01687,Ms. Lindsay Baker,hjohnson@example.org,001-236-996-2690x222,03/31/2025,Bronze,West
CUST01688,Alexander Garcia,reynoldssheena@example.com,5156120039,02/11/2025,Bronze,Midwest
CUST01689,Jeffrey Alvarez,ritareyes@example.net,883-433-9192,2024-09-20,Bronze,South
CUST01690,Courtney Castillo,glennbutler@example.org,+1-922-283-7742,02/16/2025,Platinum,South
CUST01691,Erica Moss,jmccormick@example.org,8632228012,19-Apr-2026,Bronze,Northeast
CUST01692,Michael Diaz,derrick47@example.com,,10-Jul-2024,Bronze,West
CUST01693,Sabrina Short,qmercado@example.com,(945)625-7378,08-Jun-2025,Bronze,West
CUST01694,Kimberly Smith,cochranholly@example.com,(457)677-0612x98897,2024-10-22,Silver,West
CUST01695,Rebecca Taylor,patriciamcdaniel@example.org,001-864-217-0053x718,2025-03-01,Gold,South
CUST01696,Jennifer Robertson,charlesfranco@example.net,(464)679-5127x9831,06-Oct-2024,Silver,Midwest
CUST01697,Cynthia Watson,christopher60@example.org,001-991-298-4808,10-May-2026,Bronze,Midwest
CUST01698,Aaron Robertson,gtucker@example.com,(607)571-0740,2024-12-11,Bronze,Northeast
CUST01699,Lauren Dennis,jchavez@example.net,361-905-1109x0070,08/09/2025,Silver,Northeast
CUST01700,Nicholas Smith,hernandezelizabeth@example.net,923.692.0102x9759,10/16/2025,Bronze,West
CUST01701,Martha Dalton,danielle96@example.com,+1-674-342-5269x420,21-Apr-2025,Silver,West
CUST01702,Richard Clark,benjamin51@example.org,979.837.6699,24-Jul-2025,Gold,Northeast
CUST01703,Stephanie Wang,monroeluke@example.com,001-617-649-0584x96881,09/02/2025,Gold,South
CUST01704,Anthony Blanchard,wesley24@example.net,8575445099,11/11/2024,Silver,Northeast
CUST01705,David Thomas,gdoyle@example.org,810-785-1846,2025-09-08,Bronze,West
CUST01706,Angela Kelly,qwilson@example.org,8736480022,21-Oct-2024,Bronze,Midwest
CUST01707,Tiffany Bates,alanyork@example.com,+1-329-687-8192,2025-06-08,Bronze,Northeast
CUST01708,Lisa Fernandez,atorres@example.com,(493)371-7847,2025-01-08,Bronze,Midwest
CUST01709,Clifford Rogers,stokesmaurice@example.org,+1-926-976-9889x798,02/27/2025,Bronze,Northeast
CUST01710,Jose Stephenson,tammy34@example.org,892-493-6059,11/19/2025,Bronze,Northeast
CUST01711,William Travis,johnhuang@example.net,+1-701-824-8447x936,25-Sep-2024,Bronze,West
CUST01712,Veronica Ortiz,itaylor@example.net,,2026-05-03,Bronze,Northeast
CUST01713,Amy Mcmahon,ajohnson@example.com,+1-648-505-3160x227,2024-12-28,Bronze,Northeast
CUST01714,Jeremiah Leonard,ajones@example.net,+1-224-947-5631x1213,08/01/2025,Gold,West
CUST01715,Stuart Ryan,escobarrobert@example.com,001-745-698-5866x356,08/28/2024,Bronze,South
CUST01716,Carmen Bond,matthewjones@example.org,+1-688-466-9059x46998,07/27/2025,Silver,West
CUST01717,Wendy Pittman,shane05@example.org,3314329887,11/30/2024,Gold,Northeast
CUST01718,Alan Dillon,smills@example.org,978.862.6852x728,16-Jun-2026,Gold,Midwest
CUST01719,Brittany Wagner,,,27-Apr-2026,Bronze,Midwest
CUST01720,Darrell Adams,fryeadrian@example.org,+1-983-934-5573x56232,13-Oct-2025,Gold,West
CUST01721,Amy Rivera,alyssa97@example.org,,14-Aug-2024,Platinum,South
CUST01722,Joel Mcgee,,+1-722-685-7042x40255,2026-04-24,Platinum,South
CUST01723,Molly Graves,tinaflynn@example.com,+1-604-811-6788x1596,03/26/2026,Bronze,Northeast
CUST01724,Joseph Skinner,norman04@example.com,746.773.3229x12489,07/25/2025,Platinum,Northeast
CUST01725,Jessica Smith,pvance@example.net,+1-245-799-4264x076,2024-11-28,Silver,Northeast
CUST01726,Tony Williams,barbarajohnson@example.org,787.816.2833,08/05/2025,Gold,West
CUST01727,Steven Kelley,johnsonemily@example.org,(933)474-3567x027,2025-07-08,Bronze,Midwest
CUST01728,Zachary Howe,cathy95@example.com,001-294-757-5959x955,22-Feb-2025,Silver,Northeast
CUST01729,Melissa Hughes,ramoskevin@example.com,418-339-5252x5207,2025-04-14,Gold,South
CUST01730,Shane Bishop,christophercollier@example.com,944.552.0302x7694,2024-07-19,Silver,West
CUST01731,Kimberly Evans,lopezjessica@example.net,521.824.4029,18-Dec-2024,Bronze,West
CUST01732,Rebecca Johnson,christopher18@example.org,(625)379-5990x047,2024-10-08,Gold,Northeast
CUST01733,Cynthia Moore,richard18@example.net,313-543-4857,04-Dec-2024,Silver,West
CUST01734,Loretta Holt,apatterson@example.org,(473)342-1120,04/05/2026,Gold,Midwest
CUST01735,Kathryn Mcknight,davisbrittany@example.com,+1-302-898-9088,2025-11-06,Bronze,Midwest
CUST01736,Isaac Lopez,lowemisty@example.org,,07/10/2025,Bronze,South
CUST01737,Daniel Flores,clintonhaley@example.org,001-366-970-4171x03891,2025-01-28,Bronze,Midwest
CUST01738,Sean Rodriguez,kimberlyjohnson@example.org,749-256-0714x876,02/23/2026,Silver,Midwest
CUST01739,Gregory Warner MD,ehernandez@example.com,001-531-860-3781x10570,2026-03-19,Bronze,Northeast
CUST01740,Jeff Kane,smithbrittney@example.com,(396)769-3233x7007,2025-07-17,Gold,South
CUST01741,Alexander Simpson,hillbrandon@example.com,932.634.3065,01/24/2025,Bronze,South
CUST01742,Melissa Arnold,johnrogers@example.net,7977228582,24-Dec-2025,Bronze,South
CUST01743,Zachary Rodriguez,shannonstephanie@example.org,548.923.6788,2024-11-20,Bronze,West
CUST01744,Sarah Lee,amandajohnson@example.net,664.875.8466,12/21/2025,Silver,West
CUST01745,Deborah Long,iwang@example.org,(631)775-5297x7601,2025-07-10,Gold,Midwest
CUST01746,Brian Curry,johnny15@example.com,(881)343-6116,2024-09-13,Silver,Northeast
CUST01747,Andre Gonzalez,hjones@example.net,(660)455-5465,12/23/2025,Silver,South
CUST01748,Danielle Hunter,sara37@example.com,740-834-4545,2026-01-26,Platinum,West
CUST01749,David Smith,davisstephanie@example.net,(627)423-8697,11/16/2025,Silver,West
CUST01750,Monica Cannon,petermoreno@example.net,(309)857-0934x099,11/10/2025,Silver,Midwest
CUST01751,Amanda Wilson,robertsteele@example.com,001-403-948-4843x77006,2026-05-08,Bronze,Northeast
CUST01752,Matthew Rogers,torreshoward@example.com,849-466-9542x175,06/12/2025,Silver,Midwest
CUST01753,Adam Smith,vrasmussen@example.net,473-544-7945,2025-02-14,Bronze,Midwest
CUST01754,Jason Lewis,madelinehenderson@example.net,,10-Jul-2025,Gold,Northeast
CUST01755,Mr. Tyler Phelps,davisalexander@example.net,229-645-7613,2026-03-30,Bronze,West
CUST01756,Teresa Turner,christopher42@example.net,001-735-852-8337x287,2025-10-23,Bronze,West
CUST01757,Kristen Keller,hullrobert@example.com,,02-Apr-2025,Silver,West
CUST01758,Tiffany Kennedy,petersonann@example.net,001-318-870-8941x0791,09/25/2024,Bronze,Northeast
CUST01759,James Scott,faulkneryvonne@example.net,509.775.4247,08-Jun-2026,Silver,Midwest
CUST01760,Jonathan Griffith,jwaller@example.net,001-777-300-7881x2532,23-Oct-2024,Platinum,Northeast
CUST01761,Monica Peters,piercefrank@example.org,(779)590-9666x0286,05-Aug-2025,Bronze,West
CUST01762,Kenneth Bright,tbrown@example.com,,2026-01-04,Bronze,Midwest
CUST01763,Brandi Rodriguez,,001-200-837-0907x037,01-May-2026,Bronze,Northeast
CUST01764,Jessica Aguirre,frankjimenez@example.net,8989348492,12/09/2025,Platinum,West
CUST01765,Sharon Peck,christinabailey@example.com,,02/03/2026,Bronze,Midwest
CUST01766,Debra Peterson,scott67@example.com,(941)798-2817x947,07/03/2024,Silver,West
CUST01767,Amanda Parker,karibrown@example.com,(769)430-3264,26-May-2026,Silver,Northeast
CUST01768,Jeremy Allen,duartesteven@example.com,001-906-735-1685x22476,28-Sep-2024,Gold,Midwest
CUST01769,Justin Olson,brownlauren@example.org,(769)833-2763x3422,2024-10-25,Silver,South
CUST01770,Kelly Marshall,tylerthompson@example.com,,2025-12-30,Silver,Northeast
CUST01771,Andrew Patrick,usummers@example.net,001-200-689-4234x037,2024-11-21,Bronze,Northeast
CUST01772,Philip Vega,amandarichardson@example.net,001-712-357-8047x37198,14-Jun-2025,Bronze,Northeast
CUST01773,Matthew Fernandez,tphillips@example.com,,09-Feb-2025,Gold,South
CUST01774,Melissa Davis,iwade@example.org,892.764.0532x739,23-Sep-2025,Bronze,South
CUST01775,Tyrone Fox,cynthiaarmstrong@example.org,+1-479-397-8331x503,09/06/2025,Silver,Midwest
CUST01776,Kevin Craig,lauren10@example.org,906-366-8606x73476,2026-03-27,Bronze,Midwest
CUST01777,Laura Patel,douglassilva@example.net,+1-410-338-5242x762,2025-02-23,Platinum,Midwest
CUST01778,Jennifer Solomon,kphillips@example.net,(739)694-9594x03895,29-Apr-2025,Silver,Northeast
CUST01779,Matthew Richardson,harrisonwilliam@example.org,8025102736,10-Nov-2025,Gold,West
CUST01780,Heather Myers,tharris@example.org,(334)887-4939,30-Oct-2025,Bronze,Midwest
CUST01781,Brendan Martinez,turnerapril@example.com,,07-Dec-2025,Bronze,Midwest
CUST01782,Nicole Clark,roberttorres@example.com,001-289-537-8595x41760,27-Jun-2025,Gold,Midwest
CUST01783,Eileen Pace,danielle81@example.org,957-234-6694x4733,12/25/2025,Bronze,Midwest
CUST01784,Theresa Nguyen,hopkinspaul@example.com,,2026-05-01,Silver,West
CUST01785,Corey Daniels,jody71@example.net,588.237.4345x09685,04/15/2025,Gold,South
CUST01786,Amy Allen,zramirez@example.net,+1-324-434-3548x6952,02/18/2026,Bronze,West
CUST01787,Jasmine Carson,hbrown@example.net,2356469466,2025-09-02,Silver,Northeast
CUST01788,John Green,stephen91@example.net,001-716-812-2150x3965,11/30/2025,Silver,West
CUST01789,Mia Little,williamsmaria@example.org,789-733-3528x66013,29-Dec-2025,Gold,South
CUST01790,Allison Willis,hlee@example.org,301-724-5718,2025-08-12,Bronze,West
CUST01791,Thomas Stokes,cathy91@example.org,(950)355-1919x3968,01-Jul-2025,Platinum,West
CUST01792,Katherine Webb,maychelsey@example.org,,2025-09-09,Silver,Midwest
CUST01793,Christopher Houston,andre19@example.com,,31-Aug-2024,Silver,Northeast
CUST01794,Connie Hess,farmerjoshua@example.com,(320)994-0037,06/27/2025,Silver,Midwest
CUST01795,Hannah Moore,ascott@example.com,(811)726-2030x6951,06/23/2025,Bronze,South
CUST01796,Brian Spencer,deckerbryan@example.org,723-799-3302,08/30/2025,Platinum,Midwest
CUST01797,Patricia Carpenter,brianfrench@example.org,245-896-8891,10/05/2025,Bronze,South
CUST01798,Jennifer Kelley,michael52@example.org,620-336-0816,2026-05-18,Silver,Northeast
CUST01799,Patricia King,ilarsen@example.net,,24-Aug-2024,Bronze,West
CUST01800,Susan Scott,joshuaelliott@example.com,,01/21/2025,Silver,Midwest
CUST01801,Amanda Powell,maria80@example.com,(774)256-6983,21-Jun-2025,Gold,Northeast
CUST01802,William Miller,elizabethbarrett@example.com,+1-857-376-2538x476,02-Apr-2026,Bronze,West
CUST01803,Christie Davis,tyler86@example.org,346.385.9026x2976,2026-01-04,Platinum,Northeast
CUST01804,Randy Fernandez,msmith@example.com,+1-782-846-8967x016,23-Oct-2024,Gold,Midwest
CUST01805,Mr. Michael Williams Jr.,lydia72@example.org,725-824-2352,2026-02-26,Silver,Northeast
CUST01806,Frank Hood,caroline17@example.org,550-352-0535,11/15/2024,Platinum,South
CUST01807,Dillon Sellers,murphysusan@example.net,342.432.2109,03-May-2026,Gold,Northeast
CUST01808,Sydney Small,jessicamcguire@example.com,001-414-608-7834x377,08/02/2024,Bronze,West
CUST01809,Timothy Simmons,jeremyrobinson@example.net,001-481-681-0096,27-Oct-2024,Silver,Northeast
CUST01810,Wyatt Stone,rcochran@example.com,(487)574-5263x488,12/29/2025,Bronze,Northeast
CUST01811,Samantha Hernandez MD,davidmorris@example.com,217-588-2805,12/31/2024,Bronze,South
CUST01812,Julian Rose,qmoore@example.com,(976)366-0828x8745,12/10/2025,Bronze,West
CUST01813,Mario Edwards,suttonlorraine@example.net,,26-Apr-2026,Gold,West
CUST01814,Lindsey Garcia,randydavis@example.net,2748144301,2024-08-29,Silver,South
CUST01815,Heather Garza,wvelazquez@example.net,544.533.1997x115,02/17/2026,Bronze,Midwest
CUST01816,Rachel Cantu,cindywilkinson@example.com,9107034344,12/21/2025,Silver,West
CUST01817,Heather Arnold,usims@example.net,681.578.6021x59927,05/29/2025,Bronze,Midwest
CUST01818,Colleen Anderson,brandy03@example.org,222-923-9548,2024-07-11,Bronze,South
CUST01819,Michael Hooper,laurenpeters@example.com,877.240.7036x665,2024-07-03,Gold,South
CUST01820,Jamie Love,melissadunn@example.org,428-921-9386,08/10/2025,Silver,Midwest
CUST01821,Jeremiah Simmons,carolgonzalez@example.org,759-569-2066x6048,09/07/2024,Silver,West
CUST01822,Matthew Baker,adriana49@example.net,418-346-5124,2024-07-22,Bronze,South
CUST01823,David Grant,wellsjasmine@example.com,+1-736-748-1165,2025-12-21,Bronze,South
CUST01824,Renee Mckinney,garrett93@example.com,001-931-436-3659,2025-06-22,Bronze,South
CUST01825,Joseph Alvarez,ashley58@example.com,,08/22/2024,Bronze,Midwest
CUST01826,Elizabeth Washington,richardsjeffrey@example.net,5882426723,11/08/2025,Silver,South
CUST01827,Jared Cox Jr.,jonesjeffrey@example.org,648-204-4236x47921,09/02/2024,Bronze,Northeast
CUST01828,Kelly Long,qwaters@example.com,001-890-949-9157x380,2025-09-20,Bronze,Midwest
CUST01829,Julia Hall,cwhite@example.net,,2025-11-05,Bronze,Midwest
CUST01830,Robert Gill,twhite@example.org,+1-320-758-6997x24597,21-Mar-2025,Bronze,Northeast
CUST01831,Lisa Moore,howens@example.org,+1-754-891-7732x60968,06-Jul-2025,Silver,Midwest
CUST01832,Sharon Parks,cwebster@example.net,697-935-8679x43364,2024-08-07,Silver,Northeast
CUST01833,Chris Foster,zbarrett@example.com,+1-964-358-7669x494,03/12/2025,Gold,West
CUST01834,Rhonda Allen,umeadows@example.net,2246053772,2025-11-08,Bronze,Northeast
CUST01835,Lisa Edwards,darlenegreen@example.org,775.548.0780,07/23/2025,Bronze,Northeast
CUST01836,Joseph Buckley,jacoblawson@example.org,(396)748-0407x37304,07/01/2024,Bronze,South
CUST01837,Colleen Cochran,mary51@example.org,001-826-958-3879x6334,21-Jan-2025,Silver,Midwest
CUST01838,Michael Cuevas,vshields@example.org,332.773.9974,09/07/2025,Silver,South
CUST01839,Michelle Chang,lisa10@example.org,7273607819,12-Apr-2025,Bronze,Northeast
CUST01840,Deborah Ibarra,eknight@example.org,533.706.1443x57547,2024-07-17,Bronze,Midwest
CUST01841,Hailey Todd,robertlopez@example.com,3683756707,2026-05-18,Bronze,South
CUST01842,Cynthia Higgins,huffmanashley@example.org,377.545.9984,2026-04-24,Silver,Midwest
CUST01843,Jason Mason,,7583079106,08-Apr-2026,Silver,South
CUST01844,Debra Crawford,wrose@example.net,+1-847-784-8303x48573,25-Oct-2025,Bronze,West
CUST01845,Adrienne Carter,christine72@example.net,8906317883,27-Dec-2024,Silver,Midwest
CUST01846,Jessica Manning,julie84@example.com,908-789-5930x320,2025-05-14,Bronze,Northeast
CUST01847,Samantha Moore,martinezmichael@example.org,+1-502-799-9663x3092,12-Mar-2026,Gold,West
CUST01848,Dennis Smith,anthonyharper@example.net,354-402-7320,2026-03-24,Bronze,West
CUST01849,Heather Davis,adam42@example.org,382-206-8204,18-Aug-2025,Bronze,Midwest
CUST01850,Amy Yu,,484-673-8577x9739,26-Feb-2026,Silver,West
CUST01851,Michael Young,brookschristopher@example.org,423.782.6429x5185,03/24/2025,Bronze,Midwest
CUST01852,Jason Rose,rogersmatthew@example.org,608.919.6954,2025-04-09,Bronze,Northeast
CUST01853,Gina Summers,william49@example.net,650-289-2446,21-Dec-2024,Bronze,South
CUST01854,Jeremy Jefferson,michael59@example.net,001-635-958-8108x22775,2026-01-11,Silver,Midwest
CUST01855,Jonathan Snyder,autumn25@example.com,001-912-238-7249x379,2024-07-13,Bronze,South
CUST01856,Dustin Rivera,carol48@example.com,001-767-841-6623,10/24/2025,Bronze,South
CUST01857,Christian Cox II,conradkimberly@example.com,849.706.4122x727,21-Nov-2024,Bronze,Northeast
CUST01858,Douglas Richardson,steelejames@example.org,,06/27/2025,Bronze,South
CUST01859,Sabrina Brown,susan58@example.org,755-995-5621x6833,22-Nov-2025,Silver,Northeast
CUST01860,Jennifer Hicks,katherine49@example.org,7867043171,09-Nov-2025,Bronze,Midwest
CUST01861,Pamela Davis,oaguilar@example.com,+1-760-293-1608,06/15/2026,Bronze,West
CUST01862,Jacob Farmer,carladavis@example.com,520.526.4009,28-Nov-2025,Bronze,Midwest
CUST01863,Jessica Porter,lopezaaron@example.net,,2026-04-10,Bronze,Midwest
CUST01864,Makayla Stone,hansenchristina@example.net,547-681-6766x3420,09-Jul-2025,Bronze,South
CUST01865,Edward Newton,,(564)474-2644x0478,2026-01-07,Gold,Midwest
CUST01866,Jessica Allen,april87@example.com,,2026-02-22,Bronze,West
CUST01867,Leon Jackson,qfox@example.org,846-693-9953x1556,20-Oct-2025,Silver,Northeast
CUST01868,Douglas David,lsparks@example.org,+1-396-349-6668,2025-10-26,Bronze,Northeast
CUST01869,Sara Ray,johnbarton@example.net,+1-924-668-7220x3733,2024-08-08,Bronze,Northeast
CUST01870,Michael Harris,tvasquez@example.net,757.983.0455x96576,02-Jul-2025,Bronze,Northeast
CUST01871,April Tanner,carlos26@example.net,,28-Dec-2025,Gold,Northeast
CUST01872,Debbie Scott,jason63@example.org,205.261.4653x442,29-Jan-2025,Gold,Midwest
CUST01873,Michael Reynolds,stephen15@example.org,2357191985,2025-04-25,Bronze,South
CUST01874,Cynthia Stewart,brandon14@example.org,,2026-04-27,Bronze,South
CUST01875,Michelle Mason,anolan@example.net,327.290.4233,04/20/2025,Bronze,Midwest
CUST01876,Natasha Wagner,,670-705-2291,2025-05-31,Bronze,South
CUST01877,Paula Hull,mcox@example.org,527-202-5996x11435,02/13/2025,Silver,Northeast
CUST01878,Lori Mendoza,david06@example.org,6927216897,2026-02-06,Bronze,South
CUST01879,Joe Campbell,jallen@example.org,731-892-7431x2666,2026-03-16,Bronze,Northeast
CUST01880,Dakota Miller,vfaulkner@example.net,8629475552,2026-05-17,Bronze,South
CUST01881,Megan Sullivan,jburgess@example.com,001-751-900-5687x0690,2026-05-29,Gold,South
CUST01882,Valerie Miller,atkinsonshawn@example.net,+1-632-735-3933x054,2026-06-06,Bronze,West
CUST01883,Jennifer Kennedy,kempbonnie@example.org,(618)830-2426,29-Dec-2025,Silver,Northeast
CUST01884,Lori Sutton,berrydouglas@example.org,511-654-8805x1093,12-Apr-2025,Bronze,Midwest
CUST01885,David Hooper,kathrynsmith@example.com,001-654-537-0098x416,05/25/2025,Gold,Northeast
CUST01886,Mark Thomas,vsmith@example.com,301.925.9283x397,10/11/2025,Bronze,South
CUST01887,Jacqueline Rice,cgray@example.com,3592173930,11/12/2025,Bronze,West
CUST01888,Stephanie Lawrence,jobrien@example.org,617.693.6470,08/01/2024,Silver,South
CUST01889,Mitchell Soto,maria59@example.org,(970)776-5094x620,2025-05-07,Bronze,West
CUST01890,Michelle Cole,robertwolf@example.net,+1-361-618-6801x09360,08-Mar-2026,Gold,West
CUST01891,Justin Valdez,williamsjames@example.org,662.980.5877x7701,06-Oct-2024,Silver,Midwest
CUST01892,Carl Benjamin,hartronald@example.net,001-396-446-0773x59569,2024-10-17,Bronze,Northeast
CUST01893,Robert Richard,michealallen@example.net,001-974-789-2500,2024-09-16,Gold,Northeast
CUST01894,Derek Cochran,mfowler@example.com,+1-918-621-7748,2025-06-29,Bronze,Midwest
CUST01895,Jacqueline Mercer,diamond43@example.net,756.499.9712,01/15/2026,Bronze,Midwest
CUST01896,Lisa Brown,bmcclain@example.net,,26-Aug-2025,Silver,West
CUST01897,Robert Rodriguez,carrollsuzanne@example.net,935.530.3138,07/29/2024,Bronze,Northeast
CUST01898,Kerry Robertson,pbrooks@example.com,,07-Mar-2026,Gold,Northeast
CUST01899,Michael Brown,kimberly74@example.com,,2025-07-03,Bronze,West
CUST01900,Justin Powell,kellyrichardson@example.com,992.822.9317,02-Mar-2025,Bronze,South
CUST01901,Rebecca Bradley,gina75@example.net,+1-405-657-7791x7431,12/02/2024,Silver,Northeast
CUST01902,Christine Wright,jonesmark@example.com,2925720948,04-Apr-2025,Bronze,Midwest
CUST01903,Jacqueline Schneider,nlopez@example.com,,11/21/2024,Silver,West
CUST01904,Jennifer Gray,zbray@example.net,+1-655-606-9439,05-Feb-2026,Silver,Midwest
CUST01905,Mitchell Smith,michelechan@example.net,849.335.4921x0181,2024-12-04,Silver,Midwest
CUST01906,Ryan Burton,mikemaddox@example.com,284.581.1157,2025-02-04,Bronze,Midwest
CUST01907,Anthony Davis,rmitchell@example.org,(624)855-4620x2135,28-Sep-2025,Gold,West
CUST01908,Brianna Wright,adam17@example.org,+1-243-546-6095x47006,05/07/2026,Gold,Midwest
CUST01909,Victoria Williams,daniel35@example.org,941-720-2241,04/18/2025,Bronze,Northeast
CUST01910,Andrew Lawson,fking@example.net,001-754-313-3366x5028,02/25/2025,Bronze,South
CUST01911,Peter Flores,gonzalescheyenne@example.net,,2025-03-30,Silver,South
CUST01912,Christopher Brown,gregory49@example.org,(619)311-4299,2025-01-28,Bronze,Northeast
CUST01913,Paul Robinson,heather69@example.net,391.442.6520,19-Feb-2026,Platinum,West
CUST01914,Jerry Wu,,(809)884-4698,03/23/2025,Bronze,South
CUST01915,Benjamin Daniels,zlopez@example.net,636-375-9164,27-Jun-2026,Bronze,West
CUST01916,Cheryl Hernandez,castroanthony@example.org,830-485-2315,08-Apr-2026,Silver,South
CUST01917,Clayton King,acostadylan@example.net,001-646-426-7132x0253,2024-12-24,Silver,Midwest
CUST01918,Robert Li,,660.242.9398x7667,06/09/2026,Silver,Northeast
CUST01919,Stephanie Porter,charlescole@example.com,(240)903-3051,06/05/2026,Bronze,Northeast
CUST01920,Robert Brock,melvinwhite@example.com,716-489-3927x6398,2024-12-08,Gold,Midwest
CUST01921,Renee Jackson,rebeccawong@example.net,+1-927-586-8070x4235,27-Aug-2024,Silver,South
CUST01922,Holly Young,swansonerin@example.net,,11/14/2024,Bronze,West
CUST01923,Corey Wright,,001-670-650-7077x508,24-Oct-2025,Bronze,Midwest
CUST01924,Rebecca Ross,stephen86@example.net,(721)638-0595x19484,2025-12-28,Silver,West
CUST01925,Jacob Cook,gonzalezmeghan@example.org,,11/29/2025,Silver,Northeast
CUST01926,Lisa Bell,perkinsjared@example.net,(511)809-6745x136,2026-01-03,Gold,Midwest
CUST01927,Alexandra Castaneda,kingtravis@example.com,(223)542-6787,04/06/2026,Bronze,Midwest
CUST01928,Carrie Schultz,taylorchristopher@example.org,899.535.4752x11275,01/04/2026,Platinum,West
CUST01929,Dr. Benjamin Torres PhD,johntravis@example.org,,2026-06-27,Platinum,West
CUST01930,Candice Allen,,(759)340-0381x80364,11/06/2025,Bronze,Midwest
CUST01931,Betty Mason,charles40@example.net,970-928-4616,11-Oct-2025,Platinum,South
CUST01932,Catherine Brown,aatkins@example.org,+1-220-843-4743x34421,03/21/2025,Bronze,Northeast
CUST01933,Regina Phillips,asmith@example.net,913-413-5557x9420,12-Nov-2025,Silver,Northeast
CUST01934,David Choi,sfischer@example.com,,10/04/2024,Bronze,West
CUST01935,James Norman,despinoza@example.com,(377)551-3877x12398,09/22/2025,Silver,South
CUST01936,Rebecca Williams,rwalker@example.com,994-555-8681,01/21/2025,Bronze,Midwest
CUST01937,Stephanie Johnson,umaxwell@example.net,5313575859,01/11/2026,Silver,Midwest
CUST01938,Erika Stanley,antoniolester@example.com,,09/12/2025,Platinum,West
CUST01939,Lauren West,johnathan63@example.net,267-702-0715x37842,2025-03-19,Bronze,Northeast
CUST01940,Michelle Campos,joseph07@example.net,001-296-277-8889x221,2025-05-29,Silver,South
CUST01941,Maxwell Frost,mackchristine@example.com,001-211-624-6175x78041,08/07/2025,Bronze,South
CUST01942,Brad Barnes,eduardo62@example.com,970-949-8671x1018,2026-01-19,Bronze,Northeast
CUST01943,Christopher Ford,schwartzdonna@example.org,001-207-532-4668x99749,10/09/2025,Bronze,Midwest
CUST01944,Robert Perez,langscott@example.net,,04/02/2026,Bronze,West
CUST01945,Leslie Thomas,kskinner@example.com,504.481.1301x864,28-Dec-2024,Gold,Midwest
CUST01946,Tammy Norris,collin12@example.com,,03/25/2025,Bronze,South
CUST01947,Robert Brown,josephberger@example.com,732-356-7405x362,03/31/2026,Bronze,Midwest
CUST01948,Christine Jones,jonathan11@example.net,5202607136,23-Jan-2026,Silver,Northeast
CUST01949,Carl Jones,joseph67@example.net,353.884.2561,2024-09-18,Bronze,Midwest
CUST01950,Mary Howell,joseph26@example.net,484-855-3758,22-Jul-2025,Silver,South
CUST01951,Lori Brown,,549-794-0232,2025-08-09,Bronze,South
CUST01952,Samantha Dixon,stacydoyle@example.net,928-580-5075x07819,03/20/2025,Bronze,Northeast
CUST01953,Samantha Barr,henry77@example.com,244.249.6493x0464,2025-05-13,Silver,Northeast
CUST01954,Joseph Dixon,,(564)986-2755,2025-06-03,Bronze,Midwest
CUST01955,Stephen Bright,rebecca46@example.org,001-712-610-4072,2026-02-11,Platinum,Northeast
CUST01956,Craig Graham,camposbruce@example.net,424.770.7926,10/31/2025,Gold,Northeast
CUST01957,Ashley Woods,davidlong@example.org,625.603.9439,05/15/2026,Bronze,South
CUST01958,Kenneth Moore,ronaldhartman@example.com,001-749-964-5495,17-Dec-2025,Platinum,South
CUST01959,Carrie Hardy,snydermorgan@example.net,001-527-818-3224x0239,03/21/2026,Bronze,Midwest
CUST01960,Karen Garcia,rhull@example.net,4408465511,16-Dec-2024,Silver,West
CUST01961,Bryan Smith,pacejasmine@example.org,+1-492-407-4595,2025-05-19,Platinum,Northeast
CUST01962,Jennifer Olson,ian93@example.com,,11/22/2025,Bronze,Northeast
CUST01963,Paul Wilkins,ylee@example.org,001-278-439-6921x510,2025-04-03,Silver,West
CUST01964,Peter Jones Jr.,stephanie86@example.net,+1-265-537-1557x31052,17-Aug-2024,Bronze,Midwest
CUST01965,Andre Patrick,brett93@example.org,773.212.9734x148,04/13/2026,Platinum,West
CUST01966,Melinda Chavez,catherine08@example.org,(380)609-0722x08712,11-Mar-2025,Silver,West
CUST01967,Zachary Lyons,,001-960-723-3159,2024-09-22,Silver,South
CUST01968,Richard Johnson,jamesfuentes@example.net,580.260.9417x50241,08/04/2024,Silver,Northeast
CUST01969,Kimberly Snyder,zachary75@example.com,+1-485-509-5914x50497,2025-04-11,Bronze,South
CUST01970,Megan Anderson,waltermoses@example.org,+1-714-220-4384,10-Nov-2025,Silver,South
CUST01971,Susan Thomas,qmcdowell@example.net,949.639.4166,06/07/2026,Bronze,West
CUST01972,Steven Castro,velliott@example.net,(485)874-9110x667,2025-01-28,Gold,West
CUST01973,Jermaine Young,umedina@example.org,470.612.4931x645,17-Jun-2026,Bronze,South
CUST01974,Mrs. Alexis Alexander,benjamin93@example.com,(518)475-6926x920,2025-06-08,Silver,Midwest
CUST01975,Gordon Crawford,michaelvance@example.org,723-300-8578,03/25/2025,Gold,South
CUST01976,Eric Peterson,ajames@example.net,+1-505-278-3690,11/25/2024,Bronze,Northeast
CUST01977,Angel Kent,,,27-Dec-2024,Bronze,Northeast
CUST01978,Gina Lopez,ryan84@example.net,,10-Apr-2026,Bronze,West
CUST01979,Shannon Glenn,bvelasquez@example.net,206.200.7461x4337,2026-01-23,Bronze,Midwest
CUST01980,Angela Dillon,sbraun@example.org,(987)616-3876x2157,2026-02-27,Silver,West
CUST01981,Dawn Brooks,hpatterson@example.org,387-941-4278x5314,11/04/2024,Bronze,Midwest
CUST01982,David Armstrong,schultzderek@example.net,299.982.1590,22-Nov-2025,Gold,Northeast
CUST01983,Scott Taylor,robertsjoshua@example.net,256-677-1541x766,2025-02-16,Bronze,South
CUST01984,Sara Ray,moraleslori@example.com,,03/28/2025,Gold,Midwest
CUST01985,Katherine Buchanan,zwalton@example.com,766.464.7608x5208,2025-09-01,Bronze,West
CUST01986,Spencer House,henrybryan@example.net,,28-Sep-2025,Bronze,South
CUST01987,Kendra Watkins,dferrell@example.com,942-520-6185x0692,2025-10-14,Bronze,Northeast
CUST01988,Michael Johnson,imcbride@example.com,(563)590-3214x30318,24-Dec-2024,Silver,Northeast
CUST01989,Bob Dorsey,elizabeth65@example.com,385.758.7552x45296,08/24/2024,Bronze,Northeast
CUST01990,Lee Mayer,shawn83@example.com,779-783-8713,2026-06-07,Bronze,Northeast
CUST01991,Suzanne Reynolds,dianeharris@example.net,001-295-386-4178x256,2025-09-11,Bronze,South
CUST01992,Wendy Hampton,banderson@example.net,376-929-3684x2685,06/05/2026,Bronze,Northeast
CUST01993,Jeffrey Cunningham,davisnatalie@example.org,+1-371-490-9520x3872,09/29/2024,Bronze,Midwest
CUST01994,Holly Jones,waltersrachel@example.net,(524)546-2201x6566,12-Sep-2025,Silver,West
CUST01995,Mrs. Kelly Roberts,patrickmorris@example.net,+1-614-303-0755,03-Nov-2025,Gold,Midwest
CUST01996,Amy Henson,jake50@example.com,950-293-3280x999,10-Oct-2024,Bronze,West
CUST01997,Eric French,johnsonchristine@example.com,718.723.5327x7376,04-Jan-2025,Bronze,Midwest
CUST01998,Jeffrey Wallace,varroyo@example.com,581-447-1266x6153,09/16/2025,Bronze,South
CUST01999,Michael Collier,reedsarah@example.org,743.439.0627,12-Apr-2026,Bronze,Midwest
CUST02000,Kara Lewis,guerracarrie@example.net,5377191275,15-Feb-2025,Gold,West
CUST02001,Anita Roberts,christopherstevenson@example.com,,17-May-2026,Bronze,West
CUST02002,Christopher Whitaker,ugates@example.net,691-500-4436x43644,21-Feb-2026,Platinum,South
CUST02003,Kristine Bauer,kingeric@example.net,,07/06/2024,Bronze,Midwest
CUST02004,Mark Martin,gsanders@example.org,,18-Feb-2025,Bronze,Midwest
CUST02005,Anthony Burton,udorsey@example.net,,06/17/2025,Silver,South
CUST02006,Thomas Lopez,jeffery00@example.net,9067325867,01/23/2025,Gold,Northeast
CUST02007,Jason Mendoza,tamara03@example.com,763-632-4656x841,28-Dec-2025,Bronze,South
CUST02008,Faith Owens,wharris@example.org,251.276.9659x59656,24-Jan-2026,Bronze,West
CUST02009,Patricia Hebert,sethedwards@example.org,001-464-484-2109,06/08/2026,Bronze,Northeast
CUST02010,Brandon Baker,timothy95@example.net,372.637.6604,10/13/2024,Bronze,Northeast
CUST02011,Daniel Lopez,ewilliams@example.org,522.498.2109x3524,30-Oct-2024,Bronze,Northeast
CUST02012,Amanda Moran,ashley28@example.com,9765953908,24-Oct-2025,Platinum,West
CUST02013,Nicole Powell,williamstiffany@example.net,(544)866-6694,05/09/2026,Bronze,Northeast
CUST02014,Melanie Cunningham,jason68@example.org,,04/02/2026,Bronze,West
CUST02015,Susan Smith,matthew25@example.net,(929)572-6692x32572,10/04/2025,Bronze,South
CUST02016,Ronald Gutierrez,thomasbrown@example.net,,01/14/2025,Silver,West
CUST02017,Richard Frazier,dana66@example.com,205-814-9618,2026-03-27,Gold,Northeast
CUST02018,Jonathan Dunn,,,2026-01-04,Bronze,South
CUST02019,Melissa Sosa,josephking@example.com,8393518695,2024-12-15,Bronze,Midwest
CUST02020,Anthony Hoffman,heatheryoung@example.org,+1-938-801-6934,31-Aug-2025,Platinum,Northeast
CUST02021,Maria Tyler,troysnyder@example.org,+1-798-401-2201x6318,2024-07-23,Bronze,South
CUST02022,Cynthia Garcia,javierhebert@example.org,(531)340-9821x2702,05-Aug-2025,Silver,West
CUST02023,Karen Johnson,whitemichael@example.org,217.375.6900,2025-10-22,Silver,Northeast
CUST02024,Nicole Miller,vbennett@example.org,001-624-948-3438x71515,07-Feb-2025,Gold,West
CUST02025,Ashley Bray,hursthannah@example.com,2275282040,22-Oct-2025,Silver,West
CUST02026,Kelly Callahan,justinreeves@example.net,523-421-6005,01/10/2025,Silver,West
CUST02027,David Vega,jacob76@example.org,(620)421-3116x795,07/21/2025,Silver,South
CUST02028,Cindy Zamora,gfrazier@example.net,001-416-778-1167x86290,08-Sep-2024,Silver,Midwest
CUST02029,James Scott,ryanhall@example.org,,11/02/2024,Bronze,Northeast
CUST02030,Kenneth Miller,jason04@example.net,7532198410,05/23/2025,Bronze,Northeast
CUST02031,April Green,frank46@example.com,503.278.4679x700,18-Oct-2025,Silver,South
CUST02032,Matthew Rivas,sarah35@example.com,001-401-272-7279x732,09/24/2024,Silver,Northeast
CUST02033,Susan Anderson,daniel21@example.org,206-436-8019x905,02/06/2025,Bronze,West
CUST02034,Austin Craig,melissa71@example.net,870-864-8579,05/26/2026,Bronze,South
CUST02035,Ann Shannon,maria79@example.org,748-813-8819x0114,30-Jun-2025,Silver,Midwest
CUST02036,Julie Butler,silvamatthew@example.com,,2025-08-16,Bronze,West
CUST02037,Anne Williams,kristycole@example.com,,27-Feb-2025,Silver,South
CUST02038,Karen Meza,andersonelijah@example.org,+1-904-953-4782,2025-10-23,Bronze,Midwest
CUST02039,Colton Hernandez,daisy28@example.com,598.773.5872x72993,23-Nov-2025,Bronze,West
CUST02040,Lori Martin,anthony93@example.net,,02-Jul-2025,Bronze,West
CUST02041,Christie Obrien,katie48@example.com,327-839-8356x523,2025-10-26,Silver,West
CUST02042,Richard Moore,matthewhooper@example.org,,2026-02-26,Silver,Northeast
CUST02043,Stephanie Crosby,briangarcia@example.com,,2024-11-19,Silver,Midwest
CUST02044,Anthony Green,christopherross@example.org,,2025-01-03,Gold,West
CUST02045,Gwendolyn Compton,klewis@example.net,,10-Aug-2025,Gold,South
CUST02046,Daniel Diaz,campbelljoseph@example.com,001-614-634-4211x175,2025-01-30,Bronze,South
CUST02047,Karen Roberts,welchamanda@example.com,(346)338-1512,2026-06-14,Bronze,West
CUST02048,Paul May,rachelguerrero@example.com,(799)587-2473,19-Oct-2025,Bronze,South
CUST02049,Kelsey Simpson,wardmelissa@example.org,551.245.1834x792,03/05/2025,Gold,Midwest
CUST02050,Stephen Jackson,jody10@example.net,312.646.4378x62430,10/04/2025,Bronze,Midwest
CUST02051,Jason Paul,bwilson@example.com,+1-263-874-9121x879,2025-03-04,Silver,Northeast
CUST02052,Samuel Adams,bellalbert@example.org,(650)223-1600,14-Nov-2024,Bronze,Midwest
CUST02053,Mrs. Tanya Oliver,gmccormick@example.org,,2025-10-09,Silver,South
CUST02054,Christopher Spencer,bakerjacqueline@example.net,425-207-9669x9784,2026-05-11,Silver,Northeast
CUST02055,Donna Ramirez,derek60@example.net,737.623.8615x9528,05/30/2025,Bronze,South
CUST02056,John Kim,mpark@example.net,(993)505-5779,04/11/2025,Bronze,West
CUST02057,John Cortez,,705-293-9481,14-Jan-2026,Bronze,West
CUST02058,Crystal Brown,matthewstokes@example.net,2288586966,02-Dec-2024,Silver,Midwest
CUST02059,John Stark,knoxmark@example.org,(410)818-4262,12-Feb-2025,Platinum,South
CUST02060,Suzanne Fox,melissareed@example.com,7854935653,05-Feb-2026,Silver,West
CUST02061,Julie Chavez,benjamin76@example.net,(457)737-4852x512,2026-05-15,Gold,West
CUST02062,Sandra Barnes,millertravis@example.com,001-822-979-2949x65239,02-Jan-2025,Silver,West
CUST02063,Tiffany Elliott,thomaslori@example.net,654.407.0084x15912,2025-04-29,Bronze,South
CUST02064,Julie Flores,chad39@example.com,(635)229-4614x2620,07/08/2025,Gold,South
CUST02065,James Sanchez,nicole11@example.net,,10-Sep-2025,Silver,Northeast
CUST02066,Chelsea Thomas,debrawinters@example.net,338.804.1917,08/05/2024,Bronze,Northeast
CUST02067,William Rojas,bruceochoa@example.com,518-943-6602x0931,04/25/2026,Silver,South
CUST02068,Monique Sutton,johnsonjohn@example.com,767.677.7365x7645,02/27/2025,Bronze,Northeast
CUST02069,Christine Lam,austinlinda@example.net,,2024-12-30,Bronze,Northeast
CUST02070,Patrick Rodriguez,taylorclaudia@example.net,353-630-8923x33135,06/10/2026,Bronze,Northeast
CUST02071,Gabrielle Floyd,,,06/04/2025,Silver,Midwest
CUST02072,David Reynolds,csmith@example.com,001-615-514-4876x216,2025-12-18,Platinum,Midwest
CUST02073,Chad Terry,lwright@example.net,506-995-7252x0235,06/02/2025,Bronze,West
CUST02074,James White,alyssa89@example.org,001-394-695-1659,14-Feb-2025,Silver,West
CUST02075,Mary Carter,ryan52@example.org,001-800-941-5242,07/28/2025,Gold,South
CUST02076,Johnny Smith,shawterry@example.com,+1-450-714-6709x367,04/20/2026,Gold,Midwest
CUST02077,Susan Wolfe,salinaskyle@example.org,570.673.4603x161,2024-07-10,Bronze,Midwest
CUST02078,Mr. Robert Reese,wmcclure@example.com,,21-Feb-2025,Gold,West
CUST02079,Gregory Holland,mistywolf@example.com,985.315.0668x8155,11/17/2025,Bronze,West
CUST02080,Jason Butler,lperry@example.com,7937636460,14-Feb-2025,Silver,West
CUST02081,Audrey Knox,jamiecook@example.org,(824)351-8256,09/06/2025,Bronze,Northeast
CUST02082,Charles Fletcher,tsingleton@example.net,001-869-578-4879x89631,2024-08-12,Silver,South
CUST02083,Mark Green,paulgolden@example.org,(359)416-4230,06/17/2025,Bronze,South
CUST02084,Thomas Miranda,freemanjames@example.org,001-291-898-6370x85536,2026-01-26,Bronze,Northeast
CUST02085,Adam Lopez,pruiz@example.net,(277)656-9429x841,03-Apr-2026,Bronze,Northeast
CUST02086,Michelle Robinson,taylorsmith@example.org,382-474-6352x3561,10-Jul-2024,Bronze,Northeast
CUST02087,William Smith,rvincent@example.net,001-495-386-2185x3111,06-Jun-2025,Bronze,Northeast
CUST02088,Amanda Crosby,zcoleman@example.org,(694)772-8132x6598,08-Jul-2024,Silver,Northeast
CUST02089,Michael Carr,elizabethburke@example.org,675.735.3132,30-Sep-2024,Silver,West
CUST02090,Tiffany Rivera,lrivas@example.net,703-405-6878x07126,24-Jan-2025,Gold,South
CUST02091,Dorothy Weaver,masonernest@example.net,+1-983-988-2015x149,2025-06-28,Gold,Midwest
CUST02092,Brandon Ross,russellmichael@example.com,,04-Mar-2026,Gold,Northeast
CUST02093,Steven Jackson,jacquelineballard@example.com,,2024-09-18,Gold,West
CUST02094,Erin Adams,prestonsusan@example.net,584-894-3457x7661,03/08/2025,Bronze,Midwest
CUST02095,Ricardo Frye,mannbrandi@example.org,001-559-856-7832x395,09-Feb-2026,Bronze,West
CUST02096,Lauren Mitchell,danajohnson@example.com,285-936-0878,10/08/2024,Bronze,Northeast
CUST02097,Alyssa Hodge,sarajoseph@example.net,+1-911-820-9966,14-Jun-2026,Bronze,Midwest
CUST02098,Tony Gonzalez,xwalker@example.com,936.656.7071x90565,04-Mar-2026,Bronze,West
CUST02099,Leah Burns,stewartpeter@example.com,793.616.4909,06/21/2026,Silver,Northeast
CUST02100,Martha Simpson,jenniferwilliams@example.com,886.481.0253x12926,2025-02-16,Bronze,West
CUST02101,Dr. Stephanie Parks,zachary40@example.org,001-946-515-9700x01900,14-Jul-2025,Bronze,West
CUST02102,Deanna Alexander,,001-334-574-3693x90894,2024-09-17,Bronze,West
CUST02103,Theresa Gray,millsdouglas@example.org,3543284251,06/05/2026,Silver,Midwest
CUST02104,Amanda Campos,michelle09@example.com,(294)512-5979,01/06/2026,Silver,Midwest
CUST02105,Justin Mckinney,yarcher@example.com,2625895134,16-Aug-2025,Silver,West
CUST02106,Julie Robinson,qmitchell@example.net,+1-930-281-8363x2939,11/09/2024,Silver,South
CUST02107,Dana Jackson,kennedymichael@example.com,,12-Aug-2025,Bronze,West
CUST02108,Autumn Walker,jonesterry@example.com,4574767719,08-Jan-2026,Gold,South
CUST02109,Amy Moore,cflores@example.com,2588923036,16-May-2025,Bronze,West
CUST02110,Ashley Wiggins,josephharper@example.net,,09-May-2026,Bronze,Northeast
CUST02111,Glenn Gilmore,lopezrichard@example.net,(674)451-4537x52574,17-Jun-2026,Bronze,Midwest
CUST02112,Nathan Pena,mannlisa@example.com,711-356-7338,19-Feb-2025,Silver,Northeast
CUST02113,Noah Snyder,banksbrian@example.com,001-280-498-3831x93465,01/05/2026,Silver,West
CUST02114,Troy Williams,julie56@example.org,,11/14/2025,Bronze,Northeast
CUST02115,Paula Lane,kevinmata@example.com,(945)470-5155,20-Apr-2025,Gold,Midwest
CUST02116,Adrienne Bowman,suzannecowan@example.net,(871)961-8628,05/30/2026,Bronze,Midwest
CUST02117,Jason Trujillo,cynthiajohnson@example.net,+1-354-578-7268,01-May-2026,Bronze,Midwest
CUST02118,Brittney Ramsey,christopher23@example.org,606.325.3941x85455,07-Mar-2026,Gold,Midwest
CUST02119,Emily Merritt,christophercannon@example.org,,11-Apr-2026,Bronze,Northeast
CUST02120,Danny Harris,williamjordan@example.org,849-404-7986x57168,09/06/2024,Silver,Northeast
CUST02121,Patrick Richardson,ithompson@example.com,+1-456-543-4760,15-Jul-2024,Silver,West
CUST02122,Isaiah Gonzales,randall36@example.org,363-930-8460,10/23/2024,Silver,South
CUST02123,Steven Palmer,youngjared@example.com,590-284-7491x1634,2024-12-14,Gold,West
CUST02124,Micheal Norris,xjenkins@example.com,(822)484-5541x40857,2024-10-27,Silver,Midwest
CUST02125,Angela Monroe,dixonalison@example.org,8662002604,2025-10-08,Bronze,Northeast
CUST02126,Logan Rogers,stoutjennifer@example.org,441-306-6788x4573,2025-05-10,Gold,South
CUST02127,Christopher Vega,pennyschroeder@example.net,954.440.7110,23-Sep-2025,Bronze,Midwest
CUST02128,Christopher Stanley,mooneydanielle@example.net,,23-Jul-2024,Bronze,South
CUST02129,Jeremy King,jesus33@example.org,,30-Jun-2025,Gold,West
CUST02130,Jesse Hodges,jonathan12@example.net,+1-324-792-2028,25-Jan-2026,Bronze,South
CUST02131,Jordan Villarreal,dillon76@example.net,7122696250,2025-06-13,Bronze,South
CUST02132,Micheal Ramirez,hallcarolyn@example.org,8324502749,2026-01-26,Bronze,Northeast
CUST02133,David Horne,brandon37@example.net,(554)539-9942x8580,19-Jun-2026,Silver,Northeast
CUST02134,Margaret Nicholson,angela32@example.net,,10/17/2025,Silver,Northeast
CUST02135,Robin Cook,molinajoseph@example.net,371.259.0518x23772,2025-09-21,Bronze,Northeast
CUST02136,Mr. John Vazquez,holtthomas@example.com,700-934-5688x486,2026-01-01,Silver,West
CUST02137,Richard George,abennett@example.com,(436)260-4741,2025-08-12,Bronze,Northeast
CUST02138,Cheryl Black,,682.552.8940,2025-08-28,Silver,West
CUST02139,Autumn Smith,tlawson@example.com,575.826.6848x0316,08-Jun-2025,Bronze,West
CUST02140,Ethan Green,wrightjohn@example.com,729-483-9303x953,12/22/2025,Silver,Midwest
CUST02141,Jennifer Boyd,jacob98@example.com,,03-Apr-2026,Platinum,South
CUST02142,Sean Davis,christine97@example.net,875-947-3770x4990,2025-07-25,Bronze,Northeast
CUST02143,Holly Conner,bailey73@example.net,(210)234-0573x6891,30-Jan-2025,Silver,Northeast
CUST02144,Michael Burch,ruben43@example.org,,11-Jun-2025,Bronze,Northeast
CUST02145,Candice Garcia,zstanley@example.org,,2025-11-06,Bronze,South
CUST02146,Thomas Chapman,dflores@example.org,763.941.1048,2026-06-27,Platinum,Midwest
CUST02147,Jennifer Fitzpatrick,everettpaul@example.com,001-728-418-2912x789,2025-01-05,Silver,Northeast
CUST02148,Lauren Weber,hjohnson@example.com,658-555-3730,05/29/2025,Silver,South
CUST02149,Caleb Flores,bmaddox@example.com,269-244-8144,08/13/2024,Silver,South
CUST02150,Amanda Wallace,pwilliams@example.org,8644079729,06-Nov-2024,Bronze,South
CUST02151,Mary Rivera,eric34@example.com,001-579-892-5197,2025-04-24,Bronze,West
CUST02152,Erica Hill,william78@example.net,+1-937-310-5392x59067,08/11/2025,Bronze,Midwest
CUST02153,James Tate,alvarezsarah@example.net,3405256004,04/18/2026,Silver,Midwest
CUST02154,James Snyder,dylan07@example.org,(279)871-7635,2026-03-29,Bronze,Midwest
CUST02155,Cassandra Horton,ashleylawson@example.org,001-943-288-1767x622,10/13/2024,Platinum,Northeast
CUST02156,David Jones,autumnflores@example.com,,06/26/2026,Silver,South
CUST02157,John Rogers,mckenziepatrick@example.com,,06/21/2026,Gold,West
CUST02158,Veronica Williams,ryansmith@example.net,255-902-6134,12/13/2024,Bronze,Midwest
CUST02159,Brittney Townsend,ochoajennifer@example.com,866.654.0532x421,12/09/2024,Silver,South
CUST02160,Christopher Burch,,001-961-578-0581x3805,2024-11-14,Gold,South
CUST02161,Reginald Wallace,vphillips@example.com,(761)951-0705,07-Jul-2024,Bronze,Northeast
CUST02162,Brooke Shah,hartamanda@example.com,812-435-9989x6258,03/30/2026,Gold,Northeast
CUST02163,Jeffrey Johnson,matthewreed@example.com,679-775-1937,06-Dec-2024,Gold,South
CUST02164,Carrie Lang,kathy45@example.net,+1-601-897-6213x4616,08/26/2024,Bronze,South
CUST02165,Michael Moon,john22@example.net,970-381-0148x129,22-Sep-2025,Platinum,Midwest
CUST02166,Amanda Larsen,john48@example.net,,09-Jan-2026,Platinum,Northeast
CUST02167,Monica Quinn,pachecopatricia@example.net,279-730-0805,03/14/2026,Bronze,West
CUST02168,Katie Payne,,803-534-0508x105,03/06/2025,Silver,Northeast
CUST02169,Michelle Sandoval,walterssuzanne@example.org,316-469-4602,04/27/2026,Gold,Midwest
CUST02170,Susan Estes,jparsons@example.net,,2024-09-22,Bronze,South
CUST02171,Misty Reed,randymoore@example.com,498-284-9591x260,2024-12-26,Bronze,Northeast
CUST02172,Ryan Mcgee,robert57@example.net,666-757-8130,03/12/2026,Platinum,West
CUST02173,Timothy Hudson,groberts@example.com,250-986-2953x223,06/27/2026,Bronze,West
CUST02174,Stephanie Werner DDS,gcruz@example.org,(713)595-5745x86180,2025-08-25,Gold,Northeast
CUST02175,Vincent Holmes,joseph42@example.net,+1-878-785-9881x9206,2025-04-04,Silver,West
CUST02176,Jacob Sexton,dpatrick@example.com,,14-Nov-2025,Bronze,South
CUST02177,Jason Young,theodorehall@example.com,,09/28/2024,Silver,Northeast
CUST02178,Patrick Padilla,tammy78@example.net,001-602-728-0177x10629,2026-03-25,Silver,Northeast
CUST02179,Paul Guerrero,joseph35@example.net,441.543.9103,12/19/2025,Silver,West
CUST02180,Joseph Massey,kburch@example.net,3663747720,10/26/2025,Bronze,South
CUST02181,Aaron Hall,john78@example.org,(401)787-7795x3342,12/02/2024,Gold,South
CUST02182,Luis Anderson,michaelduran@example.com,727.474.5750x218,06-Sep-2024,Bronze,South
CUST02183,Diane Parker,,9366383968,06-Nov-2024,Bronze,Midwest
CUST02184,Norma Flynn,steven98@example.org,(789)547-7069x392,04-Oct-2024,Silver,South
CUST02185,Brittany Mcpherson,lance16@example.net,+1-879-346-7781x89863,29-Mar-2026,Bronze,Midwest
CUST02186,Erika Higgins,tiffany92@example.net,318-657-2350,2025-06-01,Platinum,Midwest
CUST02187,Kenneth Taylor DDS,wware@example.com,001-399-277-9178x22008,27-Jan-2026,Silver,West
CUST02188,David Wagner,mcontreras@example.org,,15-Apr-2025,Silver,West
CUST02189,Frank Morris,daniel90@example.net,001-467-610-8004x587,10/23/2024,Bronze,South
CUST02190,Scott Yoder,nancy96@example.com,(929)448-3051x719,12/24/2025,Bronze,South
CUST02191,Matthew Hancock,jamie35@example.org,,2026-05-20,Bronze,West
CUST02192,Michael Frazier,qwallace@example.net,(265)687-5031,29-Nov-2025,Bronze,South
CUST02193,Linda Scott,egaines@example.net,+1-928-606-1990x74666,06/11/2025,Silver,Midwest
CUST02194,Stephanie Brady,kwilson@example.com,001-735-466-8303x25369,2026-04-06,Gold,Midwest
CUST02195,Jeremy Fitzgerald,uburns@example.net,6789107283,06-Mar-2026,Silver,South
CUST02196,Nicholas Curry,whitenicholas@example.com,+1-693-663-1962x756,2024-12-10,Bronze,West
CUST02197,Amanda Flores,phillip63@example.org,,08/14/2024,Silver,Midwest
CUST02198,James Dawson,sparksbrian@example.net,364-307-8704,2024-11-27,Bronze,West
CUST02199,Pamela Mcclain,morganwatts@example.com,001-939-965-2729x5986,06/07/2025,Silver,Midwest
CUST02200,Isaac Black,wellsvalerie@example.net,001-496-999-1548,2024-07-07,Silver,Northeast
CUST02201,Laura Robinson,lewisdavid@example.net,001-837-646-0213,08/25/2024,Gold,South
CUST02202,Mr. Chad Lawson Jr.,gerald51@example.net,001-456-417-6558,2024-12-08,Silver,Northeast
CUST02203,Stephen Vazquez,angela06@example.org,4229829335,07/20/2025,Silver,Northeast
CUST02204,Mr. Steven Bell DVM,kevans@example.com,,19-Jul-2025,Gold,West
CUST02205,Omar Adams,erica50@example.com,+1-928-731-0185x08808,20-Apr-2025,Gold,South
CUST02206,Timothy Bell,burgessmatthew@example.org,+1-605-680-1088x6797,30-Jun-2025,Bronze,Northeast
CUST02207,Daniel Schmidt,ybennett@example.net,,01-Feb-2025,Bronze,West
CUST02208,Dana Robinson,lisa74@example.net,001-463-337-9226,23-Sep-2025,Silver,South
CUST02209,Aaron Robinson,jamie73@example.com,,06/20/2026,Bronze,Northeast
CUST02210,Victor Wilson,alan04@example.com,(360)697-9629,17-Mar-2025,Silver,West
CUST02211,Joanne Bray,kgray@example.net,001-559-919-8174x73665,2025-10-14,Platinum,Northeast
CUST02212,Kelly Drake,rebecca57@example.org,319.884.4496,25-Dec-2024,Bronze,South
CUST02213,Catherine Mendoza,rwoods@example.org,321.323.8487x756,2026-05-08,Bronze,Midwest
CUST02214,Sandra Harrison,trevor83@example.org,001-929-500-0590x5451,04/03/2025,Bronze,Midwest
CUST02215,Diane Morris,armstrongjoshua@example.org,562-571-2393x3065,29-Mar-2025,Silver,Midwest
CUST02216,Sherri Richardson,ledwards@example.net,,2025-07-30,Silver,Midwest
CUST02217,Yolanda Moore,,(719)960-8787,03-Jul-2025,Silver,Midwest
CUST02218,Brianna Miles,,837.863.0977x3983,2025-04-27,Bronze,South
CUST02219,Mary Forbes,sarah00@example.net,+1-244-950-7296x2901,20-Sep-2025,Bronze,Midwest
CUST02220,Melissa Hernandez,dylan82@example.com,963-905-9415x6711,2025-02-18,Silver,Northeast
CUST02221,Sara Bernard,zmartin@example.net,581-298-7088x40755,03/23/2025,Bronze,Midwest
CUST02222,Gina Sims,samuelrobinson@example.net,(407)305-1306x967,2026-01-20,Platinum,Northeast
CUST02223,Emily Kelley,lharrington@example.com,953.379.8214x92413,2025-06-15,Bronze,South
CUST02224,Stephen Barker,pooleallison@example.net,306.884.8368,19-May-2025,Silver,Northeast
CUST02225,James Rogers,zwilliams@example.com,955.495.7354x1057,2025-03-15,Bronze,South
CUST02226,Andrew Murphy,johnsonamber@example.com,287-423-5784x57208,27-Jan-2025,Bronze,Northeast
CUST02227,Ricky Miller,mccormickjill@example.com,001-331-366-0816,2025-03-08,Silver,South
CUST02228,James Kim,deborahsmith@example.com,450.400.4584x089,2025-09-30,Silver,South
CUST02229,Shane Duncan,mcintoshpatrick@example.net,893-656-5803x6383,2025-06-21,Platinum,Midwest
CUST02230,Elizabeth Nguyen,,,07-Jul-2025,Silver,Midwest
CUST02231,Kari Warren,,835.814.2449,25-Nov-2025,Bronze,Midwest
CUST02232,Amanda Williams,greenjason@example.net,+1-304-688-6725,08-Jul-2024,Platinum,South
CUST02233,Ashley Kim,fclark@example.org,001-281-566-8813,18-Mar-2026,Bronze,West
CUST02234,Jamie Rodriguez,andreadiaz@example.org,(545)846-6257x3125,09/17/2024,Bronze,Northeast
CUST02235,Kevin Chavez,kaylamartin@example.net,(979)347-4508x098,06/05/2025,Bronze,West
CUST02236,Daniel Chang,bdavis@example.org,626-314-4716x504,2025-03-27,Bronze,South
CUST02237,Duane Cooper,carolmoody@example.net,+1-945-841-9137x804,10/07/2024,Silver,West
CUST02238,Rita Morton,zwright@example.com,001-624-227-6074x1464,01-Feb-2026,Bronze,Midwest
CUST02239,Caleb Bell,,525-655-6183x2621,2026-05-16,Gold,West
CUST02240,Heather Jones,johnstonmichael@example.org,+1-452-275-0568x8084,05/16/2025,Silver,West
CUST02241,Christian Lopez,antonio29@example.org,481.932.6727x3326,05/22/2025,Bronze,Northeast
CUST02242,Jessica Hamilton,rhonda81@example.net,+1-546-387-7492x9449,11/24/2024,Silver,Northeast
CUST02243,Mark Simpson DVM,qortiz@example.net,+1-305-836-6783x203,28-Sep-2024,Gold,Midwest
CUST02244,Paula Sawyer,acole@example.com,,25-Dec-2024,Silver,Midwest
CUST02245,Daniel Becker,jaimegarcia@example.com,,31-Jan-2026,Bronze,West
CUST02246,Stacy Davis,garciarichard@example.net,5237628019,05/28/2026,Silver,Northeast
CUST02247,Hayden Hampton,annastephens@example.org,(873)441-5910x660,12/19/2024,Silver,Midwest
CUST02248,Anthony Sanders,robertzhang@example.org,(447)889-2251,02-Jun-2026,Bronze,Midwest
CUST02249,Ricky Sanchez,mosesdavid@example.org,340.215.7997x06298,2025-08-16,Silver,Midwest
CUST02250,Maria White,aschmidt@example.com,,2024-08-06,Silver,Northeast
CUST02251,Jennifer Davis,zhawkins@example.net,(914)307-3730,2026-05-05,Bronze,South
CUST02252,Laura Lee,,2929005626,06-Jul-2024,Bronze,South
CUST02253,Matthew Mitchell,william57@example.net,488.592.1327x38152,11/04/2024,Silver,Midwest
CUST02254,Megan Thompson,jonathan14@example.net,+1-638-947-5431x88645,2025-08-03,Bronze,West
CUST02255,Robert Guerra,,001-524-963-6698,07-Mar-2026,Silver,Midwest
CUST02256,Mark Diaz,ramirezsamantha@example.net,287.550.0770,09/23/2024,Bronze,South
CUST02257,Anna Koch,katieesparza@example.net,204.333.3156x96401,13-Feb-2025,Bronze,South
CUST02258,Stephen Byrd,marksmith@example.com,,30-Oct-2024,Silver,West
CUST02259,Wesley Brown,chrishughes@example.com,,10/04/2024,Silver,West
CUST02260,Ryan Perez,graykelly@example.net,(631)701-7171,05-Jun-2025,Bronze,Northeast
CUST02261,Amber Farmer,anthony19@example.net,5057673526,09/10/2025,Silver,Northeast
CUST02262,Robert Allen,josephallen@example.org,(728)867-1066,2024-07-16,Bronze,Midwest
CUST02263,Christopher Lee,salexander@example.org,+1-949-705-7175x32279,2024-10-27,Silver,South
CUST02264,Mrs. Julie Durham,moralesjessica@example.org,671-351-1142,2024-10-23,Bronze,Midwest
CUST02265,Kathryn Mcknight,tammy73@example.org,+1-737-217-4190x66954,31-Jul-2025,Bronze,Midwest
CUST02266,Robert Lee,orozcodebra@example.org,561.570.6130x1127,17-Mar-2026,Silver,Midwest
CUST02267,Kelly Clayton,gibsonanthony@example.org,479-865-6400x19154,12/09/2025,Bronze,South
CUST02268,Shelley Tran,melissajones@example.com,,27-Mar-2026,Silver,West
CUST02269,Philip Thompson,huffjon@example.com,346-362-4822x30642,2025-05-05,Silver,West
CUST02270,Jennifer Walker,corey59@example.org,846.665.2174,22-Feb-2025,Bronze,West
CUST02271,Cynthia Potts,beverly50@example.com,6548113713,24-Dec-2025,Platinum,Northeast
CUST02272,Mackenzie Sherman,pottsamy@example.net,3785695760,2026-06-18,Bronze,Northeast
CUST02273,Michael Morris,danielle74@example.com,934.235.9736,2024-09-07,Bronze,Northeast
CUST02274,Raymond Moore,,(331)375-0409x370,2025-07-13,Silver,West
CUST02275,Kristin Horton,dawn95@example.org,001-405-350-9579,07/22/2025,Bronze,South
CUST02276,Christian Sanders,sandersjamie@example.net,+1-424-916-1195x406,09-Jul-2025,Gold,South
CUST02277,Lisa Dixon,longlauren@example.org,001-312-417-9592x82233,02/26/2025,Silver,Midwest
CUST02278,Mr. Aaron Vaughn,aprilcooper@example.com,462-971-4134,2025-10-19,Gold,South
CUST02279,Charles Stewart MD,lroy@example.org,+1-742-909-4207x93741,08/17/2024,Bronze,South
CUST02280,Donna Peterson,wendy25@example.org,+1-409-955-8779x9364,2024-12-01,Bronze,West
CUST02281,Jordan Walker,,001-516-512-9213x5111,2024-08-06,Bronze,Northeast
CUST02282,Garrett Watson,thompsonjorge@example.net,984-512-3222x320,17-Jul-2025,Bronze,West
CUST02283,Michael Trujillo,pughkatherine@example.net,,08/24/2025,Silver,Northeast
CUST02284,Ronald Garcia,hsmith@example.com,+1-378-837-9213,2026-02-15,Bronze,Northeast
CUST02285,Charlene Bennett,blackchristina@example.net,671.651.9317,12/03/2025,Silver,South
CUST02286,Rachel Brock,gonzalezdana@example.net,838.411.3370x494,02/09/2025,Silver,Midwest
CUST02287,Eric Gonzales,akhan@example.org,435-558-8234x81180,13-Jul-2025,Bronze,Midwest
CUST02288,Robert Taylor,travis98@example.org,,01-Jun-2026,Silver,West
CUST02289,Nancy Robinson,gayronald@example.com,853-930-7066,14-Aug-2024,Silver,West
CUST02290,Melissa Lewis,christopherberry@example.org,,2025-12-06,Platinum,Northeast
CUST02291,Yvonne Hays,matthew30@example.net,973.313.4037,2026-06-09,Bronze,Northeast
CUST02292,Travis Tucker,anthonydavis@example.net,001-920-404-5820,2026-02-08,Bronze,West
CUST02293,Ronald Cole,david68@example.com,532.855.0652x9905,02/09/2026,Silver,Northeast
CUST02294,Lori Wilson,olsenvalerie@example.net,001-309-857-8903x5508,07/29/2025,Silver,South
CUST02295,Taylor Baker,ryan78@example.org,001-874-942-0540x5155,02-Feb-2026,Bronze,Midwest
CUST02296,Justin Thompson,danieldebbie@example.com,+1-293-800-1341x405,10/03/2025,Silver,West
CUST02297,Benjamin Scott,stephanie54@example.net,600-900-4004x645,04/07/2025,Silver,West
CUST02298,Elizabeth Faulkner,xbell@example.com,4487992466,05/20/2025,Gold,South
CUST02299,Vincent Moreno,vmorrison@example.org,281-321-6525,26-Mar-2025,Gold,Midwest
CUST02300,Alexander Allen,shelby71@example.com,516-347-7631x032,30-Aug-2025,Platinum,Midwest
CUST02301,Anthony Cox,ggarcia@example.com,546-496-4589x2441,2025-07-06,Silver,South
CUST02302,Sharon Chase,michellechen@example.com,001-647-292-9759x1448,04/10/2026,Silver,Northeast
CUST02303,Emily Morgan,penny39@example.org,,10/13/2025,Silver,West
CUST02304,Patrick Mcbride,,980.273.7676x4973,02/20/2025,Bronze,Northeast
CUST02305,Charles Rodriguez,wyattshawn@example.com,(889)874-7676,01-Jan-2026,Gold,West
CUST02306,Angela Martinez,patriciamartin@example.com,(959)293-1769,23-Jul-2025,Silver,Northeast
CUST02307,Paul West,,,24-Aug-2025,Bronze,Midwest
CUST02308,James Delgado,lauragross@example.net,,11/02/2025,Gold,Northeast
CUST02309,Mrs. Mary Foley,ewoods@example.org,605-677-0250x155,2025-09-24,Bronze,South
CUST02310,Ronald Oliver,stephen52@example.com,(537)544-8455x5766,24-Feb-2026,Silver,South
CUST02311,Valerie Smith,anthony95@example.org,001-907-227-7282x76958,05/22/2026,Gold,Midwest
CUST02312,Wendy Skinner,jillbrewer@example.com,(403)666-9802x7644,11/21/2024,Silver,West
CUST02313,Anthony Olson,bpham@example.com,377.878.4247,2026-06-25,Bronze,Midwest
CUST02314,Amy Rodriguez,shirleypatterson@example.com,,07/16/2024,Bronze,Midwest
CUST02315,Julie Thompson,maxgarcia@example.net,456-597-8079,08-Aug-2024,Silver,Northeast
CUST02316,Alisha Brown,karenbrady@example.net,001-402-637-4326,2025-09-28,Bronze,Northeast
CUST02317,Aaron Horton,rebecca91@example.org,+1-929-346-4031x1828,2025-01-08,Gold,Midwest
CUST02318,Leslie Davis,valdezanthony@example.org,690.459.6669,06-Dec-2024,Silver,Northeast
CUST02319,Donna Lopez,jenniferhoward@example.net,001-742-288-4637x7348,2025-12-18,Silver,West
CUST02320,William White,iwells@example.net,779-731-6250,2024-11-22,Bronze,Midwest
CUST02321,Luis Thomas,emma83@example.net,326.487.7938x894,03/16/2026,Bronze,South
CUST02322,Jessica Hunter,yscott@example.net,,04/06/2025,Bronze,Midwest
CUST02323,Amber Smith,ybush@example.org,+1-269-465-2415x731,07/14/2024,Bronze,West
CUST02324,Billy Huang,kshaffer@example.org,(794)933-7026,21-Jul-2025,Bronze,West
CUST02325,Manuel Walker,louis19@example.org,(531)310-1584x567,2026-02-13,Bronze,West
CUST02326,Michael Ramsey,benitezheather@example.com,001-231-475-6073,19-May-2026,Bronze,South
CUST02327,Melody Cuevas,nlewis@example.org,+1-470-410-1492x621,24-May-2026,Silver,South
CUST02328,Debbie Mcgrath,hjones@example.com,649-966-0251x43580,08/30/2024,Bronze,South
CUST02329,Michelle Johnson,,,25-Jan-2026,Silver,West
CUST02330,Gina Miller,julie11@example.net,896-202-7693x47796,03/10/2026,Silver,Northeast
CUST02331,Jonathan Macdonald,ehernandez@example.com,,07/06/2024,Gold,Northeast
CUST02332,Christopher Morales,katherine69@example.com,+1-686-317-5418x27711,04/05/2025,Silver,Northeast
CUST02333,Justin Valentine,vlambert@example.com,308.626.7865x0444,2026-04-22,Bronze,Midwest
CUST02334,Chad Dudley,katie67@example.net,5889050151,31-Oct-2025,Bronze,West
CUST02335,Veronica Macias,nhicks@example.com,6424416981,2026-03-30,Bronze,South
CUST02336,Jill Reyes,gonzalesalex@example.com,+1-514-936-5972,04/12/2025,Bronze,Midwest
CUST02337,Melanie Edwards,glennkrista@example.com,2072601751,17-Apr-2026,Bronze,West
CUST02338,Kristen White,terri57@example.com,486-377-0667,09/14/2025,Silver,Midwest
CUST02339,Ronald Tran,kevinlin@example.com,709.921.5272,25-Jul-2025,Platinum,Midwest
CUST02340,Troy Marshall,kristen08@example.net,001-912-805-9944,2025-09-04,Bronze,South
CUST02341,Virginia Ryan,thompsonkim@example.com,,2026-01-02,Bronze,Midwest
CUST02342,Amy Robinson,paulmichele@example.net,8255701620,2025-05-30,Bronze,Midwest
CUST02343,Jacob Rogers,nicole91@example.com,867-761-6629,07/30/2025,Bronze,Midwest
CUST02344,Shane Lee,andersonmichael@example.com,873.620.9225x45080,14-Jul-2024,Bronze,South
CUST02345,Robert Ford,,287.218.3410,2025-05-15,Bronze,West
CUST02346,Edward Mitchell,melissafischer@example.net,200.946.0356,09-Apr-2026,Bronze,West
CUST02347,Keith Sweeney,thomashanson@example.org,947-290-5830x4702,2024-10-25,Bronze,South
CUST02348,Dennis Wilson,adamraymond@example.org,,02/19/2025,Gold,West
CUST02349,Amber Dickerson,ruth54@example.com,288.808.4274,10/25/2024,Bronze,Northeast
CUST02350,Gabriel Smith,maxwellwalker@example.org,(628)951-5501x352,2024-08-28,Bronze,South
CUST02351,Kristen Wells,alexander51@example.org,,17-Jun-2026,Silver,Northeast
CUST02352,Melissa Wiley,christopher05@example.net,,2024-09-06,Bronze,South
CUST02353,Cameron Faulkner,vasquezcrystal@example.org,451-856-9933x276,14-Aug-2025,Bronze,Midwest
CUST02354,Lauren West,mhood@example.org,001-725-823-9060,11/22/2024,Bronze,West
CUST02355,Jessica Hernandez,harrisjamie@example.com,+1-512-858-1936x694,02-Feb-2025,Gold,West
CUST02356,Hannah Steele,barrettrachel@example.com,001-394-656-8150x895,05-Apr-2025,Bronze,West
CUST02357,Matthew Irwin,lwilliamson@example.com,,04/01/2026,Bronze,West
CUST02358,Cynthia Nunez,andersonalan@example.org,,11-Feb-2026,Platinum,West
CUST02359,Robert Holt,dalehudson@example.org,,01/12/2026,Bronze,Northeast
CUST02360,Leroy Reeves,tylergreen@example.org,001-243-486-6684x70726,06/04/2025,Silver,West
CUST02361,Jonathan Barnes,gharris@example.org,(937)238-0882x330,09/07/2024,Bronze,Midwest
CUST02362,Lauren Jackson,oporter@example.net,851.986.2109x863,07/20/2025,Gold,Northeast
CUST02363,Mrs. Mariah Jones,kstephens@example.com,2066688127,12-Dec-2025,Silver,Midwest
CUST02364,Christopher Powers,bmorris@example.com,+1-917-992-2419,07/07/2024,Bronze,West
CUST02365,Justin Schmidt,angelica09@example.net,,04/28/2026,Bronze,Northeast
CUST02366,Nicholas Scott,cpierce@example.com,+1-433-846-5867,08/13/2024,Bronze,South
CUST02367,Benjamin Forbes,hendersonroberto@example.net,,04/29/2025,Bronze,South
CUST02368,Thomas Obrien,treid@example.org,+1-308-478-0378x2537,05/01/2025,Silver,Northeast
CUST02369,Kelly Crawford,victoria15@example.com,,20-Jun-2025,Bronze,Midwest
CUST02370,Annette Welch,egonzalez@example.com,,17-Feb-2026,Bronze,West
CUST02371,Barbara Woods,paul24@example.com,+1-294-743-3178x273,10/17/2025,Silver,Midwest
CUST02372,Jennifer Taylor,mallory78@example.com,001-364-901-5774x662,08-Jul-2025,Gold,West
CUST02373,Jeffery Welch,,254-924-5866x72929,2024-10-27,Bronze,Northeast
CUST02374,Mrs. Lisa Williams,garciaveronica@example.com,538-527-3868,2025-09-23,Bronze,South
CUST02375,Sandra Estrada,wtaylor@example.net,,04-Apr-2026,Bronze,Northeast
CUST02376,Jonathan Fisher,fbarry@example.org,656.557.4808,2025-06-23,Silver,South
CUST02377,Michelle Wall,robertcastillo@example.net,(806)300-1266x460,24-Jan-2025,Gold,Midwest
CUST02378,Lacey Vincent,williamsdaniel@example.com,,17-Mar-2025,Bronze,West
CUST02379,Shelley Parker,selena30@example.org,278-746-2742,2024-11-09,Bronze,Northeast
CUST02380,Gina Leonard,mparks@example.org,832.316.6569x1070,23-Mar-2026,Bronze,Northeast
CUST02381,Anna Caldwell,aaron25@example.org,,05/24/2026,Silver,South
CUST02382,Christopher Irwin,qodonnell@example.org,994-665-2650x5347,27-Aug-2024,Bronze,Midwest
CUST02383,Alexis Romero DDS,james88@example.net,755.498.7592x0415,2026-06-02,Bronze,South
CUST02384,Nancy Pittman,kathrynwilliams@example.org,(543)403-2977x4443,09/06/2025,Silver,South
CUST02385,Michael Fox,usteele@example.com,001-504-677-2464x972,13-Sep-2024,Bronze,South
CUST02386,Jennifer Burton,johnsoncandace@example.com,+1-544-329-8299,2025-04-03,Bronze,West
CUST02387,Bryan Shaw,wkelly@example.net,302.748.9105x5799,11-Jan-2026,Bronze,West
CUST02388,Natalie Perez,,+1-256-851-2343x44070,2026-03-15,Silver,South
CUST02389,Todd Allen,cheryl43@example.com,384.359.0731x282,30-Jan-2026,Bronze,South
CUST02390,Eric Hernandez,floresjose@example.com,+1-789-237-7070,05/20/2025,Bronze,Midwest
CUST02391,Theresa Griffith,ycantu@example.net,727.962.4326,10/20/2024,Platinum,Northeast
CUST02392,Kathleen Fox,joanne07@example.net,+1-837-598-7752x399,10-Apr-2025,Bronze,Midwest
CUST02393,Rita Turner,joseph98@example.net,485.279.2826,09/12/2024,Silver,Northeast
CUST02394,Heather Stewart,gabriel47@example.net,001-571-655-3331x7931,2026-02-16,Silver,Midwest
CUST02395,James Brown,dcurry@example.com,(702)910-0027x864,11-Aug-2024,Platinum,West
CUST02396,Bryan Martinez,jeremy06@example.org,490-953-7693,05-Oct-2025,Bronze,South
CUST02397,Melinda Fletcher,ymitchell@example.com,001-522-968-9753x11524,06-Oct-2024,Platinum,South
CUST02398,Jill Griffin,jessicacollins@example.net,649-541-9964x5962,2025-08-08,Gold,West
CUST02399,Kenneth Randolph,katiegriffin@example.net,257-736-8507,11/04/2025,Bronze,Midwest
CUST02400,Brittney Davis,tylersharon@example.org,,10/20/2025,Silver,Midwest
CUST02401,Carlos Smith,beth44@example.net,,30-Mar-2025,Silver,West
CUST02402,Thomas Harvey,rchandler@example.com,2154043401,12-Apr-2025,Bronze,Northeast
CUST02403,Jesse Benson,pwood@example.com,(873)729-7741x050,2025-09-21,Bronze,Midwest
CUST02404,Rebecca Hernandez,brianlogan@example.com,001-721-547-0616x53730,17-Jan-2026,Bronze,South
CUST02405,Carmen Carlson,,981.362.9309x6150,18-Mar-2026,Bronze,Midwest
CUST02406,James Sanders,robinsonmelanie@example.com,9599041179,09/17/2025,Silver,Midwest
CUST02407,Ashley Johnston,robert09@example.net,(208)974-9612x2983,2025-07-30,Bronze,South
CUST02408,John Atkinson,jonathanrobinson@example.com,,27-Sep-2025,Bronze,Midwest
CUST02409,Dr. Kimberly Jordan,sergioking@example.net,(930)709-7154,2025-09-04,Silver,West
CUST02410,Brian Gamble,patrickhodge@example.net,,23-Oct-2025,Gold,Midwest
CUST02411,Garrett Griffin,hillamanda@example.net,(846)749-1371,2024-08-10,Bronze,Northeast
CUST02412,Mark Beck,donnabrooks@example.net,(837)281-3191x51813,20-Jul-2024,Platinum,West
CUST02413,Linda Torres,juan40@example.com,+1-381-451-9394x27891,05/13/2025,Gold,Northeast
CUST02414,Linda Smith,dbernard@example.net,(681)444-1666x11772,08-Jun-2026,Silver,West
CUST02415,Sean Williams,petersonapril@example.com,+1-724-904-9779,11/06/2024,Gold,Northeast
CUST02416,Mrs. Amy Miller MD,wdavis@example.net,+1-896-622-4947,14-Oct-2025,Silver,West
CUST02417,Devin Sanford,michelle32@example.com,,2024-08-24,Gold,Northeast
CUST02418,Angela Taylor,qhall@example.net,(627)477-0859,05-May-2025,Bronze,Midwest
CUST02419,Luis Paul,joseph44@example.net,(913)880-1155,2025-09-12,Bronze,Northeast
CUST02420,Megan Wood,clarkamy@example.com,(332)937-5083x973,2025-02-19,Silver,South
CUST02421,Francisco Maldonado,dylanyoung@example.net,(813)495-7965,08/07/2025,Silver,South
CUST02422,Stephen Brooks Jr.,melissa55@example.net,704.782.9407x82862,2025-07-16,Silver,Northeast
CUST02423,Laura Dillon,bjohnson@example.org,+1-458-873-6080x5582,10/13/2024,Silver,South
CUST02424,Michael Miller,xchaney@example.org,315-632-7034,15-May-2026,Bronze,West
CUST02425,Tim Sherman,flewis@example.org,779.598.7080,04-Jul-2025,Bronze,South
CUST02426,Lauren Rodgers,yatesjanet@example.net,001-439-765-7537x64451,2026-05-07,Bronze,Midwest
CUST02427,Christopher Smith,kristeningram@example.com,,2025-11-06,Bronze,West
CUST02428,Bonnie Knight,hmartinez@example.org,718.360.6993x994,07/27/2024,Silver,South
CUST02429,Samuel Gonzalez,christinajones@example.org,001-986-304-2785,12/29/2025,Silver,West
CUST02430,Matthew Walters,nicholas56@example.org,209-869-4123x52888,2026-01-07,Silver,Northeast
CUST02431,Anna Huang,mgarcia@example.net,(736)603-6808,2025-01-07,Bronze,Northeast
CUST02432,Christine Wall,kimberlypittman@example.org,(677)563-8319x18043,08/04/2024,Silver,Northeast
CUST02433,Julie Schmitt,susan68@example.net,421-381-8018x747,03-Dec-2025,Gold,Midwest
CUST02434,Crystal Martinez,skelly@example.com,,11-Feb-2025,Bronze,South
CUST02435,Anthony Parks,andersontracy@example.org,304.723.2758x881,19-Sep-2025,Gold,Northeast
CUST02436,Jason Johnson,darren52@example.com,,31-Oct-2024,Silver,Midwest
CUST02437,Juan Knight,andrewsjeffrey@example.org,4174925136,20-Nov-2024,Gold,Midwest
CUST02438,Angela Bates,thompsonmelissa@example.net,+1-819-340-1469,2026-03-23,Bronze,South
CUST02439,Jamie Walls,fthomas@example.org,,2024-07-27,Silver,Northeast
CUST02440,Holly Horton,hamiltonmegan@example.org,,11/15/2025,Bronze,Midwest
CUST02441,Heather Allen,michaelrodriguez@example.com,001-926-525-1049x461,07/26/2024,Bronze,Northeast
CUST02442,Mary Patrick,craig32@example.org,001-967-630-9240,2024-09-07,Bronze,West
CUST02443,Gail Welch,pperry@example.org,001-503-563-8574,15-Sep-2025,Silver,West
CUST02444,Shelley Smith,johnsonangela@example.org,,04/12/2025,Gold,Northeast
CUST02445,Katherine Williams,russell31@example.com,(450)203-9455x8464,10-Sep-2024,Bronze,West
CUST02446,Matthew Harper,jasonsmith@example.com,(719)288-9060x917,05/29/2025,Silver,West
CUST02447,Thomas Paul,peterberger@example.com,+1-850-746-1622x8439,05/06/2025,Silver,South
CUST02448,Sheila Grant,kmueller@example.org,(704)587-1036,01/24/2025,Bronze,South
CUST02449,Edward King,jenniferpage@example.net,,2025-06-07,Bronze,South
CUST02450,Lauren Kim,matthew14@example.com,001-255-808-0029,12/07/2025,Bronze,Northeast
CUST02451,John Dickson,qpruitt@example.org,429.643.6109x098,2025-02-21,Gold,West
CUST02452,Audrey Mckinney,scott23@example.com,4747170602,2024-11-01,Bronze,Northeast
CUST02453,Thomas Guerrero,lopezjulia@example.com,(822)580-9541x75401,13-Jun-2026,Bronze,West
CUST02454,Andrew Wise,angela81@example.com,493.839.6910,19-Oct-2025,Bronze,Midwest
CUST02455,Jessica Rodriguez,harringtonsherri@example.com,(646)776-4785x6250,08/12/2024,Silver,Midwest
CUST02456,Mariah Lutz,john99@example.net,(357)209-9286,14-Oct-2024,Platinum,West
CUST02457,George Wall,john25@example.net,220-732-8659x18198,11/13/2024,Bronze,South
CUST02458,Rhonda Wise,hornmatthew@example.org,(973)908-3038x84016,29-Jan-2026,Bronze,South
CUST02459,Melissa Pitts,navarromark@example.com,797-609-5744,07/18/2024,Silver,Northeast
CUST02460,Tony Gamble,john76@example.com,884.731.5567,09/11/2025,Bronze,Midwest
CUST02461,Christopher Bennett,tperez@example.com,224.737.0391,2025-04-25,Gold,Midwest
CUST02462,Melinda Cantrell,bryan34@example.org,8763832987,10/11/2025,Gold,Northeast
CUST02463,Amanda Gomez,aguilarthomas@example.org,(942)536-3743,07/25/2025,Silver,Midwest
CUST02464,Wayne Fox,james13@example.com,+1-271-968-2611x14762,11/27/2024,Gold,Northeast
CUST02465,John Moody,jessicacollins@example.com,856-847-3116x88592,16-Dec-2024,Bronze,West
CUST02466,Alicia Gardner,jeffrey30@example.org,685-378-1656x0880,06-Jul-2025,Bronze,West
CUST02467,Nicole Lambert,justin62@example.net,326.617.3460x87363,16-Aug-2025,Bronze,Northeast
CUST02468,Kelli Lee,kathrynlawrence@example.org,604.950.3083x49116,27-Apr-2025,Bronze,South
CUST02469,Molly Gonzalez,gpeters@example.org,,01-Apr-2026,Bronze,West
CUST02470,Karen Anderson,cynthiapacheco@example.net,581-255-3925,11-May-2026,Bronze,Midwest
CUST02471,James Brown,pearsonjohn@example.com,678-276-0287,06/10/2025,Silver,South
CUST02472,Michael King,smithheather@example.org,001-516-978-1288,18-Sep-2025,Bronze,Northeast
CUST02473,Matthew Murphy,shellycowan@example.net,(527)781-4695,26-Dec-2024,Bronze,South
CUST02474,Leslie Daniel,staceyparsons@example.org,824.986.1156x230,2025-08-07,Bronze,West
CUST02475,Kenneth Cruz,cooleyjoshua@example.org,(580)844-7120,2024-10-02,Silver,South
CUST02476,Elizabeth Rivera,jasonwest@example.net,+1-261-873-2776,2026-06-11,Bronze,West
CUST02477,Shawn Parks,mccarthyrickey@example.net,001-606-557-4169,2026-05-30,Gold,Northeast
CUST02478,Timothy Sanchez,thomasflowers@example.com,(418)645-3577x77859,2026-06-04,Silver,Northeast
CUST02479,Jennifer Nichols,scottcollins@example.net,(739)260-4244,11/10/2024,Silver,West
CUST02480,Jean Bowman,davidmendoza@example.net,(295)598-8161,2025-05-16,Silver,Northeast
CUST02481,Phillip Chapman,walkerlaura@example.net,2438741269,18-Feb-2025,Bronze,Northeast
CUST02482,Alexis Gutierrez,mendezbrittney@example.org,783.693.1329x4027,10-Nov-2024,Platinum,Northeast
CUST02483,Andrea Shepard,shane55@example.com,786-732-8107x0560,06/15/2025,Bronze,Midwest
CUST02484,Lori Frye,darrell96@example.org,,19-Jan-2026,Silver,West
CUST02485,Tanya Clayton,zjohns@example.net,653-617-6602,11/18/2025,Gold,West
CUST02486,Joel Lawrence,carterjerry@example.net,,04/15/2026,Bronze,Midwest
CUST02487,Sharon Hester,stephen54@example.com,5685342605,2026-03-28,Silver,South
CUST02488,Robin Collins,ychapman@example.net,6813875880,2025-01-27,Silver,South
CUST02489,Jason Walker,alicia45@example.org,(461)593-7902,02-Apr-2026,Bronze,Midwest
CUST02490,Melissa Phillips,parkschristopher@example.org,855-879-9900x725,2026-01-21,Silver,Northeast
CUST02491,Kristin Anderson,briandavidson@example.com,(878)937-1510x413,2025-05-29,Bronze,South
CUST02492,Yesenia Obrien,juliaball@example.org,996-373-7196x755,2026-02-10,Bronze,West
CUST02493,Larry Cook,livingstonamanda@example.net,001-644-338-8269x769,2024-12-19,Silver,Northeast
CUST02494,John Miranda,mrandall@example.net,(590)787-8639x1418,08/30/2025,Bronze,West
CUST02495,Stephanie Mitchell,,9444474270,22-Mar-2025,Bronze,Northeast
CUST02496,Nicholas Castillo,mbrown@example.com,372-687-4075x193,2025-04-05,Silver,Northeast
CUST02497,Jerry Jackson,perezrobert@example.net,+1-210-385-8777x075,17-Nov-2024,Silver,Northeast
CUST02498,Lori Massey,tracielong@example.com,+1-874-863-1771x862,12/15/2025,Silver,South
CUST02499,Sarah Jenkins,ywinters@example.org,001-886-638-1303x26249,2024-07-20,Bronze,Northeast
CUST02500,James Lamb,ashley70@example.com,364.443.4954,09/18/2024,Silver,West
CUST02501,Christopher Stein,,+1-401-228-9348x2800,03/17/2025,Bronze,Northeast
CUST02502,Erica Roberts,reginald69@example.com,+1-200-619-2331x524,2026-04-12,Bronze,South
CUST02503,Erik Bryant,heather27@example.com,661.427.7933x33569,15-Jul-2024,Silver,West
CUST02504,Dawn Flores,fmccarty@example.com,,03/26/2026,Silver,South
CUST02505,Theresa Henson,,001-950-564-1031x841,2025-10-31,Silver,Midwest
CUST02506,Isabella Taylor,cynthia65@example.net,,04/13/2026,Silver,Northeast
CUST02507,Jeffrey Brown,robinsonkatherine@example.com,001-367-626-4401x9892,08-Nov-2025,Silver,South
CUST02508,Vicki Morgan,margaret56@example.org,+1-960-778-1384,03/10/2026,Bronze,Midwest
CUST02509,Phillip Hampton,nchambers@example.org,450.258.2405x54651,2025-04-19,Bronze,Northeast
CUST02510,Mark Jordan,weberkimberly@example.com,,2026-01-14,Bronze,South
CUST02511,Mark Moore,krystalhall@example.com,+1-246-743-9442,01/02/2025,Bronze,Northeast
CUST02512,Kevin Martin,danielkelly@example.org,487.430.5390x0343,2026-04-03,Silver,Midwest
CUST02513,Steven Maldonado,jasmine62@example.net,,02/05/2025,Silver,Midwest
CUST02514,Mr. Gregory Glass MD,marypatrick@example.net,,2024-12-25,Bronze,Northeast
CUST02515,Donna Jones,christopher88@example.net,(578)978-2809x572,07/13/2025,Gold,West
CUST02516,Scott Hoffman,ocervantes@example.net,001-484-760-7456,07-Nov-2025,Bronze,West
CUST02517,John Huang,sethcrosby@example.net,475.287.5098x02075,2024-12-31,Bronze,South
CUST02518,Lauren Williams,npollard@example.net,4642847739,2024-10-17,Bronze,Midwest
CUST02519,Dawn Kemp,alexander73@example.net,497-218-9011,2026-01-04,Bronze,Northeast
CUST02520,Katherine White,mosschristine@example.net,526-716-6647x107,11/11/2024,Gold,Northeast
CUST02521,Jacob Hinton,stephensdaniel@example.net,001-230-201-6183x21529,04-Mar-2026,Silver,South
CUST02522,Benjamin Rodgers PhD,jason08@example.com,5424831672,13-Mar-2026,Silver,South
CUST02523,Russell King,thomas06@example.org,,01/28/2026,Bronze,Midwest
CUST02524,Jesse Schneider,hvelez@example.net,+1-221-641-8100x729,2025-06-09,Silver,West
CUST02525,Sandra Cortez,riosstephen@example.net,(264)576-5857x579,2026-02-08,Bronze,Northeast
CUST02526,Mark Harrell,cynthia47@example.net,609-899-9378,02/15/2025,Bronze,West
CUST02527,Andrew Smith,mary34@example.org,2494820700,13-Apr-2025,Gold,West
CUST02528,Hannah Green,james96@example.com,001-216-538-2511x723,07-Mar-2026,Bronze,West
CUST02529,Christopher Wells,tinafrye@example.net,808.304.8088,17-Sep-2024,Gold,South
CUST02530,Kathryn Turner,brianjarvis@example.net,001-377-921-1271x68109,06/29/2026,Gold,West
CUST02531,Valerie Durham,christopherhernandez@example.com,637.811.0706x8686,2026-06-24,Silver,South
CUST02532,Ashlee Kennedy,michaellawson@example.com,(989)953-7425x25776,02/12/2026,Bronze,Northeast
CUST02533,Ronald Brooks,ysims@example.org,,2024-12-11,Platinum,Northeast
CUST02534,Michael Wright,bsingh@example.org,509-450-7151x996,2024-12-11,Gold,South
CUST02535,Katherine Henry,jennifer61@example.net,859-453-3841,2026-05-05,Platinum,Midwest
CUST02536,Rose Vega DVM,hamiltonamy@example.net,256-760-3098,18-May-2026,Bronze,Midwest
CUST02537,Cindy Galvan,lisa36@example.org,368-808-7793x47244,04-Jun-2025,Bronze,Midwest
CUST02538,Robert Henry,john96@example.com,442.793.2683x4870,2024-09-14,Gold,South
CUST02539,Kristin Lawrence,michael82@example.com,(377)433-1258,01-Nov-2025,Bronze,Midwest
CUST02540,Kristina Marshall,awalker@example.com,497-644-7652,19-Apr-2025,Gold,Midwest
CUST02541,Kelli Rivera,gutierrezgregory@example.com,(217)713-5284x547,2024-07-06,Silver,West
CUST02542,Robert Gonzales,jenna07@example.com,(248)978-4138x31276,07/26/2025,Bronze,West
CUST02543,Gregory Mitchell,danarusso@example.org,652-348-8160x353,2025-06-21,Silver,South
CUST02544,Heather Russell,,411-591-0147x391,17-May-2026,Silver,Midwest
CUST02545,David Castro,craigdennis@example.com,527-271-5685,2026-02-28,Bronze,West
CUST02546,Jerry Nelson,alexis80@example.net,608.392.2906,2025-09-15,Silver,Midwest
CUST02547,Erika Curry,mooreannette@example.com,(845)726-5872x80238,05/03/2025,Bronze,Midwest
CUST02548,Amanda Smith MD,caldwelldavid@example.net,001-888-900-3005x37828,2025-10-02,Platinum,South
CUST02549,Mary Burton,odonnellyolanda@example.org,810.881.6922x397,30-Oct-2024,Silver,Midwest
CUST02550,Benjamin York,cantrellvictoria@example.org,,05/21/2025,Silver,Northeast
CUST02551,Meghan Martinez,christinejackson@example.net,+1-842-586-3583x492,12-Aug-2025,Bronze,West
CUST02552,Mallory Fernandez,christina59@example.org,7929335588,2026-03-09,Silver,West
CUST02553,Jose Walker,ppena@example.net,+1-216-419-0558x753,01-Sep-2025,Bronze,South
CUST02554,Nathan Guzman,hoopernancy@example.net,,02/02/2025,Bronze,West
CUST02555,Keith Burton,deniselopez@example.net,001-489-614-5481x18917,03-Mar-2025,Silver,West
CUST02556,Kimberly Webb,brad09@example.org,(728)986-5807x20080,2026-02-05,Bronze,South
CUST02557,Steven Mitchell,tamarasandoval@example.com,652.892.5556x808,02/17/2026,Gold,West
CUST02558,April Morgan,andersonjason@example.org,224-894-7002x519,04/15/2026,Gold,South
CUST02559,Charles Benson,xwilliams@example.com,001-572-748-7747x630,05/17/2025,Bronze,South
CUST02560,Lindsey Duffy,trevinoemily@example.org,,2025-12-05,Silver,West
CUST02561,Danielle Davidson,courtney18@example.org,520-522-3059x757,18-Jun-2026,Bronze,South
CUST02562,Wendy Hampton,sarahsweeney@example.com,(775)255-2586x856,11-Dec-2025,Bronze,West
CUST02563,James Odom,qwarren@example.com,687-713-0002x5546,11-Mar-2026,Bronze,Northeast
CUST02564,Jeremy Hicks,brendareid@example.net,947-204-1450x5633,2025-05-08,Silver,Northeast
CUST02565,Mariah Farrell,garzadeborah@example.org,+1-475-395-5942,28-Oct-2025,Silver,West
CUST02566,Timothy Hernandez,gilbertchristina@example.com,001-611-280-1677x4360,2026-03-24,Bronze,West
CUST02567,Lindsey Gonzales,jeffrey69@example.com,349.834.7688x9386,04-Oct-2025,Bronze,West
CUST02568,Thomas Ortega,ureyes@example.com,208.743.1965x21790,11/19/2024,Silver,Northeast
CUST02569,Willie Smith,heidi74@example.org,(784)759-5876,17-Aug-2025,Gold,Northeast
CUST02570,Margaret Perry,pereztyler@example.org,731.483.5941x234,2024-11-25,Silver,South
CUST02571,Melissa Brown,keithflores@example.com,616-427-4351,07/10/2025,Platinum,Midwest
CUST02572,Casey Haynes,jamiemarshall@example.net,5286106076,01/16/2025,Bronze,South
CUST02573,Michael Smith,nwaller@example.org,001-456-341-6298x7025,20-Mar-2025,Silver,South
CUST02574,Anita Gregory,staceydickerson@example.org,223.468.5044x8526,2026-02-20,Gold,Northeast
CUST02575,Felicia Rios MD,jonathansnow@example.net,(430)961-1390x045,23-Mar-2025,Gold,Midwest
CUST02576,Christina Williams,xjohnson@example.com,+1-733-355-5638,19-Jul-2025,Bronze,West
CUST02577,Dean Clark,yphillips@example.com,001-280-905-5733,2025-09-28,Silver,Midwest
CUST02578,Beth Soto,lanekeith@example.com,775-201-7505x665,10/14/2025,Bronze,West
CUST02579,Timothy Dillon,vgrimes@example.net,001-822-532-4204x300,2025-11-16,Bronze,Northeast
CUST02580,Sharon Serrano,gmassey@example.net,263.459.1142,04-Aug-2025,Silver,South
CUST02581,Robert Robinson,wshelton@example.org,602-545-4224x922,07/17/2024,Silver,Northeast
CUST02582,Carlos Park,johnsonjames@example.com,,19-Jul-2025,Gold,West
CUST02583,Kimberly Powers,eileen50@example.net,,09/01/2025,Silver,West
CUST02584,Brendan Frederick MD,cassandramcpherson@example.org,+1-976-929-4846x7640,27-Aug-2025,Gold,South
CUST02585,James Stein,arnoldaaron@example.com,9905633602,04/25/2026,Platinum,West
CUST02586,Felicia Harrison,robertburns@example.org,(429)624-5989x77738,2024-11-19,Silver,South
CUST02587,Amy Reynolds,,+1-722-422-8338x138,09-Dec-2025,Platinum,Midwest
CUST02588,Kyle Johnson,toddjohnson@example.net,001-440-614-4124x522,2026-02-12,Bronze,South
CUST02589,Michael Boyd,barbaraperez@example.net,,13-Oct-2025,Bronze,West
CUST02590,Jason Moore,jamesbest@example.com,753-358-3387,16-Dec-2025,Bronze,Midwest
CUST02591,Lisa Peterson,rileyjulie@example.com,+1-975-495-0825,12-Dec-2024,Silver,West
CUST02592,Melanie Smith,asmith@example.org,+1-969-748-4674,10/31/2024,Gold,South
CUST02593,Debra Wright,stephanie65@example.org,+1-469-722-7025,2026-02-06,Bronze,South
CUST02594,Michelle Stafford,flynnjulie@example.org,001-655-262-4126x67680,12/21/2025,Gold,Midwest
CUST02595,Elizabeth Johnson,rogeradams@example.com,001-653-220-6543x26143,2025-11-20,Platinum,West
CUST02596,Sarah Cooley,timothyreed@example.net,,11-Jan-2025,Bronze,South
CUST02597,Amanda Brown,pferguson@example.org,+1-653-912-2526x497,05-Aug-2025,Gold,Midwest
CUST02598,Jeffrey Garrett,kroberts@example.net,(630)270-7810x10124,2025-03-29,Bronze,West
CUST02599,Elizabeth Anderson,rodgerstimothy@example.net,001-900-444-9100,2025-11-22,Bronze,West
CUST02600,Monique Shaffer,yvettecampbell@example.net,,11/29/2024,Bronze,Midwest
CUST02601,Jennifer Brown,christopher10@example.com,3437105503,13-Dec-2025,Bronze,South
CUST02602,Krista Williams,bsmith@example.com,(714)314-8351x560,10-Jan-2025,Silver,West
CUST02603,Jimmy Williams,calvinosborne@example.net,(711)551-1162x7143,01/08/2025,Bronze,West
CUST02604,Brian Vincent,alex47@example.org,753-210-7371x22072,08/02/2025,Bronze,West
CUST02605,Erica Hardy MD,dunnsamuel@example.org,001-596-392-5336x0109,28-Feb-2026,Silver,Northeast
CUST02606,Annette Mejia,kendra09@example.net,,11/10/2025,Silver,Northeast
CUST02607,Ruben Hensley,hdavid@example.net,(628)487-4159,04-Feb-2026,Bronze,Midwest
CUST02608,Corey Zimmerman,hernandezronald@example.net,(373)386-9664,2024-07-28,Gold,Northeast
CUST02609,Ralph Cunningham,hollymcdonald@example.com,806.977.7983,2025-05-31,Bronze,Northeast
CUST02610,Johnny Dixon,johnbrown@example.net,451.233.1579,14-Aug-2025,Bronze,West
CUST02611,Raven Cruz,bday@example.org,829.351.2660x869,06/13/2026,Bronze,South
CUST02612,Alicia Nelson,colleennewton@example.org,+1-776-273-6086x33399,04/12/2025,Bronze,Midwest
CUST02613,Maria Snyder,connermatthew@example.org,200.250.9083x06925,03/14/2025,Platinum,Northeast
CUST02614,Jacqueline Jordan,larry19@example.net,001-241-924-3616x0502,17-Apr-2025,Bronze,Northeast
CUST02615,Pamela Wagner,cheryl83@example.com,,06/25/2025,Bronze,Northeast
CUST02616,Adrian Anderson,colejoshua@example.net,617-567-5500,2026-02-22,Bronze,South
CUST02617,Seth Rojas,,557-852-2950,27-Jul-2024,Bronze,Northeast
CUST02618,Kevin Lewis,bcarter@example.com,(567)453-5153x474,27-Jun-2025,Bronze,Midwest
CUST02619,Carolyn Ellis,farmerjennifer@example.org,,25-Jun-2025,Gold,South
CUST02620,Aaron Smith,leahsmith@example.org,941.760.9909,22-Jun-2025,Gold,Midwest
CUST02621,Renee Gomez,kross@example.org,864.444.9043x9461,09/30/2024,Bronze,Northeast
CUST02622,John Larsen,ganderson@example.org,340-726-0284x65592,2025-04-06,Gold,South
CUST02623,Jennifer Wright,melissabarnett@example.com,,14-Jun-2026,Bronze,Midwest
CUST02624,Shawn Richmond,thompsonamber@example.net,261.744.4337x360,16-May-2025,Bronze,South
CUST02625,Oscar Morrison,nlong@example.org,434.529.0024x92785,01-Feb-2025,Gold,West
CUST02626,Mary Stewart,danielolsen@example.com,(908)496-0106x6589,2025-11-27,Bronze,South
CUST02627,Jacob Fisher,karlarobinson@example.com,504-645-0398x638,04/01/2025,Bronze,West
CUST02628,Jean Campos,,,07/17/2025,Gold,Northeast
CUST02629,Mrs. Kiara Davies MD,oleon@example.org,,14-Nov-2025,Bronze,West
CUST02630,Courtney Jones,andrewsmith@example.net,390-748-7860,08/15/2024,Bronze,West
CUST02631,Mandy Perez,sarahramirez@example.com,329-582-9454,23-Nov-2024,Bronze,West
CUST02632,Joseph Torres MD,duane50@example.com,938-920-3950x0786,03/25/2026,Bronze,West
CUST02633,Andrew Flores,timothy60@example.net,667.933.6142,01/21/2025,Silver,Northeast
CUST02634,Pamela Davis MD,edwardstewart@example.com,,2025-11-29,Bronze,Midwest
CUST02635,Katie Hammond,susanbaker@example.org,(848)351-7827x57730,06-Jan-2025,Bronze,South
CUST02636,Alyssa Vasquez,katie96@example.com,7008925683,25-Feb-2026,Bronze,West
CUST02637,David Roman,ywoods@example.com,602-234-7145x137,2026-01-20,Silver,Northeast
CUST02638,Rachael Barnes,lauren65@example.org,,2025-08-20,Gold,South
CUST02639,Jamie Cox,shawngill@example.com,+1-740-534-9893x97595,2025-04-18,Silver,Northeast
CUST02640,Todd White,,8947705447,03-Jul-2025,Bronze,South
CUST02641,Christina Stanley,,001-701-487-6927x04388,03/24/2026,Platinum,West
CUST02642,Amy Liu,josephcompton@example.com,602.699.7385,03/29/2026,Bronze,Midwest
CUST02643,Douglas Moore,lori80@example.com,001-568-686-9890x876,05/15/2026,Gold,West
CUST02644,Christopher Gonzales,wgarcia@example.com,+1-873-478-1561,17-Aug-2024,Bronze,South
CUST02645,James Wells Jr.,sgonzalez@example.org,,11/22/2025,Bronze,Midwest
CUST02646,Dr. Laura Bridges,xcoleman@example.net,862-946-9889,03-Apr-2026,Bronze,West
CUST02647,Timothy Jones,,(824)879-2247,2025-05-17,Silver,Midwest
CUST02648,Mrs. Jenna Ramos,april95@example.com,,2025-09-18,Gold,West
CUST02649,Joshua Holt,suebarajas@example.net,600.993.4137x34542,2026-02-27,Gold,South
CUST02650,Anne Jones,april22@example.org,+1-919-251-7190,13-May-2025,Bronze,South
CUST02651,Jeffery Contreras,margaretwilson@example.org,(545)738-3364x2550,2024-12-26,Silver,West
CUST02652,Nancy Ramsey,lisadavis@example.org,(754)967-5914,2025-06-09,Silver,West
CUST02653,Michael Castillo,roy25@example.net,820.514.3545,2026-01-24,Bronze,Northeast
CUST02654,Lisa Robertson,samuelhamilton@example.com,,10/05/2025,Bronze,Northeast
CUST02655,Victoria Collins,rachael81@example.org,+1-663-426-7392x06042,09/23/2025,Silver,West
CUST02656,Nicole Davis,josephbaker@example.org,,12-Oct-2025,Silver,Midwest
CUST02657,Glenda Jordan,kweaver@example.org,001-293-587-2112,2025-07-08,Silver,Midwest
CUST02658,Lisa Lee,garciapamela@example.net,001-559-254-7616x80680,2025-02-12,Bronze,Midwest
CUST02659,Amanda Lin,evelyn46@example.net,,07/13/2024,Bronze,South
CUST02660,Patricia Wilson,jason36@example.org,(474)332-1115x495,05-Jan-2026,Bronze,West
CUST02661,Nicolas Rodriguez,,(490)291-3641x7659,2026-04-24,Silver,South
CUST02662,Veronica Turner,kristijohnson@example.net,,06/22/2026,Bronze,Northeast
CUST02663,Victoria Fisher,rodriguezchristopher@example.net,760.596.4394,21-Oct-2025,Silver,South
CUST02664,Katherine Martinez,hornrobert@example.org,,2025-03-28,Silver,Northeast
CUST02665,Robert Rollins,howardharold@example.com,(624)788-8804x97046,02/21/2025,Silver,Northeast
CUST02666,Mrs. Jennifer Oconnor,jenniferjohnson@example.com,001-374-811-9353x91038,2026-02-14,Silver,Northeast
CUST02667,Jeremiah Johnson,,+1-452-218-5868x04394,07/24/2024,Gold,West
CUST02668,Megan Schmidt,markbuck@example.net,+1-957-583-9803x7037,12/30/2025,Gold,Midwest
CUST02669,Jacob Arnold,sbradley@example.com,753.307.4878x13409,05/05/2026,Platinum,West
CUST02670,Anthony Jones,sanchezmegan@example.com,370-400-4854,11/10/2025,Silver,South
CUST02671,Katie Garcia,erika25@example.com,696.325.5614,14-May-2026,Bronze,West
CUST02672,Michelle Schwartz,dbrown@example.net,821.352.9417,09/19/2024,Silver,West
CUST02673,Elizabeth Montes,johnwarner@example.net,,04/23/2025,Bronze,Midwest
CUST02674,Peter Velazquez,ili@example.org,,09-Apr-2025,Bronze,West
CUST02675,Whitney Elliott,rangelmegan@example.org,9118233016,03-Mar-2025,Bronze,West
CUST02676,William Santos,jacobkelley@example.net,868.441.4344,05-Nov-2024,Bronze,Midwest
CUST02677,Nicole Baker,edwardsjames@example.net,001-590-859-5094x2816,20-Oct-2024,Bronze,South
CUST02678,Katherine Miller,slopez@example.org,7597157981,03/03/2025,Bronze,South
CUST02679,Leslie Robbins,gary64@example.org,,2025-10-01,Silver,West
CUST02680,Brendan Gonzalez,donald87@example.net,+1-329-580-2029x17265,07-Dec-2025,Bronze,Midwest
CUST02681,Erik Rogers,hblack@example.org,245-462-5303,2025-01-21,Silver,West
CUST02682,Alan Wilson,cameroncoleman@example.com,(714)437-7805,21-Dec-2025,Bronze,Midwest
CUST02683,Tracy Johnson,ronaldyang@example.net,869.679.9872x569,26-Aug-2024,Silver,West
CUST02684,Alan West,nhartman@example.net,(372)376-3396x8007,2025-09-23,Bronze,West
CUST02685,Ernest Barrett,cynthia20@example.org,527-504-2259,10/17/2025,Bronze,Northeast
CUST02686,Christine Arnold,jesse16@example.org,(769)374-4697x07119,2026-01-29,Bronze,Northeast
CUST02687,Johnny Orr,johnbrown@example.org,,06/26/2025,Bronze,Midwest
CUST02688,Jacob Nielsen,zsmith@example.com,(836)524-5884,2025-05-22,Bronze,South
CUST02689,Julia Arnold,michelle80@example.com,+1-671-617-8444x0027,11/01/2024,Bronze,Midwest
CUST02690,David Lawson,richardpatterson@example.org,,25-Jan-2025,Bronze,Midwest
CUST02691,Jennifer Murillo,iwilson@example.net,,25-Aug-2024,Bronze,West
CUST02692,Christopher Burns,snewman@example.com,349.367.8452x733,2025-02-17,Platinum,Midwest
CUST02693,Scott Martinez II,joshua55@example.net,,2025-05-16,Bronze,West
CUST02694,Robert Ramsey,alvarezscott@example.org,955-430-0173x1412,2026-06-01,Silver,South
CUST02695,Ashley White,patrick24@example.org,(755)425-1774x856,2026-05-04,Bronze,Northeast
CUST02696,Thomas Malone,jason42@example.net,001-822-202-2041x0649,30-May-2025,Bronze,South
CUST02697,Christopher Brown,ramseywilliam@example.com,2965737250,2026-06-23,Bronze,South
CUST02698,Morgan Peterson,kristinabrown@example.net,6656069615,2025-11-01,Platinum,Midwest
CUST02699,James Carpenter,charles00@example.net,(208)896-7604,13-Oct-2024,Silver,Northeast
CUST02700,Anne Cox,medwards@example.com,592.696.0586x5314,04/17/2026,Bronze,West
CUST02701,Jon Williams,jay07@example.com,(522)887-4995,06/20/2025,Bronze,South
CUST02702,Joshua Sanders,tuckerphilip@example.net,+1-778-473-8801x1130,2025-11-13,Bronze,Midwest
CUST02703,Theresa Moreno,sandra22@example.org,675.804.4806x324,08/05/2025,Bronze,West
CUST02704,Donald Rodriguez,robertfoster@example.net,(454)327-9339x970,09-Apr-2026,Bronze,Northeast
CUST02705,James Figueroa,collinselizabeth@example.org,,06-Aug-2024,Bronze,Northeast
CUST02706,Shannon Stanley,joseph19@example.net,9432770296,02/26/2025,Bronze,Northeast
CUST02707,Jason Wilcox,johnhayes@example.org,001-246-845-6048x51199,02/19/2025,Bronze,West
CUST02708,David Hensley,ewashington@example.org,978-451-2592,02/01/2026,Silver,Midwest
CUST02709,Jennifer Carter,kathrynanderson@example.net,(953)884-1875,09/02/2024,Gold,Northeast
CUST02710,Michael Martin,michelle58@example.net,666.207.9833,10-Jul-2025,Gold,Northeast
CUST02711,Rebekah Kennedy,philipreid@example.com,+1-792-866-8668x0807,2025-03-02,Bronze,Midwest
CUST02712,Anthony Cain,alutz@example.net,260.547.0928,2026-04-14,Silver,Northeast
CUST02713,Brandon Thomas,,,09/20/2024,Gold,Northeast
CUST02714,Donna Holloway,ocarey@example.net,(426)989-4954,02/21/2026,Silver,South
CUST02715,Beth Sanchez,shelbysimon@example.net,,2024-12-04,Bronze,Midwest
CUST02716,Amanda Ruiz,caseychristina@example.com,+1-281-661-8098x098,2024-07-15,Bronze,Northeast
CUST02717,James Thompson,,(644)452-2759,2025-04-11,Bronze,Northeast
CUST02718,Cesar Padilla,jwhite@example.org,653-725-0169x93297,2024-09-09,Bronze,Midwest
CUST02719,Jennifer Briggs,hendersonamy@example.org,001-449-851-3396x60575,15-Apr-2025,Bronze,South
CUST02720,Tyler Jones,huntjason@example.org,+1-207-823-9191x84655,2026-05-15,Bronze,Northeast
CUST02721,Michael Hodge,wendy16@example.com,001-865-259-9919x6697,12/22/2025,Bronze,Midwest
CUST02722,James Lucero,gina43@example.com,+1-904-934-2491x62631,2025-06-08,Bronze,South
CUST02723,Steven Hernandez,coreylopez@example.com,(519)673-8190,05/20/2025,Silver,South
CUST02724,Gabriel Johnson,brittanydiaz@example.org,001-585-708-3327x1045,09/02/2024,Bronze,South
CUST02725,Matthew Dennis,wendy17@example.org,+1-516-433-5471x543,21-Feb-2025,Bronze,South
CUST02726,Robert Stephens,hannahthomas@example.com,+1-629-794-5802,2025-06-01,Bronze,South
CUST02727,Jennifer Finley,avilaelizabeth@example.net,,06/09/2026,Bronze,West
CUST02728,Christopher Pugh,,+1-893-314-5365x133,2026-01-25,Bronze,South
CUST02729,Michael Allison,jordanruben@example.org,943-237-0736x71274,2025-05-01,Silver,South
CUST02730,Sarah Richmond,thompsonshawn@example.net,001-394-806-9729x67204,11/01/2024,Bronze,South
CUST02731,Luis Levine,joneal@example.net,758.564.7401x925,01-Apr-2026,Bronze,Midwest
CUST02732,George Lloyd,,961-461-4384x039,03/09/2026,Gold,South
CUST02733,Douglas Gonzales,perkinschristopher@example.org,(409)456-3603x855,11/16/2024,Bronze,West
CUST02734,Brittany Harvey,ntucker@example.com,,11/25/2024,Bronze,Northeast
CUST02735,Michael Lambert,savagesteven@example.com,(538)858-6922x54376,04/22/2025,Platinum,Midwest
CUST02736,Anne Murray,hannasamuel@example.org,,04-Jun-2026,Gold,Midwest
CUST02737,Peter Reed,catherineschaefer@example.org,(998)495-8294x86309,2025-07-15,Bronze,West
CUST02738,Mark Martinez,jaclynmack@example.com,614.691.4215,2025-12-09,Bronze,Midwest
CUST02739,Amanda Morales,jthomas@example.net,(774)604-0527x703,03-May-2026,Bronze,Midwest
CUST02740,Timothy Marsh,brendanchavez@example.net,699.275.1090x651,06/21/2025,Bronze,Midwest
CUST02741,Tracy Ramirez,ugarcia@example.org,411-770-8292x209,09/03/2024,Platinum,Northeast
CUST02742,Lisa Smith,bradley14@example.com,572-299-0555x237,01-Jan-2025,Bronze,Midwest
CUST02743,Kathleen Castillo,lawrence84@example.com,(863)733-3884,2024-08-18,Bronze,Northeast
CUST02744,Christine Carter,latoyahansen@example.com,230-516-0644,03/24/2025,Silver,West
CUST02745,Dana Cowan,sanfordfelicia@example.net,+1-333-843-0718x2182,01-Nov-2025,Bronze,South
CUST02746,Mary Carroll,carlmcfarland@example.com,+1-981-210-8023x8836,01/13/2026,Silver,West
CUST02747,Ryan Mcguire,ufranklin@example.org,(864)541-1935x472,09/05/2025,Bronze,South
CUST02748,Jenna Torres,alvaradojesse@example.net,292-203-1759x145,09/12/2025,Silver,West
CUST02749,Corey Leonard,ytaylor@example.net,595.539.1067,03-Dec-2024,Silver,Midwest
CUST02750,Jill Cordova,lori48@example.net,4245966899,02-Jun-2026,Silver,Midwest
CUST02751,Gregory Rivera,anthonysmith@example.org,+1-254-744-8479x2074,2024-09-15,Bronze,West
CUST02752,Melissa Foley,msmith@example.net,(421)777-5990,2026-01-18,Bronze,Midwest
CUST02753,Lori Hurley,audreyjohnson@example.org,,11/06/2024,Bronze,South
CUST02754,Ashley Williams,wanderson@example.org,7293729575,2024-10-22,Silver,South
CUST02755,Anthony Brown,pcarrillo@example.net,830.822.5176,2026-03-02,Bronze,Midwest
CUST02756,Carrie Escobar,kmitchell@example.org,734.859.5829,14-May-2026,Bronze,Midwest
CUST02757,Austin Best,megan09@example.net,001-844-514-7537,01/02/2026,Platinum,Midwest
CUST02758,Susan Werner,michaelbutler@example.com,001-285-786-4766x95577,24-Sep-2024,Silver,South
CUST02759,Jacob Decker,umarshall@example.net,(945)211-5905x92568,2025-02-12,Silver,South
CUST02760,Dennis Bernard,cwilliamson@example.net,+1-404-766-0638,24-Jul-2024,Gold,Northeast
CUST02761,Jason Hines,aaron20@example.net,+1-622-652-1238x029,11/23/2025,Bronze,West
CUST02762,William Wilkinson,ugray@example.net,348-474-9715,2025-11-03,Bronze,West
CUST02763,Desiree Molina,jessicapayne@example.org,+1-535-784-9999x1695,05/04/2026,Bronze,South
CUST02764,Lindsay Morgan,andreawells@example.net,312-309-0181x74973,27-Aug-2024,Bronze,Midwest
CUST02765,Jenny Clark,cunninghamchelsey@example.org,9506459619,2024-08-14,Bronze,South
CUST02766,Heidi Henry,josechambers@example.com,(494)821-0420x841,02/19/2025,Gold,West
CUST02767,Sandra Payne,markjohnson@example.com,915-819-0937x5770,23-Oct-2025,Bronze,Midwest
CUST02768,Scott Morales,hmatthews@example.org,001-451-928-4836x95595,2025-06-03,Silver,South
CUST02769,Jason Harvey,oliviaperry@example.net,456-994-9060,06-May-2025,Bronze,Midwest
CUST02770,Christopher Perez,barrettanthony@example.net,001-745-896-9157x34943,2024-11-24,Bronze,Midwest
CUST02771,Keith Hunt,brittany13@example.net,+1-378-370-1881,12/08/2025,Platinum,South
CUST02772,John Nguyen,jareddavis@example.org,(941)870-7127,2024-12-22,Bronze,Northeast
CUST02773,Karina Hess,skinnerjenny@example.org,+1-322-908-2204x48435,07/11/2025,Silver,Northeast
CUST02774,Kristina Perry,brenda71@example.org,325-999-0028x4224,2024-08-01,Silver,South
CUST02775,Robert Valdez,melissaglover@example.org,,26-Jun-2025,Silver,Northeast
CUST02776,Christine Johnson,francojoanne@example.com,001-325-517-3335,04/24/2025,Bronze,Midwest
CUST02777,Christopher Miller,melissa97@example.net,(285)446-2116x70062,2026-05-20,Silver,South
CUST02778,Debra Bryant,ureynolds@example.net,+1-553-662-9213x5011,01/03/2025,Bronze,South
CUST02779,Kimberly Barker,anthony29@example.org,648.999.4549x49725,07-Mar-2026,Bronze,Northeast
CUST02780,Pamela Roberts,,642-817-5639x490,2025-02-23,Bronze,West
CUST02781,Elizabeth Torres,,001-857-648-1452x528,03-Apr-2025,Gold,Midwest
CUST02782,Stacey Bishop,wrighttina@example.com,+1-942-713-9136,2025-01-07,Gold,South
CUST02783,Daniel Washington,kaitlyndavies@example.net,254-522-4125,03/13/2026,Bronze,Midwest
CUST02784,Denise Garcia,thomas23@example.com,(907)241-9753,2026-05-19,Bronze,South
CUST02785,Jeffrey Martin,nhurley@example.org,(421)808-5837x558,05/20/2026,Bronze,West
CUST02786,Brandon Munoz,natasha08@example.net,,03/10/2025,Gold,Midwest
CUST02787,Michele Lane,roserhonda@example.net,+1-642-581-7834x206,24-Nov-2024,Bronze,Midwest
CUST02788,Natasha Barry,matthew43@example.org,697-419-7204x0932,01/18/2025,Bronze,Midwest
CUST02789,Mark Barton,glennchloe@example.org,+1-673-616-3324x30872,06/16/2025,Bronze,Northeast
CUST02790,Kenneth Johnson,iwilson@example.org,(257)498-9691,2025-02-07,Gold,Midwest
CUST02791,William Huff,thomasmartin@example.com,595-320-7699x1528,04-Sep-2024,Bronze,West
CUST02792,Julie Hunter,daniel65@example.org,980-905-4402,04/11/2025,Bronze,South
CUST02793,Sean Walker,etaylor@example.com,900-603-6685,2024-12-22,Bronze,Northeast
CUST02794,Victoria Chaney,anamathews@example.com,+1-318-445-8163x0212,17-Nov-2024,Bronze,Northeast
CUST02795,Samuel Stanton,marcia12@example.net,+1-880-931-0262x37050,11/03/2025,Bronze,Midwest
CUST02796,Tasha Rhodes,michellehernandez@example.org,746-254-7631x69145,28-Nov-2024,Bronze,West
CUST02797,Henry Adkins,eric37@example.org,666-976-2267x617,09/02/2025,Bronze,Northeast
CUST02798,Henry Walton,katelynphillips@example.org,,2025-11-17,Bronze,South
CUST02799,Richard Green,michaelmunoz@example.net,5646371960,2026-03-12,Bronze,Northeast
CUST02800,Lisa Gaines,cesarpatterson@example.org,(465)639-9521x154,2024-07-04,Bronze,Northeast
CUST02801,Michael Green,ycarr@example.org,001-586-880-8835x855,07-Jan-2025,Silver,South
CUST02802,Justin Watson,xandrews@example.net,942.754.2904x3682,04/21/2025,Bronze,Midwest
CUST02803,William Mercado,bryan78@example.net,(672)753-0815x80867,09/17/2024,Bronze,West
CUST02804,Stephanie Leach,lindagutierrez@example.org,+1-499-792-7523x7100,2026-03-26,Platinum,Northeast
CUST02805,Cheryl Jones,dbell@example.com,320.693.6130,02/13/2025,Silver,West
CUST02806,Richard Rodriguez,kmoore@example.net,610-236-7580x6932,21-Aug-2024,Bronze,Midwest
CUST02807,Billy Lopez,christensenstefanie@example.com,2979184679,2025-06-13,Platinum,Northeast
CUST02808,Karen Maddox,villegaslaurie@example.org,959.927.4601x006,01/29/2025,Silver,West
CUST02809,Michael Brown,davidsoto@example.net,(261)980-6108x5370,15-Aug-2024,Bronze,South
CUST02810,Aaron Hernandez,davidwilson@example.net,(583)690-5101x1816,12/12/2025,Silver,South
CUST02811,Richard Moon,egilbert@example.org,4144941163,25-Dec-2025,Silver,South
CUST02812,Keith Scott,rhondastark@example.com,861.767.2117x02544,2025-02-24,Silver,South
CUST02813,Michelle Mclean,rachelmiller@example.net,+1-425-648-0575x95024,10/18/2025,Bronze,West
CUST02814,Daniel Hanna,jeremykeller@example.net,448-277-1320x20613,12/19/2024,Bronze,South
CUST02815,Jennifer Coleman,hramirez@example.org,(287)680-7390,09/20/2025,Silver,West
CUST02816,Michael Rocha,cmyers@example.com,(396)202-9649,2025-01-04,Gold,South
CUST02817,Barbara Perry,michelle58@example.com,001-446-957-7137x1534,01-Jul-2025,Bronze,South
CUST02818,Madison Thompson,jcarrillo@example.org,866.654.8427x494,2025-03-07,Gold,Midwest
CUST02819,Anthony Mcclain,cortezeric@example.org,436-565-9453x8823,08-Feb-2025,Bronze,West
CUST02820,Miranda Robinson,zbutler@example.org,(489)265-7549,10-Jun-2026,Bronze,Northeast
CUST02821,Sarah Mendez,rodriguezjesse@example.net,361.391.5770x141,17-Mar-2025,Silver,Midwest
CUST02822,Ashley James,jasongomez@example.net,328-811-5876x509,11/25/2024,Bronze,South
CUST02823,Shirley Diaz,olivia92@example.org,(210)298-1009x443,10-Oct-2024,Gold,West
CUST02824,Charles Smith MD,jknight@example.com,+1-563-380-8263x2676,09/02/2024,Silver,Northeast
CUST02825,Paul Ellis,micheleshaw@example.com,541-242-6429,2026-01-30,Gold,Midwest
CUST02826,Rebecca Cross,campbelljames@example.net,781.667.4289,28-Mar-2026,Silver,West
CUST02827,Duane Wells,angelasilva@example.com,,04/01/2026,Bronze,West
CUST02828,Jordan Lawrence,denisecook@example.net,698.498.2245x540,28-Sep-2024,Bronze,Midwest
CUST02829,Eric Vargas,,,2025-04-18,Bronze,Northeast
CUST02830,Ronald Kennedy,lauren53@example.net,001-505-779-8662x6923,2026-02-05,Bronze,South
CUST02831,Monica Smith,destinyrojas@example.org,,07-Sep-2025,Bronze,West
CUST02832,Catherine Bowman,dsteele@example.com,+1-331-325-2458x70131,21-May-2025,Silver,West
CUST02833,David Clark,robertsnow@example.net,+1-921-351-5694x4387,30-May-2025,Bronze,Northeast
CUST02834,Franklin Sutton,michaelhorton@example.net,+1-891-605-4825x62739,11/23/2024,Silver,West
CUST02835,Savannah Jordan,aarongreene@example.org,+1-768-378-4277,02/15/2025,Silver,South
CUST02836,Jeremiah Taylor,vcallahan@example.com,8667991285,2025-08-17,Bronze,West
CUST02837,Blake Mitchell,jamiecannon@example.org,,09/02/2024,Silver,Northeast
CUST02838,Mark Weaver,tamara26@example.net,(418)506-0363,12-Nov-2025,Gold,West
CUST02839,Krista Camacho,brookedavis@example.com,(713)607-3987x1484,10-Feb-2025,Platinum,Northeast
CUST02840,Alyssa Marshall,kimberly77@example.com,714-565-1831x6332,19-Mar-2026,Gold,Midwest
CUST02841,Dana Hamilton,cookjessica@example.com,,14-Nov-2025,Bronze,Northeast
CUST02842,Jennifer Brown,lopezrebecca@example.com,2767660695,01-Dec-2025,Bronze,South
CUST02843,Travis Fisher,vwatson@example.org,(664)274-1412,04-Nov-2025,Silver,Northeast
CUST02844,Christie Graham,zachary35@example.net,,26-Jan-2026,Bronze,West
CUST02845,Adam Macias,adrianpalmer@example.org,(538)381-9392x7191,05/27/2026,Silver,West
CUST02846,Sheri Anderson,gcook@example.net,875-976-0180,2025-11-11,Bronze,West
CUST02847,Calvin Jenkins,carla15@example.org,+1-389-532-8166x51773,30-Aug-2024,Gold,Midwest
CUST02848,Regina Santana,darrellnguyen@example.net,,2026-06-09,Bronze,West
CUST02849,Megan Simmons,kristacooper@example.net,876.851.1825,30-Sep-2025,Gold,Northeast
CUST02850,James Carlson,gjackson@example.com,,31-Dec-2024,Platinum,Northeast
CUST02851,Jennifer Nichols,justinyoung@example.com,8339460749,23-Feb-2025,Bronze,South
CUST02852,Patrick Patterson,kevin48@example.org,,09/22/2024,Bronze,West
CUST02853,Sarah Freeman,danielmartinez@example.com,688-877-4050x31513,2025-03-30,Bronze,South
CUST02854,Mary Morris,bharvey@example.net,001-738-574-4771x3412,2025-10-11,Gold,Midwest
CUST02855,Melissa Valenzuela,josephguerra@example.org,(957)229-9766x56206,25-Mar-2026,Bronze,Midwest
CUST02856,Crystal Werner,fwyatt@example.com,441-208-4397x118,04/19/2026,Silver,West
CUST02857,Thomas Hill,matthewcampos@example.org,817.732.0310x6664,2024-09-09,Silver,Northeast
CUST02858,Tara Wells,pmoran@example.net,988.384.5879x579,2024-09-11,Bronze,West
CUST02859,Angelica Lowery,,,2025-09-12,Bronze,South
CUST02860,Austin Dillon,galvanbrianna@example.org,,2026-02-04,Bronze,Midwest
CUST02861,Laura Gomez,ryandebra@example.net,001-432-278-6686x89984,2024-07-16,Silver,West
CUST02862,James Patrick,maywendy@example.com,,04/29/2026,Silver,Northeast
CUST02863,Brent Fischer,navarrowhitney@example.com,,08-Mar-2026,Bronze,Northeast
CUST02864,Mrs. Gail Combs MD,thomas03@example.net,+1-796-510-8492x9704,2025-07-16,Silver,Midwest
CUST02865,Jeremy Jones,yjenkins@example.org,335-745-6143,23-Dec-2025,Bronze,Midwest
CUST02866,Sydney Sims,angela99@example.net,(231)420-0859x040,01/20/2025,Bronze,South
CUST02867,Joanne Lewis,isaac37@example.net,,28-Dec-2024,Silver,South
CUST02868,Edwin Schultz,bryan71@example.net,001-476-421-7794,2024-09-10,Silver,Midwest
CUST02869,Kathleen Simpson,amber21@example.net,617-850-7963x13240,16-Feb-2026,Gold,Midwest
CUST02870,Jennifer Schneider,christopher66@example.org,514.957.0658x6862,07/08/2025,Silver,West
CUST02871,Joan Davis,emartinez@example.net,001-993-291-7670,02-Jul-2024,Bronze,Midwest
CUST02872,Jeffrey Hensley,jilltorres@example.org,,05/19/2025,Bronze,West
CUST02873,Donna Gonzalez DDS,robinsonamy@example.net,+1-606-946-5949x1868,11/21/2025,Bronze,South
CUST02874,Cheryl White,jenniferthomas@example.com,+1-968-770-3755,01/25/2026,Silver,West
CUST02875,John Steele,neaton@example.org,001-524-464-3081,18-Oct-2024,Silver,Midwest
CUST02876,Joe Smith,taylorrobert@example.com,,12/31/2025,Platinum,Northeast
CUST02877,Jacqueline Hodges,mary55@example.net,+1-973-814-9266x2247,07/02/2024,Gold,Midwest
CUST02878,Brittany Becker,olsonchad@example.org,(545)888-6417,2025-09-20,Silver,South
CUST02879,Mary Sherman,katelynsalazar@example.org,583.838.7688,07/16/2025,Silver,West
CUST02880,Brittany Hunt,uclark@example.com,+1-916-552-2350,15-Jun-2025,Silver,Midwest
CUST02881,Crystal Welch,danielmunoz@example.org,(284)896-0334x2995,2025-06-04,Silver,South
CUST02882,Mrs. Mary Hamilton DDS,colescott@example.net,786.973.9718x190,2025-01-10,Silver,Midwest
CUST02883,Travis Andrews,jeffward@example.net,640.962.4261x0332,06/29/2025,Silver,Midwest
CUST02884,Brian Herrera,mendezmadison@example.com,932-494-0635,01/09/2025,Bronze,West
CUST02885,Damon Pierce,zcannon@example.com,+1-285-800-7284x38580,13-May-2025,Bronze,West
CUST02886,Melissa Martin,deanna50@example.com,,17-Aug-2024,Bronze,Northeast
CUST02887,Allen Gordon,wadkins@example.net,+1-875-343-4536x499,12/04/2025,Bronze,Midwest
CUST02888,Dr. Kenneth Fields,kthomas@example.org,001-264-461-5330x027,06/01/2025,Bronze,South
CUST02889,Anthony Bradford,nballard@example.com,001-269-338-0514x53869,05/10/2026,Bronze,West
CUST02890,Shelley Moore,jimenezmonica@example.org,5694915585,2026-03-23,Bronze,West
CUST02891,Dawn Kelly,nmorgan@example.org,,2024-10-01,Bronze,Northeast
CUST02892,William Duke,,,2025-02-11,Silver,South
CUST02893,Chelsey Solis,diana76@example.net,,11-Sep-2025,Silver,Midwest
CUST02894,Anthony Arnold,,869-559-0705x69510,2025-04-26,Bronze,South
CUST02895,Richard Morton,tcarter@example.net,+1-611-773-0699x3821,10/05/2024,Bronze,Midwest
CUST02896,Zachary Stone,ktaylor@example.org,7282405218,02/19/2025,Gold,South
CUST02897,Kristin Lopez,duncanedward@example.com,3486589654,15-Jan-2025,Silver,Midwest
CUST02898,Shane Stephens,tgomez@example.com,692-970-5487,07/27/2024,Bronze,Northeast
CUST02899,Christian Johnson,bassphilip@example.org,,31-Aug-2025,Silver,South
CUST02900,Mrs. Jenna Rodriguez MD,taylorpamela@example.net,,2026-01-19,Gold,Midwest
CUST02901,George Butler,michele60@example.com,7599085576,2025-07-28,Gold,South
CUST02902,Samantha Alvarez,brandymcintosh@example.com,843.272.9903x5219,09/05/2025,Bronze,West
CUST02903,Jesus Knox,tyler42@example.com,+1-932-511-1902x66237,2026-06-24,Bronze,West
CUST02904,Ashley Robinson,adrianescobar@example.net,514.652.3780,04/08/2025,Gold,West
CUST02905,Nancy White,,742.256.5686x680,2024-07-23,Gold,West
CUST02906,Susan Johnston,samantha38@example.org,275-901-5438x57818,05/28/2025,Bronze,West
CUST02907,Michelle Hill,lloydnichole@example.net,751-644-6619,09/19/2024,Silver,South
CUST02908,Aaron Houston,robert26@example.com,,09-May-2025,Silver,Midwest
CUST02909,Donna Bowers,jimmy63@example.com,666.459.9599x0234,12/17/2024,Bronze,South
CUST02910,Ashley Patterson,patrickcompton@example.net,591-786-1462x8836,2025-07-27,Bronze,West
CUST02911,James Clark,barrettchristopher@example.org,935-661-1702,12-Jun-2025,Bronze,Northeast
CUST02912,Jesus Rivas,seangoodman@example.org,001-791-676-1968x22588,10/26/2025,Silver,South
CUST02913,Mark Potter,htorres@example.com,774-807-3972x9617,06-Mar-2025,Bronze,West
CUST02914,Mr. Samuel Cruz,joycebaker@example.com,318-409-5455,2025-01-27,Bronze,South
CUST02915,Carl Rubio,larryking@example.org,(717)406-4914x45337,15-Jul-2024,Silver,Midwest
CUST02916,Jane Davis,geverett@example.com,+1-541-657-3376x84091,08/22/2024,Bronze,Midwest
CUST02917,Benjamin Montgomery MD,timothy14@example.com,549-951-4955,2026-03-18,Silver,Northeast
CUST02918,Andrew Wiggins,brookesimmons@example.org,408.543.8816x84827,10/19/2025,Bronze,South
CUST02919,Kristopher Johnson,frenchjennifer@example.com,245-303-0060x451,2026-03-04,Bronze,South
CUST02920,Daniel Johnson,ylittle@example.org,,2025-12-03,Silver,Midwest
CUST02921,Zachary White,kimberlywalker@example.com,+1-950-543-2605x904,03/17/2025,Gold,Midwest
CUST02922,Charles Barnes,,+1-554-793-0539x73451,11-Feb-2026,Silver,Northeast
CUST02923,Elizabeth Fisher,tholloway@example.org,+1-389-872-7405x143,2025-01-29,Silver,West
CUST02924,Lisa Bond,ryanbarnes@example.net,4254426006,2024-10-30,Bronze,Midwest
CUST02925,Christina Rosales,amandacarlson@example.net,,2025-02-05,Silver,Northeast
CUST02926,Kristina Jackson,caleb74@example.com,729-849-7756x55128,11/25/2024,Bronze,Northeast
CUST02927,John Henderson,fbrown@example.net,7125213387,2025-10-11,Gold,South
CUST02928,Deborah Jones,jillian35@example.com,+1-757-449-8839x68382,2025-03-28,Bronze,Northeast
CUST02929,Andrew Vincent,hannah52@example.org,(417)634-6606x899,08-Jun-2025,Silver,Northeast
CUST02930,Karen Flores,smithbrandon@example.org,,07/29/2024,Bronze,West
CUST02931,Alejandro White,baldwinjason@example.com,(712)616-9832x328,10-Sep-2024,Silver,West
CUST02932,Taylor Ortiz,courtneygutierrez@example.net,(214)645-3715,02/20/2025,Silver,West
CUST02933,Jenna Stephens,gsnyder@example.org,001-811-559-1326x84232,03/04/2025,Bronze,West
CUST02934,Jennifer Becker,jameshughes@example.net,,2025-08-15,Silver,South
CUST02935,Andrew Koch,sean97@example.org,,11/06/2024,Bronze,South
CUST02936,Ariel Carter,devin87@example.com,+1-826-302-3564x0930,2025-09-11,Silver,Midwest
CUST02937,John Castro,zhurley@example.net,001-699-938-1919,2025-01-15,Bronze,Midwest
CUST02938,David Hopkins,johnsonkeith@example.com,217-458-6373x53327,2025-07-03,Bronze,Midwest
CUST02939,Lindsey Ortiz,zmason@example.net,(384)631-1621x065,11/23/2025,Bronze,West
CUST02940,Joel Cobb,rgross@example.com,001-931-705-5771x0302,2025-08-22,Bronze,Northeast
CUST02941,Thomas Gardner,amy97@example.net,,15-Nov-2024,Gold,South
CUST02942,Joseph Harris,jacobgreen@example.com,001-352-212-5860x62098,11/10/2025,Gold,West
CUST02943,Kenneth Melton,stewartlauren@example.com,001-614-405-0850x1347,08-Jun-2026,Silver,Northeast
CUST02944,Susan Bowers,charles22@example.com,272-654-3924x5396,10/01/2024,Bronze,South
CUST02945,Troy Chavez,devon39@example.net,001-368-452-7682x091,2024-10-20,Bronze,Northeast
CUST02946,Patricia Price,nicole80@example.net,702.309.7909x6351,08/24/2024,Bronze,Midwest
CUST02947,Daniel Wilson,taylormegan@example.org,579.970.8604,01/08/2026,Bronze,West
CUST02948,Krista White,james17@example.org,4157333003,05/25/2026,Bronze,Northeast
CUST02949,Rhonda Nelson,sabrina13@example.org,615-619-6839,10/24/2024,Silver,Northeast
CUST02950,Jeffrey Miller,nicole09@example.net,7345913156,19-Mar-2026,Silver,Northeast
CUST02951,Jessica Miller,ttorres@example.org,714-452-2823x25348,02/21/2026,Bronze,West
CUST02952,Pamela Carroll,caitlin65@example.com,658.233.5219x706,2026-05-27,Bronze,Midwest
CUST02953,Charles Spears,morrisblake@example.com,978-230-7501x632,05/30/2026,Bronze,Northeast
CUST02954,Laura King,lowedavid@example.net,+1-663-564-2721x2645,2025-04-09,Bronze,Midwest
CUST02955,Matthew Saunders,tmendoza@example.com,926.498.6301x3332,2026-02-12,Bronze,South
CUST02956,April Davidson,ewade@example.org,+1-696-914-9491x851,2025-03-16,Bronze,Northeast
CUST02957,Vanessa Stevenson,amyaguilar@example.com,001-826-306-8228x795,2025-02-09,Bronze,Midwest
CUST02958,Adam Mcintyre,xjones@example.net,(793)225-7890,2025-05-05,Silver,South
CUST02959,Anthony Warner,justingoodman@example.com,001-711-320-2730x2385,11/19/2025,Platinum,South
CUST02960,Mark Jarvis,marshalldylan@example.org,735.382.3398,15-Sep-2024,Bronze,South
CUST02961,David Duran,ehines@example.org,+1-479-527-8767,12-Apr-2025,Silver,South
CUST02962,Michelle White,wpacheco@example.com,214-844-8657x43062,2025-07-20,Bronze,Northeast
CUST02963,Michael Richard,lisa91@example.net,572.502.9811x30084,31-Aug-2025,Bronze,West
CUST02964,Dr. Lauren Dunn PhD,haynescynthia@example.net,(433)905-0749x50443,09/09/2024,Bronze,Midwest
CUST02965,Carol Hansen,thomasabigail@example.net,716-316-9362x408,2026-05-20,Gold,Midwest
CUST02966,Jessica Anderson,gonzalezalexis@example.net,374-710-3762x26594,2024-10-02,Silver,South
CUST02967,Rebecca Clark,christopher63@example.com,581.416.4466x8471,12-Nov-2025,Bronze,Northeast
CUST02968,Rebecca Garcia,claymarilyn@example.net,358-351-1858,23-Feb-2026,Bronze,South
CUST02969,Dustin Williams,katiewood@example.com,,10/06/2025,Gold,Midwest
CUST02970,Jennifer Martin,davisjoseph@example.org,+1-912-835-6316,04/15/2025,Gold,Northeast
CUST02971,Brandon Hoffman,stevenkemp@example.net,+1-547-587-1819,02/09/2025,Gold,West
CUST02972,Jill Williams,smithlisa@example.net,001-347-330-8028x213,2025-11-21,Bronze,Midwest
CUST02973,Carrie Soto,guerrakevin@example.org,6444469789,01-Feb-2026,Bronze,Northeast
CUST02974,Connie Riley,hodgessarah@example.net,,26-May-2025,Bronze,West
CUST02975,Monica Perez,michael04@example.org,,24-Sep-2025,Silver,Northeast
CUST02976,Brandon Soto,,307.866.1706,2025-11-12,Bronze,South
CUST02977,Nicholas Bond,laura82@example.net,3988728481,23-Aug-2025,Bronze,Northeast
CUST02978,Courtney Campbell,,805-557-2477x213,10/17/2025,Bronze,Northeast
CUST02979,Alexander Stanton,russellstephanie@example.com,001-341-972-3190,2024-08-10,Silver,West
CUST02980,Jessica Colon,csanchez@example.org,285-689-3584,06/16/2025,Silver,Northeast
CUST02981,Tanya Benson,wilcoxlinda@example.com,965-364-1656x66715,2026-06-08,Bronze,South
CUST02982,Brenda Pineda,garciahaley@example.org,001-458-793-5967x926,08-Dec-2025,Bronze,Midwest
CUST02983,Gregory Fisher,anthony33@example.com,,03/28/2026,Silver,West
CUST02984,Lori Brewer,pittmanrobert@example.net,(583)404-3422x99785,23-Feb-2026,Bronze,West
CUST02985,Michael Brown,jefferyaguilar@example.net,809.704.0037,08/08/2025,Silver,Midwest
CUST02986,Tamara Douglas,rodriguezkevin@example.com,,2025-05-12,Bronze,Northeast
CUST02987,Brittany Bell,vjohnson@example.net,,2024-08-03,Platinum,Midwest
CUST02988,Anthony Fleming,kmoss@example.org,,01/14/2025,Silver,Midwest
CUST02989,Larry Jones,blackjames@example.net,(948)983-6269x61636,2026-04-07,Gold,South
CUST02990,Michael Flores,rbaldwin@example.net,001-342-669-1548x978,09/09/2024,Silver,South
CUST02991,Garrett Martin,egoodwin@example.org,(308)875-5056x244,2025-05-19,Bronze,South
CUST02992,Michelle Shields,perezaudrey@example.net,287.307.4142,12/23/2024,Silver,West
CUST02993,Robyn Clarke,jason28@example.net,001-414-504-6247x86357,04/26/2025,Bronze,South
CUST02994,Thomas Hall,allenlucas@example.com,868-343-2109x5496,21-Jun-2025,Bronze,Midwest
CUST02995,Mary Brown,,390.999.1998x4676,07/14/2024,Bronze,West
CUST02996,Bailey Goodwin,jenniferbell@example.net,(457)262-1090,2025-03-10,Gold,Midwest
CUST02997,Shannon Dickson,nathaniel00@example.com,841-456-6305x7275,02/05/2026,Gold,Midwest
CUST02998,Chelsea Martin,kflores@example.org,+1-539-905-3701,29-Nov-2025,Bronze,South
CUST02999,Alyssa Bender,qlopez@example.org,(748)893-2377,2025-06-24,Bronze,Midwest
CUST03000,Denise Bennett,james24@example.org,001-948-642-6898x80775,15-May-2025,Gold,South
CUST03001,Gerald Brady,preston45@example.org,001-792-342-7934x68298,17-Apr-2025,Silver,Midwest
CUST03002,Michael Henry,markmiller@example.com,986.834.1448x7774,2026-01-18,Bronze,South
CUST03003,Mary Jones,leealexandria@example.com,001-427-279-6068x88674,2025-02-26,Bronze,Northeast
CUST03004,Mary Skinner,snichols@example.com,(821)763-4651,2026-01-14,Bronze,West
CUST03005,Brady Brown,rhodesjesus@example.net,(898)779-0868,26-Jan-2026,Silver,South
CUST03006,Dawn Massey,logancurtis@example.org,001-659-339-6701x55226,12/20/2025,Bronze,Northeast
CUST03007,James Lester,eric95@example.net,987.335.1683x2022,30-Aug-2024,Bronze,South
CUST03008,Kathryn Brown,,749-780-0847,2025-03-20,Platinum,West
CUST03009,Danielle Parks,edwardwhite@example.net,,2024-08-19,Platinum,South
CUST03010,Matthew Cooke,robertcarpenter@example.net,998-535-9808x469,10/09/2024,Bronze,South
CUST03011,Mrs. Emily Nelson,ronald71@example.net,670.724.4698,08/16/2025,Platinum,Midwest
CUST03012,Molly Guzman,bross@example.net,978-430-6264x6588,2026-06-19,Gold,West
CUST03013,Eric Velez,christopherluna@example.net,320-392-7493x909,13-Oct-2024,Silver,Northeast
CUST03014,Tyler Jones,huertadeanna@example.net,,16-Mar-2025,Bronze,West
CUST03015,Jordan Johnson,,,28-Jan-2025,Silver,Midwest
CUST03016,James Rivera,tracysmith@example.net,277.951.9003x226,12/24/2024,Bronze,West
CUST03017,Julie Burgess,eugenemcdonald@example.com,+1-546-543-1032,2025-08-02,Silver,South
CUST03018,Heather Scott,eespinoza@example.org,6587582196,13-Sep-2025,Silver,Northeast
CUST03019,Kimberly Taylor,christophertaylor@example.net,425-558-8983,2024-07-16,Platinum,Northeast
CUST03020,Debra Anderson,tanner67@example.org,379.324.4547x597,12/16/2024,Platinum,Northeast
CUST03021,Robert Steele,fmcbride@example.org,802-542-6459,21-Aug-2025,Silver,West
CUST03022,Jeffery Mitchell,jeanneaguirre@example.net,5354858726,19-Nov-2025,Bronze,Northeast
CUST03023,Andrew Lopez,obrienpaul@example.org,,2024-09-19,Bronze,Midwest
CUST03024,David Harrington,sarahblack@example.net,8737664970,2025-08-26,Gold,Northeast
CUST03025,Monica Vega,hartrichard@example.net,333-356-2395x021,04/05/2026,Bronze,Midwest
CUST03026,Kaitlyn Parks DVM,medinadonald@example.org,7538220893,19-Jun-2026,Bronze,South
CUST03027,Kenneth Johnson,creyes@example.org,3143782475,04/21/2026,Bronze,West
CUST03028,Andrew Myers,brian68@example.net,+1-785-276-0273x1603,21-Oct-2024,Bronze,Northeast
CUST03029,Seth Smith,davidford@example.org,001-852-841-6945x646,06-Jun-2025,Gold,West
CUST03030,Tara Dennis,robert14@example.org,001-984-600-0013x743,06/22/2025,Silver,Midwest
CUST03031,Peter Allen,jameswhite@example.com,,2026-03-10,Bronze,South
CUST03032,Melinda Norris,,276.322.3345,03/07/2025,Silver,West
CUST03033,Johnny Wood,blutz@example.org,,07/31/2024,Gold,Northeast
CUST03034,Amanda Eaton,phelpsdavid@example.com,,27-Oct-2024,Silver,Northeast
CUST03035,Kathryn Goodwin,colleenharris@example.com,291.240.2696x31555,02-Jul-2025,Platinum,South
CUST03036,Raymond Murray,arroyojason@example.net,001-238-323-7084x44685,30-Oct-2025,Bronze,South
CUST03037,Anita Hunter,melissa84@example.org,+1-532-964-5701x773,2025-10-25,Gold,Northeast
CUST03038,Jay Lee,reedkristy@example.net,912.779.3108x2627,2025-05-02,Silver,West
CUST03039,Monica Jacobs,hamiltonandrew@example.org,469.360.9566x11828,11/27/2025,Platinum,South
CUST03040,Mrs. Jessica Robinson,andrewsnyder@example.org,863.314.9289,07/12/2025,Bronze,Northeast
CUST03041,Matthew Flores,ngardner@example.com,549-264-2206x99255,08-Jul-2024,Bronze,Midwest
CUST03042,Hannah Brown,orichardson@example.org,549-310-8853x488,2026-04-13,Bronze,Northeast
CUST03043,Stephanie Alexander,sharisingleton@example.com,334.907.9328x18167,05/26/2025,Gold,Midwest
CUST03044,Adam Mitchell,brianhendricks@example.org,(217)245-7417x91848,2026-01-29,Bronze,South
CUST03045,Adrian Mckenzie,johnbass@example.net,+1-421-348-9040x1139,16-Mar-2025,Gold,Northeast
CUST03046,Sharon Hobbs,stevenvasquez@example.org,343-776-4561x846,20-Apr-2026,Gold,South
CUST03047,Natasha Gonzalez,nraymond@example.com,570-591-4871x9290,2026-05-19,Gold,Northeast
CUST03048,Sarah Bennett,emartinez@example.net,+1-496-981-2666x9916,2026-03-26,Silver,South
CUST03049,Megan Shaw,yhorton@example.com,,2025-05-29,Gold,Northeast
CUST03050,Elizabeth Ryan,mwatson@example.com,759.277.6738x007,12/16/2025,Gold,West
CUST03051,Casey Rios,kimberlyyoung@example.org,001-834-774-1267,24-May-2025,Gold,Midwest
CUST03052,Matthew Stephens,jose60@example.net,001-952-417-3213x3058,03-Feb-2026,Gold,Northeast
CUST03053,Stacy Bird,briannamontoya@example.com,,2026-01-18,Silver,Midwest
CUST03054,Kathryn Montgomery,brianmills@example.org,607.599.1906x2315,15-Jan-2026,Silver,West
CUST03055,Blake Serrano,,770-884-8671x1724,12/22/2024,Silver,Midwest
CUST03056,James Cobb,bookerjohn@example.com,(467)924-0896,08/11/2024,Bronze,West
CUST03057,Danielle Boone,nancy66@example.com,2196187171,01/25/2026,Bronze,West
CUST03058,Laura George,alvarezchristian@example.net,+1-780-222-1318x960,2024-11-17,Silver,Northeast
CUST03059,Brian Mclean,wellskenneth@example.com,001-541-746-5545x123,23-Mar-2025,Bronze,Northeast
CUST03060,Riley Fischer,baileyrobert@example.org,8367338648,07/14/2024,Silver,Midwest
CUST03061,Edward Clark,rachelstewart@example.net,9192165364,09-Feb-2026,Bronze,Northeast
CUST03062,Lisa Richard,owashington@example.org,841.645.2448,2026-01-13,Silver,West
CUST03063,Robert Robinson,duncanelizabeth@example.org,(718)340-6392x946,2026-01-20,Silver,Midwest
CUST03064,Thomas Miller,evansdiana@example.org,(364)438-4709,2025-10-15,Bronze,South
CUST03065,Timothy Davis,ptrevino@example.net,,05-Nov-2025,Silver,Northeast
CUST03066,Mary Meyers,lmartinez@example.org,(686)357-1192,10/11/2024,Bronze,South
CUST03067,Susan Lewis,pattersonmonica@example.net,983-392-4516,25-Jun-2025,Bronze,West
CUST03068,Michael Berry,henrylisa@example.org,329.723.3591x3353,28-Dec-2024,Bronze,West
CUST03069,Michael Daniels,tball@example.com,(404)409-4147x716,08/26/2024,Bronze,West
CUST03070,Donna Hughes,lisadavis@example.org,(529)470-3864x7322,2026-05-30,Silver,South
CUST03071,Scott Gonzalez,philipreese@example.org,,03/06/2025,Bronze,South
CUST03072,Gordon Taylor,ipugh@example.com,659.604.4741x7643,08/26/2024,Silver,Northeast
CUST03073,Kevin Contreras,hughesmarc@example.com,529.632.4448,12-Dec-2025,Bronze,Midwest
CUST03074,Trevor Wood,molinadenise@example.net,875.447.2815x706,03/10/2025,Platinum,South
CUST03075,Ashley Patterson,jacobturner@example.net,471.849.4872x484,2024-09-24,Bronze,Midwest
CUST03076,Joseph Avila,adamwalton@example.net,(208)408-2078,02-Nov-2024,Silver,Midwest
CUST03077,Ronald Kelly,smithjade@example.net,423-254-7913x027,31-Oct-2024,Bronze,Northeast
CUST03078,Alan Chambers,garyharper@example.org,(879)298-8359x432,12/17/2024,Silver,Northeast
CUST03079,Elizabeth Pierce,cwells@example.org,778.417.1506,2025-01-31,Bronze,South
CUST03080,Jordan Lutz,lydia20@example.net,915-612-2866x00999,26-Aug-2025,Gold,Midwest
CUST03081,Ashley Ramos,victoria03@example.com,887-637-2590x1259,2025-07-15,Bronze,Northeast
CUST03082,Peter Hale,qweaver@example.com,+1-671-954-2959x9571,02-Nov-2025,Bronze,South
CUST03083,Amber Mcdonald,,591-703-5336,2025-09-28,Silver,West
CUST03084,Timothy White,alex51@example.com,388-766-3143x87061,07-Feb-2025,Bronze,West
CUST03085,Yvette Rodriguez,cheryl91@example.net,(865)895-1733,05-May-2025,Silver,Northeast
CUST03086,Diana Davis,bvalenzuela@example.net,5194801106,2024-11-10,Bronze,South
CUST03087,Cynthia Cruz,tammy95@example.org,+1-789-681-9785x51791,29-Mar-2026,Bronze,Midwest
CUST03088,Justin Tyler,josephmorrison@example.com,+1-293-304-9408,25-Jul-2024,Bronze,Midwest
CUST03089,Kevin Morales,morrisonjacqueline@example.org,216.579.2664,2025-11-28,Bronze,Northeast
CUST03090,Aaron Elliott,riosryan@example.org,210.767.1091x79651,15-Sep-2025,Bronze,Midwest
CUST03091,Allison Reyes,jenniferroberts@example.com,(658)539-3185x665,01/03/2025,Bronze,South
CUST03092,Jordan Mcguire,,001-968-288-1078x63201,2025-10-01,Platinum,West
CUST03093,John Frank,marshallrodney@example.org,,2026-06-04,Silver,Northeast
CUST03094,George Schmidt,millerjoy@example.net,+1-612-677-6151x8078,01-Oct-2024,Silver,Midwest
CUST03095,Jeffrey Graves,,9043259765,11-Nov-2024,Bronze,Northeast
CUST03096,Shannon Gardner,zcarroll@example.com,696-214-9901,2025-11-17,Silver,South
CUST03097,Alison Torres,larry96@example.org,+1-952-816-5389x7390,2025-04-11,Gold,South
CUST03098,Howard Hernandez,,842-703-1579x970,01/23/2026,Silver,Midwest
CUST03099,Zachary Ramirez,,,03-Jan-2026,Silver,South
CUST03100,Jessica Hall,marklowe@example.net,(580)719-2271x66239,2024-11-09,Silver,Midwest
CUST03101,Bradley Bright,athompson@example.com,481-532-6135x42701,2024-11-25,Bronze,Northeast
CUST03102,Brandi Burton,williamsmark@example.net,704.567.4071,2024-12-17,Bronze,Midwest
CUST03103,Gina Phillips,marioperry@example.net,+1-575-831-8483,01/26/2025,Gold,West
CUST03104,Gregory Hoover,hking@example.com,,2025-12-30,Bronze,Northeast
CUST03105,Cory Carr,clarkdavid@example.org,,2025-05-13,Silver,West
CUST03106,Dr. Kayla Owens,huntmolly@example.org,001-555-574-1251x218,2025-01-28,Bronze,West
CUST03107,Angela Andrews,watkinskevin@example.net,001-955-376-6962x536,2024-09-13,Bronze,South
CUST03108,Chad Perez,hannah74@example.org,+1-475-465-9230x0224,16-Dec-2024,Silver,Midwest
CUST03109,Anna Esparza,jeremy33@example.net,001-451-499-9721x115,19-May-2025,Gold,West
CUST03110,Sara Mcpherson,jessicafisher@example.com,(242)601-1731x01091,2025-04-13,Gold,Northeast
CUST03111,Gary Wong,collinsmatthew@example.com,(986)551-0389x53722,23-Feb-2026,Bronze,Northeast
CUST03112,Nancy Smith,kristina24@example.com,,21-Jul-2025,Bronze,Northeast
CUST03113,Tanya Vasquez,ugeorge@example.net,(357)676-5439x59289,2025-05-05,Silver,West
CUST03114,Carol Douglas,matthew34@example.com,491-416-0847x818,28-Oct-2024,Gold,Northeast
CUST03115,Deborah Nelson,joshua48@example.com,356.694.4514x21572,2024-10-05,Silver,Midwest
CUST03116,Karen Robinson,nelsonrebecca@example.org,464.761.2395x545,11-Dec-2025,Silver,Northeast
CUST03117,Sara Alexander,hollowaylaura@example.com,+1-830-497-8039x9346,08/07/2024,Silver,Northeast
CUST03118,Warren Gould,montoyachristopher@example.net,+1-593-682-8918x3507,2025-07-23,Gold,Northeast
CUST03119,Gina Cox,whicks@example.org,+1-414-962-7856x62176,2026-03-31,Bronze,Midwest
CUST03120,David Wagner,mullenkevin@example.com,,2025-04-25,Silver,Northeast
CUST03121,Heather Fletcher,brittany75@example.org,+1-701-244-6338x4554,2024-09-04,Silver,South
CUST03122,Brenda Solomon,anita31@example.org,5592308989,06/27/2026,Bronze,Northeast
CUST03123,Martha Lopez,martinstephanie@example.com,576-469-7068,07-Aug-2025,Bronze,Northeast
CUST03124,Jason Roberts,wadecarmen@example.net,373.454.9625x9590,05-Sep-2024,Gold,Northeast
CUST03125,Thomas Williams,matthewking@example.org,(246)569-3706x75644,2025-10-03,Bronze,South
CUST03126,Christopher Wilson,renee57@example.org,7557532168,17-Feb-2025,Bronze,Midwest
CUST03127,Rodney Larson,alexander83@example.net,(807)822-8849x9392,04-Jul-2025,Bronze,South
CUST03128,Annette Ross,shelia28@example.com,943-205-2361x4163,2025-06-01,Silver,Midwest
CUST03129,Thomas Thornton,williamstiffany@example.net,(902)394-0799x397,08/04/2024,Bronze,Northeast
CUST03130,Jacob Garcia,kelsey05@example.com,(648)978-4041,06/06/2026,Silver,Northeast
CUST03131,Michael Villarreal,kfreeman@example.com,556-999-2291,04-Oct-2025,Bronze,Northeast
CUST03132,Lori Sanders,,,17-Jul-2025,Bronze,Midwest
CUST03133,Elizabeth Woods,onorris@example.org,001-499-947-9141x59284,2026-04-03,Bronze,South
CUST03134,Mrs. Sarah Ramirez MD,kimberlyramirez@example.com,001-367-385-6371x6436,07-Sep-2024,Bronze,West
CUST03135,Joseph Matthews,vicki24@example.org,516.487.4782x5634,2025-02-22,Platinum,South
CUST03136,Samuel Johnson,heatherglover@example.net,+1-314-710-1120x17474,2025-11-13,Silver,West
CUST03137,Anne Chapman,olivia38@example.org,(212)245-8247,2025-12-29,Silver,Northeast
CUST03138,Christopher Holmes,shane36@example.net,625-842-4702x6915,22-Apr-2025,Gold,West
CUST03139,Bonnie Atkins,lhampton@example.net,622.631.8708x633,2025-03-13,Silver,Midwest
CUST03140,Theresa Sawyer,dunnashley@example.net,,2024-07-15,Gold,West
CUST03141,Jose Osborn,mgraves@example.net,5288440278,17-Nov-2025,Gold,Northeast
CUST03142,Kristen Velez,christine41@example.net,+1-447-890-4475x15379,13-Apr-2026,Bronze,West
CUST03143,Peter Smith,johnholmes@example.org,+1-700-729-7806x78246,25-Nov-2024,Bronze,Midwest
CUST03144,Brittany Cisneros,andersonamy@example.com,,09/28/2025,Bronze,Northeast
CUST03145,Trevor Weiss,kimstein@example.net,(632)372-3442,17-Apr-2026,Bronze,Midwest
CUST03146,Sarah Black,kingamy@example.net,+1-848-322-3322x846,12-Sep-2025,Silver,West
CUST03147,Angela Romero,mirandaricardo@example.org,,05/14/2026,Silver,Midwest
CUST03148,Cynthia Perez,jennifer21@example.com,(954)647-2270x048,14-Jan-2026,Bronze,Northeast
CUST03149,Christopher Cooper,ngonzalez@example.com,885-208-3743x200,2026-02-26,Bronze,Northeast
CUST03150,Danielle Fowler,bfreeman@example.net,+1-567-558-5987x71573,28-Feb-2025,Bronze,South
CUST03151,Daniel Cannon,lopezamanda@example.net,001-340-456-9476,06/03/2025,Gold,Northeast
CUST03152,Kelly Hernandez,murraycrystal@example.org,880-399-5224x275,27-Mar-2026,Silver,South
CUST03153,Stephanie Griffin,millermelissa@example.net,9116755567,2025-06-15,Platinum,Northeast
CUST03154,Andrew Barnes,michelle49@example.net,690.471.6778x80302,12/07/2024,Bronze,South
CUST03155,April Gillespie,jeffreymartinez@example.net,715.650.3930x3803,28-Nov-2024,Silver,Northeast
CUST03156,Danielle Fitzgerald,hernandezjennifer@example.com,001-904-588-8198x759,10/09/2024,Bronze,Midwest
CUST03157,Kevin Baxter,nfox@example.net,(283)898-6391,08-Nov-2024,Platinum,West
CUST03158,Jeffrey Stevens,clozano@example.org,+1-916-291-9486,06-Jun-2025,Silver,Northeast
CUST03159,Logan Medina,qbradford@example.com,991-418-5101x542,02/21/2025,Bronze,Midwest
CUST03160,Crystal Doyle,foxderek@example.net,423-902-2727x5215,01/19/2026,Bronze,South
CUST03161,Taylor Estrada,cesarmartinez@example.com,941.966.3826,2026-01-03,Bronze,Midwest
CUST03162,Jessica Marshall,krodriguez@example.net,001-846-505-3465x740,2025-01-06,Bronze,West
CUST03163,Tiffany Harrington,sdavis@example.com,001-262-392-9177x36053,2024-09-01,Silver,Midwest
CUST03164,Andrew Atkinson,hfernandez@example.net,,27-Feb-2026,Bronze,Midwest
CUST03165,Jason Woods,chad87@example.net,001-403-422-5081x9339,2025-06-12,Bronze,West
CUST03166,Mariah Russo,donna54@example.com,627.287.9244x7717,2025-04-24,Gold,West
CUST03167,James Carroll,david06@example.org,376.498.2376,02/17/2025,Bronze,West
CUST03168,Shannon Franco,rhondastephens@example.net,001-779-309-1281x21263,24-Mar-2025,Gold,Northeast
CUST03169,Andrew Choi,tjackson@example.com,001-419-633-5628x44372,2024-07-21,Platinum,Northeast
CUST03170,Sharon Kelly,brianbaker@example.org,9918828124,10/24/2025,Bronze,Midwest
CUST03171,Robert Owens,anthonymata@example.com,(394)509-9375,2025-06-20,Bronze,West
CUST03172,Melanie Bautista,alyssa41@example.net,+1-267-699-1845x192,06/24/2026,Bronze,South
CUST03173,Hayley Clarke,christopher94@example.org,(768)445-9340x107,05-Aug-2025,Gold,Northeast
CUST03174,Vanessa Williamson,donaldsheppard@example.com,750.622.5931x2272,04/03/2026,Bronze,South
CUST03175,Laura Diaz,colleen30@example.com,,08/25/2025,Silver,Northeast
CUST03176,Erin Harrington,jrasmussen@example.org,+1-567-278-3907x516,19-Apr-2025,Bronze,South
CUST03177,Paul Howell,alexander90@example.com,272.529.1764,04/18/2025,Bronze,Northeast
CUST03178,Michael Kelly,anthony29@example.org,+1-456-450-5848x414,07/28/2025,Bronze,Midwest
CUST03179,Michelle Johnson,denniswatkins@example.com,517-248-6369,13-Mar-2025,Bronze,Midwest
CUST03180,Victor Wells,jeremy17@example.com,+1-531-372-6108x456,01/02/2026,Bronze,South
CUST03181,Michael Mcpherson,mirandarobert@example.org,389.897.5585x37997,01-Dec-2025,Bronze,West
CUST03182,Amanda Sullivan,garciaandrea@example.net,,08/08/2025,Silver,South
CUST03183,Eric Wells,christopherbowman@example.net,001-554-657-4770x60855,07/29/2025,Bronze,Northeast
CUST03184,Jason Mullins,sarahnash@example.net,,24-Mar-2025,Bronze,Northeast
CUST03185,Tyler Barber,ronald27@example.com,3152626699,2026-02-20,Silver,Midwest
CUST03186,William Matthews,williamsmark@example.com,516.446.0664,22-Dec-2024,Bronze,Northeast
CUST03187,Michael Ryan,jessicawalker@example.net,449-432-5485,2025-12-26,Bronze,Midwest
CUST03188,Renee Jordan,jared79@example.com,001-510-490-0281x000,2025-12-27,Bronze,South
CUST03189,Samuel Owens,romerowilliam@example.com,449-691-6277x650,12-May-2026,Silver,West
CUST03190,Antonio Miller,lisaberry@example.com,953.875.9271,12/26/2025,Bronze,Midwest
CUST03191,Jamie Roberts,jasonjohnson@example.net,2705177446,02/01/2025,Bronze,Northeast
CUST03192,Jaime Andrews,apaul@example.com,+1-631-923-3153,02-Apr-2025,Bronze,West
CUST03193,John Jones,francotammy@example.org,451.541.6486x689,2025-09-18,Bronze,Midwest
CUST03194,Shane Lee,seanlong@example.org,349.663.5550x12199,05-May-2026,Bronze,Northeast
CUST03195,Leah Anderson,nicolerogers@example.com,201.796.5497,01/29/2026,Silver,Northeast
CUST03196,Donna Scott,greendylan@example.org,,07/04/2024,Platinum,Northeast
CUST03197,Philip Gordon,csmith@example.org,260.642.1210,2025-04-23,Gold,West
CUST03198,Mr. Charles Williams,foxandrea@example.com,625-656-8622x2905,2026-02-08,Bronze,West
CUST03199,Alan Richmond,mjimenez@example.net,(693)969-0706,10/12/2024,Gold,South
CUST03200,Peter Richmond,staceychen@example.net,+1-551-275-2047x70048,13-Nov-2025,Silver,West
CUST03201,Carlos Hutchinson,michaellewis@example.org,543.683.2622x506,2025-07-22,Silver,South
CUST03202,Steven Frazier,paulahall@example.org,246-746-7503,22-Dec-2025,Bronze,South
CUST03203,Angela Stewart,bryanrichards@example.org,2102443305,17-Feb-2026,Gold,Midwest
CUST03204,Rebekah Wilkins,alvaradomary@example.net,7087768486,2025-07-16,Bronze,Midwest
CUST03205,Christopher Lopez,hgonzales@example.com,,06/06/2025,Bronze,Northeast
CUST03206,Jeffrey Tate,larry29@example.org,675.401.9325x2674,18-Mar-2026,Bronze,West
CUST03207,Carrie Coleman,austinpatricia@example.org,481.249.8714,12/16/2025,Platinum,Northeast
CUST03208,Mary Bryant,ocole@example.org,(840)449-3863,2026-01-01,Bronze,Midwest
CUST03209,Tamara Morgan MD,jessicagonzalez@example.com,776.630.6585x8276,05-May-2026,Silver,South
CUST03210,Jasmine Ponce,reeddana@example.net,001-373-603-7858,31-Oct-2025,Bronze,Northeast
CUST03211,Sherri Collins,sherylwarren@example.net,768.276.1907,2025-02-16,Gold,West
CUST03212,Timothy Reed,michael10@example.com,,2026-05-10,Gold,West
CUST03213,Lori Martinez,mpope@example.com,315-988-9017,2026-02-28,Bronze,South
CUST03214,Stephanie Colon,nicolehunter@example.net,,24-Sep-2024,Bronze,West
CUST03215,Caroline Marks,brianwilliams@example.net,616-597-6905,01-Mar-2025,Bronze,Midwest
CUST03216,Jared Arnold,,(519)447-1902,06/28/2025,Bronze,Midwest
CUST03217,Todd Terry,daviddodson@example.com,+1-721-823-0348x990,12/02/2025,Silver,Northeast
CUST03218,Christine Arellano,ramoskimberly@example.org,001-904-563-1186x7019,03/13/2025,Bronze,Midwest
CUST03219,Elizabeth Phillips,danielrodriguez@example.org,(654)370-9973,12/20/2024,Gold,South
CUST03220,Rebecca Randolph,heather76@example.com,,2025-12-30,Gold,Midwest
CUST03221,Mr. Russell Cruz,crystalnelson@example.com,+1-213-914-5394,2026-02-26,Silver,West
CUST03222,Sabrina Alexander,jessica58@example.com,284-802-2277x60218,01/04/2026,Bronze,Northeast
CUST03223,Beth Thompson,karenblair@example.com,245-519-0677x421,07/11/2024,Silver,Northeast
CUST03224,Donald Gonzalez,rgarcia@example.net,942.457.5423x73534,13-Jun-2026,Bronze,Northeast
CUST03225,Mrs. Lisa Hicks,,,02-Jun-2026,Bronze,South
CUST03226,Teresa Lee,rachaelallison@example.org,902-327-7469x03384,2024-12-08,Gold,South
CUST03227,Adam Rose,thobbs@example.com,001-652-422-1200x4023,2026-06-04,Gold,Midwest
CUST03228,Mrs. Megan Gardner DDS,nathan35@example.org,8218563836,17-Aug-2025,Bronze,Midwest
CUST03229,Chelsea Savage,tcross@example.net,699-778-5134,12-Dec-2025,Bronze,Northeast
CUST03230,Christopher Price,ulee@example.net,528-531-8886x1666,14-Feb-2026,Bronze,Midwest
CUST03231,Jose Johnson,davisjordan@example.org,(682)249-7705x4911,2026-05-19,Silver,West
CUST03232,Marvin Archer,lgomez@example.com,749.807.5351x3834,10/28/2024,Bronze,Northeast
CUST03233,Connie Estrada,robert51@example.com,001-882-923-0947x605,24-Apr-2025,Gold,West
CUST03234,Helen Farmer,jacksonanne@example.net,+1-433-744-1467x96938,03-Nov-2025,Silver,Northeast
CUST03235,Ashlee Mitchell,sarasosa@example.com,+1-629-908-3116x8674,07/18/2025,Gold,South
CUST03236,Joseph Cole,aaronbrown@example.org,969-344-1826,2025-07-03,Bronze,Northeast
CUST03237,Melissa Reeves,jeremy98@example.net,740.354.1919x994,03/10/2026,Bronze,Midwest
CUST03238,Donna Myers,david74@example.org,351-222-8589x3708,12/24/2025,Bronze,Northeast
CUST03239,Michael Walker,hawkinstina@example.org,7496246012,2025-10-30,Silver,Northeast
CUST03240,Molly Sosa,zsantana@example.org,,2024-09-12,Bronze,West
CUST03241,Jose Smith,dkim@example.com,+1-429-557-9035x40642,14-Mar-2026,Bronze,West
CUST03242,Kathryn Stokes,nross@example.net,486-548-4121,01/22/2025,Bronze,Midwest
CUST03243,Gregory Jacobson,katherinewilliams@example.com,,15-Oct-2024,Silver,South
CUST03244,Geoffrey Myers,patrickrodriguez@example.net,,2026-01-31,Gold,South
CUST03245,Amy Flores,,962-298-4754,12/21/2025,Silver,Northeast
CUST03246,Jeffrey Jenkins,nicholas94@example.net,785.860.1668,2025-05-28,Bronze,Midwest
CUST03247,Kelsey Cook,kurthayes@example.com,593.403.6199,04/02/2025,Bronze,Northeast
CUST03248,Richard Schaefer,ojoyce@example.com,001-374-923-6837x8037,23-Aug-2024,Silver,Midwest
CUST03249,Joshua Stephens,zmitchell@example.org,,2025-11-16,Silver,West
CUST03250,Russell Morgan,nicholas66@example.org,001-563-263-8139x222,2026-04-21,Bronze,Midwest
CUST03251,Catherine Brown,kwheeler@example.net,(304)487-9370,12/16/2024,Bronze,South
CUST03252,Jermaine Miles,jodysoto@example.net,001-259-301-2929x9292,18-Dec-2024,Silver,West
CUST03253,Patrick Morris,tkhan@example.org,+1-585-807-4911x39282,2025-08-27,Gold,Midwest
CUST03254,Lisa Payne,kendrahoffman@example.org,880.903.3833,2025-12-27,Silver,South
CUST03255,Christina Warner,evanssheri@example.com,361.294.5615x8181,17-Apr-2025,Silver,Northeast
CUST03256,Lindsey Stanley,laurenenglish@example.net,(523)419-7895,31-Jul-2024,Silver,West
CUST03257,Amanda Frazier,sellerstimothy@example.org,(627)647-8301,2024-09-29,Bronze,Northeast
CUST03258,Kimberly Parker,john53@example.com,224-494-1785x8477,2024-12-04,Gold,Midwest
CUST03259,Michael Lopez,morrisonneil@example.org,,2025-09-09,Bronze,Midwest
CUST03260,Edgar Allen,thammond@example.org,741.802.4250,2024-11-26,Bronze,South
CUST03261,James Moore,juan18@example.com,868.496.1768x729,12/10/2025,Silver,South
CUST03262,Christopher Willis,,(481)501-4100x825,08/04/2024,Gold,South
CUST03263,Brian Gutierrez,megannguyen@example.org,228-780-0496x05469,2026-03-07,Silver,Midwest
CUST03264,Maria Matthews,dominique17@example.net,9429047308,02/27/2025,Silver,West
CUST03265,Danny Martin,kenneth33@example.net,958.202.1037,21-Jul-2024,Silver,South
CUST03266,Daniel Daniels,marktrevino@example.org,(227)641-5708x83286,08-Sep-2024,Bronze,Northeast
CUST03267,Danny Combs,lindseytorres@example.org,,2025-12-04,Gold,Northeast
CUST03268,Kathryn Hernandez,makayla57@example.net,364-333-3040x3058,2025-03-20,Silver,West
CUST03269,Hannah Cooper,jmartinez@example.com,+1-509-994-9194,13-May-2026,Bronze,South
CUST03270,Austin Olsen,heidijames@example.com,968-450-2208x05384,24-May-2025,Bronze,Northeast
CUST03271,Daniel Lopez,randy18@example.org,+1-559-614-6120x14079,07/14/2024,Silver,West
CUST03272,Jeremy Jones,gwelch@example.net,8835173499,2024-11-05,Silver,West
CUST03273,Daniel Juarez,ushields@example.org,675-228-6122,2026-04-16,Gold,West
CUST03274,Amber Taylor,troyfletcher@example.net,983-650-0228,10-Jul-2024,Silver,Midwest
CUST03275,Leslie Watson,,+1-478-342-3518x0264,10/07/2025,Bronze,Northeast
CUST03276,Shelby Fletcher,charles34@example.com,,24-Jun-2025,Silver,West
CUST03277,Tara Washington,vsalazar@example.org,+1-520-255-1570x453,01/28/2025,Silver,West
CUST03278,Dominic Rodriguez,hannahblack@example.com,233-373-1402x9030,2026-01-28,Gold,Midwest
CUST03279,Courtney Davis,dayalexander@example.com,(697)586-2163x484,05/16/2026,Platinum,Northeast
CUST03280,Eric Green,wcompton@example.org,723.282.8881x61371,23-Jun-2025,Silver,West
CUST03281,Sabrina Blankenship,parkerjeffrey@example.com,428-546-8638x7203,2025-07-18,Bronze,South
CUST03282,Nicole Olson,chelsea32@example.com,001-740-226-5585x924,10/29/2024,Silver,West
CUST03283,Danielle Johnson,gordondeborah@example.net,+1-905-514-3882,21-Jun-2025,Bronze,Northeast
CUST03284,Deborah Lane,,,09/01/2025,Gold,Midwest
CUST03285,Douglas Riddle,bowenmargaret@example.org,506-521-4613x3547,06/10/2025,Bronze,Midwest
CUST03286,Randall Morris,olee@example.net,941-657-7180,16-Aug-2025,Bronze,Midwest
CUST03287,Matthew Noble,christinepatterson@example.com,(485)914-1908,01/19/2025,Bronze,Midwest
CUST03288,Denise Jenkins,wendysmith@example.com,,27-Mar-2026,Silver,South
CUST03289,Mrs. Melissa Hall,melanie35@example.org,512.214.6307x0095,2025-01-04,Gold,Midwest
CUST03290,Stacey Leblanc,probinson@example.org,6265557474,15-Apr-2025,Gold,South
CUST03291,Gabriel Thomas MD,kennethjackson@example.net,001-874-609-3934,12-Jun-2025,Silver,South
CUST03292,Taylor Cox,miranda21@example.net,242-362-6718x89267,30-Nov-2024,Platinum,West
CUST03293,Brandon Hughes,jacobthomas@example.net,001-677-759-4144x7720,12/12/2024,Bronze,Midwest
CUST03294,Tyler Simon,dchapman@example.net,862-276-2439,01-Jan-2026,Bronze,South
CUST03295,Andrew Owens,jaredrobinson@example.net,+1-591-478-7356,24-Aug-2024,Bronze,West
CUST03296,Jordan Hurst,harmondonald@example.net,,06-Jun-2026,Bronze,South
CUST03297,Karen Robinson,mcfarlandmichael@example.net,+1-997-634-4685x0094,29-May-2025,Bronze,South
CUST03298,Sheila Martin,melissaross@example.net,466-829-0879,07/29/2025,Gold,Midwest
CUST03299,Crystal Drake,,(277)263-9663x52736,28-Jan-2026,Bronze,Northeast
CUST03300,Jacob Scott,danny38@example.org,,01/21/2026,Silver,Midwest
CUST03301,Anne Stevens,,(882)307-9077,30-Apr-2026,Bronze,Midwest
CUST03302,Jason Jones,kgreen@example.net,,10/11/2025,Bronze,South
CUST03303,Thomas Johnson,rebeccawhite@example.com,466-816-5175x8666,2025-03-16,Bronze,South
CUST03304,Mr. Terry Stephens MD,karenthompson@example.net,001-684-709-9126x9176,2025-05-23,Bronze,Midwest
CUST03305,Elizabeth Wallace,ashley40@example.net,+1-470-854-7209x26465,31-May-2025,Bronze,West
CUST03306,Danielle Ruiz,milesrobert@example.org,231.400.1797x7660,2024-10-25,Platinum,South
CUST03307,Thomas Barker,iparker@example.org,,08-Jul-2025,Gold,South
CUST03308,Greg White,morrisoncraig@example.com,562-812-0254x09411,2025-02-28,Silver,Midwest
CUST03309,Gary Edwards,ufrank@example.com,001-498-936-4950x926,2025-03-28,Silver,West
CUST03310,Brittany Schmitt,jennifergarcia@example.net,706.614.3288,2025-05-27,Silver,Northeast
CUST03311,Lauren Bolton,uharper@example.net,,03-Aug-2025,Silver,South
CUST03312,Betty French,qjones@example.com,001-207-811-3646,11/30/2025,Silver,West
CUST03313,Julie Edwards,lopezcraig@example.net,779.505.3875x189,15-Dec-2025,Silver,West
CUST03314,Christopher Hood,ddavidson@example.org,001-377-633-8004,2025-10-30,Bronze,South
CUST03315,Carmen Velez,pdaniel@example.net,841-404-2320x0865,20-Nov-2025,Bronze,South
CUST03316,Teresa Green,nwarren@example.org,721-314-7467x5732,11/29/2025,Silver,South
CUST03317,Gavin Barnes,fhickman@example.org,932-619-7924x761,08/05/2024,Bronze,Midwest
CUST03318,Michael Zimmerman,mackrenee@example.net,617-327-3406x975,2024-12-13,Platinum,West
CUST03319,Janet Higgins,durhammichele@example.org,,2026-02-07,Gold,Northeast
CUST03320,Tanya Bartlett,davidgordon@example.org,001-722-213-3704,05-Dec-2024,Bronze,Midwest
CUST03321,Mrs. Alexis Martin MD,ortizwilliam@example.org,001-845-912-9519x72855,29-Sep-2025,Gold,Northeast
CUST03322,James Golden,thomascoleman@example.net,001-748-776-5612x806,2026-01-23,Bronze,South
CUST03323,Calvin Johnson,jason61@example.com,,2025-04-05,Silver,West
CUST03324,Mitchell Cohen,nwebster@example.com,612-492-8810,2026-03-13,Bronze,South
CUST03325,Meagan Sims,shannon65@example.net,(245)808-5548x859,08/23/2025,Bronze,West
CUST03326,Kevin Dunn,christy84@example.com,6602269095,09-Mar-2025,Platinum,Midwest
CUST03327,Ashley Knight,lopezaaron@example.com,573.508.8153x029,11/25/2024,Silver,South
CUST03328,Terrence Cole,donald79@example.org,,2025-03-15,Bronze,Midwest
CUST03329,Ashley Osborne,gmatthews@example.org,(653)232-5888,2025-02-07,Silver,Midwest
CUST03330,Christopher Hill,coltonpowers@example.org,654-844-8502,2025-11-21,Silver,Midwest
CUST03331,Michael Price,beardtroy@example.org,,10-Apr-2026,Bronze,Northeast
CUST03332,Mr. Patrick Hall,shelby46@example.org,637.220.4032x404,2024-09-13,Bronze,Northeast
CUST03333,Justin Blevins,rachelavila@example.org,(414)855-0129x0431,07/26/2025,Bronze,Midwest
CUST03334,Jim Reed,reginald98@example.net,363.832.0948,07/05/2025,Bronze,Midwest
CUST03335,Bradley Aguilar,wattsthomas@example.org,546-418-7027,11-Jan-2025,Bronze,West
CUST03336,Joshua Hall,tanya64@example.org,908-982-3243x96964,12/03/2024,Bronze,South
CUST03337,Johnathan Scott,cassandrabanks@example.org,624.806.1869,15-Jul-2024,Silver,West
CUST03338,Robert Hernandez,xking@example.org,(669)558-2616x913,02-Oct-2025,Gold,South
CUST03339,Nicole Moore,ann02@example.com,,23-Mar-2026,Silver,West
CUST03340,Kyle Nelson,uwilliams@example.com,8424414265,04-May-2025,Bronze,Northeast
CUST03341,Amy Powell,anthonyball@example.com,(547)966-0531,01/03/2026,Platinum,West
CUST03342,Duane Bennett,trevorluna@example.org,424-427-8412x8761,2025-05-08,Bronze,Midwest
CUST03343,Douglas Klein,kwest@example.net,381-294-0681x2756,2025-01-31,Platinum,Northeast
CUST03344,Jeffery Whitaker,douglasmoody@example.com,548.810.6247x16569,12-Apr-2026,Platinum,Midwest
CUST03345,Clarence Rogers,kellydavid@example.org,001-278-464-7701x6962,2025-10-27,Silver,South
CUST03346,Calvin Gay,pwatson@example.net,+1-513-778-9562,31-Jan-2025,Bronze,Midwest
CUST03347,Matthew Jones,collinsamy@example.net,(338)259-5240x50045,17-Dec-2025,Bronze,Midwest
CUST03348,Pamela Smith,laneashley@example.net,939-281-5883x225,31-Oct-2024,Bronze,South
CUST03349,Joshua Myers,martinamber@example.net,,17-May-2026,Silver,West
CUST03350,Shawn Davis,bbarr@example.net,001-817-381-5483,12/22/2025,Bronze,Northeast
CUST03351,David Robinson,oprice@example.com,693-747-4303x4267,02/05/2026,Silver,West
CUST03352,Walter Brown,sarah68@example.net,960-896-4057,2025-05-01,Gold,West
CUST03353,Monique Jones,,+1-929-661-4730,05/03/2026,Bronze,Northeast
CUST03354,Brittany George,shirleyorr@example.org,7194969946,16-Sep-2024,Bronze,West
CUST03355,Jacob Myers,james86@example.net,743-780-6841x4579,22-May-2026,Gold,South
CUST03356,Mindy Norton,angelajones@example.net,(579)497-2815x61302,22-Jan-2026,Bronze,Midwest
CUST03357,Jennifer Larson,,869-949-7397,2025-11-08,Bronze,South
CUST03358,Kevin Ortiz,yrodriguez@example.org,+1-375-934-0961x99751,2025-02-16,Silver,Midwest
CUST03359,Samantha Campbell,,,20-Jan-2025,Bronze,West
CUST03360,Christian Johnson,mercadolisa@example.org,(596)996-7278x33226,23-Nov-2024,Bronze,Midwest
CUST03361,Rebecca Thompson,robertporter@example.org,001-820-306-7897x26715,10/09/2025,Silver,South
CUST03362,Julie Rasmussen,mooremargaret@example.net,294.954.1646,11/12/2025,Gold,Northeast
CUST03363,Aaron Bowman,kreed@example.net,430-404-5578x68592,03/21/2026,Bronze,West
CUST03364,Vanessa Smith,wmcintosh@example.net,+1-697-474-1442x01803,01-Jul-2024,Bronze,West
CUST03365,Nicholas Dunn,carlosporter@example.com,001-366-887-0817x9621,2025-06-18,Platinum,Northeast
CUST03366,Andrew Price,,,08-Mar-2025,Bronze,South
CUST03367,Stephen Drake,adkinsemily@example.net,,2024-09-09,Bronze,Midwest
CUST03368,Heather Velasquez,deckerrobert@example.com,001-222-720-8610x213,2024-07-18,Silver,West
CUST03369,Jane Young,todd34@example.net,+1-614-260-8247,06/23/2026,Bronze,Northeast
CUST03370,Michael Turner,lancemitchell@example.org,,2025-11-01,Silver,Northeast
CUST03371,Jacob Patterson,mdavis@example.com,,13-Nov-2024,Gold,West
CUST03372,William Young,christinesmith@example.net,001-776-210-3216,2026-06-10,Bronze,Northeast
CUST03373,James Alvarez,salasmartin@example.org,001-319-838-8309x0458,2025-10-29,Bronze,Midwest
CUST03374,Cody Heath,,+1-430-942-0185x905,2024-12-13,Bronze,South
CUST03375,Joshua Wiley,misty72@example.org,312-786-5038x410,02/07/2026,Gold,Midwest
CUST03376,Lindsey Dawson,howardrichards@example.net,244-906-6159x222,2026-02-23,Bronze,Midwest
CUST03377,Diamond Fernandez,arnoldkaitlyn@example.net,(355)991-4321,02-Nov-2024,Bronze,Midwest
CUST03378,Noah Chan,huntbrian@example.net,3865178087,03/05/2025,Silver,Northeast
CUST03379,Michelle Ramos,edwardbaker@example.org,001-957-203-6595x925,2025-06-25,Bronze,South
CUST03380,Stephen Wilkinson,,001-492-390-4699x8117,10/17/2025,Silver,Midwest
CUST03381,Anthony Park,reyeschristopher@example.net,227.502.2410x2621,10-Jul-2024,Silver,Midwest
CUST03382,Cody Duran,torresjeremy@example.org,001-438-541-5311,2024-08-09,Bronze,Midwest
CUST03383,Angela Chapman,ashleystone@example.org,277.213.0423x87680,12/23/2025,Silver,Northeast
CUST03384,Mr. Jimmy Simmons,jenniferwalter@example.net,3975852539,2026-04-29,Gold,Midwest
CUST03385,Eric Jones,hensleysteven@example.net,648-651-9544x233,07/31/2024,Bronze,West
CUST03386,Justin Hunter,laura10@example.net,792.817.1087x48531,2025-01-26,Platinum,Northeast
CUST03387,Melissa Hansen,vbecker@example.com,577.453.8817x6835,01/17/2025,Silver,South
CUST03388,Rhonda Moran,booneelizabeth@example.org,(321)798-9744x69316,2025-11-07,Bronze,Northeast
CUST03389,Dustin Wilson,snydercynthia@example.com,,06-Mar-2025,Silver,Northeast
CUST03390,Jamie Decker,johnjohnson@example.net,(919)301-7484x25246,2025-09-11,Bronze,South
CUST03391,Miguel Arellano,mallory73@example.net,001-508-475-3589,12-Dec-2025,Bronze,Northeast
CUST03392,Erin Morrison,ruth13@example.org,416.695.4323,04/29/2025,Silver,Northeast
CUST03393,Henry Barnes,yarnold@example.org,+1-677-472-0439x71888,2025-06-05,Bronze,Midwest
CUST03394,James Weber,robert55@example.net,892.884.0347,04-Feb-2025,Gold,Northeast
CUST03395,Derek Bridges,butlerapril@example.net,001-542-253-2836,2026-03-26,Gold,Northeast
CUST03396,Amanda Garcia,pthompson@example.org,001-783-902-0056,04/08/2026,Bronze,Northeast
CUST03397,Dale Patterson,russellbrandon@example.net,(319)613-6406x95805,08/03/2024,Platinum,West
CUST03398,Susan Allen,youngdavid@example.net,597-541-6322x8556,05/04/2025,Silver,South
CUST03399,Stacy Smith,jeffreythomas@example.net,379-521-1828,07/20/2024,Bronze,West
CUST03400,Angela Moore,bishopmichael@example.net,614.979.6056x23309,08/25/2025,Bronze,Northeast
CUST03401,Tracy Powell,jessica34@example.net,(545)282-9546x3733,07/31/2024,Bronze,Northeast
CUST03402,Denise Garcia,,,2025-10-30,Silver,Northeast
CUST03403,Brittany Mitchell,,,19-Oct-2025,Silver,Midwest
CUST03404,Patrick Guerra,stoutcynthia@example.net,794-400-1129,2024-08-07,Bronze,West
CUST03405,Kathryn Nichols,connor65@example.com,(537)707-0437x37514,01-Jun-2026,Bronze,South
CUST03406,Heather Baker,davidbecker@example.net,,2025-02-05,Gold,Northeast
CUST03407,Jennifer Johnson,xparker@example.net,3917261935,09/12/2024,Bronze,Northeast
CUST03408,Richard Wood,brian48@example.net,,2026-02-06,Bronze,Midwest
CUST03409,Adam Wright,joseph49@example.com,(397)775-5612x3400,10/06/2024,Bronze,South
CUST03410,Sonya Johnson,howardtimothy@example.org,001-442-201-2172,09/05/2025,Bronze,Midwest
CUST03411,Christopher Johnson,,(941)598-5778,2025-01-27,Bronze,South
CUST03412,Cynthia Griffin,benjaminwarner@example.org,771-536-1877x49789,25-Dec-2025,Bronze,Northeast
CUST03413,Heidi Spears,amanda35@example.com,+1-599-951-5414x3604,10/01/2024,Bronze,Midwest
CUST03414,Aaron Fernandez,angela60@example.com,914-742-5096x933,11/22/2025,Gold,West
CUST03415,Amber Nguyen,susan88@example.org,(739)558-4545x05296,2025-06-17,Bronze,Northeast
CUST03416,Tami Wells,franklinmichael@example.com,+1-635-205-1834,10-Nov-2024,Gold,Northeast
CUST03417,Dennis Henry,,8145295033,04/04/2025,Bronze,Northeast
CUST03418,Andrew Walter,johnsonmichael@example.net,804.860.6534x93096,26-Apr-2026,Bronze,Northeast
CUST03419,Larry Perry,brooksmarcus@example.com,,03-Jun-2026,Bronze,West
CUST03420,Laura Green,dana36@example.org,331.393.1210,2025-11-10,Silver,South
CUST03421,Mrs. Katherine Lee DDS,beasleystacey@example.net,689.581.9687x0666,20-Feb-2026,Bronze,South
CUST03422,Jessica Johnson,jeffreypatel@example.net,(772)649-0140,23-Nov-2024,Platinum,Northeast
CUST03423,Diana Mccarty,timothy38@example.com,395.737.2580,01/13/2026,Silver,Northeast
CUST03424,Jackie Campbell,bhernandez@example.org,823.802.0192,14-Aug-2024,Gold,West
CUST03425,Daryl Kelly,michael05@example.org,+1-581-876-1426x6244,06/26/2025,Silver,Northeast
CUST03426,April Scott,millerwalter@example.org,+1-726-849-1359x7489,10-Jan-2025,Bronze,West
CUST03427,John Garner,ramoskaren@example.org,5535725656,06/28/2025,Bronze,West
CUST03428,Cheryl Parker,williamsonanthony@example.org,,05/05/2026,Bronze,Northeast
CUST03429,Christopher Mcintyre,larashane@example.com,9666259578,2025-02-03,Bronze,Midwest
CUST03430,Nicholas Collins,greg72@example.com,821-994-0478x913,2024-09-19,Silver,South
CUST03431,Jason Mcpherson,chenpatrick@example.org,001-982-579-4145x509,29-Mar-2026,Bronze,Northeast
CUST03432,Steven Morrison,gwilliams@example.org,001-542-698-5270x497,02/09/2025,Bronze,West
CUST03433,Ronald Koch,patrick74@example.net,(359)713-1101x52218,2026-04-05,Bronze,West
CUST03434,Teresa Patel,jamessalinas@example.net,+1-486-560-8823,16-May-2026,Gold,Northeast
CUST03435,David Richards,geraldcortez@example.net,,2025-11-10,Silver,Northeast
CUST03436,Jerry Clark,qmorales@example.org,2133247073,01/30/2025,Bronze,Northeast
CUST03437,Travis Gonzales,tdodson@example.com,+1-845-717-3301x65487,24-May-2025,Silver,West
CUST03438,Ruben Doyle,fishersarah@example.com,317-628-6421x36017,2026-05-16,Platinum,Northeast
CUST03439,Caitlin Donaldson,catherinemercer@example.net,253-719-6516x4418,12-Jan-2025,Silver,South
CUST03440,Joseph Barber,ortegacatherine@example.org,9798619909,2025-02-25,Platinum,West
CUST03441,Angela Garcia,qjohnson@example.net,781.857.4916x716,2025-06-10,Bronze,Northeast
CUST03442,Kelly Jordan,iburnett@example.net,616-282-0385x28579,08/18/2024,Silver,Midwest
CUST03443,Theresa Roberts,estradashelby@example.com,598.651.1881x16787,08-Jul-2025,Bronze,Northeast
CUST03444,Raymond Wilson,christina66@example.com,,2025-03-31,Bronze,Northeast
CUST03445,Melissa James,kelly23@example.org,742.968.3969,08-Sep-2024,Bronze,Midwest
CUST03446,Steven Walters,steven01@example.com,+1-545-912-2402,2026-02-10,Bronze,West
CUST03447,Megan Lopez,amandabarrera@example.net,460.740.9626x292,2026-01-21,Gold,West
CUST03448,Yesenia Kelly,hsimmons@example.org,001-998-753-2727x2066,2026-06-08,Silver,West
CUST03449,Maria Cox,blewis@example.org,453.674.5088x306,07/12/2025,Silver,West
CUST03450,Tammy Williams,lfreeman@example.com,(279)219-1637,01/13/2025,Silver,Northeast
CUST03451,Brianna Jackson,veronicalane@example.net,508.377.0152x4244,2024-08-02,Silver,South
CUST03452,Lisa Robinson,codywoodard@example.com,,09-Jun-2025,Bronze,South
CUST03453,Ruth Johnson,yolandapeterson@example.net,001-542-670-9831x8180,15-Nov-2024,Silver,Midwest
CUST03454,Ashley Morrow,nicolerandolph@example.net,350-982-7598x6858,21-Jan-2025,Silver,Midwest
CUST03455,Meredith Evans,jgreen@example.org,828.664.2504,2026-05-31,Silver,West
CUST03456,Michael Bridges,ycarter@example.com,+1-784-206-6124,30-Aug-2024,Silver,West
CUST03457,Andrew Garcia,jane18@example.org,860-476-2109,24-Apr-2025,Gold,South
CUST03458,James Nelson,jessicamoore@example.com,514.410.9244,31-Aug-2025,Bronze,South
CUST03459,Wendy Smith,laura86@example.com,(996)517-2472,08/19/2024,Bronze,South
CUST03460,Laura Johnson,parkerpaul@example.org,374.845.7199,2025-11-08,Silver,Northeast
CUST03461,Michael Farrell,kingstephanie@example.org,207-981-3664x929,08/11/2024,Silver,Midwest
CUST03462,Connie Elliott,stevenjefferson@example.org,001-942-347-0649x2225,04-May-2025,Silver,Northeast
CUST03463,Amber Johnson,lynn41@example.com,945.364.6639,2026-02-14,Bronze,West
CUST03464,Brandon Dennis,cruzjohn@example.com,(899)679-4975x675,03-Apr-2025,Bronze,West
CUST03465,James Walls,tamara13@example.com,001-381-869-4032x422,06/25/2026,Bronze,West
CUST03466,Harry Miles,jennifer42@example.org,,2025-02-09,Silver,Northeast
CUST03467,Alan Armstrong,leslieoliver@example.org,,2025-03-01,Silver,Midwest
CUST03468,Pamela Frye,robertojones@example.com,(990)259-1837x6539,27-Jul-2024,Silver,Midwest
CUST03469,Joshua Cannon,smithbrandon@example.com,5958035451,13-Jun-2026,Bronze,Midwest
CUST03470,Nicholas Lawson,gregory20@example.net,+1-785-495-0312x15595,2026-04-27,Bronze,Midwest
CUST03471,Michael Rodriguez,,(455)236-0181x1703,01-Nov-2025,Silver,West
CUST03472,Henry Medina,sjones@example.com,001-391-379-2165x148,2024-09-11,Gold,South
CUST03473,Elizabeth Odom,yclements@example.org,673-770-2153,07/31/2024,Bronze,South
CUST03474,Gabriel Silva,omcintosh@example.org,,11/22/2024,Silver,Midwest
CUST03475,Bruce Pratt,cordovapriscilla@example.org,734-566-6291x3621,05-Sep-2025,Bronze,Northeast
CUST03476,Deanna Hines,jonesstacey@example.com,001-512-505-8498x4475,07-May-2025,Bronze,Midwest
CUST03477,John Black,melissalopez@example.org,236.294.1751,23-May-2025,Silver,Northeast
CUST03478,Jacob Thomas,jose38@example.com,+1-261-723-5879,04-Jul-2024,Bronze,West
CUST03479,Amanda Rojas,olsondavid@example.com,+1-485-863-6667x31396,2024-12-28,Bronze,West
CUST03480,Judy Parker,wilsonchristopher@example.org,435-393-9394x2728,2026-01-12,Silver,South
CUST03481,Isabel Weber,dsmith@example.org,+1-374-547-7064,22-Dec-2024,Bronze,South
CUST03482,Dr. Christopher Bradford DDS,michelle42@example.org,806-488-4393x93960,28-Mar-2026,Silver,Midwest
CUST03483,Michael Hall,greenebrenda@example.com,001-887-845-4560x318,20-Mar-2025,Silver,West
CUST03484,Kyle Harper,sara12@example.net,+1-364-354-8277x1959,28-Sep-2025,Bronze,Northeast
CUST03485,Ashley Cummings,revans@example.com,229.411.8844x0147,06/06/2026,Gold,Northeast
CUST03486,Kevin Bennett,wbanks@example.net,+1-228-644-2718,21-Mar-2025,Silver,Midwest
CUST03487,Anna Thompson,darrell17@example.com,001-947-256-3651x83704,11/29/2025,Platinum,Midwest
CUST03488,Jesse Martinez,michaelbennett@example.net,(912)703-5813,30-Aug-2024,Bronze,Northeast
CUST03489,Whitney Fleming,swalters@example.com,,30-Mar-2025,Silver,Midwest
CUST03490,Jacob Hunter,wthompson@example.com,+1-919-998-8552x292,25-Jan-2026,Gold,Midwest
CUST03491,Mark Mcguire,michael55@example.com,(320)454-8729,11-Sep-2025,Silver,Northeast
CUST03492,Shirley Hart,pallen@example.com,+1-737-706-3230x01719,03/31/2026,Silver,West
CUST03493,Jeffrey Anderson,debra16@example.com,,01-Oct-2024,Silver,South
CUST03494,Melissa Reid,jnelson@example.net,(837)247-0303x6638,01-Oct-2024,Bronze,Northeast
CUST03495,Jordan Wilson,gcook@example.com,7534188658,11/13/2024,Silver,South
CUST03496,Julie Gross,rmoore@example.com,4039410588,21-Jul-2024,Silver,West
CUST03497,Brandon Miller,emily97@example.com,,03/04/2025,Bronze,Northeast
CUST03498,Virginia Munoz,simmonsstacy@example.com,3717253461,03/09/2026,Bronze,South
CUST03499,George Davenport,crystal27@example.net,+1-520-315-8113x08395,24-Aug-2024,Gold,West
CUST03500,Marc Reid,gomezdavid@example.org,850-989-6071x376,07/09/2024,Platinum,Midwest
CUST03501,Sheri Cruz,pattersonsarah@example.net,4646051183,2024-07-17,Bronze,Midwest
CUST03502,Anne Carter,billy90@example.com,489.635.3173,05/12/2025,Gold,Midwest
CUST03503,Michael Moore,debra11@example.org,514-781-2689x265,05/21/2026,Bronze,South
CUST03504,David Harris,ifrench@example.com,(706)994-5684x70931,08/18/2025,Silver,South
CUST03505,Erin Garcia,brookeking@example.com,,17-Feb-2026,Gold,West
CUST03506,Patricia Franklin,adampearson@example.net,357-684-4902x3077,2025-10-21,Bronze,Midwest
CUST03507,Tammie Johnson,angelasmith@example.org,383-376-9108,11/19/2025,Platinum,West
CUST03508,Kaitlyn Brown,williamsstephen@example.net,+1-344-744-5325x6721,08/25/2024,Bronze,South
CUST03509,Adrienne Nelson,richardvillanueva@example.net,+1-921-865-5146x2000,2025-02-03,Bronze,South
CUST03510,Elizabeth Ellis,lmartin@example.net,,03/26/2025,Gold,South
CUST03511,Jessica Riley,christiancampos@example.net,454.988.1073,04/30/2025,Platinum,Northeast
CUST03512,Michelle Jones,youngsusan@example.com,511.502.5375,2025-02-26,Bronze,West
CUST03513,Ashley Riddle,garrettautumn@example.org,+1-307-446-7239x79881,09-Sep-2024,Bronze,Northeast
CUST03514,Nicole Gonzales,nguyentiffany@example.net,(858)970-4253x776,12/04/2025,Bronze,Northeast
CUST03515,James Nelson,freyes@example.org,(787)937-2380,2024-09-24,Platinum,West
CUST03516,Jamie Skinner,ywhite@example.net,(782)673-4289x0426,28-Jan-2025,Gold,Northeast
CUST03517,Lydia Soto,hosborn@example.net,,2025-02-27,Bronze,South
CUST03518,Lisa Logan,traceyjones@example.org,+1-733-804-4217x95348,12/31/2024,Bronze,West
CUST03519,Adrian Collins,jonathangates@example.com,+1-541-563-1664x17000,05/18/2025,Gold,Northeast
CUST03520,William Andrade,lauren12@example.net,8662058085,31-Dec-2025,Bronze,South
CUST03521,Mary Davis,gwilliams@example.net,2729420753,2026-03-28,Bronze,Midwest
CUST03522,James George,ogalvan@example.com,+1-758-660-1500x858,08/24/2025,Silver,South
CUST03523,Melissa Bell,,(379)821-2719x52617,06/08/2025,Bronze,South
CUST03524,Jessica Allen,btaylor@example.org,001-864-585-4713x32581,01-Jan-2025,Bronze,Midwest
CUST03525,Crystal Cameron,erin36@example.org,,2026-06-14,Gold,Midwest
CUST03526,Jeanne Wilson,john93@example.org,381-287-6240x46610,05/13/2025,Silver,West
CUST03527,Teresa Brown,julia16@example.org,293.329.8653x66145,2025-08-08,Bronze,West
CUST03528,Kristin Golden,lisaturner@example.net,361.325.1426,10/04/2024,Silver,Midwest
CUST03529,Robert Moore,christopherdelgado@example.net,,29-Sep-2025,Silver,Midwest
CUST03530,Christy Gibson,williamspaul@example.org,+1-628-397-9573x7756,07/16/2024,Silver,Northeast
CUST03531,Elizabeth Taylor,xmartinez@example.com,,09/17/2025,Platinum,Northeast
CUST03532,Aaron Simpson,breanna13@example.org,7986455225,2026-05-30,Bronze,Midwest
CUST03533,Dawn Martinez,whitney14@example.org,563.525.5861,2025-12-18,Bronze,Midwest
CUST03534,Cindy Bailey,romancourtney@example.org,211-437-2367,12/24/2025,Bronze,Northeast
CUST03535,Daniel Melton,jodyhernandez@example.org,918-590-9830,04/07/2026,Bronze,South
CUST03536,Kyle Morrow,zacharybanks@example.org,,10/03/2025,Bronze,Midwest
CUST03537,Teresa Cain,martinmichele@example.net,(589)568-1814,09-Jan-2026,Platinum,South
CUST03538,Maria Cowan,iwhite@example.org,,05-Apr-2026,Bronze,South
CUST03539,Mitchell Smith,ltucker@example.com,407.568.7902x44644,22-Oct-2025,Bronze,Northeast
CUST03540,Kendra Mercer,,001-964-784-0927x0290,03-Jan-2025,Silver,Midwest
CUST03541,Ronald Hernandez,angela80@example.org,,05-Feb-2025,Bronze,South
CUST03542,Kenneth Rowe,mallorylee@example.net,+1-215-596-5866x814,01-Mar-2026,Silver,West
CUST03543,Darlene Peterson,mark67@example.net,326.333.4570,2026-05-03,Gold,Northeast
CUST03544,Ronnie Watkins,ttrujillo@example.com,266-958-4908x9571,08/01/2024,Silver,Midwest
CUST03545,David Smith,garrettlewis@example.net,,03/05/2025,Silver,South
CUST03546,Leah Smith,abigail52@example.org,,2026-04-09,Gold,West
CUST03547,Rebekah Cox,keith60@example.net,988-748-6181x745,2025-05-18,Gold,Midwest
CUST03548,Beverly Curtis,rgeorge@example.org,+1-908-697-3036x5907,2025-05-05,Bronze,Northeast
CUST03549,Danielle Lee,knightevelyn@example.org,,19-Feb-2025,Silver,West
CUST03550,Allen Neal,,+1-333-734-3172x74963,2024-12-18,Gold,Midwest
CUST03551,Phillip Myers,mckenziebrandon@example.com,001-985-926-3231x0785,10-Jul-2025,Gold,Midwest
CUST03552,Jennifer Burch,mary20@example.net,,2025-11-21,Bronze,Midwest
CUST03553,Jason Golden,terryross@example.net,,2025-02-07,Silver,West
CUST03554,Jordan Davis,ccochran@example.net,618-418-2715x131,2025-12-22,Gold,West
CUST03555,Brenda Perry,josephpope@example.com,,12-May-2025,Bronze,South
CUST03556,Nicholas Patel,wwalsh@example.org,947-537-4571x47274,2024-09-29,Bronze,Midwest
CUST03557,Sabrina Fernandez,pjones@example.org,(978)912-1554x23739,10/27/2025,Silver,Northeast
CUST03558,Denise Garcia,samantha88@example.com,236-843-2359,12/24/2024,Bronze,Midwest
CUST03559,Judith Flores,sherri84@example.org,7429109979,23-Apr-2025,Bronze,Northeast
CUST03560,Michael Sullivan,,(267)993-9927x83607,2025-12-19,Bronze,West
CUST03561,Theresa Fuller,porterrebecca@example.net,,07/08/2025,Gold,West
CUST03562,William Sanchez,hobbsdaniel@example.org,,2025-04-21,Gold,Northeast
CUST03563,Aaron Paul,lynchkristy@example.org,001-764-267-4456x322,24-Mar-2025,Bronze,South
CUST03564,Julie Boyd,vincent80@example.com,,26-Aug-2025,Bronze,South
CUST03565,Dustin Smith,amandahudson@example.org,,2024-12-11,Silver,Midwest
CUST03566,Connie Chavez,schmittmichelle@example.net,,01/24/2025,Silver,Northeast
CUST03567,Mary Brown,sanchezjennifer@example.org,+1-549-728-8409x69657,18-Dec-2024,Bronze,West
CUST03568,Ryan Rodriguez,,(707)821-5980,07/05/2024,Silver,Midwest
CUST03569,Brittany Crawford,halldanielle@example.net,633-278-0068,09/23/2025,Silver,West
CUST03570,William Hernandez,annrosales@example.com,(607)393-2008x224,08-Dec-2024,Bronze,West
CUST03571,Sarah Smith,louis70@example.com,793-364-0641,06-Jun-2026,Bronze,West
CUST03572,Chad Jackson,walkerjennifer@example.org,001-495-701-0232x3213,07-May-2026,Silver,West
CUST03573,Stephanie Campbell,troystewart@example.org,(714)591-6101,10-Nov-2025,Bronze,Northeast
CUST03574,April Bishop,zoe28@example.org,935-819-4199x7981,24-Dec-2024,Bronze,South
CUST03575,Linda Rios,rodriguezjoshua@example.org,,12/16/2025,Gold,Northeast
CUST03576,Melissa Key,contrerasdaniel@example.org,588-420-6456x2009,2025-11-27,Gold,Midwest
CUST03577,Randall Thomas,chelseaanderson@example.net,001-420-956-5679x1671,02/16/2026,Bronze,Midwest
CUST03578,Lisa Lara,davisandrew@example.net,225.833.2497x073,2025-08-10,Silver,Northeast
CUST03579,Katrina Maynard,kcarey@example.org,4228854040,29-Dec-2025,Bronze,Midwest
CUST03580,James Pollard,luis01@example.com,(422)958-4819x06045,08/05/2025,Bronze,South
CUST03581,John Johnson,xturner@example.com,,11/06/2025,Bronze,Northeast
CUST03582,Brianna Martinez,gelliott@example.com,,02/21/2026,Bronze,Midwest
CUST03583,Troy Howard,amymeyers@example.org,,19-Sep-2025,Silver,Midwest
CUST03584,Kyle Wagner,jasonwilliams@example.net,(708)252-0564,17-Jun-2026,Bronze,Midwest
CUST03585,Anthony Medina,samuel95@example.org,001-674-439-5044,2026-01-02,Silver,West
CUST03586,Jacob Flores,shelia12@example.net,411.479.4944,03/05/2026,Bronze,South
CUST03587,Marcus Berry,sfritz@example.org,996.830.4955x094,2025-11-30,Bronze,South
CUST03588,Jeffrey Payne,williamhull@example.org,001-459-525-1211x8946,2026-06-17,Bronze,Midwest
CUST03589,Jessica Orozco,,(256)336-3004x335,2025-03-11,Gold,South
CUST03590,Alexandria Estrada,mary56@example.net,,25-Jan-2025,Bronze,Northeast
CUST03591,Timothy Daugherty,vbright@example.net,(683)396-2577,22-Oct-2025,Gold,West
CUST03592,Robert Henderson,robert65@example.com,,2025-04-20,Bronze,Midwest
CUST03593,Daniel Reyes,william17@example.org,506-496-7969,2025-01-21,Silver,South
CUST03594,Jennifer Moore,justin69@example.org,351.956.2837x94774,12/20/2025,Bronze,Northeast
CUST03595,David Stevenson,wilsonstephanie@example.net,(776)605-3450x35816,19-Sep-2025,Bronze,South
CUST03596,Lori Walsh,trodriguez@example.com,887-560-8576x4603,2025-10-26,Platinum,Northeast
CUST03597,Bianca Deleon,fwhite@example.org,+1-221-873-6656x673,04/27/2026,Bronze,Northeast
CUST03598,Amanda Freeman,tylersimpson@example.org,+1-836-657-6147x66571,21-Jul-2024,Silver,Northeast
CUST03599,James Potts,lisascott@example.net,001-445-872-4491x764,2024-09-09,Silver,West
CUST03600,Mallory Johnson,samantha78@example.org,,03-Jun-2026,Bronze,Midwest
CUST03601,Joseph Juarez,ocooley@example.net,515.266.7053,2025-07-24,Silver,Midwest
CUST03602,Kyle Gonzalez,kbrown@example.com,001-524-298-9569x110,05/20/2026,Bronze,Midwest
CUST03603,Leah Baxter,slewis@example.net,,2026-01-08,Gold,South
CUST03604,Amy Phillips,connor61@example.com,,04/22/2025,Bronze,Northeast
CUST03605,Megan Harris,sandersmark@example.net,(739)961-0480x880,04/14/2026,Silver,South
CUST03606,Melanie Mills DDS,alyssa40@example.org,593-787-1389x9279,01-Nov-2025,Bronze,West
CUST03607,Sandra Parks,kristin89@example.org,473-601-9952x61457,2025-03-26,Gold,West
CUST03608,Jessica Hamilton,howarddevon@example.org,(837)599-6317x33385,04/14/2025,Platinum,Northeast
CUST03609,Felicia Williams,leonmark@example.org,001-434-331-6292x356,14-Mar-2026,Silver,Midwest
CUST03610,Cory Wood,ydavis@example.org,8572492138,04/03/2025,Gold,Northeast
CUST03611,Logan Miranda,qjohnson@example.com,(845)231-0769x0700,2025-08-05,Bronze,South
CUST03612,Eric Perez,,293-845-7161x56336,07-Nov-2025,Silver,West
CUST03613,Paul Chambers,ginalewis@example.org,903.567.2684,06/28/2026,Gold,Midwest
CUST03614,Brandon Wheeler,gonzalezanthony@example.net,001-642-706-2895x8042,14-Feb-2026,Bronze,South
CUST03615,Lori Hopkins,brendajones@example.org,936-878-5873x3466,2026-05-11,Bronze,Midwest
CUST03616,Carl Clark,singhjason@example.org,,12/23/2024,Platinum,West
CUST03617,Jodi Snyder,,(743)785-0882x57044,2025-01-01,Silver,Midwest
CUST03618,Holly Hunt,lfuller@example.org,6945380547,07/05/2024,Gold,Midwest
CUST03619,Philip Coleman,lozanoanthony@example.net,253.693.9856x760,11/10/2024,Gold,West
CUST03620,Jose Guzman,vchristensen@example.com,001-989-343-3805x3634,14-May-2026,Platinum,South
CUST03621,Kathleen Williams,zpearson@example.net,,2024-08-15,Bronze,Northeast
CUST03622,Rebekah Collins,kristin92@example.com,324.591.4808x74592,09/10/2024,Silver,West
CUST03623,Hannah Oneal,zmiranda@example.net,001-946-918-4165x7141,01/08/2026,Bronze,West
CUST03624,Patricia Love,murphyrobert@example.org,(924)863-0257x86535,02-May-2025,Gold,Northeast
CUST03625,Daniel Roberson,robinsondustin@example.org,924-658-6154,04/17/2026,Bronze,West
CUST03626,Ashley Gregory,georgerobert@example.org,001-327-262-8908x237,2025-03-30,Silver,Northeast
CUST03627,William Gonzalez,hilljean@example.org,,2024-10-20,Platinum,West
CUST03628,Tyler Anderson Jr.,ileblanc@example.net,001-711-362-5969x718,2024-09-25,Silver,Northeast
CUST03629,Wendy Alexander,reyesdarren@example.com,+1-338-409-6278x611,12-Aug-2025,Gold,West
CUST03630,Diana Carrillo,benjamin26@example.net,001-608-235-8897x435,2026-03-13,Silver,West
CUST03631,Katrina Edwards,erik04@example.net,001-854-892-8767x56753,2025-08-13,Bronze,South
CUST03632,Wayne Kidd,karipetersen@example.net,,2025-02-09,Platinum,Northeast
CUST03633,Scott Flynn,tracylopez@example.org,(240)681-9444x8902,10/11/2024,Silver,South
CUST03634,Herbert Perkins,christopheralvarez@example.net,,2025-07-05,Gold,Northeast
CUST03635,Dawn Hill,annehamilton@example.org,,2024-07-10,Gold,Midwest
CUST03636,Brittany Mcclure,hjohnson@example.net,4627465212,22-Apr-2025,Silver,South
CUST03637,Daniel Perry,marycisneros@example.net,2665545667,05/18/2025,Bronze,South
CUST03638,Anthony Bryan,,001-755-975-3882,2025-08-10,Silver,Midwest
CUST03639,Judy Hester,eholland@example.net,001-985-769-1178x188,29-Apr-2026,Bronze,South
CUST03640,Ann Pierce,ricerebecca@example.org,393.778.4087,06/13/2025,Silver,Midwest
CUST03641,James Calderon,kathleensmith@example.org,8477194065,2026-02-06,Bronze,West
CUST03642,Anthony Santana,onealsarah@example.org,563-991-0274x2378,2026-06-19,Platinum,Northeast
CUST03643,Steven Rodriguez,thomas12@example.com,+1-205-362-9266x92362,2026-06-24,Bronze,South
CUST03644,Charles Garcia,bkim@example.org,,2025-11-26,Bronze,South
CUST03645,Yvonne Vang,millerandrew@example.org,001-568-785-3591,07-May-2026,Silver,Northeast
CUST03646,Jeffrey Jimenez,sean88@example.org,959-419-8781x3391,11/22/2024,Gold,Midwest
CUST03647,Joseph Day,christinepadilla@example.com,941-738-7055x44054,2025-03-14,Gold,South
CUST03648,William Mccall,ndowns@example.org,902.849.9141x0717,2025-06-27,Bronze,West
CUST03649,Dalton Reyes,smithmartha@example.com,001-445-879-4275x37373,11-Mar-2026,Bronze,Northeast
CUST03650,Shelly Harris,jonathanhill@example.com,001-212-226-9514x3692,27-Aug-2025,Bronze,West
CUST03651,Wendy Higgins,joe40@example.org,+1-670-289-5389x706,2024-08-25,Silver,Midwest
CUST03652,Kathleen Spencer MD,ihawkins@example.com,776.592.4610,20-Sep-2024,Silver,Midwest
CUST03653,Elizabeth Evans,blynch@example.com,2515594906,05/13/2026,Bronze,South
CUST03654,Richard Martin,macdonaldcharles@example.net,,03/21/2025,Bronze,West
CUST03655,Randy Garcia,mcphersonchristine@example.com,672.981.7740,08/25/2025,Bronze,Midwest
CUST03656,Daniel Bowers,coxmichele@example.com,001-916-243-3982x8836,2024-07-30,Bronze,Midwest
CUST03657,Samuel Horn,iarnold@example.net,+1-775-971-9887x23075,2026-02-25,Gold,Midwest
CUST03658,Matthew Gray,craig30@example.org,001-993-422-0646x2066,09/23/2025,Bronze,Northeast
CUST03659,Jennifer Miller,jennifer02@example.net,001-229-563-8026x492,24-Aug-2024,Silver,Midwest
CUST03660,Steve Jackson,ystewart@example.net,577-829-2578,12/18/2024,Gold,Northeast
CUST03661,Brian Walker,,232-952-6001x18123,02-Dec-2024,Bronze,West
CUST03662,Samantha Hoffman,michaelcharles@example.org,,2024-10-30,Bronze,West
CUST03663,Mario Francis,ibell@example.org,2102745205,2025-09-03,Gold,Northeast
CUST03664,Andrea Fuller,gwilson@example.org,351.411.5041x22501,2026-04-22,Silver,Northeast
CUST03665,Phillip Rivera,randallpham@example.org,001-309-673-8079,09/15/2025,Bronze,West
CUST03666,Thomas Stanton,johnsonmitchell@example.com,346-288-1756,2025-08-17,Bronze,West
CUST03667,Rebecca Phillips,matthewcarlson@example.org,553.562.4799x052,2026-05-18,Platinum,Midwest
CUST03668,Elizabeth Morgan,englishandrea@example.com,001-763-764-0585x8811,2025-05-25,Silver,Midwest
CUST03669,William Ramos,bward@example.com,(271)506-1042,2024-07-16,Bronze,West
CUST03670,Michael Bailey,grice@example.org,797-580-0786x16900,06-Jan-2025,Silver,Northeast
CUST03671,Ernest Francis,tammie14@example.com,,05/07/2026,Gold,Midwest
CUST03672,Kevin Campbell,ricardothompson@example.org,+1-651-398-1383x349,2025-02-18,Bronze,Midwest
CUST03673,Christopher Yang,stevenruiz@example.net,313.558.9961x600,15-Sep-2024,Silver,Northeast
CUST03674,Walter Buck,emason@example.net,497.789.2930x9077,2025-08-09,Silver,West
CUST03675,Rick Obrien,chasesheryl@example.net,409-746-6605x06890,23-Dec-2025,Bronze,Northeast
CUST03676,Shannon Meyer,ogonzalez@example.net,307-904-1902x416,2025-05-23,Silver,South
CUST03677,Tony Hudson,cjuarez@example.net,,09-Mar-2026,Gold,West
CUST03678,Danny Pittman,wilsonbrittany@example.com,786-247-0485,02-Nov-2024,Silver,West
CUST03679,Richard Cordova,jenna71@example.com,,2026-04-27,Silver,South
CUST03680,Daniel Kennedy,tammy00@example.com,288-438-2682x012,06-Dec-2025,Silver,Midwest
CUST03681,Ashley Flores,richardchase@example.org,467.795.7571x8697,12-Jul-2024,Gold,West
CUST03682,Samuel Owens,ycooper@example.net,394.992.3151x108,07/09/2025,Bronze,South
CUST03683,Darren Singleton,escobarbrian@example.net,366.517.6588,06-Feb-2026,Bronze,West
CUST03684,Vanessa Fisher,wjones@example.com,,15-Nov-2025,Bronze,South
CUST03685,Hailey Baker,chelsealang@example.com,+1-626-540-8344,2025-01-17,Bronze,Midwest
CUST03686,Joseph Rogers,brittney10@example.net,,05/29/2025,Bronze,South
CUST03687,Erik Kim,lawrenceperkins@example.org,001-881-786-8320x0738,09-Apr-2026,Gold,Northeast
CUST03688,Aaron Martinez,lburnett@example.org,997.922.4976x19348,10/13/2025,Silver,Midwest
CUST03689,Brent Garcia,xanderson@example.org,415-471-8265,24-Mar-2026,Silver,Northeast
CUST03690,Adam Moreno,bhenderson@example.com,(958)540-4291x03749,2025-05-06,Bronze,Midwest
CUST03691,Jon Jones,parkkevin@example.net,,14-Dec-2025,Bronze,South
CUST03692,Mark Turner,michael21@example.net,,2024-12-28,Bronze,Midwest
CUST03693,Ana Spence,,439-968-3902,2025-05-12,Silver,West
CUST03694,Cassandra Smith,carrillodawn@example.org,,05/22/2026,Bronze,Northeast
CUST03695,Martin Perez,wgutierrez@example.net,994-592-7836x7744,11/01/2024,Silver,Midwest
CUST03696,Jesse Sampson,stephanie54@example.net,001-968-947-2760x41281,09/19/2024,Bronze,Northeast
CUST03697,William Lawrence,joseph28@example.org,001-463-724-7004,2026-06-07,Silver,Midwest
CUST03698,Misty Nelson,kdodson@example.org,,27-Jul-2024,Gold,Northeast
CUST03699,Victor Reyes,herreraoscar@example.net,(942)739-9776,22-Nov-2024,Bronze,Midwest
CUST03700,Laura Herrera,piercejacqueline@example.com,+1-690-858-8419x482,2026-02-23,Bronze,Northeast
CUST03701,Stacey Wilson,randalljessica@example.com,300.261.6938x473,06-Jan-2026,Silver,South
CUST03702,Jonathan Smith,jjackson@example.com,2827261634,2025-01-22,Bronze,Northeast
CUST03703,Jordan Murphy,camposthomas@example.org,300-617-5504x9357,2024-09-07,Bronze,Northeast
CUST03704,Teresa Johnson,john87@example.net,(383)392-9123,22-Oct-2025,Gold,West
CUST03705,Diana Delgado,browntyler@example.org,001-826-928-4323x76035,06/05/2026,Platinum,Northeast
CUST03706,Denise Thomas,ijackson@example.org,(447)428-3334x32603,2024-10-18,Bronze,West
CUST03707,James Porter,allison44@example.net,,23-Apr-2026,Bronze,South
CUST03708,Colleen Hanson,simonzachary@example.org,,12/06/2025,Bronze,Midwest
CUST03709,Yesenia Thomas,joshuaburnett@example.org,+1-463-259-7522x883,2026-01-06,Silver,West
CUST03710,John Green,rothlori@example.net,(693)767-7851,08-Mar-2025,Bronze,West
CUST03711,Linda Mitchell,donald97@example.org,726.783.2334x8337,06/22/2026,Bronze,Northeast
CUST03712,Mark Underwood,travispeterson@example.org,+1-831-816-5312x645,05/21/2025,Bronze,West
CUST03713,Jeremy Gomez,nicholsontimothy@example.com,+1-218-333-3356x255,28-Nov-2024,Bronze,South
CUST03714,Elizabeth Hodges,mannjohn@example.com,213-373-2022,12-Jun-2026,Silver,Northeast
CUST03715,Victor Fernandez,melissamccoy@example.org,(686)886-6307x0996,05-Feb-2026,Platinum,Northeast
CUST03716,Nicole Hicks,bedwards@example.net,292-499-5911,2025-09-24,Silver,South
CUST03717,Lauren Clark,luisochoa@example.org,(875)532-9694,29-Mar-2026,Silver,West
CUST03718,Amy Howe,jessicacampos@example.com,333-323-9691x18664,03/05/2025,Gold,Midwest
CUST03719,Janice Poole PhD,sandra59@example.org,296.259.7826,07/20/2025,Gold,Midwest
CUST03720,Jesse Gonzalez,robertnewton@example.net,584.539.1349x73105,09/12/2024,Silver,Midwest
CUST03721,Michael Collins,evan23@example.net,(316)401-0972x89382,2026-03-09,Gold,Midwest
CUST03722,Anna Davis,katherine06@example.org,001-997-884-9704x2097,03/08/2026,Gold,West
CUST03723,Roger Garcia,williamsstephanie@example.com,519.442.2365,10-Jun-2025,Bronze,West
CUST03724,Scott Rowe,dawnreed@example.com,(523)332-7509x4448,27-Jun-2025,Silver,South
CUST03725,Rebecca Wade,julie36@example.org,961-568-7630,06/05/2025,Silver,South
CUST03726,Stephen Stewart,amy83@example.com,391.270.1389,13-Oct-2024,Bronze,Midwest
CUST03727,Jeremy Stone,veronicaclark@example.org,+1-658-362-3422x34226,07/13/2024,Silver,South
CUST03728,Donald Mcbride,patriciacox@example.com,477-360-6125x17434,21-Jul-2024,Silver,West
CUST03729,Zachary Herrera,helenbradley@example.org,,2025-11-26,Gold,Midwest
CUST03730,Jason Price,cannonedward@example.com,+1-987-848-5117x66124,05/03/2026,Bronze,Northeast
CUST03731,Mrs. Melissa Bryant,bturner@example.net,(965)690-2827,26-Apr-2025,Gold,South
CUST03732,Diana Espinoza,martincarter@example.com,963.844.7820x013,2025-07-09,Silver,Midwest
CUST03733,Steven Moore,youngdavid@example.com,(904)265-3521,15-Jun-2026,Bronze,South
CUST03734,Samantha Taylor,jgibson@example.org,2029030433,2025-06-03,Bronze,South
CUST03735,Miranda Walsh,rhondalarsen@example.org,(738)784-0995,08-Jul-2024,Silver,Northeast
CUST03736,Sandra Washington,williamsjames@example.net,+1-854-648-0667,11/27/2025,Bronze,South
CUST03737,Mark Pope,ortegatheresa@example.net,(651)465-1265x47370,2026-01-24,Silver,Midwest
CUST03738,Eric Cox,angelagonzales@example.net,700.909.8545x0693,04/17/2025,Silver,South
CUST03739,Kayla Pena,jamesnguyen@example.com,+1-233-960-6203x7602,07/24/2024,Silver,Midwest
CUST03740,David Foster,allenryan@example.net,+1-776-507-9046x6005,2025-12-22,Platinum,Northeast
CUST03741,Diana Hooper,,949-491-6159x028,30-Apr-2025,Bronze,South
CUST03742,Tony Rogers,sean41@example.net,,2026-04-26,Bronze,West
CUST03743,Yolanda Bernard,boydstephanie@example.org,(560)336-3409x16169,12/26/2024,Bronze,Midwest
CUST03744,Christina Gray,marcus28@example.org,633-626-4445x816,04/30/2025,Silver,Midwest
CUST03745,Garrett Moore,uarnold@example.net,356-974-0794,10/20/2025,Bronze,West
CUST03746,Vanessa Johnson,,4814257060,25-May-2026,Platinum,Northeast
CUST03747,Joshua Mcclain,ejones@example.org,(975)896-5000x21979,02/07/2025,Gold,Midwest
CUST03748,Adriana Collins,fbates@example.com,761-324-6625x69512,05/04/2025,Bronze,West
CUST03749,Brandy Hardy,thompsonrebecca@example.com,(728)347-4697,2024-12-01,Bronze,Northeast
CUST03750,Angela Hill,davidsonjoseph@example.com,358.900.2729,13-Sep-2024,Gold,South
CUST03751,Cesar Waller,spencemichael@example.net,001-684-819-3626x3134,21-Jul-2024,Bronze,South
CUST03752,Michelle Moore,sherry21@example.net,+1-338-352-2293x11423,2025-03-22,Bronze,Midwest
CUST03753,Mrs. Stephanie Holt,scottclaire@example.net,+1-698-583-1206x05395,04-Jan-2026,Bronze,South
CUST03754,Jose Reed,noblemary@example.net,001-393-687-8843x10749,2026-06-02,Bronze,Northeast
CUST03755,Jennifer Campbell,arobinson@example.net,(501)488-7069,30-Dec-2025,Silver,Northeast
CUST03756,Devon Miller,gthompson@example.org,968-707-3281,09/30/2025,Silver,Northeast
CUST03757,Amanda Henry,gordonmaria@example.net,5666505655,2026-06-12,Bronze,Midwest
CUST03758,Amber Hernandez,emiller@example.com,(577)353-9954,22-Nov-2025,Bronze,West
CUST03759,Jessica Huff,hgarza@example.com,001-421-485-9293x00449,21-Apr-2026,Silver,West
CUST03760,Robert Arnold,gmorales@example.com,(511)985-7001x09207,07-Aug-2025,Bronze,South
CUST03761,Jennifer Howard,mvance@example.com,872-990-3413x86517,13-Jun-2026,Bronze,Midwest
CUST03762,Mary May,deborahhernandez@example.com,(359)406-3593,14-Jan-2026,Silver,West
CUST03763,Angela Noble,obrienteresa@example.org,(599)382-4861,09-Sep-2024,Silver,Midwest
CUST03764,Gabriel Meyer,,971.709.1204x593,09/18/2025,Silver,Midwest
CUST03765,Courtney Sandoval,john46@example.net,996-562-3003,2025-04-12,Bronze,Northeast
CUST03766,Sergio Mcpherson,timothy08@example.org,618-607-7833x68261,04/16/2025,Bronze,Northeast
CUST03767,Sandy Estes,obell@example.org,4029668974,18-Feb-2025,Bronze,West
CUST03768,Denise Larson,thompsonnathan@example.org,,25-Sep-2025,Gold,Midwest
CUST03769,Haley Casey,rbradley@example.com,,12/31/2024,Bronze,West
CUST03770,Thomas Macias,afuentes@example.net,292-472-5452x8324,15-Nov-2024,Bronze,Midwest
CUST03771,Morgan Strong,taylornicole@example.net,001-243-497-1501,03/04/2026,Silver,West
CUST03772,Laura Wilson,emilylawrence@example.org,001-440-517-7491,11-Oct-2024,Gold,West
CUST03773,Sabrina Rodriguez,ttanner@example.com,5246911699,12/08/2025,Bronze,Midwest
CUST03774,Patricia Ford,cathykennedy@example.net,(479)930-7217x8219,14-Sep-2025,Platinum,Midwest
CUST03775,Robert Sullivan,stephanie64@example.org,+1-973-545-7635,09-Sep-2024,Bronze,Northeast
CUST03776,Daniel Roberts,lawrencereyes@example.com,864-443-1328x15613,2024-12-07,Bronze,Midwest
CUST03777,Matthew Thomas,ericksontina@example.org,946.374.0724x80187,21-Jan-2026,Silver,Midwest
CUST03778,Larry Johnson DDS,floresholly@example.org,571.415.2750x7361,07/26/2024,Bronze,Midwest
CUST03779,Seth Sanders,kimfranco@example.org,(928)519-7991x1130,06/23/2026,Bronze,Northeast
CUST03780,Robert Hampton,hellis@example.net,396.697.8162x667,16-Aug-2024,Silver,West
CUST03781,Carrie Beck,beverly00@example.com,321.927.1215,10-Apr-2026,Bronze,Northeast
CUST03782,Lisa Powell,stephenrodriguez@example.com,334.999.2842x6786,06/30/2025,Bronze,Midwest
CUST03783,Fred Weaver,,+1-312-606-1268x7370,2025-01-11,Gold,South
CUST03784,Valerie Shaw,sgarcia@example.net,(589)327-8125x983,09/04/2025,Bronze,Northeast
CUST03785,Mary Lewis,rescobar@example.org,351-412-6109,07/20/2025,Silver,South
CUST03786,John Gray,james98@example.net,876.873.2642,14-Jan-2026,Bronze,South
CUST03787,Alexis Baker,loripeterson@example.org,694.934.0716x2766,07/21/2025,Silver,Northeast
CUST03788,Elizabeth Hamilton,patrick13@example.org,001-706-366-0297x294,2024-11-25,Silver,Northeast
CUST03789,Shelby Smith,jonesjorge@example.net,2685106595,11-Oct-2025,Bronze,Northeast
CUST03790,Melanie Thomas,tiffanywells@example.org,243-822-6027x84624,04/18/2026,Bronze,South
CUST03791,Tiffany Cervantes,,+1-745-887-0230x710,2025-02-08,Silver,West
CUST03792,Jennifer David,watsonpaul@example.net,824-608-7415x50757,02/09/2025,Bronze,West
CUST03793,David Parsons,codypeters@example.org,001-764-624-0436,12/25/2025,Gold,Midwest
CUST03794,Zachary Joseph,,(800)422-2656x79926,2025-02-06,Silver,Northeast
CUST03795,Stephanie Daniel,wukristin@example.net,848-308-9658,2025-02-03,Bronze,Northeast
CUST03796,Mary Rasmussen,holtmelanie@example.org,,2026-02-17,Silver,West
CUST03797,John Cox,valerie22@example.net,376.570.4447x18694,04/14/2026,Silver,West
CUST03798,Andrew Williams,utaylor@example.net,001-335-457-1427x09319,09-May-2026,Bronze,Northeast
CUST03799,George Rios,jermaine53@example.net,(841)726-6620,04/12/2025,Bronze,Midwest
CUST03800,Sylvia Williams,ericksonzachary@example.com,711-711-2015x0261,29-Mar-2026,Silver,West
CUST03801,Christian Bird,flambert@example.net,210-245-2887x646,29-Nov-2025,Silver,West
CUST03802,Marcus Flores,tjohnson@example.org,001-485-446-4137x2811,2024-11-30,Gold,Midwest
CUST03803,Justin Sullivan,robertgordon@example.org,+1-755-948-5997x526,28-Jul-2024,Silver,Midwest
CUST03804,Jason Mills,justin32@example.net,,10/11/2025,Bronze,Midwest
CUST03805,Stephanie Davis,,760-896-2939,05-Sep-2024,Silver,South
CUST03806,Frederick Garcia,harrisjonathan@example.net,,2026-03-13,Bronze,Northeast
CUST03807,Becky Hernandez,harveysarah@example.net,,01/19/2026,Bronze,West
CUST03808,Michael Crawford,seth15@example.com,962-739-4764x69145,25-Sep-2025,Bronze,South
CUST03809,Wendy Dennis,david80@example.net,299-505-6032x66251,2024-09-09,Bronze,West
CUST03810,Allison Mcdonald,allenaaron@example.org,667-376-9688x706,11-Aug-2024,Silver,West
CUST03811,William Guerrero,smithdiana@example.net,+1-267-522-4855x157,05-Jan-2025,Bronze,South
CUST03812,Rebecca Davis PhD,beckbrian@example.net,,2025-09-30,Bronze,South
CUST03813,Johnathan Garrett,nicole33@example.net,794-537-4750x6368,08/16/2025,Gold,Northeast
CUST03814,Melissa White,,(336)893-4115x2564,03/15/2025,Silver,West
CUST03815,Travis Phillips,marilynjohnson@example.com,8694651482,05/29/2025,Platinum,West
CUST03816,Phillip Hatfield,sabrinawright@example.org,001-722-741-1771,11/25/2025,Bronze,South
CUST03817,John Rodriguez,kleon@example.org,852-219-2693,2025-08-26,Bronze,Northeast
CUST03818,John Grimes DDS,craig10@example.org,+1-598-268-8635x9412,02-Nov-2025,Bronze,South
CUST03819,Henry Blake,larry77@example.org,+1-264-522-5638x516,2024-09-18,Bronze,Midwest
CUST03820,Manuel Miller,david38@example.org,454-403-2741x5464,2025-03-23,Gold,South
CUST03821,Shelby Porter,theresasmith@example.com,611-748-6297x832,18-Nov-2024,Gold,South
CUST03822,Christopher Armstrong,bullockryan@example.org,900-498-9368x701,08/25/2024,Bronze,West
CUST03823,Brandon Hensley,sestes@example.com,4008543122,02/04/2025,Gold,South
CUST03824,Connie Ramos,cynthia50@example.org,593.947.6499x52325,06/12/2025,Silver,South
CUST03825,Christopher Davidson,sbrown@example.net,735-514-5462x605,02-Jul-2025,Silver,Midwest
CUST03826,Henry Weaver,traci91@example.net,+1-789-503-4774x4995,11/26/2025,Bronze,West
CUST03827,Robyn Martinez,walkerbrian@example.net,421.721.6176,05/21/2026,Gold,South
CUST03828,Laura Clark,,+1-310-229-8331x26528,24-Jun-2026,Silver,Midwest
CUST03829,Diane Castaneda,ajones@example.com,,01/03/2025,Silver,Midwest
CUST03830,Donald Sanchez,brownsarah@example.com,(558)815-3936x22339,2025-01-18,Platinum,South
CUST03831,Gregory Bradley,ryan59@example.org,5544888507,2025-03-26,Platinum,West
CUST03832,Jennifer Stanley,meltonrachel@example.org,(492)752-3209x96627,2026-01-27,Gold,Northeast
CUST03833,Mr. Raymond Smith,brandon58@example.net,(522)372-4859,26-Jun-2025,Bronze,South
CUST03834,Kathy Wagner,dharris@example.com,986.576.7703,05/19/2025,Bronze,Midwest
CUST03835,Teresa Short,harrisscott@example.org,,2025-11-30,Bronze,South
CUST03836,Laura King,cfigueroa@example.org,(635)978-2239,05/13/2026,Bronze,Northeast
CUST03837,Connie Williams,nicholasweber@example.net,964.641.4877,04-Mar-2025,Bronze,Northeast
CUST03838,Desiree Mason,nicholastodd@example.org,+1-998-880-9320,01/24/2025,Bronze,Northeast
CUST03839,Pamela Brown,stephanie52@example.com,001-239-912-5525x003,05/04/2026,Gold,South
CUST03840,Karen Ortiz,thomasholmes@example.org,232.515.8363,2025-11-27,Bronze,South
CUST03841,Kayla Cooper,rmarshall@example.org,+1-360-948-9883x3628,2025-12-16,Silver,West
CUST03842,Jeffrey Bond,jennifer71@example.net,,06-Feb-2026,Silver,Northeast
CUST03843,Megan Price,charles31@example.net,642-896-7307,02/04/2026,Bronze,South
CUST03844,Jasmine Harris,ephillips@example.org,001-778-712-7794x9176,2026-05-27,Bronze,South
CUST03845,Kristen Anderson,,+1-716-827-0491x418,2026-03-10,Bronze,West
CUST03846,Steven Patel,danieljimenez@example.net,6033724709,2025-12-11,Bronze,Midwest
CUST03847,Dr. Christina Freeman,michael90@example.net,5354920570,2026-02-23,Bronze,Midwest
CUST03848,David Barber,brianwagner@example.org,,2025-09-30,Silver,West
CUST03849,Martin Buchanan,jessicahill@example.net,(212)557-9812x3316,07-Aug-2024,Bronze,Northeast
CUST03850,Lindsay Shelton,,+1-256-631-1402x15308,10-Aug-2024,Bronze,Midwest
CUST03851,Jason Owens,ggardner@example.org,001-589-333-2345x422,28-Dec-2025,Platinum,Midwest
CUST03852,Kelly Frost,laurendaniel@example.org,865.565.7076x2141,23-Mar-2026,Silver,West
CUST03853,Charles Campbell,meadowsnicholas@example.org,441-206-4558,07/19/2024,Bronze,Northeast
CUST03854,Nicole Schwartz,jon16@example.org,+1-546-453-7092x387,2025-09-29,Bronze,South
CUST03855,Nicolas Sanchez,cproctor@example.org,+1-589-753-4251x701,30-Jun-2025,Silver,South
CUST03856,Meghan Martinez,sandra52@example.com,+1-299-330-8713,04/21/2025,Silver,Midwest
CUST03857,Kelly Johnson,garciayolanda@example.org,,2025-10-25,Silver,Midwest
CUST03858,Anthony Santiago,,,10/09/2025,Bronze,Northeast
CUST03859,Bryan Zimmerman,jessicawaters@example.com,846.597.7803x4931,2025-12-09,Bronze,Midwest
CUST03860,Melissa Torres,michaelalexander@example.net,3857747177,2025-03-01,Silver,Northeast
CUST03861,Kenneth Bennett,elijahreeves@example.com,001-863-218-1589,09/01/2025,Bronze,Northeast
CUST03862,William Welch,mharris@example.org,+1-426-320-4824x015,05/25/2025,Silver,South
CUST03863,Brian Jones,nallen@example.net,+1-924-571-5258x9996,22-Sep-2025,Bronze,South
CUST03864,Paul Carroll,marygarcia@example.net,001-785-984-0734x31908,2025-11-23,Gold,Midwest
CUST03865,Luke Friedman,vzimmerman@example.net,+1-997-201-5422,26-Sep-2025,Silver,West
CUST03866,Savannah Brooks,zwiley@example.org,,07/26/2024,Silver,Midwest
CUST03867,Amber Morris,,668.589.0896,02/14/2025,Bronze,Northeast
CUST03868,Theresa Wilkinson,anthonyryan@example.com,(471)929-4411x53091,2025-12-11,Silver,Midwest
CUST03869,Cheryl Cruz,brettchurch@example.net,001-227-924-4709x96745,2024-08-17,Bronze,West
CUST03870,Kevin Shannon,dean55@example.com,001-875-776-8112x005,13-Nov-2025,Bronze,Northeast
CUST03871,David Brady,andrew43@example.net,+1-738-472-7075x933,25-Jan-2025,Silver,South
CUST03872,Elijah Spencer,johnhernandez@example.net,3173106378,02-Aug-2025,Silver,Midwest
CUST03873,Leah Sanchez,breannapadilla@example.net,,03/08/2025,Silver,Midwest
CUST03874,Donald Cook,eneal@example.org,+1-940-238-4058,2024-12-31,Silver,West
CUST03875,Tonya Davis,lisapayne@example.com,823.435.1950,2024-11-15,Bronze,South
CUST03876,Donald Leonard,sherrytran@example.net,+1-533-733-7873,26-Dec-2025,Silver,South
CUST03877,Ronnie Dunn,ashley81@example.com,480.459.5155x67464,06/03/2025,Silver,Midwest
CUST03878,Jason Myers,zjohnson@example.net,604.628.0489x1929,19-May-2025,Bronze,Northeast
CUST03879,Mark Gibson,williamspears@example.com,,2026-01-23,Bronze,Northeast
CUST03880,Ryan Gonzalez,ajordan@example.com,001-719-917-9970,27-Aug-2025,Bronze,South
CUST03881,Jo Garcia,dennistony@example.org,362.225.5784,29-Dec-2024,Silver,Northeast
CUST03882,Benjamin Robinson,vjensen@example.org,,08/09/2025,Bronze,Northeast
CUST03883,Andre Kennedy,christopher95@example.com,(541)868-5845,18-Aug-2025,Bronze,Northeast
CUST03884,Mary Garrett,james40@example.com,347.249.2308,06/09/2025,Silver,Midwest
CUST03885,Stephanie Bradford,michael51@example.org,001-507-826-7453,2024-10-05,Bronze,Midwest
CUST03886,Leslie Miller,valdezrachel@example.com,852-527-3722,04/19/2026,Silver,Midwest
CUST03887,Tiffany Rodriguez,jrodriguez@example.org,283.758.1781,2024-10-20,Bronze,South
CUST03888,Erica Lopez,icase@example.org,,2025-03-25,Bronze,South
CUST03889,Paul Donovan,nicolepearson@example.net,979-661-4440x05799,08-Dec-2024,Bronze,Midwest
CUST03890,Carolyn Washington,rodriguezerika@example.com,(755)406-5302x00686,2024-11-15,Silver,Midwest
CUST03891,Chad Johnson,erik47@example.org,628-748-5013x672,07/15/2024,Bronze,Northeast
CUST03892,Brenda Brown,ricepatricia@example.net,+1-675-621-9326,10/26/2025,Silver,South
CUST03893,Brett Martinez,,720-997-6583,2024-09-22,Bronze,South
CUST03894,Tracey Harrison,htaylor@example.net,+1-627-299-7934x832,24-Jun-2025,Silver,Northeast
CUST03895,Jonathan Smith,gbell@example.com,554.875.0316x8157,2025-05-09,Silver,West
CUST03896,Maureen Lynch,hcastro@example.org,2036908197,2025-05-19,Bronze,Midwest
CUST03897,Marcus Phillips,paula88@example.net,650.437.2193x04180,01-Sep-2025,Bronze,Midwest
CUST03898,Micheal Mitchell,brianharrington@example.com,584.632.2156,04/13/2026,Bronze,Midwest
CUST03899,Dr. Katelyn Horn,courtneyanderson@example.org,715.547.4329x95575,2026-01-27,Bronze,Northeast
CUST03900,Heidi Graham,heather41@example.org,001-407-244-3297,2024-11-13,Bronze,Midwest
CUST03901,Breanna Lopez,,001-423-870-3228x88970,23-Jul-2024,Gold,Midwest
CUST03902,Brenda Henderson,johnsonmary@example.com,,09/18/2024,Gold,West
CUST03903,Robert Juarez,pwells@example.com,932-738-6377x36421,12/02/2025,Bronze,West
CUST03904,Mary Martin,zacharyortega@example.org,001-843-369-1742x3808,28-Aug-2025,Silver,Midwest
CUST03905,Anthony Suarez,blankenshipkevin@example.com,001-527-553-7004x102,09-Mar-2026,Silver,Midwest
CUST03906,Kristina Mitchell,,516-392-7703,11/01/2025,Silver,Northeast
CUST03907,Mary Faulkner,bonnie36@example.net,371-268-8972x93190,2026-04-28,Bronze,Northeast
CUST03908,Toni Nelson,katherine44@example.net,903.481.7174x7490,2024-12-25,Bronze,Midwest
CUST03909,Christina Zamora,randygonzalez@example.net,776-420-7266x93185,25-May-2026,Bronze,Midwest
CUST03910,Teresa Graham,jeffrey56@example.org,001-648-274-2243,2025-09-04,Bronze,South
CUST03911,Christina King,lfischer@example.org,(834)244-8304x10545,2024-08-21,Silver,Midwest
CUST03912,Jesse Glover,andreahinton@example.com,+1-366-980-7345x7107,09-Jul-2025,Bronze,West
CUST03913,Guy Mathis,ronaldalvarez@example.org,,25-Nov-2024,Bronze,South
CUST03914,Jason Carter,brandonsmith@example.com,(657)696-6758x1343,06/03/2025,Bronze,South
CUST03915,Sandra James,jessemccarthy@example.net,(963)878-6120x4597,17-Jun-2025,Bronze,West
CUST03916,Tracy King,christine06@example.net,+1-425-919-1155x652,10/31/2025,Bronze,West
CUST03917,Colton Thomas,ingramjoseph@example.com,493.838.3950x2786,11/25/2024,Silver,West
CUST03918,Ashley Mcintyre,logannovak@example.org,001-297-885-1412x011,06/25/2025,Silver,Northeast
CUST03919,Dr. Joshua Thompson,shawnhammond@example.com,661.215.5849x738,2024-07-03,Bronze,Midwest
CUST03920,Ronald Kelly,christopherbaker@example.net,,04/14/2026,Gold,Midwest
CUST03921,Jason Mills,austinpaul@example.com,953-838-3733x1074,07/19/2024,Silver,Northeast
CUST03922,Andrew Wallace,deannawright@example.net,(441)944-1275x79880,01-Jan-2026,Bronze,Northeast
CUST03923,Lee Cohen,frank51@example.org,2982755467,25-Jan-2025,Gold,Northeast
CUST03924,Joshua Williams,gamblekristin@example.net,5878034116,08/23/2024,Bronze,West
CUST03925,Joseph Brown,james27@example.net,6053608863,12-Sep-2025,Bronze,Northeast
CUST03926,Sean Collins,patrickjose@example.com,769-905-7923x2183,2025-04-29,Bronze,Northeast
CUST03927,Stephanie Gonzalez,jakebrooks@example.net,419-951-7863x189,07/13/2025,Bronze,Midwest
CUST03928,Kristin Diaz,ksharp@example.com,,04/08/2026,Gold,Midwest
CUST03929,Dale Watts,patrick80@example.net,859.666.5216x34878,06/29/2026,Bronze,Northeast
CUST03930,Kelly Martinez,,511-784-2641x02205,08/26/2025,Gold,South
CUST03931,Miss Patricia Mills,michaelbennett@example.org,001-773-282-7606x7062,2026-05-09,Silver,Northeast
CUST03932,Michael Blair,monicabonilla@example.org,+1-580-495-6069x932,2025-12-19,Gold,Midwest
CUST03933,Michael Allen,gloria01@example.net,001-873-511-1202x7221,27-May-2026,Bronze,West
CUST03934,Michael Sims DDS,whitneycarroll@example.net,833.440.9586x354,2024-12-29,Gold,West
CUST03935,Richard Russo,jonathanperkins@example.net,001-366-439-0742x6633,2024-10-16,Gold,Midwest
CUST03936,Alyssa Lopez,dawnbrown@example.net,001-460-593-1417x3361,09/03/2025,Silver,Midwest
CUST03937,Brandon Garza,whitney49@example.com,(215)823-8589x725,30-May-2025,Bronze,South
CUST03938,Charles Camacho,shannonmcintosh@example.net,6905313464,14-Sep-2025,Gold,West
CUST03939,Erin Jefferson,belindarogers@example.org,326.650.9012,2025-10-19,Bronze,South
CUST03940,Courtney Hughes,caroline03@example.net,,2024-08-08,Bronze,Midwest
CUST03941,John Gentry,delgadonatasha@example.com,(480)860-6561x21747,19-Jun-2025,Bronze,Midwest
CUST03942,Samuel Jarvis,ecrawford@example.com,+1-338-266-8970x7342,13-Dec-2025,Silver,Northeast
CUST03943,Meghan Harris,mmorse@example.net,(237)799-5342,26-Apr-2025,Gold,Northeast
CUST03944,Tonya Walker,lisa26@example.com,265-629-8053x03610,10/01/2025,Bronze,Northeast
CUST03945,Tara Petersen,daniel01@example.net,001-495-900-9872x646,09/13/2024,Gold,Midwest
CUST03946,Heather Anderson,,4595354157,27-Aug-2025,Silver,South
CUST03947,David Ford,edward58@example.net,,2024-09-08,Bronze,West
CUST03948,Michelle Mendez,bwebster@example.com,,04-Sep-2024,Silver,South
CUST03949,Jessica Colon,vlewis@example.org,(603)328-8894x8978,18-Nov-2025,Silver,South
CUST03950,Beth Hubbard,dennis82@example.net,7824314302,29-Jul-2024,Silver,Midwest
CUST03951,Patricia Andrews,robertsellen@example.net,001-280-987-8253x467,04-Apr-2026,Platinum,West
CUST03952,Erin Johnson,ejones@example.org,821-478-8881,13-Apr-2025,Gold,Northeast
CUST03953,Lisa Alvarez,ethanyoung@example.org,344.346.1179x54957,05/18/2025,Silver,Midwest
CUST03954,Luis Scott,debra15@example.org,(814)951-8313x2181,02/10/2026,Silver,Northeast
CUST03955,Kevin Melendez,aconley@example.org,626.207.6851x6406,2026-06-28,Silver,Northeast
CUST03956,Juan Mccall,stephanie51@example.net,(382)372-9428,2026-03-08,Silver,West
CUST03957,Jessica Farmer,rmartin@example.net,001-532-959-5748x5913,03/14/2025,Bronze,West
CUST03958,Christina Scott,kimberlyclark@example.net,787-816-9467,2025-08-14,Silver,West
CUST03959,Mary Taylor,kylelindsey@example.com,807.525.7975x13154,05/05/2025,Silver,South
CUST03960,Tina Garcia,bvelasquez@example.org,,23-Sep-2025,Bronze,South
CUST03961,Leslie Donovan,lburton@example.com,(945)757-6999,08/19/2024,Gold,South
CUST03962,Kelsey Villarreal,jennifersanders@example.org,+1-996-901-4471x599,23-Oct-2025,Gold,Northeast
CUST03963,David Soto,cindy96@example.org,609-277-4184x126,23-Feb-2025,Silver,South
CUST03964,Tracey Taylor,megantaylor@example.com,,22-Apr-2025,Bronze,West
CUST03965,Cheryl Sandoval,kristen21@example.net,(545)632-6169x17499,2025-03-09,Bronze,Northeast
CUST03966,Jeremy Clements,holmesalex@example.com,,01/25/2026,Bronze,West
CUST03967,Amber Zimmerman,whouse@example.net,673.202.9620x56336,2026-01-14,Bronze,Midwest
CUST03968,Charles Stephens,scotthowe@example.org,001-788-626-3109x6872,08/03/2024,Silver,Midwest
CUST03969,Nicholas Ryan PhD,,516.382.0432x81277,03-Jan-2026,Silver,Northeast
CUST03970,Elizabeth Mcdowell,ericaherrera@example.net,001-643-278-8724x27581,18-Nov-2025,Silver,West
CUST03971,Anthony Rivera,careysarah@example.net,(931)764-7059x488,2024-11-17,Silver,West
CUST03972,John Welch,hectorreid@example.com,(488)493-2281x7108,2026-05-14,Gold,West
CUST03973,Barbara Adams,jamescarroll@example.com,659.733.6783x588,2025-01-16,Bronze,Northeast
CUST03974,Joshua Freeman,clarkemma@example.org,001-731-819-6764x75833,03-Apr-2025,Bronze,South
CUST03975,Megan Johns,rebeccamartin@example.com,,07/07/2024,Bronze,Northeast
CUST03976,Michael Mccoy,fporter@example.org,9842298507,2025-10-07,Gold,South
CUST03977,Joshua Powers,molly36@example.net,320.615.4612,16-Dec-2025,Silver,Northeast
CUST03978,Shannon Gross,amandadelgado@example.com,+1-373-719-4194x92651,2025-11-22,Bronze,Northeast
CUST03979,Amy Thompson,,(831)352-1809,2024-10-22,Bronze,Northeast
CUST03980,Brittany Cisneros,,+1-243-859-7309,02/18/2025,Bronze,South
CUST03981,Stanley Stone,butlermatthew@example.com,(863)724-5405x360,2025-05-04,Bronze,South
CUST03982,Frank Garrett,gabrielle17@example.net,629.662.2923x4671,30-Apr-2025,Gold,West
CUST03983,Chelsey Chavez,anthonywallace@example.net,+1-767-540-0184x76699,03/09/2025,Gold,West
CUST03984,Jeremy Miller,raven08@example.com,+1-276-552-0562x24718,2026-06-08,Bronze,South
CUST03985,Kelli Holloway PhD,crystal37@example.org,2452826096,12/13/2025,Bronze,West
CUST03986,Joe Hampton,jrogers@example.org,378-506-6774,2024-07-09,Bronze,Northeast
CUST03987,Jennifer Norris,rshaw@example.org,(933)461-8913x55965,05-Jun-2025,Silver,South
CUST03988,Samantha Rodriguez,emily47@example.com,,11/12/2024,Bronze,West
CUST03989,Cynthia Johnson,fli@example.org,+1-346-618-6771x641,05/02/2026,Bronze,Midwest
CUST03990,Stephen Nunez,hernandezdonna@example.org,(632)928-0297x98013,2024-10-18,Gold,Midwest
CUST03991,Teresa Hamilton,amandamclean@example.com,451.996.5376x7039,02/05/2025,Gold,Midwest
CUST03992,Angelica Hall,christinaramos@example.com,3536083360,2025-05-10,Bronze,Northeast
CUST03993,Katherine Rodriguez,,518-488-8270,2025-12-23,Silver,Northeast
CUST03994,Nathan Salazar,nicholastorres@example.org,,24-May-2025,Silver,Midwest
CUST03995,Jerry Foster,ashleyturner@example.net,992-975-8482,26-Mar-2025,Platinum,West
CUST03996,Ronald Munoz,stevenhenson@example.org,992-846-7595,27-Nov-2024,Silver,Midwest
CUST03997,William Potts,burkeluis@example.com,9872165081,26-Nov-2024,Silver,South
CUST03998,Jessica Jones,frank28@example.org,(694)953-8455x42724,03/10/2025,Bronze,South
CUST03999,Manuel Burton,lmccoy@example.net,001-720-814-8292x3792,2025-07-25,Bronze,South
CUST04000,Erica Gray,martinezsandra@example.com,(758)365-1150x355,02/05/2026,Bronze,South
CUST04001,Amy Rubio,perrydestiny@example.com,(277)821-3600x84380,12-Jun-2026,Bronze,South
CUST04002,Lindsey Young,kimberlydickerson@example.com,001-310-399-7872,02/12/2026,Bronze,West
CUST04003,Aaron Keller,reynoldschristopher@example.net,9042721535,2024-07-15,Bronze,Midwest
CUST04004,Jordan Walter,lescobar@example.org,2552501878,19-Oct-2025,Silver,South
CUST04005,Leah Cannon,jeffreykelly@example.net,233-449-2321x243,02/27/2025,Bronze,South
CUST04006,Susan Sanchez,robinsoncristina@example.org,(627)969-0474,04/18/2026,Bronze,South
CUST04007,Alexandra Chen,martinezanthony@example.net,580.687.6678x453,2025-10-09,Bronze,West
CUST04008,David Gregory,ohunt@example.com,,2024-07-29,Bronze,Midwest
CUST04009,Benjamin Wolf,gonzalezjudith@example.com,736-237-5060,2024-12-08,Silver,Midwest
CUST04010,Tanya Davis,fosterlauren@example.net,+1-478-845-7362x53034,23-Jan-2026,Platinum,West
CUST04011,Jeremiah Young,richardjensen@example.org,928.770.2294x009,29-Aug-2024,Silver,Midwest
CUST04012,April Lopez,catherineallison@example.com,7998656789,01/17/2025,Silver,West
CUST04013,Lisa Craig,blakescott@example.org,4323928442,12/02/2024,Gold,West
CUST04014,Damon Anderson,nataliehall@example.org,2044295603,09/08/2025,Bronze,West
CUST04015,Lauren Pitts,bmay@example.org,8755200255,31-Aug-2024,Bronze,South
CUST04016,Mrs. Michelle Walker,bakeralison@example.com,537-230-5359x6276,26-Jul-2024,Bronze,Northeast
CUST04017,Tina Reyes,sarahwalters@example.com,(373)597-6748,2026-05-23,Bronze,West
CUST04018,Charles Smith,zcox@example.net,614-431-4013x9887,06/06/2026,Silver,Midwest
CUST04019,Michael Harris,lgarcia@example.com,001-728-440-8885x63802,2024-08-20,Platinum,Midwest
CUST04020,Amber Mitchell,powellsarah@example.net,(315)959-6487x032,11-Jul-2024,Silver,South
CUST04021,Monica Barber,fred35@example.net,702-816-9806x813,11/26/2024,Bronze,South
CUST04022,Janet Thomas,gina62@example.com,956-615-7723x55172,25-May-2026,Silver,Northeast
CUST04023,Jordan Larson,tanneroneal@example.net,+1-644-661-7353x606,29-Jun-2025,Bronze,Midwest
CUST04024,Jennifer Horton,adam12@example.com,2288700711,2026-05-19,Gold,South
CUST04025,Stephanie Thomas,dustinkelly@example.net,(699)880-0881x4848,13-Nov-2025,Silver,South
CUST04026,Deborah Lyons,joshuamoran@example.org,+1-760-469-1382x172,11/14/2025,Bronze,South
CUST04027,Jessica Holmes,jasonorozco@example.net,(975)767-6594x86378,01-Mar-2025,Silver,West
CUST04028,Tammy Stafford,carrillochristine@example.com,001-924-681-8706x337,25-May-2026,Gold,South
CUST04029,Jason Hampton,frankcruz@example.net,236-915-9364,11/17/2025,Silver,South
CUST04030,Michael Soto,staceyryan@example.net,,22-Jul-2024,Silver,Northeast
CUST04031,Zachary Travis,jennifer62@example.net,,08-Mar-2026,Silver,Northeast
CUST04032,David Norman,matthew12@example.org,+1-614-514-2158x25451,09-Feb-2025,Bronze,West
CUST04033,Brittany Brown,marroyo@example.net,(605)410-3415,12/06/2025,Silver,South
CUST04034,Diane Campbell,michaelhensley@example.org,406.507.7149x764,04/15/2025,Gold,South
CUST04035,Katherine Huff,youngmonica@example.com,(323)341-7792,05/30/2025,Silver,Midwest
CUST04036,Christopher Edwards,bsmith@example.org,(271)472-0984,21-May-2025,Bronze,Midwest
CUST04037,Steven Nelson,belldave@example.net,001-897-817-8625x61563,2025-01-15,Silver,South
CUST04038,Madison Morgan,mitchellmario@example.net,(306)928-5367x4928,2026-06-04,Silver,Midwest
CUST04039,Angela Neal,xhall@example.com,813.631.1270,19-Feb-2025,Bronze,South
CUST04040,Shawn Mccormick,pennyduncan@example.net,001-204-597-9103,2024-12-12,Silver,Midwest
CUST04041,Lee Sullivan,jennifer29@example.com,(870)364-4093x0577,29-Jan-2025,Bronze,South
CUST04042,Kevin Hernandez,williamsjustin@example.net,(635)374-0885x17444,12/25/2024,Silver,Midwest
CUST04043,Tara Roberson,amber23@example.net,(952)963-7338x061,24-Sep-2025,Gold,South
CUST04044,Amanda Rosales,amandamiller@example.org,9638105950,2024-09-29,Silver,West
CUST04045,Dennis Patterson,qrodriguez@example.com,,08-Sep-2025,Bronze,Midwest
CUST04046,Dr. Zachary Perez,laurenbrown@example.org,,08-Aug-2024,Bronze,Midwest
CUST04047,Audrey Morrison,darylreyes@example.com,,2026-04-03,Platinum,Midwest
CUST04048,Stephanie Rowland,steven39@example.net,+1-536-546-9061x0960,07/14/2025,Bronze,South
CUST04049,Raymond Hernandez,angelamann@example.org,253.775.5727,09/20/2025,Bronze,Northeast
CUST04050,Emily Curtis,ahernandez@example.net,(657)576-7788x7130,13-Sep-2025,Silver,Northeast
CUST04051,Thomas Myers,,(532)895-6898x65748,2025-06-05,Bronze,West
CUST04052,Alicia Curry,ahardin@example.org,,12/06/2024,Gold,West
CUST04053,Nathan Evans,scottnancy@example.net,5157315005,2025-11-01,Gold,Northeast
CUST04054,Joshua Delgado,kristi55@example.com,241-378-4376,16-Jan-2026,Silver,Midwest
CUST04055,Christina Maxwell,gshelton@example.org,001-269-653-5246x936,05-Jan-2026,Bronze,Northeast
CUST04056,Kenneth Perkins,joyce01@example.net,595.489.8184,01/20/2025,Bronze,South
CUST04057,Dr. Heidi Joseph,larrywhite@example.net,(412)328-6952x938,11-Jun-2026,Bronze,West
CUST04058,Joshua Tran,derek00@example.net,635.390.1325x704,01/31/2026,Silver,South
CUST04059,Brittany Campos,whitematthew@example.com,288.755.7393x97426,2025-03-16,Bronze,Midwest
CUST04060,Matthew Moore,laura99@example.org,435-239-5956x917,2025-06-09,Silver,Midwest
CUST04061,Michael Montgomery,thomasprice@example.org,352-377-3748,2025-07-23,Gold,West
CUST04062,Johnny Riley,howardautumn@example.net,740-990-0255x8782,11/23/2024,Bronze,Midwest
CUST04063,Daniel White,hubershawn@example.org,+1-754-205-3340x1647,02/18/2026,Gold,South
CUST04064,Andre English,jamesjones@example.net,(358)551-0214x6548,11/04/2024,Bronze,Northeast
CUST04065,Shelly Johnson,evilla@example.com,(950)719-1779,07/16/2024,Silver,Midwest
CUST04066,Julie Haynes,callahanrichard@example.org,401-577-5917x48909,10-Mar-2026,Gold,West
CUST04067,Connie Ibarra,danielle70@example.com,,06/10/2026,Platinum,Northeast
CUST04068,Alicia Hamilton,trevor65@example.org,339.983.1125x9822,2026-01-28,Bronze,Midwest
CUST04069,Troy Vega,,,11/11/2025,Bronze,Midwest
CUST04070,Benjamin Franklin,fmiller@example.org,540.384.9785,2025-02-17,Bronze,South
CUST04071,Shane Proctor,pfields@example.net,691.291.6545,26-Apr-2025,Silver,Midwest
CUST04072,Michael Lindsey,gaustin@example.net,(807)425-0933x3020,2026-02-02,Silver,Northeast
CUST04073,Daniel Patrick,matthew28@example.org,549.478.5752,01-Apr-2025,Silver,Northeast
CUST04074,Andrew Pierce,wilsonrobert@example.org,001-650-425-5130x99962,22-Jan-2026,Silver,South
CUST04075,Jennifer Day,bgallagher@example.com,7344562155,06/19/2025,Gold,South
CUST04076,Tyler Rodriguez,silvamichael@example.com,(794)619-0454x906,12/07/2025,Silver,West
CUST04077,Patrick Thomas Jr.,rioswarren@example.com,(261)818-7007x49890,09/05/2024,Bronze,Midwest
CUST04078,Shane Mcintyre,,855-567-7521,25-Mar-2025,Platinum,Northeast
CUST04079,Brooke Scott,kevin50@example.com,(954)978-8915x59398,05/20/2026,Silver,Northeast
CUST04080,Melanie Estrada,dennis80@example.com,001-342-621-2037x3600,20-Feb-2025,Silver,Northeast
CUST04081,Cassandra Anderson,blakedennis@example.org,917-393-9538x430,11/15/2025,Bronze,South
CUST04082,Jeffrey Obrien,jenniferrodriguez@example.com,+1-903-433-1393x605,2025-12-16,Bronze,South
CUST04083,Jerry Davis,mary67@example.com,+1-223-586-5826x30161,07/26/2024,Bronze,Northeast
CUST04084,Cindy Kim,eric34@example.org,001-454-375-5156x9832,2025-11-24,Gold,South
CUST04085,Andrea Hunter,franklincarlos@example.net,977-301-9827,05/29/2025,Platinum,Midwest
CUST04086,Jon Rivera,bmontoya@example.org,(817)774-4415,05/24/2025,Bronze,Midwest
CUST04087,Stephen Robles,vstafford@example.net,724.781.3281x80129,2025-07-01,Silver,Midwest
CUST04088,Emily Hebert,gabriel40@example.com,749-413-1046,2025-06-29,Silver,South
CUST04089,Nicholas Kelly,manuel31@example.net,,11/07/2024,Silver,Northeast
CUST04090,Joseph Thompson,,212-294-7299x26337,09/10/2025,Silver,South
CUST04091,Daniel Vega,sheltonjack@example.org,(376)315-8425,04/25/2026,Bronze,Midwest
CUST04092,Sheila Steele,ericwilson@example.com,931.332.9757x03409,2025-12-14,Silver,South
CUST04093,Anna Serrano,kyle62@example.net,001-974-881-8731x78529,2025-01-28,Bronze,South
CUST04094,Katie Rios,hpierce@example.net,(961)675-8692,26-Oct-2024,Silver,West
CUST04095,Sandra Brown,longbob@example.net,911-917-0404,12/15/2024,Gold,West
CUST04096,Anthony Taylor,ichandler@example.org,339.270.1631x6295,2026-02-26,Platinum,South
CUST04097,Brian Foster,vhamilton@example.com,666-606-4858,2025-01-10,Bronze,Midwest
CUST04098,Glenn Valenzuela,wcarter@example.org,,02-Jul-2025,Gold,Northeast
CUST04099,Virginia Carter,,526-352-7667,08-Mar-2025,Bronze,West
CUST04100,Ryan Davis,ngallegos@example.org,712-268-1868,2026-03-10,Silver,West
CUST04101,Edward Maynard,robert97@example.com,504-656-8826,2024-11-06,Silver,Northeast
CUST04102,Daniel Jensen,bsmith@example.com,(851)336-2725,2025-07-05,Bronze,West
CUST04103,Mark Smith,tammy87@example.com,,10/21/2024,Bronze,Northeast
CUST04104,Mark Collins,,521-462-7573,12-Jun-2026,Bronze,Northeast
CUST04105,Brandon Grimes,ryanlynch@example.org,+1-674-780-2335x235,09/09/2025,Platinum,Northeast
CUST04106,Justin Waller,,+1-784-760-7491x6981,21-Feb-2025,Bronze,Midwest
CUST04107,Rickey Patterson,bauerlance@example.net,,02/21/2025,Bronze,Northeast
CUST04108,Sarah Smith,josephtaylor@example.net,965-889-9333x571,08/03/2025,Silver,West
CUST04109,Cheryl Holloway,brittany40@example.net,001-947-972-7972x8092,12/26/2025,Bronze,Northeast
CUST04110,Aaron Johnson,,+1-746-940-8798x17361,12/28/2025,Gold,South
CUST04111,Stephen Martin,myersrachel@example.net,6117808295,10/06/2024,Bronze,Midwest
CUST04112,Suzanne Curtis,riversheather@example.net,863-233-8179x8427,2024-09-12,Bronze,Northeast
CUST04113,Stephen Howell,vaughnmark@example.org,870.719.3639,05/02/2026,Bronze,Midwest
CUST04114,Margaret Barrera,rickyjordan@example.net,(990)354-5219x0926,11/14/2024,Gold,Midwest
CUST04115,Richard Stafford,phillipstroy@example.org,,05-Jul-2025,Bronze,Midwest
CUST04116,Rita Johnson,markramirez@example.org,7798740768,13-Jan-2025,Bronze,Northeast
CUST04117,Linda Hernandez,tammy33@example.com,+1-286-495-4680,07-Nov-2024,Silver,South
CUST04118,Logan Henderson,ecox@example.net,001-675-395-9627x4233,04/13/2026,Gold,West
CUST04119,Michael Roberts,danaruiz@example.org,352.869.6857x539,2025-10-12,Bronze,South
CUST04120,Marc James,joewashington@example.com,963-498-4811,2026-01-15,Bronze,Northeast
CUST04121,Bruce Mcbride,htorres@example.com,324.260.6398,07/19/2025,Silver,Northeast
CUST04122,Christopher Schroeder,bishopcatherine@example.org,+1-860-307-8949x350,04/07/2026,Gold,South
CUST04123,Todd Kemp,anthonybell@example.org,348.265.7968,12/25/2024,Bronze,Northeast
CUST04124,Christopher Smith,kwalker@example.net,859-954-3124,12/30/2024,Platinum,Northeast
CUST04125,Shannon Roberts,john81@example.com,819-558-7360,01/09/2025,Platinum,South
CUST04126,Robert Randolph,benjaminbailey@example.org,495.532.7918,12/08/2024,Bronze,West
CUST04127,John Barnes,carlacarpenter@example.net,001-581-775-4814x423,14-Feb-2026,Silver,Midwest
CUST04128,Mary Edwards,tayloremily@example.org,374-568-7927x1855,2025-06-06,Gold,South
CUST04129,Gregory Aguirre,mbarron@example.com,+1-808-978-4178,23-Sep-2025,Silver,West
CUST04130,Lisa Shannon,kcarlson@example.com,001-299-657-2020x3521,2025-07-29,Platinum,Northeast
CUST04131,Barbara Cardenas,frice@example.org,+1-693-431-3863,04-Dec-2024,Gold,Midwest
CUST04132,Michael Wang,catherine71@example.org,817-662-8510x301,2026-03-04,Bronze,Midwest
CUST04133,Allison Galloway,qmolina@example.com,(611)588-0690,07-Mar-2026,Bronze,Midwest
CUST04134,Angela Torres,chadleach@example.org,(206)324-4185,10/31/2025,Silver,West
CUST04135,Jason Carter,morganterri@example.net,+1-757-556-8113x431,2026-02-28,Silver,Northeast
CUST04136,Sarah Green,cassandrakline@example.net,+1-622-935-9634x7262,09/14/2024,Bronze,West
CUST04137,Natasha Armstrong,kstewart@example.com,+1-273-408-7240x36480,2025-10-28,Bronze,Midwest
CUST04138,William Mitchell,vfletcher@example.net,+1-367-465-1727x75329,26-Nov-2024,Gold,Midwest
CUST04139,Noah Graham,daniel93@example.org,2155903824,08/04/2024,Bronze,Midwest
CUST04140,Tyler Hunter,james44@example.com,,2025-04-06,Bronze,West
CUST04141,Kevin Cameron,grayashley@example.net,8497406644,18-Aug-2024,Platinum,West
CUST04142,John Lane,tonismith@example.org,,2025-07-19,Bronze,Northeast
CUST04143,Richard Lane,rhondaadams@example.com,,2025-02-27,Bronze,Northeast
CUST04144,Sheri Alvarez,lisagregory@example.org,+1-203-379-4400,03-Jul-2024,Bronze,Midwest
CUST04145,Jessica Braun DDS,dwells@example.org,001-464-896-4422x1696,08/15/2025,Silver,West
CUST04146,Jordan Li,maryporter@example.com,+1-263-757-2231x526,11/14/2025,Bronze,South
CUST04147,Dustin Jones,hflores@example.org,6157447512,2025-06-23,Gold,West
CUST04148,Kelly Weaver,padilladwayne@example.org,+1-432-487-0789x61783,2025-03-29,Bronze,Northeast
CUST04149,Michael Buchanan,shaun22@example.org,(432)860-1754,28-Sep-2025,Silver,Midwest
CUST04150,Kiara Chan,garymcintyre@example.net,,2025-08-23,Silver,Midwest
CUST04151,Brandy Hernandez,andrea90@example.net,,2025-05-01,Silver,Northeast
CUST04152,Debra Rivera,gthomas@example.com,830.923.9484x7714,18-Dec-2024,Silver,South
CUST04153,Molly Williams,davidadkins@example.org,,21-Sep-2024,Platinum,South
CUST04154,Christopher Baker,theresakim@example.com,,09-Oct-2025,Bronze,Northeast
CUST04155,Rebecca Allen,medinadaniel@example.com,+1-476-351-5021x8645,2025-08-24,Bronze,West
CUST04156,Bradley Russell,,686.218.9085,03-Oct-2025,Silver,South
CUST04157,Antonio Thomas,jeffrey55@example.net,+1-653-497-2056x006,07/02/2024,Gold,West
CUST04158,Charles Cox,nlamb@example.com,407.410.6011x303,2024-12-01,Bronze,Midwest
CUST04159,Danielle Mckinney,jamessnyder@example.com,536-456-0267x41216,2024-12-30,Gold,Northeast
CUST04160,Janet Lopez,rhondafields@example.org,584-339-6099x607,2024-07-03,Silver,West
CUST04161,Heather Johnson,djones@example.net,765-535-9851,2025-09-29,Bronze,West
CUST04162,Miguel Jackson,destinyyoung@example.org,+1-849-350-1528x0064,25-May-2026,Gold,West
CUST04163,Matthew Bauer,rebeccalowe@example.com,(896)249-2896x3899,2024-09-14,Bronze,South
CUST04164,Jamie Bowen,mariejohnson@example.com,364.524.9442x828,10/21/2024,Bronze,Midwest
CUST04165,Rodney Bennett,washingtonamanda@example.com,(897)821-3690,2024-07-15,Bronze,Midwest
CUST04166,Ms. Crystal Jenkins,wilsonhenry@example.org,903-941-7609x7137,07-Mar-2026,Platinum,South
CUST04167,James Johnson,rnicholson@example.org,,08/01/2024,Gold,Midwest
CUST04168,Sarah Solis,tristan86@example.org,(794)530-1226x941,10/23/2025,Silver,South
CUST04169,Craig Gordon,lucasdeborah@example.org,+1-682-221-6259x322,2025-11-27,Gold,Northeast
CUST04170,Stacey Franco,cynthia74@example.net,783.441.6232,2025-07-07,Bronze,West
CUST04171,Todd Johnson,,,20-Aug-2025,Bronze,Midwest
CUST04172,Christine Hernandez,nvincent@example.net,,29-May-2026,Gold,Midwest
CUST04173,Kristine Hatfield,gmarsh@example.org,(543)385-5129x9866,12-Jul-2025,Silver,West
CUST04174,Jordan Sanchez,austinpeter@example.org,,2026-01-24,Silver,South
CUST04175,James Copeland,jimenezjesse@example.net,588-559-3775,2025-03-14,Bronze,West
CUST04176,Deanna Williams,wendy33@example.org,+1-243-435-0698x4433,22-Feb-2025,Gold,South
CUST04177,Paul Beck,thomasstephens@example.com,(744)785-6786x8926,09/19/2024,Silver,Midwest
CUST04178,Dr. Patrick Garcia,robertfoster@example.org,001-670-455-4565x1541,2026-05-03,Gold,South
CUST04179,Kimberly Jones,leslie94@example.org,382.225.8140,2026-06-11,Silver,South
CUST04180,Laura Cooper,jessica28@example.org,(945)480-8106x35519,17-Apr-2025,Silver,Midwest
CUST04181,Don Flores,mary24@example.com,(382)358-4597x22050,2025-04-06,Bronze,South
CUST04182,Charles Stone,falvarez@example.com,001-719-720-2976x3775,10/27/2025,Platinum,Midwest
CUST04183,Scott Cummings,fraziercandace@example.com,(871)416-2535x2293,2026-03-21,Silver,Midwest
CUST04184,Angela Alvarez,nicoleharmon@example.net,859.437.2751x315,2026-03-22,Bronze,Northeast
CUST04185,William Nash,thomas78@example.com,507-894-5393x4112,04-Feb-2025,Gold,South
CUST04186,Christopher Roth,brandon96@example.com,001-920-764-7405x503,2024-07-10,Gold,South
CUST04187,Nancy Smith,tracy04@example.com,771.823.7287x35768,01-Jan-2025,Gold,West
CUST04188,Hannah Todd,harveyjustin@example.org,874.316.8674x4899,11/15/2025,Silver,South
CUST04189,Sarah Sandoval,jsmith@example.org,243-958-3510x067,01-Oct-2025,Bronze,Northeast
CUST04190,Steven Parks,jeffrey07@example.net,441.352.7421,2024-12-27,Bronze,Northeast
CUST04191,Lisa Phillips,wilsonamy@example.org,+1-275-237-4126,08-May-2026,Bronze,South
CUST04192,Jessica Russo,radams@example.net,,04/08/2025,Gold,Midwest
CUST04193,Laura Keller,david06@example.org,788-778-2028x2536,10/17/2024,Gold,West
CUST04194,Collin Medina,hallgrant@example.com,857-916-1954,2024-10-19,Bronze,West
CUST04195,Paige Ibarra,daniel50@example.com,513-783-5146,01/28/2025,Bronze,South
CUST04196,Jacob Ramirez,olivia76@example.org,9692348673,04/28/2026,Silver,South
CUST04197,Michael Woods,mendozajordan@example.org,(241)372-2551x45885,2025-07-31,Silver,Northeast
CUST04198,Laura Smith,smithdaniel@example.org,(539)600-1990x7394,2024-07-01,Silver,Northeast
CUST04199,Andrew Rhodes,edouglas@example.net,429.270.3450x588,2024-11-02,Gold,West
CUST04200,James Cannon,courtney39@example.net,001-374-622-5779x83042,20-Feb-2025,Silver,South
CUST04201,Tanya Gonzalez,christopherhiggins@example.org,993-486-8226,2024-12-27,Silver,South
CUST04202,Austin Russo,robertcampbell@example.com,(629)678-8235x5318,2026-03-29,Platinum,West
CUST04203,Jeanette Williams,matthewgonzalez@example.com,816.788.0177x1086,01/06/2025,Gold,Northeast
CUST04204,Timothy Williams,mitchellramsey@example.org,307-571-4210x5435,2025-05-19,Gold,South
CUST04205,Michelle Vance,kgraves@example.org,(791)708-0778,09/18/2025,Bronze,Midwest
CUST04206,Linda Gregory,willieleonard@example.org,,24-Sep-2024,Bronze,South
CUST04207,Jessica Conley,oyates@example.net,347.886.2646,09/25/2024,Bronze,Midwest
CUST04208,Amy Patel,morganjoel@example.org,,06-Apr-2026,Silver,West
CUST04209,Nicole Smith,zferguson@example.org,,2026-05-26,Bronze,Midwest
CUST04210,Tyler Scott,bjordan@example.org,470-408-2637x4646,27-Oct-2025,Silver,Northeast
CUST04211,Martin Green,kjackson@example.net,001-838-635-9301,2025-08-17,Gold,Midwest
CUST04212,Austin Matthews,timothy11@example.com,744-803-4287,2025-05-19,Bronze,West
CUST04213,Ashley Rodriguez,martinezpatrick@example.org,(279)712-6154,04/19/2025,Silver,West
CUST04214,Abigail Lawrence,,748.510.0334,12-Jan-2026,Silver,Midwest
CUST04215,Mark Collins,drewhamilton@example.net,911.457.9136x78953,18-Jun-2026,Silver,Northeast
CUST04216,Stephen Montgomery,icaldwell@example.com,217.629.7131x15825,03-Feb-2026,Silver,West
CUST04217,Clinton Hensley,dudleycody@example.net,001-628-582-9145x4705,11/30/2024,Gold,Northeast
CUST04218,Frank Park,james44@example.net,792.220.7810,03/04/2026,Bronze,Midwest
CUST04219,Melissa Harper,jessica08@example.net,,2025-12-22,Silver,West
CUST04220,Zachary Martin,richardsanchez@example.org,,2025-12-20,Silver,Northeast
CUST04221,Daniel Brooks,lisa34@example.net,256.679.4154,05/02/2025,Bronze,Northeast
CUST04222,Jacob Ortiz,cpeters@example.org,371.451.3006x34096,02-Apr-2026,Bronze,Midwest
CUST04223,Theresa Martin,gabrielatyler@example.com,681-457-9776,24-Nov-2024,Gold,West
CUST04224,Kathryn Johnson,davidsonsara@example.com,(452)230-3350x123,2026-02-22,Silver,West
CUST04225,Nicole Thornton,christina41@example.net,(282)721-2151x108,05/06/2026,Gold,Northeast
CUST04226,Robert Burke,matthewwall@example.net,,01/14/2025,Silver,South
CUST04227,Joshua Davis,david86@example.org,(789)421-7447x0749,10-Oct-2024,Bronze,Midwest
CUST04228,Lisa Guerrero,oross@example.net,860-707-6941,11/08/2025,Bronze,Midwest
CUST04229,Paul Jones,sarabailey@example.com,254.616.7853,2025-02-07,Bronze,Northeast
CUST04230,Richard Small,deanna81@example.net,,05/17/2026,Silver,West
CUST04231,Dana Taylor,katherine33@example.com,3858112748,10/12/2024,Bronze,West
CUST04232,Lori Richardson,,5564605999,02-Apr-2026,Silver,Northeast
CUST04233,Laura Saunders,zbrooks@example.org,+1-982-856-9028x7619,2026-01-30,Silver,South
CUST04234,Jonathan Cooke,smithdeborah@example.net,340.228.9936x5003,2025-07-23,Bronze,Northeast
CUST04235,Steven Hawkins,alexandria22@example.org,565.920.7748x60256,02/25/2026,Gold,West
CUST04236,Ann Vaughn,dosborn@example.net,+1-972-673-2855x779,2025-08-10,Bronze,South
CUST04237,Scott Boyd,,(428)861-9827,21-Jan-2026,Silver,South
CUST04238,Jamie Mendoza,katrinamontgomery@example.net,001-667-428-2419x78680,2025-07-20,Silver,Northeast
CUST04239,Michael Martin PhD,sbarron@example.org,001-441-895-4157x176,20-Aug-2025,Bronze,South
CUST04240,Christopher Ferguson,michaelpatterson@example.com,751-546-5998x31430,2024-10-24,Bronze,Northeast
CUST04241,Shelly Young,yolanda30@example.com,+1-386-954-8338x80671,2025-01-24,Gold,South
CUST04242,Bradley Garrison,vhanson@example.com,,2025-10-29,Bronze,Northeast
CUST04243,Thomas Wells,urios@example.org,609-775-8613x9347,18-Feb-2026,Silver,West
CUST04244,Anthony Torres,ryanmichael@example.org,5608307984,2024-12-17,Bronze,South
CUST04245,James Morris,gflores@example.com,+1-534-904-8693x841,2024-07-12,Bronze,Northeast
CUST04246,Alyssa Lin,loricannon@example.org,311-982-6060x682,09/25/2025,Gold,West
CUST04247,Denise Zuniga,xporter@example.com,442.805.0080x0018,05/17/2026,Silver,West
CUST04248,Cathy Mckay,gilbertalan@example.com,,02/28/2026,Bronze,South
CUST04249,Sonya Brady,aguilarlaura@example.org,726.263.4564,2025-10-06,Bronze,Northeast
CUST04250,Andrew Mendoza,linda59@example.org,(902)813-9520,04/19/2026,Gold,Midwest
CUST04251,Shelby Cooper,edwinfisher@example.org,+1-883-470-1577x4416,24-Sep-2024,Bronze,Northeast
CUST04252,Monica Robertson,timothy16@example.net,001-393-761-7568x26814,02/25/2025,Gold,Northeast
CUST04253,Brandon Phillips,ssmith@example.net,3174337591,07/20/2025,Bronze,West
CUST04254,Billy Wilson,,783.695.5701x60161,05/21/2026,Bronze,South
CUST04255,David Walton,joel09@example.com,(606)259-9954,08/05/2025,Bronze,Northeast
CUST04256,Kevin Stewart,diamondstone@example.org,+1-754-396-3083x9772,2026-06-29,Bronze,Northeast
CUST04257,Crystal Castro,john91@example.org,(763)698-6493,01/05/2025,Bronze,South
CUST04258,Karina West,kelly38@example.net,(723)940-9170,21-Jun-2026,Silver,West
CUST04259,Daniel Fox,jcrawford@example.net,,2024-10-24,Bronze,South
CUST04260,Willie Spears,cwarren@example.com,001-881-405-1314,2025-08-28,Gold,South
CUST04261,Christina Sims,nnewton@example.com,(687)323-6362x858,16-Sep-2024,Gold,West
CUST04262,Sarah Tucker,iwalker@example.com,+1-380-750-7451,2024-11-07,Silver,South
CUST04263,Benjamin Rose,zadkins@example.org,+1-400-830-0352x7517,09-Dec-2024,Silver,Midwest
CUST04264,Eric Pittman,shumphrey@example.net,760.402.9845,08-Feb-2026,Gold,Northeast
CUST04265,Paul Soto,vsawyer@example.org,401.589.1388x7217,2025-04-20,Bronze,West
CUST04266,James Allison,kimberly87@example.net,,2025-01-26,Gold,Midwest
CUST04267,Jesse Gonzalez,davidrussell@example.org,580-472-7435x856,02-Jul-2025,Platinum,West
CUST04268,Thomas Baker DDS,derrick05@example.org,(640)790-5083,08/11/2024,Silver,Midwest
CUST04269,Jodi Hall,franklinnicole@example.net,(492)452-6175x1541,12-May-2026,Gold,Northeast
CUST04270,Amanda Thomas,rubencurtis@example.org,+1-799-323-2398x744,2026-05-09,Silver,West
CUST04271,Brianna Fisher,hannamary@example.net,(560)776-4420x70771,2025-11-04,Silver,South
CUST04272,Michelle Odonnell,thompsonchristine@example.net,411-786-0542x31126,01/19/2026,Silver,Midwest
CUST04273,Jose Carlson,randall74@example.com,001-455-705-7519x434,18-Jan-2025,Bronze,South
CUST04274,Francis Smith,judy11@example.com,694-475-0465x3425,06/17/2026,Silver,South
CUST04275,Kristina Pena,robertjackson@example.com,+1-448-205-7968x7335,09/11/2024,Bronze,Northeast
CUST04276,Jordan Lin,williamsnicole@example.com,(730)928-6653x58189,09/25/2025,Bronze,South
CUST04277,Jeremy Miller,khawkins@example.net,585.651.5109,2025-04-21,Silver,Northeast
CUST04278,Anthony Li,greenelizabeth@example.net,327-327-4600,09/03/2024,Bronze,Midwest
CUST04279,Thomas Perry,mccannlaura@example.org,001-484-685-5793x9381,15-Jul-2024,Gold,West
CUST04280,Katherine Hughes,qhill@example.com,959-310-1452,29-May-2025,Bronze,Midwest
CUST04281,Adam Lopez,noblenatalie@example.org,,2025-07-03,Gold,South
CUST04282,Fred Solomon,charlessmith@example.com,001-917-435-5997x177,22-Mar-2026,Bronze,West
CUST04283,William Brown,aguirreteresa@example.com,001-453-245-4797,07/01/2025,Bronze,South
CUST04284,Taylor Simpson,barbara61@example.com,001-489-983-7501x4810,21-Jul-2024,Bronze,Midwest
CUST04285,Jennifer Hill,,(657)561-0527x2375,2026-04-20,Gold,Northeast
CUST04286,John Blanchard,wilsongeorge@example.net,5749869935,2025-12-07,Bronze,Midwest
CUST04287,Jillian Rodriguez,uyoder@example.net,+1-314-644-5032x3124,21-Feb-2026,Silver,Northeast
CUST04288,Carl Frazier MD,wardcarolyn@example.com,558-627-3720x4168,10/31/2024,Bronze,West
CUST04289,Shane Fitzpatrick,alicia00@example.com,2674087624,2025-08-12,Bronze,Northeast
CUST04290,Cindy Mcintosh,nunezian@example.org,285.428.9257,2025-12-02,Gold,Northeast
CUST04291,Jon Jones,michaelstrong@example.org,(877)231-7536x397,2024-12-08,Gold,Northeast
CUST04292,Scott Sawyer,christinaortiz@example.org,(798)933-6919,2024-09-17,Bronze,West
CUST04293,Victoria Smith,anthonyrichardson@example.com,915-789-6897x482,04/21/2026,Bronze,Midwest
CUST04294,Christine Sutton,wendydavis@example.net,+1-839-302-1573x2083,03/15/2026,Bronze,South
CUST04295,Cody Gordon,thomas11@example.org,001-382-504-8161,2024-12-30,Gold,Northeast
CUST04296,Kristin Parks PhD,timothy01@example.com,+1-896-571-9652,2026-03-14,Silver,South
CUST04297,Michael Russell,cmendez@example.org,(273)399-6662,11/26/2024,Silver,South
CUST04298,Andrea Moore,jennifermiddleton@example.org,+1-575-267-3508x22047,08-Sep-2024,Silver,Midwest
CUST04299,Kenneth Johnson,gramirez@example.net,(441)283-3567,06/11/2025,Bronze,Northeast
CUST04300,Amy Brewer,rodriguezjenna@example.org,001-242-372-2089x5809,03/20/2025,Bronze,Northeast
CUST04301,Julie Campbell,banderson@example.com,+1-667-336-4389,01/12/2026,Bronze,West
CUST04302,Hunter Meyer,tonicordova@example.org,(390)916-6515,08-Jan-2025,Bronze,Midwest
CUST04303,William Avila,emilyclark@example.net,(266)647-9846x50335,06-Apr-2025,Bronze,Midwest
CUST04304,Amber Barajas,floresdennis@example.com,(509)860-3075x856,18-Apr-2026,Silver,South
CUST04305,Brandi Morrow,,001-691-594-5763,26-Mar-2026,Gold,West
CUST04306,Patricia Jones,robertgamble@example.com,,24-Sep-2024,Bronze,South
CUST04307,Robert Espinoza,dbrewer@example.com,398-878-0187,2026-04-03,Bronze,Northeast
CUST04308,Vicki Rivers,debra05@example.com,(972)342-7420x7842,07-Jan-2026,Platinum,Midwest
CUST04309,Amy Gonzales,nicole64@example.net,(271)943-6489x36175,2025-11-15,Gold,South
CUST04310,Amy Moore,frostangela@example.org,+1-616-302-5334,2026-03-13,Bronze,Northeast
CUST04311,Ashley Smith,arthurwalker@example.org,960-292-2893,2025-12-23,Bronze,Midwest
CUST04312,Lori Tucker,sarahsanchez@example.org,001-733-400-2328,2024-09-26,Bronze,Northeast
CUST04313,Andrew Franco,,(841)674-8600,04-Feb-2026,Gold,South
CUST04314,Kayla Rodgers,shawn69@example.org,,07-Oct-2025,Gold,Midwest
CUST04315,Leslie Lin,stevenwillis@example.net,001-804-450-8202,30-May-2025,Silver,Northeast
CUST04316,Michael Henry,jason83@example.net,245.737.4012x6849,30-Apr-2025,Gold,South
CUST04317,Matthew Jenkins,sue31@example.org,983-582-7906x545,2025-01-09,Silver,Midwest
CUST04318,Erin Wilson,jesusjames@example.org,(625)723-0819x73349,2024-10-14,Bronze,Midwest
CUST04319,Henry Hernandez,dianabrown@example.org,,28-Apr-2025,Bronze,Midwest
CUST04320,Joseph Ingram DDS,newmankatrina@example.net,631-287-6395,07/18/2024,Silver,Northeast
CUST04321,Mrs. Brenda Mann,jcarrillo@example.net,(595)412-7057x02730,06/18/2026,Silver,West
CUST04322,Adam Johnson,skinnerdaniel@example.net,9093282103,01-Mar-2025,Silver,Northeast
CUST04323,Ashley Gordon,ronaldmitchell@example.org,562-942-9555,08/06/2024,Bronze,Northeast
CUST04324,Kevin Stewart,erik20@example.com,+1-932-783-7158,02/13/2025,Bronze,Northeast
CUST04325,Jennifer White,whitneymclean@example.com,(204)272-9484x2209,16-Sep-2024,Silver,South
CUST04326,Richard Garcia,richmondryan@example.org,+1-570-767-0430x241,07/23/2024,Bronze,Northeast
CUST04327,Alexis Adams,jamiehampton@example.com,315-618-1342x8815,05/18/2025,Bronze,Midwest
CUST04328,Latoya Humphrey,nguyensteven@example.net,001-699-315-5728x768,16-Jul-2025,Bronze,West
CUST04329,Cameron Peters,twilson@example.org,(524)434-1917x3959,09/06/2025,Bronze,West
CUST04330,Deborah Bradshaw,rogersluis@example.net,,2025-04-08,Silver,West
CUST04331,Angie White,smithkathryn@example.com,001-926-886-1084x47607,2025-11-11,Bronze,Midwest
CUST04332,Jason Case,jessewilcox@example.net,+1-489-785-2588x0496,10/30/2024,Bronze,Midwest
CUST04333,Mrs. Kristin Marks DDS,jeffrey53@example.org,001-931-635-2148x5751,19-Dec-2024,Bronze,South
CUST04334,Amy Holloway,landerson@example.com,001-831-245-7265x42586,02/18/2026,Bronze,Northeast
CUST04335,Tammy Buckley,tasha11@example.com,6818074525,2024-09-24,Bronze,Northeast
CUST04336,Olivia Clements,bob85@example.com,710-680-3061,2025-06-14,Silver,West
CUST04337,Francisco Medina,wrightsteven@example.org,001-211-894-2710x03666,30-Nov-2024,Bronze,West
CUST04338,Nicole Harvey,juarezbrandy@example.net,,13-Apr-2026,Silver,Midwest
CUST04339,Wayne Stevenson,varmstrong@example.com,,17-Oct-2025,Bronze,South
CUST04340,Laura Rodriguez,karenadams@example.com,001-650-590-1615x364,08-Jan-2026,Gold,Northeast
CUST04341,Daniel Odom,adamparker@example.com,001-520-382-3509x68888,2024-09-02,Bronze,West
CUST04342,Christina Hicks,qrussell@example.com,912-619-1706x221,01-Oct-2024,Bronze,Midwest
CUST04343,Morgan Gonzalez,smithjennifer@example.org,+1-590-329-1542x59428,2024-09-19,Silver,West
CUST04344,George Vasquez,mcculloughchristopher@example.net,442-336-0256x732,26-May-2025,Gold,Midwest
CUST04345,Nicholas Williams,maria40@example.net,643.268.8691,04-Dec-2024,Bronze,West
CUST04346,Jason Heath,mmcdaniel@example.org,001-509-603-8755x6761,11/10/2024,Silver,South
CUST04347,Corey Hill,joe04@example.com,742-672-0513,01-Feb-2026,Silver,South
CUST04348,Shane Sherman,schneiderchristopher@example.org,442.756.1962x32686,09/04/2024,Bronze,Midwest
CUST04349,John Wells,,+1-590-655-5908x48310,02/11/2025,Bronze,Midwest
CUST04350,Cindy Herman,sharon82@example.org,+1-376-481-2788x890,16-Oct-2024,Gold,South
CUST04351,Krystal Davis,kirkrobert@example.net,001-444-920-5203x06571,2025-03-16,Silver,Midwest
CUST04352,William Mcdowell,santoskim@example.org,436-304-9474,2025-01-18,Silver,South
CUST04353,Patrick Cardenas,shawncastro@example.net,+1-804-457-6922,17-Mar-2025,Bronze,South
CUST04354,Sheena Gill,castilloeric@example.com,(999)695-9053x04431,2026-03-09,Silver,South
CUST04355,Todd Norton,christine07@example.org,9975407339,2025-02-24,Gold,Midwest
CUST04356,Alexander Riley,elizabethhinton@example.net,(883)598-5914x69366,08/30/2025,Bronze,Midwest
CUST04357,Laura Williams,masonaaron@example.com,921.589.5141,19-Jan-2025,Silver,West
CUST04358,Jenna Hayes,gibsonjessica@example.com,250-275-6868x0477,09/02/2024,Bronze,West
CUST04359,Cheryl Gibbs,barbara87@example.org,001-713-692-1170,04/10/2025,Gold,Northeast
CUST04360,Ashley Hess,driley@example.net,001-338-592-6948,2025-10-30,Bronze,West
CUST04361,Tiffany Lawrence,joan40@example.net,+1-805-745-3042x14316,2024-09-22,Silver,Northeast
CUST04362,Sierra Mejia,,+1-940-536-4029x816,02-Dec-2024,Bronze,South
CUST04363,Bryan Johnson,william47@example.org,001-515-851-5219,2025-11-22,Bronze,South
CUST04364,Michael Nichols,zthomas@example.org,,15-May-2026,Bronze,Northeast
CUST04365,Mr. Donald Huerta,jonathan56@example.net,+1-220-372-7999x94994,2025-12-02,Gold,Midwest
CUST04366,Kelly Phelps,xcoleman@example.net,267.240.8656,01/31/2026,Bronze,West
CUST04367,Cassidy Peterson,tjohnson@example.net,955.934.1760,04/13/2025,Gold,Northeast
CUST04368,Dana Barnes,housemichael@example.org,001-684-363-4777,2025-03-10,Bronze,Midwest
CUST04369,Robert Golden,kevinevans@example.net,390-612-8029,11/24/2024,Bronze,South
CUST04370,Tina Thomas,woodardjonathan@example.org,755-497-2056,11/02/2024,Bronze,West
CUST04371,Lindsey Curry,marshalltiffany@example.net,2968708338,2025-08-15,Silver,Midwest
CUST04372,David Wall,vickiwebb@example.net,+1-391-572-3528x815,05/12/2025,Bronze,South
CUST04373,Caroline Porter,johnsonjason@example.net,,01/21/2026,Bronze,Midwest
CUST04374,Sandra Adams,clarkmichael@example.net,(916)338-8832x899,07/30/2024,Gold,South
CUST04375,Derek Mendez,wilsonkatherine@example.org,+1-481-366-0898x911,02/04/2025,Bronze,West
CUST04376,Mr. Juan Phillips,rodrigueztina@example.com,+1-740-733-5969x0070,11/26/2024,Bronze,West
CUST04377,Sheri Cross,jhatfield@example.com,001-886-483-0177,04/22/2025,Gold,Midwest
CUST04378,Dawn Dean,xgregory@example.org,295.669.6826x0692,2024-09-25,Silver,Northeast
CUST04379,Jacqueline Herrera,bobbywalker@example.org,7377660028,2024-08-14,Bronze,South
CUST04380,Victoria Gregory,smithrobert@example.net,+1-373-217-3672x310,2025-09-28,Platinum,West
CUST04381,Sara Ray,elaine30@example.org,(607)330-8163,2024-08-30,Bronze,Midwest
CUST04382,Alicia Ingram,,001-325-477-2619x58436,05-Jun-2026,Bronze,South
CUST04383,Gregory Howard,kellyevans@example.org,(880)485-7623,12/20/2024,Bronze,South
CUST04384,Mike Casey,lauren24@example.net,+1-755-925-6870x88063,2026-01-23,Silver,West
CUST04385,Kathy Burton,bradleyreed@example.org,372.882.9127,2026-05-08,Bronze,South
CUST04386,Mark Oliver,brownrobert@example.com,316-402-0122,2025-03-16,Bronze,Midwest
CUST04387,Dr. Rachel Henry,joelmurray@example.com,348.593.6980x22509,03/30/2025,Silver,Midwest
CUST04388,Julie Keller,lewisheather@example.org,441-357-0995,14-Aug-2024,Bronze,Northeast
CUST04389,Robert Cooper,richardrodriguez@example.net,,02/03/2025,Bronze,South
CUST04390,Thomas Manning,zcaldwell@example.org,001-349-643-4050x136,17-Mar-2026,Gold,Midwest
CUST04391,Mary Gibson,lisa52@example.org,358-397-2955x05524,2024-07-03,Bronze,Northeast
CUST04392,Dr. Frederick Smith,geraldfrederick@example.net,,2024-11-20,Bronze,Northeast
CUST04393,Christopher Hayes,jennifer48@example.org,(745)799-5726x348,10/25/2025,Bronze,West
CUST04394,David Floyd,mdavid@example.com,+1-278-628-6619x82859,07/31/2024,Silver,South
CUST04395,Keith Torres,laurenwilson@example.org,801.530.1132,12/28/2024,Silver,Northeast
CUST04396,Jennifer Evans,hsimmons@example.com,234.681.5391x2219,18-Nov-2024,Platinum,South
CUST04397,Mary Morales,robert04@example.org,(244)246-9442x11067,05/25/2026,Gold,Midwest
CUST04398,Scott Perez,yschroeder@example.net,651-687-1040,2026-05-09,Bronze,Northeast
CUST04399,Peter Valenzuela,kperez@example.net,001-922-284-0144,20-Nov-2025,Bronze,South
CUST04400,Gina Snyder,markbrown@example.com,263-218-9275,28-Apr-2025,Bronze,Northeast
CUST04401,Sara Rubio,curtislopez@example.net,9052067481,24-Nov-2024,Bronze,Northeast
CUST04402,Tara Suarez,,001-437-358-1301,05/31/2025,Bronze,West
CUST04403,Michele Campbell,natalie18@example.org,841.302.9061,02/25/2026,Bronze,Midwest
CUST04404,Tammy Ashley,robertjones@example.com,407.969.6702x5891,02/08/2026,Bronze,Northeast
CUST04405,David Patton,uryan@example.net,+1-878-510-5289x4168,08/23/2024,Gold,Midwest
CUST04406,Victoria Watson,robert67@example.net,790.554.1166x911,27-Jan-2025,Bronze,Midwest
CUST04407,Veronica Stewart,,001-242-269-9696x97686,20-Jun-2026,Silver,Northeast
CUST04408,Kathy Pennington,aunderwood@example.com,,22-Sep-2024,Bronze,West
CUST04409,Kevin Fletcher,cnelson@example.com,001-570-338-3410,31-Mar-2026,Silver,Northeast
CUST04410,Herbert Goodwin,ibrown@example.org,7788490824,07/10/2024,Silver,West
CUST04411,Lisa Knapp,angelpugh@example.org,(723)993-5403,08/29/2024,Silver,Northeast
CUST04412,Pamela Green,todd78@example.org,(719)665-7351,16-Jun-2026,Bronze,South
CUST04413,Michael Hamilton,bpadilla@example.com,771-624-3468x348,06-Sep-2025,Silver,West
CUST04414,Michael Copeland,johnsonmegan@example.org,,10/16/2024,Silver,South
CUST04415,Kaitlin Allen,hamiltonsarah@example.net,7174982109,30-Jun-2025,Bronze,Midwest
CUST04416,Stacy Fitzgerald,haydencook@example.net,,11/23/2025,Bronze,West
CUST04417,Crystal Green,jonesmegan@example.org,001-806-451-5138x222,22-Sep-2025,Gold,West
CUST04418,Phillip Dixon,,649.496.0520,2026-04-09,Gold,Northeast
CUST04419,Robert Owens,mclaughlinlaurie@example.net,(315)486-9409x487,07-Sep-2025,Gold,Northeast
CUST04420,John Smith,awu@example.org,(545)880-6187x001,14-Feb-2025,Silver,Northeast
CUST04421,Adam Fisher,sean91@example.org,(447)425-9856x8421,09-Jul-2025,Gold,West
CUST04422,Kendra Clark,lisa14@example.org,5194426736,23-Feb-2025,Bronze,Midwest
CUST04423,Ashley Allen,everettjose@example.org,4807453100,2025-09-18,Bronze,Northeast
CUST04424,Jacob Graves,fgraham@example.com,335-995-1846,10/18/2024,Silver,Midwest
CUST04425,Rodney Thomas,lynchcarolyn@example.com,(541)598-7833,2024-08-10,Bronze,Midwest
CUST04426,Vincent Oliver,ewise@example.org,,2025-03-17,Platinum,South
CUST04427,Charles Wolfe,rhondamora@example.com,+1-761-777-0012x808,16-Nov-2025,Bronze,South
CUST04428,Matthew Nelson,jeffreydominguez@example.org,001-789-468-3540,11/06/2025,Bronze,West
CUST04429,Rachel Smith,vjohnson@example.com,,02/09/2025,Gold,West
CUST04430,Chad Lawson,dixoncheryl@example.org,001-515-872-7506,02-Nov-2024,Silver,South
CUST04431,Stephanie Grimes,markreed@example.net,(653)312-3584x8420,17-Jul-2025,Silver,Midwest
CUST04432,William Joseph,tiffanywilliams@example.org,357-297-2731x3921,07-Jul-2025,Silver,Northeast
CUST04433,Toni David,elizabethwalker@example.net,2745385729,05/04/2026,Bronze,Northeast
CUST04434,Mary Cook DVM,nicole67@example.org,001-737-961-0727x7876,19-Dec-2024,Bronze,Midwest
CUST04435,Alexander Alvarado,baileyolivia@example.net,819-425-0583,26-Feb-2025,Silver,Northeast
CUST04436,Randy Little,samantha55@example.net,(567)446-9344,01/04/2026,Gold,Midwest
CUST04437,Krista Griffin MD,noblealan@example.net,732.520.4484x0004,2025-02-04,Bronze,Midwest
CUST04438,Robert Lopez,vincenthardy@example.net,(581)672-7243,2025-06-06,Bronze,Midwest
CUST04439,Alex Boyer,justin76@example.org,+1-782-855-9948x4827,03/23/2025,Gold,Midwest
CUST04440,Katherine Ayala,,+1-594-713-0087x1062,2026-01-11,Silver,Northeast
CUST04441,Jennifer Lewis,wagneremily@example.com,001-246-949-5665x6602,07-May-2025,Bronze,West
CUST04442,Robert Edwards,jessicaperkins@example.org,001-627-634-8579x49418,10/29/2024,Gold,South
CUST04443,Donald Walsh,scottwilliams@example.com,,2026-04-01,Bronze,South
CUST04444,Luke Miller,mparker@example.org,302-322-9518x58976,04-Apr-2025,Bronze,South
CUST04445,Aaron Nolan,collinsbryan@example.net,869.291.5748x004,2025-07-18,Bronze,Northeast
CUST04446,Miguel Bennett,jchandler@example.org,690-993-4274x978,02/19/2025,Gold,Midwest
CUST04447,Richard Wood,stewartjacob@example.net,299-337-2995x2043,2025-04-22,Bronze,Northeast
CUST04448,Ronnie Mathews,mwood@example.net,001-772-298-4685x85760,2025-10-23,Silver,West
CUST04449,Erica Cox,mward@example.net,+1-629-818-8194x054,2025-12-12,Platinum,West
CUST04450,Lauren Miller,michaelwilliams@example.net,407.868.2054,07/18/2024,Bronze,Midwest
CUST04451,Desiree Mccarthy,webbjeremy@example.net,996-227-4368x4850,18-Aug-2024,Silver,South
CUST04452,Elizabeth Yates,markstewart@example.org,440-257-1062x080,09/21/2024,Gold,Northeast
CUST04453,Anthony Davis,william86@example.net,4492602250,09/29/2024,Gold,Midwest
CUST04454,Kathryn Rogers,imiller@example.net,001-827-202-6125x92797,12/31/2024,Bronze,Northeast
CUST04455,Brian Glenn,kimberlysparks@example.org,2845952540,2025-03-23,Platinum,West
CUST04456,Tiffany Rodriguez,joshuastewart@example.com,,25-May-2026,Gold,West
CUST04457,Edwin Wagner,yoliver@example.net,001-891-516-1646x66326,30-Oct-2025,Bronze,West
CUST04458,Kayla Taylor,pgordon@example.com,(882)545-8485x1662,2025-03-08,Gold,South
CUST04459,Elizabeth Dixon,mark40@example.com,416-583-3142x147,03-Feb-2026,Bronze,South
CUST04460,Connor Cole,martin40@example.org,941.224.3205x8920,10/14/2025,Bronze,Northeast
CUST04461,Janice Short,vdavis@example.org,(276)534-8528x5295,11/20/2025,Silver,South
CUST04462,Chase Rodriguez,juliafitzgerald@example.com,455.396.5211x77800,03/23/2026,Gold,South
CUST04463,Justin Maddox,brockbrian@example.com,001-916-570-2149x290,18-Jan-2025,Bronze,South
CUST04464,Joel Caldwell,erica21@example.org,001-685-593-0608,07/06/2025,Bronze,South
CUST04465,Marc Sanchez,kristanorman@example.com,518-572-7429,02/02/2026,Bronze,Midwest
CUST04466,Jeffrey Jones,hrollins@example.org,(796)795-5491x780,2025-06-26,Bronze,West
CUST04467,Caleb Mccarthy,nathanrodriguez@example.com,602-337-3930x457,03-Nov-2025,Bronze,Northeast
CUST04468,Regina Patterson,thomashenson@example.org,942-953-1702x77721,12-Dec-2025,Gold,Midwest
CUST04469,Jordan Crane,dpeterson@example.net,,11/27/2024,Bronze,West
CUST04470,Tasha Watson,william36@example.com,(453)596-7183,02-Sep-2025,Silver,Northeast
CUST04471,Charles Peterson,jacob39@example.net,715.291.0518,10/21/2025,Gold,West
CUST04472,Latasha Buchanan,williamgarcia@example.net,+1-791-288-7089,07/31/2024,Silver,Midwest
CUST04473,Joseph Conley,garciavictoria@example.org,9366096033,15-Aug-2025,Silver,Midwest
CUST04474,Benjamin Jackson,hayeskylie@example.net,2793344696,08/04/2024,Gold,West
CUST04475,Kenneth Allen,nelsonmercedes@example.org,7794194923,08/13/2024,Bronze,Midwest
CUST04476,Mr. Michael Joyce,melissa99@example.com,905.250.1443x01116,2026-01-27,Bronze,Midwest
CUST04477,Brenda Jones,uedwards@example.org,(342)436-5375x584,07-Oct-2025,Gold,South
CUST04478,Ricky Collins,ashley48@example.com,+1-561-589-4658x547,2025-10-16,Bronze,Midwest
CUST04479,Jeffery Maddox,jcantu@example.com,(362)881-1507,2025-07-23,Platinum,West
CUST04480,Tina Thomas,,,2026-01-06,Bronze,Northeast
CUST04481,Ashley Ramirez,nmadden@example.org,657-505-5701,02/21/2026,Gold,Midwest
CUST04482,Brianna Ramos,nchavez@example.net,001-518-424-4042,2025-01-01,Platinum,South
CUST04483,Mrs. Erin Miller,david97@example.net,001-467-764-2633x313,2025-04-29,Gold,Northeast
CUST04484,Spencer Chen,christopher40@example.net,,2025-02-28,Silver,West
CUST04485,Thomas Mejia,ymcdonald@example.org,+1-616-816-9349x617,31-Dec-2024,Bronze,Northeast
CUST04486,Miguel Gordon,kennedydonna@example.com,001-320-775-7046x4837,01-Dec-2024,Bronze,West
CUST04487,John Lee,tuckeryolanda@example.net,467-943-1218,19-Oct-2024,Gold,Midwest
CUST04488,Jennifer Walker,elizabeth53@example.net,,15-Sep-2024,Platinum,Midwest
CUST04489,Elizabeth Terry,mcphersonronald@example.com,956.809.1575x415,09/26/2024,Gold,Northeast
CUST04490,Christian Mayer,joshualyons@example.org,7975886223,03/16/2026,Bronze,Northeast
CUST04491,Brittany Walker,jenniferbarnes@example.net,597.632.5989x6099,26-Jun-2025,Bronze,Northeast
CUST04492,Lisa Mccarty,kevinallen@example.net,301.994.0945x17790,08/24/2024,Silver,Northeast
CUST04493,Sabrina Richards,brian36@example.org,960.676.8263,2026-05-20,Silver,Northeast
CUST04494,Jonathan Higgins,ashley46@example.com,(815)872-4895,2025-02-23,Gold,West
CUST04495,Douglas Harper,nparks@example.org,001-370-404-6660x5226,2026-02-10,Silver,South
CUST04496,Mr. Stanley Rivera,fosterjenna@example.net,,2026-06-14,Silver,South
CUST04497,Miss Angela Hodges,arodgers@example.com,,2025-05-12,Bronze,Northeast
CUST04498,Edward Hicks,bushandrew@example.org,001-911-540-9155x816,17-Jul-2025,Bronze,West
CUST04499,Michael Valenzuela,combskelly@example.net,,11/20/2024,Bronze,Midwest
CUST04500,Troy Lopez,zwilliams@example.org,001-932-888-7525,03/25/2026,Bronze,West
CUST04501,Kaitlin Velazquez,richardwright@example.net,+1-879-675-2542x17191,01-Dec-2025,Bronze,Northeast
CUST04502,Faith Hawkins,melissagray@example.com,001-294-659-0537x549,15-Sep-2025,Silver,Northeast
CUST04503,Bryan Jones,daniel01@example.org,+1-698-972-6905,2024-09-09,Bronze,Northeast
CUST04504,Kevin Berg PhD,lcoleman@example.com,001-498-718-3703x94731,02/23/2026,Gold,South
CUST04505,Kathleen Simpson,phillipscourtney@example.com,(574)300-2867x41607,30-Aug-2025,Silver,South
CUST04506,Heather Houston,ischmidt@example.com,,22-Mar-2025,Platinum,West
CUST04507,Ashley Hobbs,katherineevans@example.net,(987)227-4064,07/24/2025,Platinum,Northeast
CUST04508,David Carter,brewerelizabeth@example.com,001-230-727-5879x432,08/03/2024,Bronze,Northeast
CUST04509,Peggy Wheeler,elizabeth65@example.net,(607)554-5422x33606,18-Jan-2026,Silver,South
CUST04510,Kevin Simmons,ericgarcia@example.com,(799)659-6170,01-Aug-2025,Bronze,South
CUST04511,Kristin Taylor,cassandra09@example.com,525-247-2463,2026-01-05,Platinum,Northeast
CUST04512,Joshua Chandler,matthewsjoanna@example.com,,11/17/2024,Silver,South
CUST04513,Tara Wright,aboyer@example.net,870-754-7199x6130,16-Jun-2025,Silver,Northeast
CUST04514,Caleb Smith,suarezdonna@example.net,785.327.2440x6953,06/29/2025,Bronze,West
CUST04515,Sean Spencer,douglasdonovan@example.org,723.661.3280x001,06-May-2026,Bronze,West
CUST04516,Melissa Wells,,+1-550-833-4670x577,11/01/2025,Bronze,South
CUST04517,Douglas Arroyo,,(669)856-2094,2024-08-28,Silver,South
CUST04518,Amy Fox,laurenhart@example.net,,01/08/2026,Platinum,Midwest
CUST04519,John Martinez,jonesjames@example.net,985-417-5309,16-May-2026,Bronze,Northeast
CUST04520,Deanna Zimmerman,imccormick@example.org,,2025-08-04,Silver,West
CUST04521,Douglas Jones,markoconnell@example.net,+1-832-514-4568,30-Aug-2024,Silver,Midwest
CUST04522,Justin Freeman,hillmonica@example.org,451-366-9553,26-Jul-2025,Silver,South
CUST04523,Ashley Taylor,marie48@example.net,+1-207-988-9907,2025-06-25,Silver,Northeast
CUST04524,Justin Young,sarahthompson@example.net,(610)321-5234,30-May-2025,Silver,Northeast
CUST04525,Ashley Young,markbarajas@example.com,591.485.0641x977,18-Jul-2024,Bronze,Midwest
CUST04526,Stephen Winters,rivasbelinda@example.net,503.378.4457x676,12/28/2025,Silver,Midwest
CUST04527,Daniel Garcia,christinamccormick@example.org,(739)247-8000,29-Apr-2026,Platinum,South
CUST04528,Brian Guerra,iclark@example.net,,24-Feb-2025,Gold,West
CUST04529,Mary Mcguire,rileymelissa@example.net,+1-973-548-2904x505,02-Oct-2024,Silver,Northeast
CUST04530,James Brown,whernandez@example.net,,06-Sep-2025,Silver,Northeast
CUST04531,Scott Harris,carpenterclinton@example.com,828-284-5831x6049,29-Sep-2025,Silver,South
CUST04532,Adam Blackwell,zjackson@example.net,,2024-10-09,Silver,Midwest
CUST04533,Jesus Brown,michael28@example.org,585-980-2576x9985,2024-10-21,Bronze,South
CUST04534,Allen Harper,dphillips@example.org,+1-585-651-8955,03/10/2025,Bronze,West
CUST04535,Christopher Mckenzie,gary46@example.org,410-455-9794,2026-04-28,Silver,West
CUST04536,Rachel Garcia,,(542)862-8989,17-Feb-2025,Silver,Midwest
CUST04537,Jennifer Love,heather60@example.org,(966)819-7399x641,22-Oct-2025,Gold,Northeast
CUST04538,Gina Costa,mcole@example.com,001-812-800-3258,11/19/2024,Silver,South
CUST04539,Bobby Hammond,ejohnson@example.org,001-966-371-7382x337,2024-12-03,Gold,Midwest
CUST04540,Rachel Robles,wjones@example.org,532.869.0187,2024-12-27,Bronze,Northeast
CUST04541,Christopher Tate,brandonyang@example.org,6216912416,14-Jun-2026,Silver,Midwest
CUST04542,Todd Grimes,jonathangreene@example.org,317.748.4874,10/13/2024,Gold,West
CUST04543,Daniel Archer,tbrooks@example.net,680.961.7473x83669,2024-09-21,Bronze,West
CUST04544,Susan Campbell,patrick47@example.org,(553)565-5560x592,2025-07-13,Bronze,West
CUST04545,Brenda Rodriguez,camachojane@example.org,(783)212-9285x03413,2025-06-30,Bronze,West
CUST04546,James Miller,floresmichelle@example.net,001-586-421-7008x781,2025-09-20,Bronze,West
CUST04547,Anna Rodriguez,stricklandnicole@example.org,,2026-06-03,Bronze,Northeast
CUST04548,Lisa Love,richardsonsusan@example.org,434.259.9865x9898,2025-08-04,Bronze,Midwest
CUST04549,Catherine Juarez,lauren03@example.net,763-907-3359,2026-05-03,Silver,West
CUST04550,Andrea Berg,jenniferbailey@example.org,,26-Jun-2025,Silver,Northeast
CUST04551,Sherry Collins,patriciapierce@example.net,510-542-0710x156,28-Aug-2025,Bronze,Midwest
CUST04552,Amanda Schroeder,jaclyn76@example.net,449-532-2933x074,17-Oct-2024,Bronze,South
CUST04553,Ann Wolfe,audrey88@example.org,(794)440-6372x13661,12/18/2025,Bronze,Midwest
CUST04554,Devin Hamilton,michaelbennett@example.com,369-591-7554,12/05/2024,Silver,South
CUST04555,Jackie Jones,anthonymiller@example.net,,28-Feb-2025,Gold,West
CUST04556,Monica Yang,,344-734-2494,19-Dec-2025,Bronze,Midwest
CUST04557,Steven Huffman,kbennett@example.org,438.675.6561x911,10/16/2025,Gold,South
CUST04558,Abigail Goodman,thomasderrick@example.com,+1-919-675-0288x73381,12-Mar-2025,Silver,Midwest
CUST04559,Wendy Gomez,,(475)377-7783,09-Oct-2025,Platinum,South
CUST04560,Natasha Chavez,jamiewallace@example.com,368-737-2004x51655,2024-08-20,Silver,Northeast
CUST04561,Kimberly Griffith,shall@example.com,4215421721,2025-11-20,Silver,West
CUST04562,Christian Anderson,jamescarter@example.net,(490)771-2230,2024-12-04,Bronze,South
CUST04563,Aaron Downs,jeffreythomas@example.net,+1-944-244-0513x7488,03/18/2025,Bronze,Midwest
CUST04564,Thomas Smith,taylor25@example.org,001-444-593-0998,2024-11-21,Bronze,West
CUST04565,Monica Wu,jamie28@example.org,001-833-220-1861x62645,09/01/2025,Bronze,West
CUST04566,Joseph Martinez,mezajeffrey@example.net,570-440-2274x9300,2026-01-31,Bronze,West
CUST04567,Wanda Ball,,,03/26/2025,Gold,Midwest
CUST04568,James Perez,stephanie73@example.com,2385857726,12/04/2024,Bronze,Midwest
CUST04569,Shannon Johnson,michaelelliott@example.net,+1-306-270-2317x508,02/19/2025,Silver,Northeast
CUST04570,Sean Hamilton,davidray@example.com,(921)319-8644,18-Nov-2024,Bronze,West
CUST04571,Bradley Rodriguez,gravesjanet@example.net,(906)825-3613x8184,2025-06-30,Bronze,Northeast
CUST04572,Benjamin Johnson,beckerjohn@example.org,,19-Oct-2025,Bronze,Northeast
CUST04573,Alexandra Schaefer,xchaney@example.com,316.895.6285,06/25/2026,Bronze,Midwest
CUST04574,Joshua Hernandez,oliverandre@example.org,966.575.8082,08-Dec-2024,Bronze,West
CUST04575,Leroy Mccormick,chadreed@example.net,+1-936-557-4858x685,10/21/2025,Bronze,South
CUST04576,Edward Collins,amandamcdonald@example.org,341.342.9399,08/22/2025,Silver,South
CUST04577,Richard Heath,hlopez@example.org,,21-Mar-2026,Bronze,West
CUST04578,Jackson Patterson,ccurry@example.com,797.623.8428x1826,08/28/2025,Gold,West
CUST04579,Benjamin Harmon,rebeccayoder@example.org,(219)424-4633,08/22/2025,Gold,Midwest
CUST04580,Kenneth Carpenter,lauracurry@example.org,239.821.3283,22-Nov-2025,Bronze,West
CUST04581,Kim Cabrera,bradychristopher@example.com,693.451.3039,12/18/2025,Silver,Northeast
CUST04582,Andrea Delacruz,desireeharris@example.com,(628)599-5182,30-Sep-2024,Silver,West
CUST04583,Tracey Morgan,jacqueline46@example.net,,10/30/2025,Bronze,Northeast
CUST04584,Pamela Webster,robert90@example.org,,2026-04-19,Bronze,South
CUST04585,Gregory Stewart,walshtimothy@example.org,879-275-6432x7332,2025-01-19,Gold,Midwest
CUST04586,Antonio Henderson,hernandezsuzanne@example.com,001-904-437-9650x8433,12/30/2024,Bronze,Midwest
CUST04587,Robert Parker,austinsheila@example.net,(676)498-1716,08/09/2024,Bronze,Northeast
CUST04588,Rhonda King,victoriastewart@example.org,+1-977-978-4251x08165,2024-08-25,Bronze,Midwest
CUST04589,Sherry Cardenas,elizabeth75@example.org,762-779-7066,08/31/2024,Bronze,Midwest
CUST04590,Amy Conner,andreahernandez@example.com,(247)453-6668,2025-08-10,Silver,Midwest
CUST04591,Jennifer Steele,logan51@example.org,001-975-259-5839x8215,09/05/2025,Silver,Northeast
CUST04592,Jason Reyes,janicekelly@example.com,623.508.5544x364,2025-06-13,Silver,South
CUST04593,Dr. Kari Smith,tpaul@example.com,,07/30/2025,Silver,Midwest
CUST04594,Kayla Woodward,mary16@example.net,515.776.2894x8063,12/12/2025,Bronze,Midwest
CUST04595,Ann Moon,zthomas@example.com,978.980.9367x661,2024-11-04,Silver,Midwest
CUST04596,Allison Perez,williamsoncassandra@example.org,,06-Aug-2024,Bronze,South
CUST04597,Rebecca Boyer,anthony62@example.com,640-409-0372x2472,02/14/2026,Silver,Midwest
CUST04598,Harold Snow,qblackburn@example.org,,02/18/2025,Bronze,Northeast
CUST04599,Kristina Patrick,johnsonsteven@example.net,(884)663-9555,2026-02-22,Bronze,West
CUST04600,Aaron Bond,randolphseth@example.com,+1-670-211-9080x479,2025-03-16,Silver,Midwest
CUST04601,Kelly Holmes DDS,patriciahunter@example.net,320-627-2581,16-Sep-2024,Silver,Midwest
CUST04602,Gina Wang,cbell@example.org,932-685-1552,09/30/2025,Bronze,Midwest
CUST04603,Jennifer Mcdonald,thompsontheresa@example.net,(682)987-8089x7079,23-Oct-2024,Silver,Northeast
CUST04604,Steven Anderson,oconnorsteven@example.net,6865392776,09/29/2024,Silver,Northeast
CUST04605,Mark Carr,qpatrick@example.org,+1-343-766-8995x7041,2024-12-13,Silver,Northeast
CUST04606,Calvin Jones,qrusso@example.org,001-819-263-4610x875,05/21/2025,Silver,Midwest
CUST04607,Jennifer Young,jacksonaustin@example.com,001-892-268-2483x751,2025-04-14,Silver,Northeast
CUST04608,Mason Mitchell,michellemurphy@example.net,,11/11/2025,Silver,South
CUST04609,Andrew Montgomery,robert52@example.com,,07/15/2025,Bronze,West
CUST04610,Corey Douglas,claynathan@example.com,553-734-9569x2401,11-Sep-2025,Bronze,West
CUST04611,Tina Blankenship,robert48@example.org,001-485-522-8248x743,2025-04-27,Gold,West
CUST04612,Matthew Hunter,lawrencehanson@example.net,,2025-02-25,Bronze,West
CUST04613,Philip Zimmerman,bennettjessica@example.com,001-200-306-7947x19912,08/18/2024,Silver,West
CUST04614,Jeffrey Meadows,marialopez@example.net,5559641990,07/08/2024,Silver,South
CUST04615,Lisa Mcgee,bernardcheryl@example.org,905-761-2199,29-Apr-2026,Bronze,Midwest
CUST04616,David Powers,nferguson@example.com,+1-894-747-2512x120,23-Nov-2025,Silver,West
CUST04617,Kevin Smith,garciakevin@example.org,(584)871-6344x151,04-Feb-2026,Bronze,Northeast
CUST04618,Brittney Murillo,harrissara@example.org,927-882-7091,02-Aug-2024,Bronze,South
CUST04619,Melinda King,haleyyoung@example.net,,02/21/2025,Silver,Midwest
CUST04620,William Stevens,matthew99@example.org,9062291696,07/23/2025,Bronze,Midwest
CUST04621,David Ellis,megansmith@example.org,+1-340-801-7047x64003,05-Aug-2024,Bronze,West
CUST04622,Charles Davis,jonlee@example.com,,05-Jun-2026,Silver,Northeast
CUST04623,Taylor Reed,kdonovan@example.com,747.907.2462,08/31/2025,Silver,South
CUST04624,Kelsey Fisher,rogersdonna@example.org,,02-Apr-2025,Bronze,West
CUST04625,Carlos Price,wendyblanchard@example.org,991.299.8627,2024-10-09,Bronze,Midwest
CUST04626,Wesley Woodard DDS,amberlopez@example.org,219.879.9123,03-Oct-2025,Gold,West
CUST04627,Shannon Gonzalez,westmichelle@example.net,(546)784-6719x4714,05-Sep-2024,Bronze,West
CUST04628,Jennifer Banks,xjackson@example.org,639-547-7231x33361,28-Jan-2025,Bronze,Midwest
CUST04629,Taylor Patel,psimpson@example.org,,03/06/2025,Silver,West
CUST04630,Michelle Frye,sanfordjason@example.org,(604)462-9070x9501,06/13/2025,Bronze,Northeast
CUST04631,Wesley Gallegos,qyoung@example.org,,18-Jan-2026,Bronze,South
CUST04632,Robert Miller,robertjackson@example.com,+1-338-645-7159x669,09/01/2025,Bronze,South
CUST04633,Anthony Russell,erodriguez@example.org,(871)547-1185,06/03/2026,Silver,West
CUST04634,Justin Williams,mschneider@example.org,(812)598-8746,02/21/2025,Bronze,Midwest
CUST04635,Angela Acosta,justinmacdonald@example.net,219-226-3393,06/15/2026,Bronze,West
CUST04636,Hannah Meyer,edwardperez@example.org,,05-Jul-2024,Bronze,Midwest
CUST04637,Jasmin Turner,transherry@example.com,496-316-8914x90889,2024-11-02,Bronze,West
CUST04638,Patrick Smith,ginarobinson@example.com,765.667.5696,09-Nov-2024,Bronze,West
CUST04639,Tanya Spencer,frankpearson@example.com,8444656701,01-Nov-2025,Gold,West
CUST04640,Stephanie Weber,pamela49@example.net,365-884-9144,07/19/2025,Gold,South
CUST04641,Alicia White,rrobinson@example.com,+1-698-650-3083x892,02/15/2026,Bronze,South
CUST04642,Victoria Olsen,,,07-Jul-2024,Bronze,West
CUST04643,Tasha Camacho,eric18@example.com,723.507.4874,01/11/2025,Silver,South
CUST04644,Mandy Martinez,kbanks@example.net,2256735972,04/11/2026,Bronze,Midwest
CUST04645,Edward Cardenas,dennisrodriguez@example.com,001-998-474-2701,02/11/2026,Bronze,West
CUST04646,Robin Mason,zachary98@example.org,,2026-06-28,Bronze,West
CUST04647,Howard Thomas,tiffany03@example.com,(786)873-0400x09536,2025-06-08,Silver,Midwest
CUST04648,Mr. Clayton Wagner PhD,tjones@example.org,001-888-244-1425x33602,2025-12-06,Silver,West
CUST04649,Karen Maddox,,787.535.9446x3428,2025-03-13,Bronze,South
CUST04650,Ralph Moore,donaldsonpatricia@example.com,(273)259-6552,2026-06-20,Silver,West
CUST04651,Michelle Perkins,zpotts@example.com,,02-Oct-2025,Bronze,Northeast
CUST04652,Belinda Ortiz,pamelaschultz@example.com,001-259-225-7977x6680,2024-11-02,Bronze,South
CUST04653,Paul Davis,ataylor@example.com,425-758-5799,28-Apr-2026,Silver,West
CUST04654,Tristan Williams,martinezcheryl@example.org,(443)269-7794x4774,03/28/2026,Silver,West
CUST04655,Brian Malone,ycline@example.net,001-621-991-6771x08669,2025-09-12,Silver,Northeast
CUST04656,Michelle Brown,bridgetjacobson@example.net,278-595-2786,07/23/2024,Silver,South
CUST04657,Gregory Jackson,rdrake@example.net,,2024-09-13,Bronze,West
CUST04658,Jennifer Best,pricejohn@example.org,481-910-7355,10-Jul-2025,Platinum,Northeast
CUST04659,Bryan Ramos,smithpatricia@example.net,688.334.9877,10-Mar-2025,Platinum,South
CUST04660,Karen Wallace,hunteramy@example.com,(325)999-6723x34617,13-Jun-2025,Gold,Northeast
CUST04661,Michael Moore,toddhamilton@example.org,589-847-4717,2025-07-11,Bronze,South
CUST04662,Tracey Gutierrez,angelanelson@example.net,+1-371-468-5513,2025-06-19,Gold,Northeast
CUST04663,Cindy Rivera,lauracalderon@example.org,(890)543-6129x151,2025-09-14,Bronze,South
CUST04664,Donna Miller,laurenmorgan@example.net,001-313-308-9817,03/12/2026,Bronze,South
CUST04665,Lisa Dixon,lindseyhayden@example.net,943.306.7416,30-Sep-2024,Silver,West
CUST04666,Kimberly Garcia,jasminemorrison@example.net,996.488.7899x7243,02/11/2025,Bronze,South
CUST04667,Melissa Lewis,iherman@example.org,,12/16/2025,Bronze,West
CUST04668,Robert Allen,qgarcia@example.net,001-789-473-3561x308,29-Jan-2025,Silver,Midwest
CUST04669,James Perez,bradleymcgee@example.com,621.587.1634x578,19-Aug-2025,Bronze,South
CUST04670,Nicole Roberts,michaelmartinez@example.net,(534)969-2978,01/20/2026,Silver,South
CUST04671,Bonnie Villegas,bradshawmary@example.org,9389333112,2025-10-14,Silver,Midwest
CUST04672,Gina Washington,aestrada@example.com,+1-524-328-2376x63788,2024-12-10,Silver,South
CUST04673,Jessica Webb,cynthiasteele@example.net,(989)543-3836x45482,04-Oct-2025,Silver,Midwest
CUST04674,Joshua Caldwell,perryclifford@example.net,271.608.2968x29245,06/08/2025,Gold,Midwest
CUST04675,Grant Jacobson,nicholas25@example.org,(588)385-8212x402,2024-12-30,Silver,West
CUST04676,Rebecca Leach,carlsonsteven@example.org,831.525.6809,2025-10-21,Silver,Northeast
CUST04677,Larry Perry,barbara45@example.net,001-957-601-7278x539,10-Dec-2025,Gold,Northeast
CUST04678,Robert Lewis,qadams@example.net,(386)440-1810,08/30/2025,Silver,West
CUST04679,Cathy Leonard,johnsonashley@example.net,266.590.2051,12-Nov-2024,Bronze,Northeast
CUST04680,Carla Thompson,dennis55@example.org,001-402-798-1352x8338,2025-02-18,Bronze,Midwest
CUST04681,Yolanda Huerta,ywoods@example.net,202.235.9886,08/09/2024,Silver,Northeast
CUST04682,Matthew Mahoney,michaelthomas@example.com,750-976-5233,2024-08-03,Bronze,Northeast
CUST04683,Brian Flores,,001-429-980-6515,06/26/2026,Bronze,South
CUST04684,Matthew Horton,aaron12@example.net,001-467-464-2495x47671,23-Feb-2026,Silver,Northeast
CUST04685,Randy Hernandez,simonjoe@example.org,(888)707-6129x270,01/17/2026,Platinum,South
CUST04686,Maria Spears,thomasholly@example.org,,01/28/2026,Bronze,South
CUST04687,Joel Escobar,waynecombs@example.com,001-980-622-9835x874,2026-01-05,Platinum,Northeast
CUST04688,Cameron Roberts,john42@example.net,783.435.1158x27024,07/16/2025,Silver,South
CUST04689,Carrie Roberts,tpham@example.org,(311)919-4701,26-Mar-2026,Bronze,South
CUST04690,Cynthia Carroll,lisabranch@example.net,001-701-707-6237,07-May-2025,Silver,Midwest
CUST04691,Daniel Berg,jonestyler@example.com,402.812.0663,26-May-2025,Bronze,West
CUST04692,Jacob Blevins,william28@example.net,(546)441-2663x0596,2025-07-18,Platinum,West
CUST04693,Austin Kennedy,ryanphillips@example.net,+1-733-954-6817x5579,17-Oct-2025,Bronze,Northeast
CUST04694,James Pena,mtodd@example.com,+1-585-607-5663x8623,25-Aug-2024,Silver,South
CUST04695,Amber Hayden,wduncan@example.net,8494566035,10-Apr-2026,Bronze,West
CUST04696,Allison Morgan,nathan81@example.com,001-846-932-9514,2025-02-11,Silver,Midwest
CUST04697,Marissa Spence,zcox@example.net,,05/04/2026,Bronze,West
CUST04698,Amanda Wright,jose62@example.net,001-541-867-4974x89958,01-Aug-2024,Bronze,Northeast
CUST04699,Jonathon Lang,,001-318-921-1814x8506,2025-08-26,Bronze,Midwest
CUST04700,David Blackwell,andrew08@example.net,,07-Nov-2024,Silver,Midwest
CUST04701,Kevin Brock,franktanner@example.net,509.291.7922,26-Dec-2025,Silver,West
CUST04702,Rachel Reed,fernandocrawford@example.com,605.950.3718x1962,05/08/2025,Gold,Midwest
CUST04703,Michelle Smith,josephlarson@example.com,,03/17/2025,Bronze,West
CUST04704,Earl Jones,welchmichael@example.net,355-654-5623x217,2025-11-17,Platinum,Midwest
CUST04705,Victoria Garcia,tscott@example.com,001-271-461-7029x7272,2025-08-22,Gold,West
CUST04706,Gerald Roberts,fjackson@example.com,,2024-10-12,Gold,Midwest
CUST04707,Daniel Williamson,mclaughlinmichael@example.com,(630)689-6126,21-Jun-2026,Bronze,South
CUST04708,Randy Davis,thomaswright@example.org,+1-838-523-8925x65846,06/17/2025,Bronze,Northeast
CUST04709,Jonathan Moore,phill@example.org,+1-259-643-7359x1815,03-Sep-2025,Gold,Midwest
CUST04710,Madeline Baxter,ysimmons@example.net,(873)587-2488,02/19/2025,Bronze,South
CUST04711,Brittany Rodriguez,ktrevino@example.org,875.736.1432,2024-12-06,Bronze,Northeast
CUST04712,Kayla Marks,kellybishop@example.net,994-212-2954,12/25/2024,Platinum,Northeast
CUST04713,Victoria Jacobs,yvonneshields@example.net,(464)399-2898,28-May-2025,Silver,Northeast
CUST04714,Lisa Howard,kwebb@example.org,001-311-221-9618x7200,10/09/2024,Bronze,West
CUST04715,Brian Taylor,carpenterkevin@example.com,001-975-307-5046x1224,21-Jan-2025,Bronze,Northeast
CUST04716,Johnny Pratt,vreeves@example.org,(576)314-6117x7696,09/20/2024,Silver,Northeast
CUST04717,Patricia Park,hannahlynch@example.com,,27-Mar-2026,Platinum,South
CUST04718,George Ellis,gcastillo@example.org,6455047442,07/18/2025,Bronze,West
CUST04719,Rebecca Allen,prattjennifer@example.com,536-759-1061,2026-01-22,Gold,West
CUST04720,William Kane,joshua10@example.com,+1-692-735-9551x0725,05/28/2025,Gold,Northeast
CUST04721,Johnny Hansen,gracegarza@example.org,276-522-8989x9242,11-Apr-2026,Bronze,Midwest
CUST04722,Amanda Pitts,laura17@example.com,001-726-459-9387,2025-08-03,Gold,South
CUST04723,Laurie Reyes,oliviarodriguez@example.com,2817463580,10/08/2025,Silver,Midwest
CUST04724,Jessica Allen,darlenehardin@example.org,+1-381-218-6243x801,2025-12-01,Silver,Midwest
CUST04725,Mikayla Alvarado,brandon06@example.net,001-666-255-7518x42381,11-Jul-2024,Silver,Midwest
CUST04726,Jason Coffey,daviddaniels@example.com,,2024-07-04,Bronze,South
CUST04727,Theresa Clark,lpage@example.net,001-445-405-4952,01-Jan-2025,Bronze,Midwest
CUST04728,Rachel Pierce,nhanna@example.net,522-205-8592x7751,10/13/2025,Gold,South
CUST04729,Megan Frye,veronicacunningham@example.org,001-314-602-2680,06-Feb-2026,Bronze,Midwest
CUST04730,Patricia Huber,mark06@example.net,(365)540-7913x70571,2026-02-20,Gold,Midwest
CUST04731,Marilyn Lowe,lucascoleman@example.com,(657)683-2168,03/12/2025,Silver,West
CUST04732,Erika Moore,leegeorge@example.com,,22-Jun-2025,Silver,South
CUST04733,Christina Mcdonald,billy07@example.org,(877)671-9101,18-Oct-2025,Bronze,Northeast
CUST04734,Charles Cantrell,stephanierodriguez@example.net,(572)465-7552,06/22/2025,Bronze,Midwest
CUST04735,Daniel Mccoy Jr.,ashleyfuentes@example.net,,28-Jan-2025,Bronze,Northeast
CUST04736,Gina Davis,milleranthony@example.net,001-386-521-6494x2027,2024-11-14,Bronze,South
CUST04737,Eric Barron,victoria17@example.org,(682)615-5671x92012,03/14/2026,Silver,Northeast
CUST04738,Austin Pearson,kevin39@example.com,489-507-8315,01-Jan-2025,Bronze,West
CUST04739,Tina Gonzalez,aball@example.net,+1-951-691-3205x853,28-Jan-2026,Platinum,Midwest
CUST04740,Helen Williams,katherinemurray@example.net,423-236-9390x9147,08-Jul-2024,Platinum,Midwest
CUST04741,Lisa Taylor,operez@example.net,,2024-11-01,Bronze,South
CUST04742,Jared Cummings,jasonpalmer@example.org,(565)725-6705x53435,17-Apr-2025,Silver,West
CUST04743,Peter Webb,john45@example.com,540.944.9927x1108,17-Aug-2025,Gold,West
CUST04744,Victoria Vega,bakercarl@example.net,(456)773-8564x88001,14-Dec-2025,Silver,West
CUST04745,Tiffany Peterson,jacobhancock@example.org,(996)336-0402x451,2025-09-05,Bronze,South
CUST04746,Donald Cain,wayneyoung@example.org,933-789-6010x52822,11/24/2024,Bronze,Northeast
CUST04747,Melissa Nguyen,dkelly@example.com,001-843-963-2250x324,2025-06-14,Bronze,Midwest
CUST04748,Becky Soto,jasminemartinez@example.com,(971)614-1873x477,2024-10-19,Bronze,Midwest
CUST04749,Joel Stone,jeremy20@example.org,411.814.2308x1837,13-Aug-2024,Bronze,West
CUST04750,Cynthia Turner,sharonhuynh@example.org,889.802.3673x963,2025-09-17,Bronze,West
CUST04751,Kristen Harmon,garciastephen@example.com,438-583-2219x74028,25-Aug-2024,Bronze,West
CUST04752,Danielle Walker,millercharles@example.org,3214050253,11-Nov-2025,Bronze,Midwest
CUST04753,Eric Butler,mcochran@example.com,+1-259-736-6545x5218,04/09/2026,Bronze,West
CUST04754,Roberto Boyd,kennethwebb@example.net,229.650.6081,02/17/2026,Bronze,West
CUST04755,Casey Bright,mperry@example.net,,11/25/2025,Bronze,Midwest
CUST04756,Sandra Smith,miranda27@example.com,,03-Dec-2024,Silver,South
CUST04757,Joseph Baker,jeffery50@example.com,414.685.3968x31859,24-Sep-2025,Silver,South
CUST04758,John Gentry,xanderson@example.com,230.863.8556x190,2024-12-18,Bronze,West
CUST04759,Michael Kelley,ygonzales@example.org,476-622-9782x48918,2025-02-21,Bronze,Northeast
CUST04760,Heidi Espinoza,,001-472-242-0092x99695,30-Jun-2025,Bronze,Midwest
CUST04761,Nicholas Skinner,meyerchristopher@example.net,882-727-9356x25591,2026-06-16,Silver,Midwest
CUST04762,Louis Mcclain,ndonovan@example.net,338.293.9112x8110,02/12/2026,Silver,South
CUST04763,Timothy Hunt,coxdouglas@example.com,657.224.3440,2024-11-07,Bronze,Midwest
CUST04764,Roy Wallace,bryantmichele@example.com,(927)464-3911,2024-10-30,Platinum,Northeast
CUST04765,Paul Griffin,rileyamanda@example.net,001-928-970-4859x593,10/19/2024,Silver,Northeast
CUST04766,Rebecca Garcia,eescobar@example.net,668-977-5411,15-Apr-2025,Gold,Midwest
CUST04767,Mary Berry,colleen91@example.com,,08-Dec-2025,Silver,West
CUST04768,Mr. Robert White,zjordan@example.net,609.701.5730,10/16/2024,Bronze,Midwest
CUST04769,Leah Harris,jessicaedwards@example.com,,2025-01-28,Silver,South
CUST04770,Sandra Gray,dustin98@example.com,(664)450-7073x1814,08/22/2024,Bronze,Midwest
CUST04771,Aaron Navarro,fosterkeith@example.com,461.693.5385,07/10/2024,Silver,Northeast
CUST04772,Kristen Hoffman,heatherschmitt@example.net,235-424-6247,08/18/2024,Platinum,Northeast
CUST04773,Dr. Anthony Rivera,amycobb@example.org,+1-869-777-9109x92208,07/06/2025,Bronze,Northeast
CUST04774,Sharon Cox,npadilla@example.org,355-392-5346x058,03-Apr-2026,Bronze,Northeast
CUST04775,Daniel Jenkins,travisgonzales@example.org,,03-Feb-2025,Bronze,West
CUST04776,Roy Saunders,nataliemcguire@example.org,001-768-558-6433x114,08/25/2025,Silver,South
CUST04777,Michael Wang,hmendoza@example.org,,09/11/2025,Gold,West
CUST04778,Desiree Reynolds,connor09@example.net,714-754-8303x8606,2024-09-02,Bronze,West
CUST04779,Bonnie Blevins,brian66@example.com,690.549.0782,2024-11-19,Gold,Northeast
CUST04780,Beth Powell,mchristian@example.org,(258)836-6824,19-May-2026,Silver,Northeast
CUST04781,Nancy Mccoy,jessica61@example.org,,2025-06-22,Bronze,West
CUST04782,Sara Perez,kpowell@example.net,+1-776-844-3312x547,13-Jul-2024,Gold,Northeast
CUST04783,Jesse Walker,lfoster@example.com,241-998-1025,2026-01-22,Bronze,Northeast
CUST04784,Chelsea Lewis,markblanchard@example.org,001-806-972-3827x81469,2025-04-02,Bronze,West
CUST04785,Keith Sanchez,,(648)887-8873x8129,03/26/2025,Bronze,Midwest
CUST04786,Shannon Pennington,,2244912469,03/25/2025,Bronze,Midwest
CUST04787,Pamela Miller,aturner@example.org,548.590.9013x0287,2024-10-26,Bronze,Midwest
CUST04788,Jeffery Copeland,fpadilla@example.com,,05/08/2025,Bronze,Midwest
CUST04789,Karen Mathis,kathrynanderson@example.com,001-591-832-1475x25284,11/20/2024,Bronze,Northeast
CUST04790,Shannon Thomas,susancoffey@example.org,+1-450-875-7804x79941,11-Jan-2025,Silver,Northeast
CUST04791,Kelly Bradley,richardsonsarah@example.org,(686)967-9016x86181,12-Apr-2026,Bronze,Midwest
CUST04792,Brandy Miller,gnunez@example.net,001-852-966-5330,23-Mar-2026,Bronze,Midwest
CUST04793,Lisa Simon,jonathan55@example.com,925.942.7718x55168,2024-07-30,Silver,Midwest
CUST04794,Justin Gardner,russell80@example.org,(967)561-1564x058,02/12/2025,Gold,West
CUST04795,Christopher Mcconnell,hbradshaw@example.net,317.531.4309x02068,2025-05-08,Bronze,West
CUST04796,David Hanson,qmcguire@example.org,001-673-288-7240x02432,31-Mar-2026,Bronze,Northeast
CUST04797,Richard Johnston,wrightamanda@example.net,+1-618-313-7972,04/17/2026,Bronze,South
CUST04798,Todd Beck,ufriedman@example.com,,12-Aug-2025,Platinum,Midwest
CUST04799,Samuel Rodriguez,bryansantos@example.org,834.807.8142,28-Dec-2024,Bronze,Midwest
CUST04800,Emily Lopez,william55@example.net,855.597.8799,24-Oct-2024,Silver,Midwest
CUST04801,Ryan Simmons,george74@example.net,(824)941-7539,06/06/2025,Bronze,Northeast
CUST04802,Troy Taylor,waltondonald@example.com,658.910.7902,03/20/2026,Platinum,West
CUST04803,Ryan Burton,gillespietaylor@example.net,402.514.7455x0148,2026-02-04,Bronze,West
CUST04804,Pamela Elliott,fergusontara@example.net,001-875-943-1706x783,2026-03-12,Gold,Northeast
CUST04805,Alan Myers,vmeyer@example.net,299.228.6308x253,03/13/2025,Bronze,West
CUST04806,James Short,avazquez@example.com,8498222406,2024-07-15,Bronze,South
CUST04807,Yvonne Sullivan,cranejoseph@example.org,588.966.3800x331,03/25/2025,Gold,West
CUST04808,Kathy Murray,qwallace@example.com,+1-731-731-2978,2024-10-20,Bronze,West
CUST04809,Dennis Estrada,briannawagner@example.net,001-761-613-9554x340,05-Apr-2026,Silver,South
CUST04810,Jennifer Haney,markandersen@example.com,001-980-581-7869x772,2025-05-11,Gold,West
CUST04811,Raymond Smith,michaellewis@example.net,299.852.5800,11/19/2024,Bronze,West
CUST04812,Priscilla Johnson,usanchez@example.org,(265)293-7350x1038,18-Apr-2025,Silver,West
CUST04813,Frances Hodges,hgonzalez@example.net,(444)418-9234,04-Nov-2024,Gold,South
CUST04814,Bradley Pena,jackie51@example.com,+1-828-254-8959x8711,09/30/2024,Bronze,South
CUST04815,Ms. Kimberly Ballard,waltersdebbie@example.net,001-283-694-9752x712,24-Oct-2024,Silver,West
CUST04816,Ronald Jimenez,hgarcia@example.org,(444)333-7309x00906,20-Mar-2026,Bronze,West
CUST04817,Anthony Garcia,rebecca06@example.org,314.876.7300,28-Jan-2025,Silver,Northeast
CUST04818,Scott Ball,edwardsheather@example.org,6897674631,2026-01-14,Silver,Northeast
CUST04819,Melissa Barber,vanessalawson@example.org,(816)454-3844x12632,16-Dec-2024,Silver,West
CUST04820,Patricia Butler,josephstanton@example.com,(963)653-5227,03/29/2026,Gold,West
CUST04821,Kari Foster,hokayla@example.net,,31-Dec-2025,Bronze,Northeast
CUST04822,Sherri Kelly PhD,danagarrett@example.com,595-617-6424x9327,23-Jul-2025,Bronze,West
CUST04823,Renee Barnes,boyerdiane@example.com,+1-548-327-0690x871,2025-12-24,Silver,Midwest
CUST04824,Terry Hicks,hernandezlaurie@example.net,(506)846-0288,2025-07-13,Bronze,Northeast
CUST04825,Mr. Nathaniel Reed,scottchristine@example.net,001-688-518-6967x50446,2025-11-30,Silver,South
CUST04826,Christopher Williams MD,hermanjacob@example.org,001-573-998-0998x895,2025-05-30,Bronze,South
CUST04827,Thomas Hanson,robertswendy@example.net,710-658-3784x98600,10-Oct-2024,Bronze,South
CUST04828,Jose Wong,shaffermichael@example.org,378.684.3995x0918,2025-09-20,Silver,West
CUST04829,Susan Orozco,markwilliams@example.org,(952)387-9059x73077,05-Aug-2024,Silver,South
CUST04830,Ashley Williams,,454.310.0316x996,05-May-2026,Bronze,Northeast
CUST04831,Christine Thompson,moraleschristopher@example.org,,04-Oct-2025,Bronze,West
CUST04832,Larry Horne,danahernandez@example.net,001-640-364-5338x45247,2025-09-13,Silver,West
CUST04833,Timothy Rodriguez,reneewatson@example.org,,18-Feb-2026,Gold,Midwest
CUST04834,Richard Norton,david15@example.com,+1-287-289-7087x4674,2025-11-06,Bronze,West
CUST04835,Derrick Stewart,plowe@example.org,2824321115,12-Jan-2026,Bronze,West
CUST04836,Elizabeth Holland,olucas@example.org,716-935-5578x8414,25-Jan-2025,Bronze,Northeast
CUST04837,Gregory Barr,victor71@example.com,,2026-02-12,Bronze,South
CUST04838,Courtney Dyer,victor98@example.com,531.219.7575,05/22/2026,Gold,Midwest
CUST04839,Sandra Gonzalez,copelandjoseph@example.net,413.414.3969x2619,2026-04-21,Bronze,South
CUST04840,Julie Morrison,benjamincontreras@example.org,,2025-01-07,Gold,West
CUST04841,Nathaniel Norman,ztorres@example.org,,01/08/2025,Gold,Northeast
CUST04842,Eric Nguyen,nunezdeborah@example.net,,11/11/2025,Silver,Northeast
CUST04843,Felicia Kelly,charlesdunn@example.com,,04/20/2026,Silver,Midwest
CUST04844,Linda Wallace,moralesjohnny@example.com,,23-Jul-2025,Silver,West
CUST04845,Kimberly Turner,sarah97@example.com,(610)489-7485,08/02/2024,Gold,Northeast
CUST04846,Sara Krause,younglaurie@example.net,,05-May-2026,Silver,Midwest
CUST04847,Felicia Barrera,campbellsean@example.net,,2025-05-12,Bronze,South
CUST04848,Aaron Howard,lthompson@example.org,+1-924-315-1340x174,2024-11-27,Platinum,Midwest
CUST04849,Deanna Anderson,david95@example.org,,2025-07-16,Silver,Northeast
CUST04850,Miguel Nelson,eholt@example.org,+1-778-465-1793x852,08-Nov-2025,Bronze,West
CUST04851,Melissa Smith,kathleen57@example.org,+1-273-877-1578x7293,07/04/2024,Bronze,Northeast
CUST04852,Rebecca Duncan,austinandre@example.org,,2025-07-04,Silver,Northeast
CUST04853,Christine Brooks,georgehays@example.com,378.887.0221x24464,2026-01-15,Platinum,South
CUST04854,Jane Rios,matthew48@example.org,001-907-641-3991x45422,2024-12-01,Bronze,Northeast
CUST04855,James Moore,wdavis@example.net,,17-May-2025,Bronze,South
CUST04856,Cynthia Myers,moniquegarza@example.org,(262)724-1656x73868,14-May-2025,Bronze,Midwest
CUST04857,James Martinez,robert69@example.org,938.833.1246,03-Mar-2026,Bronze,West
CUST04858,Monique Lee,ijohnston@example.net,001-700-384-3848,26-Mar-2025,Bronze,Northeast
CUST04859,Linda Gibbs,,632-521-2495,05/08/2026,Silver,Northeast
CUST04860,Keith Lopez,jason14@example.com,480.951.5895,16-Jun-2025,Platinum,Midwest
CUST04861,Sonya Hodges,kirbymelissa@example.com,(250)846-3828x23266,04/12/2025,Bronze,Northeast
CUST04862,Heather Davidson,carsonscott@example.com,866-920-3566x0944,08/01/2025,Bronze,Northeast
CUST04863,Gregory Williams,jdean@example.com,(457)889-7616,13-Aug-2025,Bronze,Northeast
CUST04864,Mary Grant,mosesrachel@example.org,+1-410-387-1768,06/02/2026,Bronze,South
CUST04865,Ryan Hunt,kpierce@example.org,(834)471-4113x63177,24-Apr-2026,Bronze,Northeast
CUST04866,Brendan Meyer,,(778)241-7087x014,03/22/2026,Bronze,Northeast
CUST04867,Heather Rocha,ralph95@example.com,355-226-6664x15570,01-Mar-2026,Silver,South
CUST04868,Lawrence Molina,cynthia74@example.net,788.818.0400,01/21/2026,Bronze,South
CUST04869,Shannon Hart,jennifer32@example.net,(817)384-1516,02-Jan-2026,Bronze,Northeast
CUST04870,William Hudson DVM,,,21-May-2026,Silver,South
CUST04871,Daniel Mclaughlin,heatherriley@example.com,001-421-997-6403x9327,20-Nov-2025,Gold,Midwest
CUST04872,Austin Cortez,codyking@example.com,881.468.9655x208,07/27/2024,Gold,Midwest
CUST04873,Kenneth Adams,griffinalexander@example.org,888-494-7578,08/15/2024,Bronze,West
CUST04874,Mary Rice,zallen@example.org,(209)662-8686,02/21/2026,Bronze,South
CUST04875,Ricardo Anthony,wbell@example.com,,2026-04-03,Silver,Northeast
CUST04876,Bruce Mccullough,colin88@example.net,(220)443-7881x58141,05/25/2026,Bronze,Midwest
CUST04877,Brenda Hendrix,,256.690.7823x944,22-Jul-2025,Silver,West
CUST04878,Adam Skinner,dgood@example.net,001-385-775-3946x343,08-Nov-2024,Silver,Northeast
CUST04879,Maria Diaz,maydavid@example.net,,09-Aug-2025,Platinum,West
CUST04880,Raymond Fry,amandahuffman@example.com,001-527-696-6410x0128,14-Jan-2025,Bronze,Northeast
CUST04881,Carmen Guerrero,melissarush@example.net,970.789.0537,2026-06-03,Bronze,Midwest
CUST04882,Jennifer Howard,kyle40@example.com,497-576-8979x903,2026-05-11,Bronze,Midwest
CUST04883,Kristin Lane,smithcorey@example.com,,2025-11-21,Bronze,Midwest
CUST04884,Melissa Carlson,ericaadams@example.net,793.420.9899x36595,12/18/2024,Bronze,Midwest
CUST04885,Jason Green,shanelyons@example.org,378-999-3703x87262,03-Jul-2025,Silver,South
CUST04886,Lisa Clark,,001-714-948-7947x6932,2024-11-10,Silver,South
CUST04887,Steven Waters,webermichael@example.org,001-728-403-9098x80253,2024-12-29,Bronze,Northeast
CUST04888,Juan Mitchell,thomaskevin@example.com,687.526.8565x5052,04/14/2026,Silver,South
CUST04889,Edward Delgado,edward64@example.com,(520)539-4805,09/13/2024,Gold,Midwest
CUST04890,Kimberly Phillips,kristineherrera@example.org,+1-662-759-4583x8521,2025-05-29,Gold,Northeast
CUST04891,Lisa Woods,bsnyder@example.org,001-244-501-1432x05488,2026-04-13,Silver,South
CUST04892,Travis Vasquez,thansen@example.org,001-750-456-8286x0748,2025-08-18,Silver,West
CUST04893,Randy Cook,erikweaver@example.net,,02-Nov-2024,Bronze,Northeast
CUST04894,Cody Guerra DDS,,7815727552,04-Sep-2025,Bronze,South
CUST04895,Greg Hughes,staceycarter@example.net,,08/31/2024,Gold,Midwest
CUST04896,Steven Clements,ashleybond@example.org,467-437-4976,2024-08-02,Gold,South
CUST04897,Derrick Sloan,johncarr@example.org,+1-247-858-4374x0278,10/07/2025,Bronze,Midwest
CUST04898,Alison Bauer,scottgarcia@example.net,+1-855-823-0451x424,30-Nov-2024,Silver,Midwest
CUST04899,Kevin Richards,,+1-364-312-4956x881,09/16/2024,Bronze,Northeast
CUST04900,Billy Cole,monique69@example.com,211-572-3466,15-Jul-2025,Silver,Northeast
CUST04901,Barbara Allison,erodriguez@example.org,,22-Jul-2025,Silver,West
CUST04902,Robert Shaffer,jennifercole@example.org,390-732-8717,2025-04-10,Gold,West
CUST04903,Mike Wilson,diazshelley@example.org,,11/11/2024,Silver,South
CUST04904,Alyssa Harrison,kimberlycraig@example.com,631.206.2128x89169,31-Dec-2024,Silver,Northeast
CUST04905,Cynthia Gutierrez,fernandezmegan@example.net,(290)331-1860,21-Apr-2025,Gold,Northeast
CUST04906,Jessica English,wilkinsonmichael@example.org,755-853-8109x042,02/16/2025,Silver,Northeast
CUST04907,Steven Wilkerson,fpacheco@example.com,458-914-3023x459,2025-01-15,Silver,West
CUST04908,Mary Fitzgerald,,,2024-11-03,Bronze,West
CUST04909,Robert Alvarez,victoria57@example.com,5582789176,10/20/2024,Bronze,Northeast
CUST04910,Andrew Robertson,hicksvanessa@example.com,+1-980-364-5996x3188,09/30/2025,Bronze,Midwest
CUST04911,Linda Rice,jamesbailey@example.net,(909)358-6050x55814,10/22/2024,Silver,Northeast
CUST04912,George Peterson,wintersdarrell@example.com,+1-284-690-2891,2024-09-11,Silver,Midwest
CUST04913,Traci Castaneda,ylynch@example.net,(693)262-5840,29-Dec-2025,Bronze,West
CUST04914,Sandra Farrell,terricarey@example.com,7808828723,01/15/2026,Gold,Midwest
CUST04915,Erin Barnes,emma62@example.org,(263)669-5800,2025-08-06,Silver,Midwest
CUST04916,Anna Grant,andrea41@example.com,,03/11/2025,Bronze,South
CUST04917,Susan Miller,christineoliver@example.org,001-573-930-8689,06/25/2025,Bronze,Midwest
CUST04918,Elizabeth Lopez,carrollmatthew@example.net,7309695694,02/08/2025,Bronze,West
CUST04919,Ashley Morris,morenojeffery@example.com,458-254-3459,10/21/2024,Bronze,South
CUST04920,Ashley Carter,brianramirez@example.org,583.728.0287,2024-12-17,Bronze,West
CUST04921,Barbara Ramos,dconley@example.net,558-375-8628x5743,2026-01-24,Bronze,South
CUST04922,Jerry Watkins,brownjacob@example.com,2742339899,2025-06-06,Bronze,Midwest
CUST04923,Reginald Luna,diazashley@example.net,+1-588-570-4628x159,10-Jan-2026,Bronze,Midwest
CUST04924,Jonathan Yang,brandonsantiago@example.org,001-860-564-1668x1357,02/08/2026,Silver,Midwest
CUST04925,Laura Alexander,jenniferhickman@example.net,516.708.8745,08/30/2024,Bronze,Midwest
CUST04926,Mrs. Tina Lewis,shelley47@example.com,001-226-779-5035x588,07-Dec-2024,Silver,Northeast
CUST04927,Gene Bailey,wbeck@example.net,,03/17/2026,Platinum,Midwest
CUST04928,Karla Long,tvance@example.org,,2024-11-08,Bronze,Midwest
CUST04929,Eric Bowers,jacksonjeffrey@example.com,001-702-440-2418x79878,2026-04-20,Silver,West
CUST04930,Melissa Blankenship,bgrant@example.com,001-714-391-6968x01598,2024-07-03,Bronze,Midwest
CUST04931,Brian Holder,veronica25@example.net,(464)305-1795,2025-09-18,Bronze,Midwest
CUST04932,Holly Howard,campbellpeter@example.org,+1-975-491-7766x400,07/23/2024,Silver,South
CUST04933,Michele Hernandez,,001-785-972-8285x97121,07/23/2025,Bronze,Northeast
CUST04934,Mark Rose,robertschristina@example.com,001-950-994-2169x21776,2025-06-23,Bronze,Midwest
CUST04935,Erin Hurley,antoniorhodes@example.com,377-989-4445,15-Jan-2026,Bronze,Northeast
CUST04936,Antonio Myers,pwalker@example.net,315-584-3013,20-Jan-2025,Silver,West
CUST04937,Sheryl White,tanyanelson@example.net,,04/21/2026,Bronze,South
CUST04938,Erin Turner,robertsbridget@example.com,,14-Jul-2024,Bronze,South
CUST04939,Timothy Hansen,,4749488019,05-May-2025,Gold,Midwest
CUST04940,Michael Shaw,pamelasherman@example.org,001-350-699-4241x45299,11/14/2024,Silver,Midwest
CUST04941,Peggy Adams MD,michelehiggins@example.com,001-398-647-5951x8656,07/16/2024,Silver,West
CUST04942,Patricia Nelson,angel60@example.org,332-258-9748x69712,2025-05-01,Bronze,West
CUST04943,Kendra Clark,lchavez@example.com,+1-634-712-7083,2025-06-13,Bronze,Northeast
CUST04944,Jerome Garcia,markgraves@example.org,+1-296-757-3873x34172,07/30/2024,Bronze,Northeast
CUST04945,Stephanie Diaz,paul62@example.com,831-724-0132,12/26/2024,Bronze,West
CUST04946,Timothy Kline,dferguson@example.org,852.933.5549x920,11/29/2025,Bronze,West
CUST04947,Lawrence Gonzalez,kevin65@example.net,001-715-832-7639,2025-11-10,Bronze,Midwest
CUST04948,Billy Curtis,timothybrown@example.net,555.713.1384x36611,16-Nov-2025,Bronze,Northeast
CUST04949,Nina Mccoy,michael75@example.org,,26-May-2026,Silver,Midwest
CUST04950,Jody Bell,osbornebryan@example.org,,2024-08-23,Bronze,West
CUST04951,George Johnson,,(385)289-3082,05/16/2025,Silver,Midwest
CUST04952,Andrew Howe,jmatthews@example.org,,2025-08-13,Silver,Northeast
CUST04953,Mr. David Harrison DDS,seanrodgers@example.net,800.393.0633,2025-05-09,Gold,West
CUST04954,Charles Deleon,hollymiller@example.net,+1-327-471-0501x83255,08/29/2024,Silver,South
CUST04955,Kimberly Cordova,jeffreysmall@example.org,462-726-4240x0174,2025-09-23,Bronze,Midwest
CUST04956,Dennis Castillo,katiemcclure@example.org,(770)476-2809x9560,2026-03-14,Bronze,Midwest
CUST04957,Mark Smith,tyler71@example.org,9279578986,2025-08-02,Silver,Midwest
CUST04958,Barbara Campbell MD,laura83@example.net,996.465.3676x30728,2025-06-05,Bronze,South
CUST04959,Sara Reid,leonangela@example.org,+1-691-831-3386x07927,21-Jun-2026,Silver,West
CUST04960,Tracy Moore,dereknelson@example.com,+1-839-863-9266x9197,11/21/2024,Silver,South
CUST04961,Christopher Roberts,edwardsheather@example.net,949-767-9484x716,2025-12-28,Gold,West
CUST04962,Donna Dixon,jtorres@example.org,001-609-288-9081x5506,02/15/2026,Gold,Midwest
CUST04963,Nathan Gomez,,,04/06/2025,Silver,Northeast
CUST04964,Tyler Townsend,pateljacqueline@example.net,851-249-5722x81605,2025-02-22,Silver,West
CUST04965,Bobby Butler,vellis@example.org,+1-776-873-1481x247,2024-07-30,Gold,South
CUST04966,Alicia Moore,fostermatthew@example.com,,2025-05-26,Platinum,South
CUST04967,Alexander King,nashkara@example.org,(236)726-3963x856,2025-10-13,Bronze,South
CUST04968,Gregory Fleming,juan19@example.org,917-807-8211,01/16/2025,Silver,West
CUST04969,Sandra Chapman,djohnson@example.com,(947)450-7129,03/16/2025,Silver,Midwest
CUST04970,Karen Sanchez,tinapalmer@example.com,428-690-0567x418,28-Oct-2025,Bronze,South
CUST04971,Andrew Nelson,ashleeruiz@example.org,,03/27/2026,Silver,South
CUST04972,Alison Long,,678-579-7041x57429,2024-10-16,Platinum,West
CUST04973,Mike Lawson,iberger@example.org,001-927-230-7393,06/19/2026,Gold,Midwest
CUST04974,Justin Floyd,iolson@example.com,,06/18/2026,Silver,West
CUST04975,Linda Fowler,lscott@example.org,857.892.7085x531,2026-01-29,Silver,Midwest
CUST04976,Eddie Perez,meagan84@example.com,(311)577-1623x02482,15-Nov-2025,Bronze,Midwest
CUST04977,Carl Snyder,timothy22@example.com,(455)548-3152,2024-07-28,Bronze,Northeast
CUST04978,Anne Greene,colin45@example.org,001-285-349-1248x6680,05-Mar-2025,Bronze,Northeast
CUST04979,Brian Lewis,gsmith@example.com,789.720.4463,10/02/2024,Gold,West
CUST04980,Ann Williams,mhorn@example.net,001-420-977-0577,30-Mar-2025,Silver,Northeast
CUST04981,Robert Rivera,shannon29@example.com,(501)628-8452x9693,06/29/2025,Silver,West
CUST04982,Jeffery Sweeney,twilliams@example.org,,2026-01-19,Gold,South
CUST04983,Adam Washington,dianareeves@example.net,,2025-10-06,Bronze,Midwest
CUST04984,Lisa Gregory,westjeremy@example.net,465.458.9913x54665,14-Jul-2025,Gold,Midwest
CUST04985,Glenn Walker,cherylbeck@example.com,+1-486-901-0256,17-Nov-2025,Silver,Midwest
CUST04986,Laura Charles,campbellzachary@example.net,+1-296-732-7754,26-Mar-2025,Silver,South
CUST04987,Wendy Stephens,karenfrost@example.com,6366289955,04/08/2026,Bronze,West
CUST04988,Dr. Joseph George,,3923689812,03-Dec-2025,Bronze,Midwest
CUST04989,Sean Cook,carolynmora@example.org,+1-557-286-5095x256,14-Mar-2026,Bronze,Northeast
CUST04990,Terry Johnson,johnsonpatricia@example.com,326-400-9103,2025-07-19,Bronze,Northeast
CUST04991,Mark Wheeler,lindsey47@example.com,(522)369-6407x6386,08-Jul-2025,Bronze,South
CUST04992,Dawn Higgins,kayla70@example.com,4789054071,18-Aug-2025,Bronze,Midwest
CUST04993,John Simmons,yodersummer@example.net,431.745.0331x5235,21-Nov-2024,Bronze,Midwest
CUST04994,Andrew Mccoy,lopeztyler@example.net,699-239-1900x1128,19-Jan-2026,Bronze,Northeast
CUST04995,Kathleen Gates,vanessa46@example.net,379.752.6890x8268,01/08/2025,Silver,South
CUST04996,Christopher Miller,gfranklin@example.net,2493198170,05/29/2026,Gold,Midwest
CUST04997,Brian Andrews,,970.574.4347x821,08/10/2025,Bronze,Northeast
CUST04998,Diane Diaz,robert42@example.org,(744)464-2859,11/27/2025,Silver,Northeast
CUST04999,Todd Ray,theresa09@example.org,225-984-3299x1378,06/26/2025,Bronze,Northeast
CUST05000,David Hull,kathleen33@example.org,988.745.9305x069,07/21/2025,Bronze,West
CUST02765_DUP,Jenny Clark,CUNNINGHAMCHELSEY@EXAMPLE.ORG,9506459619,2024-08-14,Bronze,South
CUST04768_DUP,Mr. Robert White,ZJORDAN@EXAMPLE.NET,609.701.5730,10/16/2024,Bronze,Midwest
CUST03815_DUP,Travis Phillips,MARILYNJOHNSON@EXAMPLE.COM,8694651482,05/29/2025,Platinum,West
CUST03500_DUP,Marc Reid,GOMEZDAVID@EXAMPLE.ORG,850-989-6071x376,07/09/2024,Platinum,Midwest
CUST02736_DUP,Anne Murray,HANNASAMUEL@EXAMPLE.ORG,,04-Jun-2026,Gold,Midwest
CUST03923_DUP,Lee Cohen,FRANK51@EXAMPLE.ORG,2982755467,25-Jan-2025,Gold,Northeast
CUST02702_DUP,Joshua Sanders,TUCKERPHILIP@EXAMPLE.NET,+1-778-473-8801x1130,2025-11-13,Bronze,Midwest
CUST01180_DUP,Logan Tapia,PSMITH@EXAMPLE.COM,(518)360-0320,09/07/2025,Silver,Northeast
CUST00933_DUP,Sonya Williams,NATHAN39@EXAMPLE.NET,213.721.5513,2025-03-05,Silver,South
CUST00793_DUP,Christina Adams,SYLVIA33@EXAMPLE.NET,700.996.8730x451,02/19/2026,Bronze,Midwest
CUST01853_DUP,Gina Summers,WILLIAM49@EXAMPLE.NET,650-289-2446,21-Dec-2024,Bronze,South
CUST01186_DUP,Luis Daugherty,DAVIDHARRIS@EXAMPLE.NET,001-896-347-7183x75307,17-Apr-2026,Bronze,Midwest
CUST01725_DUP,Jessica Smith,PVANCE@EXAMPLE.NET,+1-245-799-4264x076,2024-11-28,Silver,Northeast
CUST04081_DUP,Cassandra Anderson,BLAKEDENNIS@EXAMPLE.ORG,917-393-9538x430,11/15/2025,Bronze,South
CUST03824_DUP,Connie Ramos,CYNTHIA50@EXAMPLE.ORG,593.947.6499x52325,06/12/2025,Silver,South
CUST04055_DUP,Christina Maxwell,GSHELTON@EXAMPLE.ORG,001-269-653-5246x936,05-Jan-2026,Bronze,Northeast
CUST02722_DUP,James Lucero,GINA43@EXAMPLE.COM,+1-904-934-2491x62631,2025-06-08,Bronze,South
CUST03904_DUP,Mary Martin,ZACHARYORTEGA@EXAMPLE.ORG,001-843-369-1742x3808,28-Aug-2025,Silver,Midwest
CUST01866_DUP,Jessica Allen,APRIL87@EXAMPLE.COM,,2026-02-22,Bronze,West
CUST00760_DUP,Daniel Pittman,CINDY59@EXAMPLE.COM,852.444.1822x2618,14-Aug-2025,Silver,Midwest
CUST02417_DUP,Devin Sanford,MICHELLE32@EXAMPLE.COM,,2024-08-24,Gold,Northeast
CUST03671_DUP,Ernest Francis,TAMMIE14@EXAMPLE.COM,,05/07/2026,Gold,Midwest
CUST04839_DUP,Sandra Gonzalez,COPELANDJOSEPH@EXAMPLE.NET,413.414.3969x2619,2026-04-21,Bronze,South
CUST03091_DUP,Allison Reyes,JENNIFERROBERTS@EXAMPLE.COM,(658)539-3185x665,01/03/2025,Bronze,South
CUST01547_DUP,Richard Nelson,BURNSRYAN@EXAMPLE.NET,(585)851-6215,21-May-2025,Platinum,Northeast
CUST01133_DUP,David Mathews,,,09/30/2024,Silver,Northeast
CUST04704_DUP,Earl Jones,WELCHMICHAEL@EXAMPLE.NET,355-654-5623x217,2025-11-17,Platinum,Midwest
CUST04495_DUP,Douglas Harper,NPARKS@EXAMPLE.ORG,001-370-404-6660x5226,2026-02-10,Silver,South
CUST02776_DUP,Christine Johnson,FRANCOJOANNE@EXAMPLE.COM,001-325-517-3335,04/24/2025,Bronze,Midwest
CUST03186_DUP,William Matthews,WILLIAMSMARK@EXAMPLE.COM,516.446.0664,22-Dec-2024,Bronze,Northeast
CUST01214_DUP,Dana Jones,LISABULLOCK@EXAMPLE.COM,(601)593-5450x369,2025-09-28,Silver,South
CUST03290_DUP,Stacey Leblanc,PROBINSON@EXAMPLE.ORG,6265557474,15-Apr-2025,Gold,South
CUST00764_DUP,Jose Hendrix,BURNSREBECCA@EXAMPLE.ORG,+1-234-447-6504x7158,28-Mar-2026,Gold,Midwest
CUST01217_DUP,Jon Gonzalez,LSTEVENS@EXAMPLE.COM,721-306-2941x937,2025-09-01,Silver,Midwest
CUST00349_DUP,Lori Carter,THOMASFISHER@EXAMPLE.NET,,2025-10-13,Bronze,South
CUST02983_DUP,Gregory Fisher,ANTHONY33@EXAMPLE.COM,,03/28/2026,Silver,West
CUST02917_DUP,Benjamin Montgomery MD,TIMOTHY14@EXAMPLE.COM,549-951-4955,2026-03-18,Silver,Northeast
CUST02972_DUP,Jill Williams,SMITHLISA@EXAMPLE.NET,001-347-330-8028x213,2025-11-21,Bronze,Midwest
CUST01356_DUP,Ashley Parsons,ASHLEYNELSON@EXAMPLE.NET,,2024-07-25,Bronze,South
CUST02331_DUP,Jonathan Macdonald,EHERNANDEZ@EXAMPLE.COM,,07/06/2024,Gold,Northeast
CUST01514_DUP,Ariel Williams,JWARD@EXAMPLE.COM,+1-355-476-6345x41829,2025-04-23,Silver,South
CUST02182_DUP,Luis Anderson,MICHAELDURAN@EXAMPLE.COM,727.474.5750x218,06-Sep-2024,Bronze,South
CUST03348_DUP,Pamela Smith,LANEASHLEY@EXAMPLE.NET,939-281-5883x225,31-Oct-2024,Bronze,South
CUST01661_DUP,Heather Davis,SMITHMICHAEL@EXAMPLE.ORG,,07/24/2024,Bronze,West
CUST04378_DUP,Dawn Dean,XGREGORY@EXAMPLE.ORG,295.669.6826x0692,2024-09-25,Silver,Northeast
CUST00805_DUP,Kristine Kim,LAURA60@EXAMPLE.NET,658.716.7046x86111,2025-06-12,Silver,South
CUST01442_DUP,Renee Cooper,MILLSTYLER@EXAMPLE.NET,285.354.5146,31-Aug-2025,Silver,West
CUST01095_DUP,Kimberly Nichols,AEVANS@EXAMPLE.ORG,001-291-885-4880x64420,07-Nov-2024,Gold,Midwest
CUST03989_DUP,Cynthia Johnson,FLI@EXAMPLE.ORG,+1-346-618-6771x641,05/02/2026,Bronze,Midwest
CUST03706_DUP,Denise Thomas,IJACKSON@EXAMPLE.ORG,(447)428-3334x32603,2024-10-18,Bronze,West
CUST03744_DUP,Christina Gray,MARCUS28@EXAMPLE.ORG,633-626-4445x816,04/30/2025,Silver,Midwest
CUST03272_DUP,Jeremy Jones,GWELCH@EXAMPLE.NET,8835173499,2024-11-05,Silver,West
CUST01454_DUP,Robert Thompson,KIMBERLYBENNETT@EXAMPLE.NET,287.489.0345,07-Sep-2025,Bronze,West
CUST02514_DUP,Mr. Gregory Glass MD,MARYPATRICK@EXAMPLE.NET,,2024-12-25,Bronze,Northeast
CUST02001_DUP,Anita Roberts,CHRISTOPHERSTEVENSON@EXAMPLE.COM,,17-May-2026,Bronze,West
CUST04134_DUP,Angela Torres,CHADLEACH@EXAMPLE.ORG,(206)324-4185,10/31/2025,Silver,West
CUST04078_DUP,Shane Mcintyre,,855-567-7521,25-Mar-2025,Platinum,Northeast
CUST00989_DUP,Deborah Simmons,LORIKOCH@EXAMPLE.NET,,08/18/2024,Bronze,West
CUST01622_DUP,Carol Atkins,ROGERSROBERT@EXAMPLE.COM,,01-Aug-2024,Bronze,South
CUST04199_DUP,Andrew Rhodes,EDOUGLAS@EXAMPLE.NET,429.270.3450x588,2024-11-02,Gold,West
CUST01413_DUP,Lauren Wells,NDIAZ@EXAMPLE.COM,(566)676-4099x683,2026-01-19,Silver,South
CUST00609_DUP,David Chapman,ROBERTGOODWIN@EXAMPLE.NET,001-400-630-1027,08/01/2024,Bronze,Midwest
CUST01773_DUP,Matthew Fernandez,TPHILLIPS@EXAMPLE.COM,,09-Feb-2025,Gold,South
CUST03284_DUP,Deborah Lane,,,09/01/2025,Gold,Midwest
CUST03636_DUP,Brittany Mcclure,HJOHNSON@EXAMPLE.NET,4627465212,22-Apr-2025,Silver,South
CUST04829_DUP,Susan Orozco,MARKWILLIAMS@EXAMPLE.ORG,(952)387-9059x73077,05-Aug-2024,Silver,South
CUST03522_DUP,James George,OGALVAN@EXAMPLE.COM,+1-758-660-1500x858,08/24/2025,Silver,South
CUST02718_DUP,Cesar Padilla,JWHITE@EXAMPLE.ORG,653-725-0169x93297,2024-09-09,Bronze,Midwest
CUST04080_DUP,Melanie Estrada,DENNIS80@EXAMPLE.COM,001-342-621-2037x3600,20-Feb-2025,Silver,Northeast
CUST02335_DUP,Veronica Macias,NHICKS@EXAMPLE.COM,6424416981,2026-03-30,Bronze,South
CUST04438_DUP,Robert Lopez,VINCENTHARDY@EXAMPLE.NET,(581)672-7243,2025-06-06,Bronze,Midwest
CUST04116_DUP,Rita Johnson,MARKRAMIREZ@EXAMPLE.ORG,7798740768,13-Jan-2025,Bronze,Northeast
CUST02756_DUP,Carrie Escobar,KMITCHELL@EXAMPLE.ORG,734.859.5829,14-May-2026,Bronze,Midwest
CUST00637_DUP,Erin Lewis,SHELBYJOHNSON@EXAMPLE.ORG,001-681-386-7024x40330,2026-02-13,Silver,South
CUST00504_DUP,Jimmy Gonzales,LAUREN84@EXAMPLE.COM,(283)341-4651x11312,12/24/2025,Bronze,West
