order_id,customer_id,order_date,currency_raw,order_status
ORD000001,CUST02755,2025-09-16 19:39:28.278428,USD,Completed
ORD000002,CUST01666,2025-09-28 13:23:31.341844,USD,Completed
ORD000003,CUST04100,2026-04-18 03:39:33.135756,usd,Completed
ORD000004,CUST00732,2026-04-11 16:05:26.910972,USD,Completed
ORD000005,CUST04674,2025-12-22 16:11:34.911906,USD,Completed
ORD000006,CUST02066,2025-08-15 21:38:52.971198,USD,Refunded
ORD000007,CUST04140,2025-12-03 11:10:15.906942,$,Refunded
ORD000008,CUST03174,2026-06-01 17:56:56.014481,US$,Completed
ORD000009,CUST01967,2025-12-28 01:38:14.740046,US$,Completed
ORD000010,CUST01702,2026-03-30 14:07:19.147704,USD,Refunded
ORD000011,CUST04054,2026-01-21 13:26:50.940932,USD,Completed
ORD000012,CUST03340,2026-03-22 19:15:18.032618,USD,Completed
ORD000013,CUST04248,2026-06-04 13:54:19.818923,USD,Completed
ORD000014,CUST02729,2026-02-16 14:21:27.256351,USD,Cancelled
ORD000015,CUST01364,2026-04-25 21:32:48.071829,USD ,Completed
ORD000016,CUST01053,2026-02-26 23:36:29.875464,USD,Completed
ORD000017,CUST00282,2025-07-15 11:37:51.182585,USD,Completed
ORD000018,CUST01158,2026-02-15 08:47:54.856576,USD,Completed
ORD000019,CUST00407,2025-12-20 20:19:30.864053,USD,Completed
ORD000020,CUST03089,2026-06-27 01:25:42.370252,usd,Completed
ORD000021,CUST04827,2026-04-13 09:13:36.455716,USD,Completed
ORD000022,CUST02293,2025-11-09 19:36:07.049237,USD,Completed
ORD000023,CUST00939,2026-06-22 20:10:49.250054,USD,Completed
ORD000024,CUST00468,2026-05-07 07:36:31.378123,US$,Completed
ORD000025,CUST01624,2025-08-26 22:20:37.290529,USD ,Completed
ORD000026,CUST03448,2026-01-18 16:51:44.185886,US$,Cancelled
ORD000027,CUST03125,2025-12-05 16:01:17.710260,USD,Completed
ORD000028,CUST01645,2025-09-10 20:52:43.979380,US$,Completed
ORD000029,CUST00477,2025-08-09 21:11:10.074371,USD,Completed
ORD000030,CUST00430,2025-09-05 07:36:50.860667,USD,Completed
ORD000031,CUST01924,2026-03-05 04:53:52.963909,USD,Completed
ORD000032,CUST00934,2025-07-20 12:47:20.330398,usd,Completed
ORD000033,CUST02538,2026-01-15 20:30:14.349015,US$,Completed
ORD000034,CUST00368,2026-02-25 03:23:13.826640,USD,Completed
ORD000035,CUST01890,2025-09-27 12:14:40.505805,USD,Cancelled
ORD000036,CUST00529,2025-10-12 14:20:44.214596,USD,Cancelled
ORD000037,CUST04917,2025-07-02 22:37:50.397614,usd,Completed
ORD000038,CUST00415,2025-09-12 15:12:21.976688,USD,Completed
ORD000039,CUST02151,2025-09-04 10:39:20.410887,usd,Completed
ORD000040,CUST03418,2026-02-14 08:08:21.748627,USD,Completed
ORD000041,CUST03421,2025-11-19 21:30:20.950686,USD,Completed
ORD000042,CUST00203,2026-01-27 17:15:51.556211,USD,Completed
ORD000043,CUST01150,2025-08-25 00:40:35.714417,USD ,Completed
ORD000044,CUST03516,2026-03-23 14:23:49.455324,USD,Completed
ORD000045,CUST04687,2026-03-29 01:58:17.799130,USD,Completed
ORD000046,CUST02101,2025-08-16 01:06:19.556269,usd,Completed
ORD000047,CUST02847,2025-09-19 17:33:17.704619,$,Completed
ORD000048,CUST00724,2025-12-04 06:53:49.490654,USD,Completed
ORD000049,CUST04494,2025-10-02 22:12:27.037913,$,Completed
ORD000050,CUST02004,2025-10-29 07:18:38.376593,USD,Completed
ORD000051,CUST04074,2025-08-25 13:56:19.302577,$,Completed
ORD000052,CUST04080_DUP,2026-03-08 14:16:13.600624,USD,Refunded
ORD000053,CUST00776,2026-01-06 02:18:59.833569,USD,Refunded
ORD000054,CUST02527,2025-12-01 23:24:52.848828,USD,Completed
ORD000055,CUST01907,2026-04-21 18:42:36.886716,USD,Completed
ORD000056,CUST02917,2025-12-24 06:24:01.048338,USD,Completed
ORD000057,CUST00851,2026-02-02 06:36:13.670585,USD,Completed
ORD000058,CUST03924,2026-05-03 07:47:39.596139,USD,Completed
ORD000059,CUST04058,2026-01-04 03:49:09.213438,USD,Completed
ORD000060,CUST01027,2025-08-08 13:28:18.768487,USD,Completed
ORD000061,CUST01776,2026-04-03 14:35:34.417984,USD,Completed
ORD000062,CUST04463,2025-09-18 09:05:46.926408,USD,Completed
ORD000063,CUST02929,2026-04-06 00:28:33.792437,USD,Completed
ORD000064,CUST03249,2025-12-07 01:24:51.849797,US$,Completed
ORD000065,CUST01323,2026-05-19 13:40:41.647596,USD,Completed
ORD000066,CUST04851,2026-03-16 19:29:01.192717,USD,Completed
ORD000067,CUST03564,2025-08-16 11:11:45.300474,USD,Completed
ORD000068,CUST04218,2026-06-01 12:47:40.221456,USD,Completed
ORD000069,CUST01596,2026-03-20 18:32:14.232249,USD,Completed
ORD000070,CUST03238,2026-04-03 20:13:20.219892,USD ,Completed
ORD000071,CUST01535,2025-12-03 09:39:39.002545,USD,Completed
ORD000072,CUST04406,2025-09-10 11:49:40.896889,$,Completed
ORD000073,CUST02388,2025-07-03 21:42:37.280220,USD,Completed
ORD000074,CUST02605,2025-08-21 07:37:04.634796,USD,Completed
ORD000075,CUST02650,2026-01-05 08:13:05.660936,USD,Completed
ORD000076,CUST03809,2025-11-05 06:59:21.044065,USD,Completed
ORD000077,CUST04942,2026-03-16 15:01:20.959156,US$,Completed
ORD000078,CUST00205,2026-03-18 00:03:52.828444,USD,Completed
ORD000079,CUST04564,2026-03-11 22:22:30.945949,USD,Completed
ORD000080,CUST00202,2025-10-09 19:46:19.739615,USD,Cancelled
ORD000081,CUST02384,2026-01-21 09:56:11.653292,USD,Completed
ORD000082,CUST03175,2025-11-07 23:06:46.684619,USD,Completed
ORD000083,CUST01544,2025-11-07 04:02:55.961243,USD,Cancelled
ORD000084,CUST01140,2026-06-29 17:22:14.689775,USD,Cancelled
ORD000085,CUST02888,2026-02-16 06:13:10.728570,US$,Completed
ORD000086,CUST00761,2026-01-07 01:05:46.067371,USD,Completed
ORD000087,CUST00936,2025-07-26 05:38:55.795936,US$,Completed
ORD000088,CUST03511,2025-07-17 07:23:24.278003,USD,Completed
ORD000089,CUST02958,2026-05-15 21:57:26.803490,usd,Completed
ORD000090,CUST04944,2026-01-29 11:23:49.172226,USD,Completed
ORD000091,CUST01483,2025-08-09 11:01:03.148104,USD,Completed
ORD000092,CUST04025,2026-02-05 17:14:03.796402,USD,Completed
ORD000093,CUST00408,2025-09-21 02:59:01.059076,USD,Completed
ORD000094,CUST01158,2026-01-27 01:11:22.810319,USD,Completed
ORD000095,CUST00833,2025-09-21 09:56:36.390070,usd,Completed
ORD000096,CUST00109,2025-11-13 08:24:52.888205,USD,Completed
ORD000097,CUST00296,2025-09-22 21:29:32.028238,USD,Completed
ORD000098,CUST00189,2025-09-21 21:46:39.317099,USD,Completed
ORD000099,CUST02824,2026-05-12 13:06:00.212672,USD,Completed
ORD000100,CUST01861,2025-10-29 19:06:04.507594,US$,Completed
ORD000101,CUST01728,2026-03-20 09:14:32.810969,US$,Completed
ORD000102,CUST00129,2025-09-03 01:38:42.146501,USD,Cancelled
ORD000103,CUST00112,2026-01-01 13:39:45.827664,usd,Completed
ORD000104,CUST01603,2025-11-04 03:25:24.002121,USD,Completed
ORD000105,CUST02144,2025-09-24 03:26:15.955338,usd,Cancelled
ORD000106,CUST03470,2026-01-12 20:01:20.376563,USD,Completed
ORD000107,CUST04704,2026-02-15 19:01:42.974540,USD,Completed
ORD000108,CUST02362,2025-07-04 05:32:33.992019,USD ,Completed
ORD000109,CUST02676,2025-10-11 06:53:50.594762,USD,Completed
ORD000110,CUST00754,2025-10-07 00:16:04.605004,US$,Completed
ORD000111,CUST02500,2026-05-20 18:20:05.152585,USD,Completed
ORD000112,CUST04896,2026-01-18 22:35:28.177963,USD,Completed
ORD000113,CUST04064,2026-02-23 17:25:35.736192,USD,Completed
ORD000114,CUST04447,2025-08-08 14:30:37.918297,$,Completed
ORD000115,CUST02965,2025-07-29 13:05:48.202902,USD,Completed
ORD000116,CUST03053,2026-02-26 19:53:20.233351,USD,Completed
ORD000117,CUST00538,2025-08-23 19:21:20.122698,USD,Completed
ORD000118,CUST04498,2025-07-22 07:06:08.648227,$,Completed
ORD000119,CUST03432,2025-07-18 10:51:56.761242,USD,Completed
ORD000120,CUST01628,2026-03-05 10:08:14.604545,USD,Completed
ORD000121,CUST04151,2025-08-29 23:12:20.335571,USD,Completed
ORD000122,CUST01874,2026-02-09 17:50:08.152870,USD,Cancelled
ORD000123,CUST04482,2026-02-24 05:11:19.416307,$,Completed
ORD000124,CUST03412,2026-02-14 05:32:56.756516,US$,Completed
ORD000125,CUST03209,2026-05-28 22:14:31.374916,US$,Completed
ORD000126,CUST01969,2025-09-18 08:35:13.116341,USD,Completed
ORD000127,CUST03775,2026-02-02 05:04:39.748574,USD,Completed
ORD000128,CUST00038,2026-03-10 22:16:49.835790,$,Cancelled
ORD000129,CUST02382,2025-07-15 10:53:42.027276,USD,Completed
ORD000130,CUST03347,2025-09-09 11:41:06.989363,usd,Completed
ORD000131,CUST01790,2025-08-11 02:19:23.570554,USD,Completed
ORD000132,CUST02464,2025-11-11 21:37:33.838726,USD,Refunded
ORD000133,CUST03528,2026-03-11 05:15:23.310722,USD ,Completed
ORD000134,CUST04388,2025-11-20 17:00:38.237264,USD,Completed
ORD000135,CUST02504,2026-06-14 06:23:39.757348,USD,Completed
ORD000136,CUST00262,2026-05-19 00:53:07.676689,USD,Completed
ORD000137,CUST03285,2025-07-16 16:01:01.166297,USD,Completed
ORD000138,CUST00068,2025-08-16 03:25:53.022814,USD,Completed
ORD000139,CUST01411,2025-10-05 03:37:55.789441,$,Completed
ORD000140,CUST01607,2025-07-14 01:58:53.071079,USD,Completed
ORD000141,CUST03661,2025-10-06 17:51:26.124264,USD,Completed
ORD000142,CUST01163,2026-02-01 15:07:27.236412,US$,Completed
ORD000143,CUST02209,2026-01-05 13:10:25.611319,USD,Cancelled
ORD000144,CUST00040,2026-01-15 11:08:26.350430,USD,Cancelled
ORD000145,CUST00520,2025-09-29 19:43:42.157302,USD,Completed
ORD000146,CUST02877,2026-06-23 00:56:33.813136,USD,Completed
ORD000147,CUST01087,2025-10-15 10:22:37.367406,USD,Completed
ORD000148,CUST02457,2025-08-15 19:39:14.389751,USD ,Completed
ORD000149,CUST01516,2026-05-30 06:17:14.201642,$,Completed
ORD000150,CUST01719,2026-04-28 00:57:57.565110,USD,Cancelled
ORD000151,CUST01141,2025-08-11 09:41:57.744069,$,Completed
ORD000152,CUST01905,2025-08-13 05:32:22.874196,US$,Completed
ORD000153,CUST02709,2025-08-16 00:30:11.075010,USD,Completed
ORD000154,CUST00824,2025-09-10 19:12:58.472862,USD,Completed
ORD000155,CUST02889,2025-09-05 19:00:07.690286,USD,Completed
ORD000156,CUST01367,2026-02-23 02:05:15.184550,USD,Completed
ORD000157,CUST03775,2026-04-04 18:08:21.132874,US$,Completed
ORD000158,CUST03557,2025-08-02 19:37:38.548951,US$,Completed
ORD000159,CUST01501,2026-06-16 02:27:05.736928,US$,Completed
ORD000160,CUST00419,2026-02-16 17:20:28.319742,USD,Completed
ORD000161,CUST04330,2026-04-24 06:22:20.252946,USD,Completed
ORD000162,CUST02868,2025-09-05 18:13:51.474919,USD,Completed
ORD000163,CUST00658,2025-12-22 12:04:04.664370,USD,Completed
ORD000164,CUST00336,2025-11-14 20:11:17.260271,usd,Completed
ORD000165,CUST00663,2026-03-21 10:12:27.564587,USD,Completed
ORD000166,CUST00643,2025-11-08 17:40:31.090762,USD,Cancelled
ORD000167,CUST02494,2026-01-24 10:23:37.330639,USD,Completed
ORD000168,CUST01802,2025-09-05 00:35:43.421389,USD,Completed
ORD000169,CUST03424,2026-06-27 13:39:46.213421,USD,Completed
ORD000170,CUST00882,2025-09-29 10:47:59.125523,USD,Completed
ORD000171,CUST03624,2025-08-26 08:16:09.508985,USD,Completed
ORD000172,CUST01151,2026-06-21 07:47:40.292949,US$,Completed
ORD000173,CUST03897,2025-10-05 22:36:45.289818,USD,Completed
ORD000174,CUST01367,2025-10-24 12:14:27.988772,usd,Completed
ORD000175,CUST00832,2026-04-24 17:11:03.581974,USD,Completed
ORD000176,CUST04209,2026-03-10 22:15:58.765571,USD,Completed
ORD000177,CUST03622,2025-12-09 18:58:03.204637,USD,Completed
ORD000178,CUST00486,2026-01-24 19:44:43.057270,USD,Completed
ORD000179,CUST04944,2025-12-19 18:39:15.389068,US$,Completed
ORD000180,CUST01925,2025-09-02 00:18:12.369703,$,Completed
ORD000181,CUST00605,2026-04-26 11:59:26.491746,USD,Completed
ORD000182,CUST00486,2025-09-03 14:49:30.370322,USD,Completed
ORD000183,CUST02703,2026-04-06 14:33:10.600120,usd,Completed
ORD000184,CUST04423,2026-01-14 21:35:20.933037,USD,Completed
ORD000185,CUST03431,2025-12-01 09:06:38.466214,USD,Completed
ORD000186,CUST00819,2025-08-08 11:15:12.533319,$,Cancelled
ORD000187,CUST01764,2026-06-01 04:17:49.681926,USD,Completed
ORD000188,CUST04351,2025-10-28 08:38:58.384619,$,Completed
ORD000189,CUST00316,2026-01-05 21:13:13.086044,USD,Completed
ORD000190,CUST00741,2026-03-02 20:51:15.303533,USD,Completed
ORD000191,CUST00469,2026-04-14 02:33:34.282417,USD,Completed
ORD000192,CUST01985,2026-01-05 03:27:49.218639,USD,Completed
ORD000193,CUST01186,2025-12-10 01:22:25.857713,USD,Completed
ORD000194,CUST01946,2025-08-29 05:16:31.834025,USD,Completed
ORD000195,CUST03862,2025-12-03 09:39:31.756927,USD,Completed
ORD000196,CUST03102,2025-10-06 19:03:45.862467,USD,Completed
ORD000197,CUST00524,2026-01-14 16:08:39.016974,USD,Completed
ORD000198,CUST04838,2025-08-16 16:50:32.569722,USD,Completed
ORD000199,CUST02120,2026-06-25 08:08:16.846812,USD,Completed
ORD000200,CUST01664,2026-04-26 18:56:27.199766,USD,Completed
ORD000201,CUST01356_DUP,2025-09-21 10:03:45.593948,USD,Cancelled
ORD000202,CUST00693,2025-12-05 09:35:37.368234,US$,Completed
ORD000203,CUST01285,2025-12-11 02:48:56.715655,USD,Completed
ORD000204,CUST03963,2025-07-20 00:23:40.230858,USD,Completed
ORD000205,CUST02628,2025-09-22 15:50:02.462461,USD,Completed
ORD000206,CUST04789,2026-01-18 21:18:55.112469,USD,Completed
ORD000207,CUST03832,2026-05-24 08:12:53.324552,USD,Completed
ORD000208,CUST02784,2025-10-17 21:35:05.238997,US$,Cancelled
ORD000209,CUST01751,2026-02-25 04:56:12.702967,US$,Completed
ORD000210,CUST03501,2025-12-04 06:51:21.783499,USD,Completed
ORD000211,CUST00439,2026-02-28 05:22:27.314826,usd,Completed
ORD000212,CUST02718_DUP,2026-01-06 13:11:00.422848,USD,Completed
ORD000213,CUST04506,2025-09-01 05:13:00.223117,USD,Completed
ORD000214,CUST00619,2025-09-05 18:27:43.290606,usd,Completed
ORD000215,CUST03773,2026-04-18 03:40:32.688641,USD,Completed
ORD000216,CUST00221,2026-04-30 16:26:03.051085,USD,Completed
ORD000217,CUST03697,2026-02-07 15:52:58.510900,USD,Completed
ORD000218,CUST02393,2026-02-04 04:23:32.581620,USD,Completed
ORD000219,CUST04080_DUP,2025-07-05 14:18:12.666530,US$,Completed
ORD000220,CUST01610,2026-03-29 09:37:52.343853,USD,Completed
ORD000221,CUST00419,2026-05-22 03:39:33.648705,USD,Refunded
ORD000222,CUST00049,2026-02-13 10:35:49.476520,USD,Completed
ORD000223,CUST04266,2025-10-02 15:37:26.598581,USD,Completed
ORD000224,CUST03671_DUP,2025-10-27 20:41:16.570210,USD,Completed
ORD000225,CUST02537,2025-07-12 12:25:46.871563,USD,Cancelled
ORD000226,CUST01394,2025-11-11 15:46:25.370078,USD,Completed
ORD000227,CUST03708,2025-11-16 07:44:05.065435,usd,Completed
ORD000228,CUST00390,2025-08-25 09:17:50.507087,USD,Completed
ORD000229,CUST01686,2025-12-11 05:10:02.343923,USD,Completed
ORD000230,CUST03763,2025-10-31 17:17:24.805299,USD,Completed
ORD000231,CUST00564,2026-01-31 01:24:12.248684,USD,Completed
ORD000232,CUST01967,2026-06-16 21:41:55.575052,usd,Completed
ORD000233,CUST00789,2026-01-18 21:37:40.010854,USD,Cancelled
ORD000234,CUST04502,2025-08-12 01:51:04.385727,USD,Completed
ORD000235,CUST00588,2026-03-10 15:07:52.298688,USD,Completed
ORD000236,CUST00821,2025-08-30 08:47:02.307903,USD,Completed
ORD000237,CUST00493,2026-05-30 23:01:16.391866,USD,Completed
ORD000238,CUST01220,2026-01-02 22:52:39.718979,USD,Completed
ORD000239,CUST04481,2026-03-26 04:56:47.166253,USD,Completed
ORD000240,CUST01424,2026-03-26 22:15:51.417419,USD,Completed
ORD000241,CUST01614,2026-02-13 23:32:36.520541,USD,Completed
ORD000242,CUST03169,2025-11-01 15:49:10.624606,USD,Completed
ORD000243,CUST03368,2026-02-15 07:18:52.603689,USD,Completed
ORD000244,CUST01947,2026-03-24 01:45:21.624334,USD,Completed
ORD000245,CUST00705,2026-06-14 12:27:33.939035,USD,Completed
ORD000246,CUST02012,2026-01-19 00:30:32.719855,usd,Completed
ORD000247,CUST03817,2026-01-03 22:09:09.400225,usd,Completed
ORD000248,CUST02509,2026-04-05 07:31:51.579777,USD,Completed
ORD000249,CUST01509,2026-01-25 10:56:21.574533,USD,Completed
ORD000250,CUST01061,2025-12-12 07:26:45.659827,USD,Completed
ORD000251,CUST00817,2026-04-27 23:06:08.535464,usd,Refunded
ORD000252,CUST00073,2025-09-25 19:56:14.495814,USD,Completed
ORD000253,CUST02204,2025-10-15 17:39:45.441455,USD,Completed
ORD000254,CUST00226,2026-06-26 05:38:32.611525,usd,Completed
ORD000255,CUST04970,2025-11-18 08:20:05.304903,USD,Completed
ORD000256,CUST03759,2025-11-02 01:34:07.724905,USD,Completed
ORD000257,CUST00903,2026-04-24 14:31:48.314704,US$,Completed
ORD000258,CUST00660,2025-12-27 18:28:10.903879,USD,Completed
ORD000259,CUST02490,2025-12-04 15:43:35.393806,USD,Cancelled
ORD000260,CUST03444,2026-06-09 03:07:03.007431,USD,Completed
ORD000261,CUST03240,2025-08-14 15:08:33.785339,USD,Completed
ORD000262,CUST00942,2026-03-09 13:40:08.768784,USD,Completed
ORD000263,CUST04084,2025-08-07 01:25:13.026180,USD,Completed
ORD000264,CUST00953,2025-12-22 04:53:05.915351,USD,Completed
ORD000265,CUST04100,2026-04-03 13:41:42.057202,USD,Completed
ORD000266,CUST03487,2025-08-14 03:49:34.340401,USD,Completed
ORD000267,CUST00873,2025-10-28 21:14:25.184978,USD,Completed
ORD000268,CUST03127,2026-05-23 13:38:37.566674,$,Completed
ORD000269,CUST01793,2026-03-10 12:12:27.696695,$,Completed
ORD000270,CUST04051,2026-03-30 19:41:47.474918,USD,Completed
ORD000271,CUST04461,2025-11-11 04:27:03.308861,US$,Completed
ORD000272,CUST02347,2026-03-11 18:02:16.824122,US$,Completed
ORD000273,CUST01146,2026-05-20 18:07:05.909356,USD,Completed
ORD000274,CUST02365,2026-03-15 14:49:09.772722,USD,Refunded
ORD000275,CUST02474,2025-12-31 18:18:15.056370,USD,Completed
ORD000276,CUST03124,2025-12-18 21:54:45.498869,USD,Completed
ORD000277,CUST01790,2026-05-27 13:09:54.201394,USD,Cancelled
ORD000278,CUST00905,2026-05-12 23:01:10.246502,USD,Completed
ORD000279,CUST00793,2026-01-19 12:56:57.758256,USD,Completed
ORD000280,CUST00838,2026-06-24 18:19:16.071827,USD,Completed
ORD000281,CUST01858,2026-05-27 01:39:10.329061,USD,Completed
ORD000282,CUST04358,2026-02-18 15:50:42.363944,usd,Completed
ORD000283,CUST03406,2025-07-16 12:13:45.184968,USD,Completed
ORD000284,CUST02051,2025-08-14 06:39:30.016378,USD,Completed
ORD000285,CUST04632,2026-06-28 01:38:12.736137,USD,Completed
ORD000286,CUST03958,2025-12-18 13:03:21.098910,$,Completed
ORD000287,CUST04516,2026-03-14 02:54:33.949827,USD,Refunded
ORD000288,CUST00025,2025-10-08 13:50:51.737862,USD,Completed
ORD000289,CUST03985,2026-02-15 00:29:14.954483,USD,Cancelled
ORD000290,CUST01867,2025-11-05 16:58:47.385538,USD,Completed
ORD000291,CUST00646,2025-10-08 22:17:17.169531,usd,Completed
ORD000292,CUST01484,2025-11-08 07:52:41.957236,usd,Completed
ORD000293,CUST04865,2025-07-17 02:44:20.228391,USD,Completed
ORD000294,CUST03954,2026-06-01 07:53:16.456596,$,Completed
ORD000295,CUST04902,2026-05-09 16:45:43.436267,USD,Completed
ORD000296,CUST02165,2026-06-06 06:04:57.756511,USD,Completed
ORD000297,CUST01190,2026-03-01 05:45:28.588977,USD,Completed
ORD000298,CUST03701,2025-07-23 23:27:16.889852,USD,Completed
ORD000299,CUST02301,2025-12-09 00:04:25.169907,USD,Completed
ORD000300,CUST00168,2025-08-25 16:08:58.853478,USD,Completed
ORD000301,CUST04780,2026-01-13 00:05:24.181511,usd,Cancelled
ORD000302,CUST00438,2025-10-30 06:33:10.665726,US$,Completed
ORD000303,CUST03672,2025-11-22 17:42:29.001729,USD,Completed
ORD000304,CUST04266,2026-05-18 20:31:49.803346,USD,Completed
ORD000305,CUST03909,2026-02-13 12:26:17.910517,US$,Completed
ORD000306,CUST03677,2026-02-19 00:33:31.804501,USD,Completed
ORD000307,CUST01321,2026-05-04 13:37:18.722268,$,Completed
ORD000308,CUST04017,2026-02-07 19:27:17.630804,USD,Completed
ORD000309,CUST03353,2025-11-05 11:00:49.845006,usd,Refunded
ORD000310,CUST02916,2026-04-24 06:58:38.889512,USD,Completed
ORD000311,CUST04379,2025-09-25 04:02:37.137953,USD,Refunded
ORD000312,CUST00078,2025-07-06 12:37:05.134851,USD,Completed
ORD000313,CUST02568,2026-03-02 17:14:23.717347,USD,Completed
ORD000314,CUST03342,2025-10-06 23:09:24.006837,USD,Completed
ORD000315,CUST04886,2025-10-29 16:44:26.155896,USD,Cancelled
ORD000316,CUST02887,2026-06-10 21:52:13.868808,USD,Completed
ORD000317,CUST03395,2026-05-26 23:55:30.757026,USD,Completed
ORD000318,CUST04988,2025-08-25 05:28:32.705814,USD,Completed
ORD000319,CUST04593,2026-03-16 14:30:14.285239,USD,Completed
ORD000320,CUST01731,2026-05-07 06:39:25.797729,USD,Completed
ORD000321,CUST04834,2026-06-04 22:38:56.208695,USD,Cancelled
ORD000322,CUST00439,2025-07-10 09:31:19.350156,USD,Refunded
ORD000323,CUST01366,2026-06-27 06:00:14.192780,USD,Completed
ORD000324,CUST01698,2026-03-13 15:33:07.098632,USD,Completed
ORD000325,CUST00630,2025-07-16 19:10:00.546382,USD,Completed
ORD000326,CUST01545,2025-12-30 04:59:39.625691,usd,Completed
ORD000327,CUST00942,2026-03-07 03:59:11.463852,USD,Completed
ORD000328,CUST01594,2026-02-20 01:55:24.589724,USD,Completed
ORD000329,CUST01984,2026-03-29 14:04:32.317465,USD,Completed
ORD000330,CUST04317,2025-09-06 10:55:19.873204,USD,Completed
ORD000331,CUST00372,2026-06-13 18:53:19.779504,USD,Completed
ORD000332,CUST00462,2026-06-01 11:53:08.833704,USD,Completed
ORD000333,CUST04927,2025-10-21 19:17:47.793647,USD,Completed
ORD000334,CUST04227,2026-01-05 11:19:12.657824,usd,Completed
ORD000335,CUST02800,2026-01-08 14:07:39.381036,USD,Cancelled
ORD000336,CUST01921,2026-04-03 07:05:27.376846,USD,Cancelled
ORD000337,CUST04491,2026-06-07 00:09:55.904560,usd,Completed
ORD000338,CUST03948,2026-04-08 17:00:56.815340,US$,Refunded
ORD000339,CUST01785,2026-04-03 17:10:56.831565,USD,Completed
ORD000340,CUST02640,2025-09-25 02:44:25.156099,usd,Cancelled
ORD000341,CUST00868,2026-01-31 03:59:09.532992,USD,Completed
ORD000342,CUST04917,2026-02-16 04:48:53.274116,usd,Completed
ORD000343,CUST04569,2025-07-19 05:08:43.785895,US$,Completed
ORD000344,CUST02082,2026-02-08 15:25:53.906425,US$,Completed
ORD000345,CUST01471,2026-05-14 10:27:22.686843,$,Completed
ORD000346,CUST01493,2025-12-26 14:30:48.346242,usd,Completed
ORD000347,CUST00306,2026-03-18 12:51:47.865154,USD,Completed
ORD000348,CUST01911,2026-03-18 04:05:14.441198,USD,Completed
ORD000349,CUST02116,2026-04-05 11:18:32.078582,USD,Completed
ORD000350,CUST04546,2025-11-01 21:52:26.376884,USD,Completed
ORD000351,CUST02572,2026-06-05 17:11:18.413813,USD,Completed
ORD000352,CUST04941,2025-12-08 11:59:45.407415,USD,Cancelled
ORD000353,CUST03853,2025-11-28 12:27:50.788644,USD,Completed
ORD000354,CUST02767,2025-07-22 15:31:29.856441,usd,Completed
ORD000355,CUST04810,2026-02-28 01:54:50.528012,USD,Completed
ORD000356,CUST02969,2026-02-19 10:43:14.695154,US$,Completed
ORD000357,CUST03808,2026-01-20 15:36:39.902276,USD,Completed
ORD000358,CUST00264,2026-05-15 18:47:06.735509,USD,Completed
ORD000359,CUST04960,2026-02-13 11:36:36.640492,US$,Completed
ORD000360,CUST03776,2026-03-15 10:58:45.023438,USD,Completed
ORD000361,CUST01542,2026-01-29 04:22:40.540513,USD,Cancelled
ORD000362,CUST00762,2026-05-04 16:51:21.354418,USD,Completed
ORD000363,CUST00546,2025-12-01 19:45:49.516701,US$,Completed
ORD000364,CUST03855,2026-04-24 01:24:04.884951,USD,Completed
ORD000365,CUST00236,2026-02-18 10:02:51.670601,USD,Completed
ORD000366,CUST03923,2025-11-07 04:00:13.983935,USD,Completed
ORD000367,CUST00092,2025-12-29 01:14:23.841456,usd,Completed
ORD000368,CUST01087,2025-08-07 22:42:20.455262,USD,Completed
ORD000369,CUST02215,2025-11-21 15:51:09.472347,USD,Completed
ORD000370,CUST01881,2026-06-11 13:23:41.538078,US$,Completed
ORD000371,CUST02013,2026-06-29 16:15:07.312984,USD,Completed
ORD000372,CUST02562,2025-10-23 16:54:39.437208,USD,Completed
ORD000373,CUST04459,2025-07-08 00:29:57.184269,USD,Completed
ORD000374,CUST02378,2026-02-12 05:55:52.861024,USD,Completed
ORD000375,CUST04529,2026-06-11 11:18:22.821041,US$,Completed
ORD000376,CUST00253,2026-05-03 08:52:07.433545,USD,Completed
ORD000377,CUST03014,2026-02-17 04:02:20.223933,USD,Completed
ORD000378,CUST03599,2026-02-19 22:22:53.721302,USD,Completed
ORD000379,CUST00745,2025-07-15 10:27:58.752002,USD,Completed
ORD000380,CUST03489,2026-02-21 11:51:23.691042,USD,Refunded
ORD000381,CUST03413,2025-10-06 05:32:31.262514,USD ,Completed
ORD000382,CUST04719,2026-06-23 03:59:41.434909,USD,Completed
ORD000383,CUST02880,2026-01-27 04:05:10.964391,USD,Completed
ORD000384,CUST00533,2025-07-25 19:36:05.080122,US$,Completed
ORD000385,CUST02621,2026-01-24 11:38:56.746972,USD,Completed
ORD000386,CUST02459,2026-03-23 03:51:22.854316,US$,Refunded
ORD000387,CUST00458,2026-03-17 08:07:13.764235,USD,Completed
ORD000388,CUST03159,2025-10-02 17:46:47.875340,US$,Completed
ORD000389,CUST00579,2025-08-12 01:45:22.124976,USD,Completed
ORD000390,CUST03141,2025-12-12 05:56:18.417639,USD,Completed
ORD000391,CUST04735,2025-10-15 16:14:00.640764,USD,Completed
ORD000392,CUST01430,2026-02-09 06:27:45.285182,USD,Completed
ORD000393,CUST03127,2025-07-08 06:16:21.213236,USD,Completed
ORD000394,CUST03469,2026-06-11 01:26:19.297765,USD,Completed
ORD000395,CUST04669,2025-10-08 10:43:40.274833,USD,Completed
ORD000396,CUST03144,2026-02-08 09:08:30.661358,USD,Completed
ORD000397,CUST00536,2026-03-10 00:37:47.864969,USD,Completed
ORD000398,CUST01572,2025-10-23 06:41:09.216530,USD,Completed
ORD000399,CUST01889,2026-05-06 12:50:54.899617,usd,Completed
ORD000400,CUST02298,2026-03-20 15:29:26.528998,USD,Completed
ORD000401,CUST02409,2025-10-24 07:51:41.665040,USD,Completed
ORD000402,CUST01456,2026-01-06 05:41:55.360967,USD,Completed
ORD000403,CUST03360,2026-05-06 16:00:19.226889,USD,Completed
ORD000404,CUST04239,2026-06-23 11:35:37.352719,USD,Completed
ORD000405,CUST01951,2025-08-04 00:58:19.639858,USD,Completed
ORD000406,CUST00840,2025-10-27 07:03:39.442944,$,Completed
ORD000407,CUST03124,2025-08-10 06:16:19.103716,USD,Completed
ORD000408,CUST00306,2025-09-04 11:48:39.876514,USD,Completed
ORD000409,CUST02966,2026-02-25 05:06:11.254687,US$,Completed
ORD000410,CUST02041,2026-04-13 07:20:34.648544,usd,Completed
ORD000411,CUST01095,2025-10-09 09:11:16.018744,USD,Completed
ORD000412,CUST03685,2025-07-10 08:29:46.990686,USD,Completed
ORD000413,CUST00178,2026-02-03 08:27:41.768330,USD,Completed
ORD000414,CUST04583,2025-09-12 13:54:23.388132,USD,Cancelled
ORD000415,CUST03058,2026-02-25 05:26:19.998047,USD,Completed
ORD000416,CUST03929,2025-12-10 06:14:52.583229,US$,Completed
ORD000417,CUST02038,2025-10-26 03:11:49.232889,USD,Completed
ORD000418,CUST04957,2026-06-25 20:59:53.001813,US$,Completed
ORD000419,CUST02677,2026-01-16 06:42:16.196861,USD,Completed
ORD000420,CUST03853,2026-04-10 05:40:14.275400,USD,Completed
ORD000421,CUST03752,2026-06-06 23:29:04.448685,USD,Completed
ORD000422,CUST01650,2026-05-03 21:02:05.258387,USD,Completed
ORD000423,CUST04823,2025-11-20 22:02:08.415415,USD,Completed
ORD000424,CUST04167,2025-11-25 17:56:25.757944,$,Completed
ORD000425,CUST02251,2026-04-07 07:29:45.001349,USD ,Completed
ORD000426,CUST04768_DUP,2025-09-10 13:35:50.734428,USD,Completed
ORD000427,CUST04230,2025-12-02 03:36:24.266355,$,Completed
ORD000428,CUST04826,2025-09-09 15:50:56.608484,USD,Completed
ORD000429,CUST03744,2025-12-24 16:19:10.835600,USD,Completed
ORD000430,CUST03749,2025-07-15 15:48:49.810460,usd,Completed
ORD000431,CUST00183,2025-12-21 11:27:48.525472,US$,Completed
ORD000432,CUST03550,2026-05-23 19:24:15.374427,USD,Completed
ORD000433,CUST02137,2025-12-07 23:00:10.983831,USD,Cancelled
ORD000434,CUST00662,2026-04-30 01:04:03.170921,USD,Completed
ORD000435,CUST04290,2026-05-11 04:31:14.187142,USD,Cancelled
ORD000436,CUST03671,2025-08-29 12:36:38.710419,USD,Completed
ORD000437,CUST02937,2026-05-03 07:41:00.363261,USD,Completed
ORD000438,CUST00001,2026-01-17 02:55:18.970363,USD,Completed
ORD000439,CUST04139,2026-01-02 14:16:37.840420,USD,Completed
ORD000440,CUST00786,2025-12-11 06:48:27.736090,USD,Completed
ORD000441,CUST02137,2026-05-25 09:45:30.947929,USD,Completed
ORD000442,CUST01481,2025-10-02 14:21:43.223013,USD,Completed
ORD000443,CUST03015,2025-10-24 15:25:54.707920,USD,Completed
ORD000444,CUST03564,2026-01-09 01:02:58.156536,USD,Completed
ORD000445,CUST02280,2026-05-25 09:22:46.211495,USD,Cancelled
ORD000446,CUST02746,2026-03-26 08:13:31.203105,usd,Completed
ORD000447,CUST04724,2026-04-14 11:02:13.097279,usd,Completed
ORD000448,CUST02812,2025-08-13 06:16:57.790113,USD,Completed
ORD000449,CUST02166,2025-11-30 15:35:11.384671,$,Completed
ORD000450,CUST03561,2025-08-08 03:37:30.246364,USD,Completed
ORD000451,CUST04400,2025-09-26 15:38:39.388452,USD,Cancelled
ORD000452,CUST03652,2025-10-09 06:10:20.004308,USD,Cancelled
ORD000453,CUST01066,2026-03-31 06:24:27.763606,USD,Refunded
ORD000454,CUST01972,2025-10-15 02:20:21.814135,USD,Completed
ORD000455,CUST04019,2025-09-06 13:05:34.974058,USD,Completed
ORD000456,CUST03084,2025-07-27 19:56:48.091463,US$,Completed
ORD000457,CUST00585,2026-02-05 04:01:10.120402,USD,Completed
ORD000458,CUST02043,2025-10-14 00:48:03.957222,USD,Completed
ORD000459,CUST02003,2025-08-05 17:00:55.023403,usd,Completed
ORD000460,CUST04582,2026-05-15 02:44:28.510197,US$,Completed
ORD000461,CUST01605,2025-07-01 09:18:27.834736,USD,Completed
ORD000462,CUST00156,2026-01-24 17:45:16.475244,usd,Completed
ORD000463,CUST00651,2025-07-17 18:25:02.932847,US$,Completed
ORD000464,CUST04500,2026-06-15 18:50:42.919732,USD,Completed
ORD000465,CUST00689,2025-08-09 06:07:55.494922,$,Completed
ORD000466,CUST01708,2026-03-28 23:35:40.689671,USD,Completed
ORD000467,CUST04127,2025-08-25 23:22:25.489888,US$,Completed
ORD000468,CUST04012,2025-07-15 08:55:56.473137,USD,Completed
ORD000469,CUST03890,2025-08-26 20:41:36.982726,USD,Completed
ORD000470,CUST02684,2026-04-10 19:31:03.231678,USD,Completed
ORD000471,CUST01592,2025-10-12 13:43:27.390210,usd,Completed
ORD000472,CUST02491,2025-09-03 23:07:42.704163,USD,Completed
ORD000473,CUST04876,2025-07-15 18:58:57.680062,USD,Completed
ORD000474,CUST04897,2026-06-17 14:01:18.371401,USD,Completed
ORD000475,CUST02004,2025-11-24 14:03:17.614488,USD,Completed
ORD000476,CUST01234,2026-01-16 18:38:24.767816,USD,Completed
ORD000477,CUST03455,2025-09-21 22:33:08.539666,USD,Completed
ORD000478,CUST00392,2025-07-07 11:52:53.093610,USD,Completed
ORD000479,CUST01017,2026-05-06 05:59:45.287928,US$,Completed
ORD000480,CUST02928,2026-06-08 03:39:46.912065,USD,Cancelled
ORD000481,CUST01418,2025-09-02 06:10:23.205285,USD,Cancelled
ORD000482,CUST03180,2026-01-28 16:21:02.014024,USD,Completed
ORD000483,CUST04409,2025-08-13 06:37:34.699482,USD,Completed
ORD000484,CUST03290_DUP,2026-05-05 19:52:43.178645,$,Completed
ORD000485,CUST04960,2026-02-09 15:49:41.590254,USD,Completed
ORD000486,CUST04062,2026-02-07 23:42:46.828517,$,Completed
ORD000487,CUST03091_DUP,2026-04-01 04:11:04.339112,USD,Completed
ORD000488,CUST01962,2025-08-28 00:31:53.033533,$,Completed
ORD000489,CUST02739,2026-05-30 01:05:14.498301,USD,Completed
ORD000490,CUST01559,2026-05-07 13:35:52.318377,USD,Completed
ORD000491,CUST02079,2026-04-25 17:13:17.322466,US$,Completed
ORD000492,CUST01967,2026-04-24 20:20:00.859230,USD,Completed
ORD000493,CUST04568,2026-01-03 12:31:41.429147,USD,Completed
ORD000494,CUST01232,2025-08-20 12:03:34.472142,USD,Completed
ORD000495,CUST03451,2026-05-08 13:56:28.953936,USD,Completed
ORD000496,CUST04889,2026-02-18 01:54:23.052388,USD,Completed
ORD000497,CUST00724,2025-09-14 17:11:57.376238,USD,Completed
ORD000498,CUST01702,2025-07-28 04:09:02.464983,USD,Completed
ORD000499,CUST04820,2025-09-17 21:14:37.681037,USD,Completed
ORD000500,CUST00382,2026-04-16 14:43:09.910033,USD,Completed
ORD000501,CUST00275,2026-06-20 10:08:51.894078,usd,Completed
ORD000502,CUST02926,2026-04-12 11:52:54.204733,usd,Completed
ORD000503,CUST02380,2026-05-27 09:10:14.282447,usd,Completed
ORD000504,CUST04304,2026-04-15 22:13:41.341857,USD ,Completed
ORD000505,CUST03463,2025-07-22 15:14:02.117650,USD,Completed
ORD000506,CUST01477,2025-07-19 20:01:42.225090,$,Completed
ORD000507,CUST01067,2026-05-17 03:24:27.975484,$,Completed
ORD000508,CUST00262,2025-08-16 15:53:41.067967,USD,Cancelled
ORD000509,CUST00111,2025-11-03 14:43:28.267958,US$,Completed
ORD000510,CUST03821,2026-03-09 17:53:03.398053,USD,Refunded
ORD000511,CUST00645,2025-11-29 12:10:37.085414,USD,Completed
ORD000512,CUST02521,2025-09-15 21:22:14.301418,USD,Completed
ORD000513,CUST02963,2026-03-12 13:25:58.121288,US$,Completed
ORD000514,CUST04916,2025-10-03 15:51:35.808031,USD,Completed
ORD000515,CUST04651,2025-09-15 19:16:51.505412,USD,Completed
ORD000516,CUST02576,2026-06-13 00:57:36.110425,USD ,Completed
ORD000517,CUST00834,2025-09-05 15:36:36.946226,USD,Completed
ORD000518,CUST01762,2025-08-10 03:11:36.600310,usd,Completed
ORD000519,CUST02267,2025-11-14 02:48:31.838541,USD,Completed
ORD000520,CUST02511,2026-01-14 03:59:56.570408,USD,Completed
ORD000521,CUST00762,2026-05-18 23:24:21.591706,USD,Completed
ORD000522,CUST03346,2026-02-04 14:28:29.948839,USD,Completed
ORD000523,CUST02300,2025-08-09 12:10:53.325462,usd,Completed
ORD000524,CUST03372,2026-02-08 12:29:24.563313,USD,Completed
ORD000525,CUST03141,2025-09-24 02:44:30.227395,USD,Completed
ORD000526,CUST01214_DUP,2025-07-16 20:13:18.918764,USD,Completed
ORD000527,CUST01091,2026-06-07 05:30:41.650263,USD,Completed
ORD000528,CUST04919,2026-06-23 23:10:24.014075,USD,Completed
ORD000529,CUST02335_DUP,2025-07-20 14:28:43.598798,USD,Completed
ORD000530,CUST01907,2026-03-07 09:24:08.347739,USD,Completed
ORD000531,CUST01479,2025-08-24 06:19:40.279480,USD,Completed
ORD000532,CUST03464,2025-12-12 16:15:46.503573,$,Completed
ORD000533,CUST02585,2025-09-12 16:11:07.485449,USD,Completed
ORD000534,CUST01983,2025-10-02 01:36:32.027724,USD,Completed
ORD000535,CUST01275,2025-07-26 10:50:57.021350,USD,Completed
ORD000536,CUST00551,2026-02-18 05:06:03.759667,USD,Completed
ORD000537,CUST03183,2025-10-20 11:15:58.141547,USD,Completed
ORD000538,CUST02520,2025-07-21 14:50:06.005537,USD,Completed
ORD000539,CUST04521,2025-10-18 09:05:04.626336,USD,Completed
ORD000540,CUST03718,2026-01-02 17:45:23.445619,usd,Completed
ORD000541,CUST01374,2025-07-03 15:47:48.796860,USD,Completed
ORD000542,CUST02478,2026-05-23 09:18:29.507694,US$,Completed
ORD000543,CUST02682,2026-05-19 03:50:09.817764,USD,Completed
ORD000544,CUST00137,2025-11-08 16:54:32.020113,$,Completed
ORD000545,CUST01364,2025-10-08 10:43:21.460428,$,Completed
ORD000546,CUST04134,2026-03-27 04:13:26.020917,USD,Completed
ORD000547,CUST02928,2025-07-14 01:44:57.066986,USD ,Completed
ORD000548,CUST03329,2026-04-04 16:03:37.570485,USD,Cancelled
ORD000549,CUST04071,2026-04-10 14:58:50.706280,USD,Completed
ORD000550,CUST00739,2026-06-12 14:21:34.493896,$,Cancelled
ORD000551,CUST00626,2025-11-09 18:09:10.242181,USD,Completed
ORD000552,CUST01158,2026-02-14 10:57:22.315190,USD,Completed
ORD000553,CUST02192,2026-01-19 15:39:52.307682,$,Refunded
ORD000554,CUST02608,2026-04-30 10:08:21.471889,USD,Completed
ORD000555,CUST01721,2025-10-05 13:44:43.980013,$,Cancelled
ORD000556,CUST04408,2025-08-22 08:19:16.182629,USD,Completed
ORD000557,CUST00975,2025-10-12 20:46:11.536346,USD,Completed
ORD000558,CUST02816,2025-11-10 21:40:23.163095,US$,Completed
ORD000559,CUST00475,2025-12-20 20:46:14.408282,US$,Completed
ORD000560,CUST00623,2026-04-02 17:57:15.777395,$,Refunded
ORD000561,CUST04539,2025-09-14 07:00:32.379514,$,Completed
ORD000562,CUST04251,2026-04-22 14:29:39.098108,US$,Refunded
ORD000563,CUST00907,2025-09-29 21:02:57.642925,USD,Completed
ORD000564,CUST01457,2025-10-08 05:19:30.458888,USD,Completed
ORD000565,CUST00796,2026-02-08 21:49:33.832357,USD,Completed
ORD000566,CUST04686,2026-02-24 12:42:28.719808,USD,Cancelled
ORD000567,CUST00337,2025-08-25 09:17:59.270695,usd,Refunded
ORD000568,CUST04366,2026-01-21 15:15:20.580081,USD,Completed
ORD000569,CUST03156,2025-10-17 10:45:32.939948,USD,Completed
ORD000570,CUST04971,2026-01-12 20:20:08.591434,USD ,Completed
ORD000571,CUST01287,2025-11-13 03:23:51.363121,USD,Completed
ORD000572,CUST03031,2026-06-12 00:36:47.246418,USD,Completed
ORD000573,CUST01984,2026-04-02 02:12:26.018641,$,Completed
ORD000574,CUST04814,2025-09-19 02:07:53.658551,usd,Completed
ORD000575,CUST00519,2025-07-24 23:24:32.504278,USD,Completed
ORD000576,CUST01583,2025-10-17 22:29:41.672639,USD,Refunded
ORD000577,CUST02423,2026-04-06 10:01:31.194158,usd,Completed
ORD000578,CUST02044,2026-06-29 10:44:35.280958,USD,Cancelled
ORD000579,CUST02920,2025-07-02 15:10:21.701234,USD,Completed
ORD000580,CUST00515,2025-08-05 16:50:35.649346,USD,Completed
ORD000581,CUST00483,2026-06-17 06:29:49.470885,US$,Completed
ORD000582,CUST03685,2026-04-14 07:09:26.307925,USD,Completed
ORD000583,CUST00818,2025-08-17 03:13:51.815949,US$,Completed
ORD000584,CUST03337,2026-06-07 15:28:50.409179,USD,Completed
ORD000585,CUST02563,2025-09-22 18:46:56.468606,USD,Completed
ORD000586,CUST03541,2025-08-21 14:26:35.934813,USD,Completed
ORD000587,CUST02667,2026-05-03 18:56:40.692965,USD ,Completed
ORD000588,CUST04575,2026-06-27 13:23:33.026845,usd,Completed
ORD000589,CUST04842,2026-02-01 23:00:59.222511,USD,Completed
ORD000590,CUST02776_DUP,2025-09-27 15:18:15.134766,US$,Completed
ORD000591,CUST02796,2025-07-08 09:56:47.706167,USD,Completed
ORD000592,CUST00673,2025-08-17 23:36:32.215891,$,Cancelled
ORD000593,CUST00844,2025-12-10 05:02:16.677096,USD,Refunded
ORD000594,CUST03133,2025-07-04 04:29:27.064958,USD ,Completed
ORD000595,CUST00805_DUP,2026-05-05 14:52:46.573133,USD,Completed
ORD000596,CUST04313,2025-12-10 05:13:56.254894,USD,Completed
ORD000597,CUST02049,2026-05-06 03:48:35.044444,USD,Completed
ORD000598,CUST03314,2026-03-25 06:46:09.388921,USD,Completed
ORD000599,CUST04125,2026-03-17 16:26:24.180785,$,Completed
ORD000600,CUST00686,2025-07-14 00:21:20.016560,USD,Completed
ORD000601,CUST03295,2026-03-26 10:39:13.521735,USD,Completed
ORD000602,CUST03636_DUP,2026-03-29 13:53:35.815354,USD,Completed
ORD000603,CUST01197,2026-03-06 14:25:41.608409,USD,Completed
ORD000604,CUST02220,2026-03-27 16:35:44.014163,USD,Completed
ORD000605,CUST00708,2026-05-24 03:03:31.362894,usd,Completed
ORD000606,CUST04659,2025-10-05 04:44:45.092332,USD,Completed
ORD000607,CUST02882,2025-07-26 17:58:59.936537,USD,Completed
ORD000608,CUST04516,2025-08-02 23:04:08.726445,USD,Completed
ORD000609,CUST01649,2025-07-16 03:09:28.029625,USD,Completed
ORD000610,CUST03796,2025-12-17 20:55:13.587118,$,Completed
ORD000611,CUST02783,2026-03-20 01:35:07.625625,USD,Completed
ORD000612,CUST02082,2026-05-21 09:55:59.213541,US$,Completed
ORD000613,CUST01001,2026-06-27 18:07:06.338252,USD,Completed
ORD000614,CUST02419,2026-03-19 05:50:38.513827,USD,Cancelled
ORD000615,CUST00367,2026-01-14 06:31:58.587761,USD,Refunded
ORD000616,CUST00189,2026-06-28 20:36:57.963503,usd,Completed
ORD000617,CUST04228,2025-10-16 09:13:56.114501,USD,Completed
ORD000618,CUST00360,2025-11-25 15:19:57.350353,USD,Completed
ORD000619,CUST01491,2025-08-26 21:56:37.284473,USD,Completed
ORD000620,CUST02938,2026-01-03 20:51:06.743243,US$,Cancelled
ORD000621,CUST02159,2026-01-30 18:48:49.589744,USD,Completed
ORD000622,CUST04973,2026-02-02 04:42:50.866791,$,Completed
ORD000623,CUST04748,2026-01-03 03:34:41.486601,USD,Completed
ORD000624,CUST04118,2025-09-07 19:10:13.346462,$,Completed
ORD000625,CUST02708,2026-01-02 15:05:20.853776,USD,Refunded
ORD000626,CUST02127,2026-04-06 23:25:04.992991,USD,Completed
ORD000627,CUST03187,2025-09-08 17:41:31.968051,USD,Completed
ORD000628,CUST03535,2026-02-16 16:47:59.770976,US$,Completed
ORD000629,CUST04579,2026-06-18 03:12:19.385190,USD,Completed
ORD000630,CUST04182,2025-12-05 15:10:32.200447,USD,Cancelled
ORD000631,CUST02848,2025-11-02 23:58:44.154833,USD,Refunded
ORD000632,CUST01547_DUP,2025-09-28 08:10:42.843007,USD,Completed
ORD000633,CUST01688,2025-07-06 16:56:06.687571,USD,Cancelled
ORD000634,CUST03414,2026-02-04 09:13:43.751368,USD,Cancelled
ORD000635,CUST01131,2026-02-05 16:01:20.696138,US$,Completed
ORD000636,CUST00723,2025-07-08 18:08:28.159835,USD ,Completed
ORD000637,CUST01586,2026-03-03 11:16:20.028568,USD,Completed
ORD000638,CUST02290,2025-08-26 06:09:25.345387,USD,Completed
ORD000639,CUST03664,2025-07-24 12:32:15.250499,$,Completed
ORD000640,CUST04731,2026-01-09 21:39:54.748507,USD,Completed
ORD000641,CUST00137,2025-07-22 18:58:30.303369,USD,Completed
ORD000642,CUST02101,2026-01-30 01:44:02.481243,US$,Completed
ORD000643,CUST02644,2026-06-12 15:21:57.954798,usd,Completed
ORD000644,CUST04666,2026-04-03 23:54:04.284899,USD,Completed
ORD000645,CUST01000,2026-04-13 02:31:02.853825,USD,Completed
ORD000646,CUST00392,2025-10-04 12:30:16.592325,$,Completed
ORD000647,CUST03609,2025-10-05 07:25:59.485774,USD,Completed
ORD000648,CUST02937,2026-06-12 10:48:44.823328,US$,Cancelled
ORD000649,CUST03350,2025-10-24 11:40:58.229910,USD,Completed
ORD000650,CUST04624,2025-08-19 04:11:37.147741,USD,Completed
ORD000651,CUST03227,2026-02-16 12:03:37.625543,USD,Completed
ORD000652,CUST02096,2026-01-09 08:23:52.696808,US$,Completed
ORD000653,CUST03310,2025-08-18 01:29:03.938334,US$,Completed
ORD000654,CUST03391,2025-11-06 22:45:50.141198,US$,Completed
ORD000655,CUST01223,2025-09-11 23:28:31.791312,USD,Completed
ORD000656,CUST04382,2025-09-16 18:17:37.675125,USD,Completed
ORD000657,CUST01302,2025-10-20 13:35:06.245350,USD,Completed
ORD000658,CUST04396,2025-11-18 03:16:01.299284,$,Completed
ORD000659,CUST00908,2025-09-18 19:40:06.941212,USD,Completed
ORD000660,CUST03060,2025-11-04 13:40:40.701450,USD,Completed
ORD000661,CUST04178,2026-03-03 21:22:29.199656,USD,Completed
ORD000662,CUST02442,2026-01-22 04:58:42.232398,USD,Completed
ORD000663,CUST03973,2025-11-17 23:28:10.899549,$,Completed
ORD000664,CUST04116,2026-05-29 14:04:37.965645,USD,Cancelled
ORD000665,CUST02282,2025-07-06 04:45:30.758692,USD,Completed
ORD000666,CUST03930,2025-11-12 05:30:47.937830,$,Completed
ORD000667,CUST04707,2025-10-12 23:03:47.800884,USD,Completed
ORD000668,CUST02743,2026-06-03 23:40:14.173502,USD,Completed
ORD000669,CUST01644,2026-05-03 16:11:28.744935,USD,Completed
ORD000670,CUST02824,2025-11-11 19:29:05.454906,USD,Completed
ORD000671,CUST04913,2025-10-16 03:44:41.965971,USD,Cancelled
ORD000672,CUST04003,2026-02-11 22:54:00.438902,USD,Completed
ORD000673,CUST02265,2026-03-14 13:11:09.020934,USD,Completed
ORD000674,CUST02385,2025-10-30 11:28:54.396174,$,Completed
ORD000675,CUST01282,2026-01-06 11:26:38.435526,USD,Completed
ORD000676,CUST00986,2026-03-12 01:16:44.803716,US$,Completed
ORD000677,CUST04134_DUP,2025-10-24 20:45:46.072893,USD,Completed
ORD000678,CUST02742,2026-03-11 00:47:34.303955,USD,Completed
ORD000679,CUST02914,2025-07-03 05:49:19.741979,usd,Completed
ORD000680,CUST02935,2025-08-29 13:22:53.790079,usd,Completed
ORD000681,CUST00915,2025-07-08 03:41:37.386589,USD,Completed
ORD000682,CUST04906,2025-09-13 23:59:46.143911,USD,Cancelled
ORD000683,CUST00066,2026-01-26 21:08:46.413268,$,Completed
ORD000684,CUST01693,2025-09-01 06:52:55.762721,USD,Completed
ORD000685,CUST01505,2026-06-10 10:45:52.764968,USD,Completed
ORD000686,CUST01571,2025-11-27 09:43:38.470940,US$,Completed
ORD000687,CUST02682,2025-09-10 01:29:13.155352,USD,Completed
ORD000688,CUST01272,2025-12-28 01:30:17.440997,USD,Completed
ORD000689,CUST01035,2026-05-17 07:04:38.095089,USD,Completed
ORD000690,CUST01762,2026-05-05 03:52:52.282388,USD,Completed
ORD000691,CUST01372,2026-04-08 10:45:43.652861,USD,Completed
ORD000692,CUST00400,2026-04-23 06:01:23.031358,USD,Completed
ORD000693,CUST02082,2025-09-30 10:26:37.956153,USD,Completed
ORD000694,CUST00679,2026-01-07 17:28:17.936225,US$,Completed
ORD000695,CUST00276,2026-03-02 18:10:38.458804,USD,Completed
ORD000696,CUST01611,2026-03-04 18:38:14.344035,$,Completed
ORD000697,CUST00590,2025-10-08 04:30:56.957340,US$,Completed
ORD000698,CUST01796,2026-02-09 00:30:59.963435,USD,Completed
ORD000699,CUST04318,2026-03-05 00:02:09.995533,USD,Refunded
ORD000700,CUST03982,2026-02-14 06:07:17.682553,USD,Completed
ORD000701,CUST02140,2026-04-20 15:26:23.873312,USD,Cancelled
ORD000702,CUST02827,2026-06-26 09:45:49.349933,USD,Completed
ORD000703,CUST03220,2025-12-20 15:41:21.570317,USD,Cancelled
ORD000704,CUST03970,2025-11-26 01:13:26.204211,US$,Cancelled
ORD000705,CUST03301,2026-03-22 03:35:57.814908,USD,Completed
ORD000706,CUST01115,2025-08-02 00:36:05.298905,USD,Completed
ORD000707,CUST01690,2025-12-21 03:56:42.332239,USD,Completed
ORD000708,CUST02449,2025-07-04 20:42:31.492691,USD,Completed
ORD000709,CUST04910,2025-10-19 22:18:51.451012,USD,Completed
ORD000710,CUST02860,2025-07-26 13:43:58.835924,USD,Completed
ORD000711,CUST01258,2025-08-04 18:10:18.281670,US$,Completed
ORD000712,CUST00349,2025-07-17 11:58:58.011908,USD,Completed
ORD000713,CUST02928,2026-02-11 20:42:05.007894,$,Completed
ORD000714,CUST01782,2025-10-16 06:06:17.911159,USD,Completed
ORD000715,CUST04073,2026-05-24 09:01:10.916200,USD,Completed
ORD000716,CUST04498,2025-12-30 20:59:22.228770,USD,Cancelled
ORD000717,CUST03165,2026-02-10 12:12:35.926263,USD,Completed
ORD000718,CUST04976,2026-02-28 18:49:27.282027,USD,Completed
ORD000719,CUST04195,2025-11-27 21:42:37.679070,USD,Completed
ORD000720,CUST00021,2026-02-05 12:09:40.892203,USD,Completed
ORD000721,CUST00184,2026-03-29 05:44:34.550968,US$,Completed
ORD000722,CUST00674,2026-01-16 14:36:44.946038,USD,Cancelled
ORD000723,CUST04666,2025-10-31 05:00:49.457095,$,Completed
ORD000724,CUST00530,2026-05-17 09:26:03.279141,USD,Completed
ORD000725,CUST00562,2025-10-03 10:59:32.471807,USD,Completed
ORD000726,CUST02272,2026-03-07 22:00:52.630780,USD,Completed
ORD000727,CUST04949,2025-07-22 13:47:16.715404,usd,Completed
ORD000728,CUST00822,2026-02-11 08:43:13.063180,USD,Completed
ORD000729,CUST04436,2025-08-13 01:42:09.423228,USD,Completed
ORD000730,CUST02004,2025-10-21 09:36:31.233502,USD,Completed
ORD000731,CUST04673,2026-03-22 15:09:48.368753,USD,Completed
ORD000732,CUST03559,2025-10-07 11:18:50.529872,USD,Completed
ORD000733,CUST04771,2026-02-21 12:06:31.058421,US$,Completed
ORD000734,CUST02963,2026-04-23 22:10:24.003842,USD,Completed
ORD000735,CUST02158,2025-11-30 00:13:05.755446,USD,Completed
ORD000736,CUST02507,2025-09-15 09:28:11.022024,USD,Completed
ORD000737,CUST04400,2025-10-08 13:30:22.693365,USD,Completed
ORD000738,CUST02755,2025-07-22 09:23:57.516798,US$,Completed
ORD000739,CUST01432,2025-12-04 22:13:44.435367,$,Completed
ORD000740,CUST04770,2025-09-29 07:25:19.546497,USD,Completed
ORD000741,CUST00441,2026-05-19 12:54:24.751569,USD,Cancelled
ORD000742,CUST01975,2025-09-22 15:13:47.495772,USD,Completed
ORD000743,CUST01725,2025-09-14 23:21:08.666955,USD,Completed
ORD000744,CUST01024,2026-04-07 12:07:52.691551,USD ,Completed
ORD000745,CUST00900,2025-09-09 13:37:44.939502,USD,Completed
ORD000746,CUST02067,2025-07-28 15:36:59.138910,USD,Completed
ORD000747,CUST02358,2026-06-19 19:28:24.556521,USD,Completed
ORD000748,CUST00588,2026-01-15 20:21:14.670643,US$,Completed
ORD000749,CUST04396,2025-10-04 08:31:45.834089,USD,Completed
ORD000750,CUST02993,2026-01-10 23:00:23.213438,USD,Completed
ORD000751,CUST03288,2026-02-05 17:45:52.847319,USD,Completed
ORD000752,CUST02215,2025-12-31 02:25:05.090551,USD,Completed
ORD000753,CUST03997,2025-09-12 19:31:38.091141,USD,Completed
ORD000754,CUST02694,2026-01-14 09:53:01.523862,US$,Completed
ORD000755,CUST01754,2025-12-26 03:18:55.771866,USD,Completed
ORD000756,CUST01948,2026-02-22 15:26:23.476935,US$,Completed
ORD000757,CUST03055,2026-01-08 16:10:59.868761,USD,Completed
ORD000758,CUST04769,2025-09-12 05:05:05.494565,usd,Completed
ORD000759,CUST03982,2026-05-09 10:37:49.548692,usd,Completed
ORD000760,CUST03997,2025-10-06 13:40:02.664182,USD,Completed
ORD000761,CUST03349,2025-07-23 22:58:41.677633,USD,Completed
ORD000762,CUST04350,2026-05-11 00:49:36.264618,usd,Completed
ORD000763,CUST00964,2025-11-14 05:08:40.390826,usd,Completed
ORD000764,CUST01953,2026-04-01 05:36:03.695746,USD,Completed
ORD000765,CUST02474,2025-08-08 23:46:26.669571,USD,Completed
ORD000766,CUST03810,2026-05-15 23:36:37.530972,USD,Completed
ORD000767,CUST04858,2025-11-30 02:46:09.507154,USD ,Completed
ORD000768,CUST00787,2026-05-26 05:27:10.330709,USD,Refunded
ORD000769,CUST04833,2026-06-19 12:56:16.990554,USD,Completed
ORD000770,CUST02012,2026-01-21 06:44:30.723110,$,Completed
ORD000771,CUST02862,2026-05-23 20:50:49.518698,usd,Completed
ORD000772,CUST00342,2026-03-05 09:05:47.123762,USD,Completed
ORD000773,CUST02322,2026-05-02 20:49:02.609980,USD,Completed
ORD000774,CUST00304,2026-04-01 19:48:29.564599,USD,Completed
ORD000775,CUST04985,2026-02-18 12:44:05.427603,US$,Completed
ORD000776,CUST00638,2025-10-12 04:46:33.809546,USD,Completed
ORD000777,CUST00256,2026-03-12 12:15:34.970560,USD,Completed
ORD000778,CUST00860,2025-10-19 16:34:39.405506,USD,Completed
ORD000779,CUST03140,2025-07-07 17:14:37.534581,USD,Completed
ORD000780,CUST02210,2026-04-22 21:01:26.885288,USD,Completed
ORD000781,CUST03543,2025-08-11 21:48:39.388186,usd,Completed
ORD000782,CUST04334,2026-03-26 10:50:05.565191,USD,Completed
ORD000783,CUST03260,2026-05-24 23:55:22.276649,$,Completed
ORD000784,CUST02992,2026-01-31 15:33:19.694064,USD,Completed
ORD000785,CUST04503,2025-09-11 15:44:40.689902,usd,Cancelled
ORD000786,CUST03476,2025-12-25 13:45:00.840016,USD,Completed
ORD000787,CUST02892,2026-01-23 19:38:07.841548,USD ,Completed
ORD000788,CUST03988,2025-10-06 14:15:03.018828,USD ,Completed
ORD000789,CUST02917,2026-06-02 21:29:22.476637,usd,Completed
ORD000790,CUST00373,2026-05-05 17:43:18.497719,USD,Completed
ORD000791,CUST01089,2026-06-23 20:09:34.203060,USD,Completed
ORD000792,CUST00700,2025-08-20 17:40:42.820398,$,Completed
ORD000793,CUST02830,2026-05-12 13:35:00.354881,US$,Completed
ORD000794,CUST03824_DUP,2026-04-27 14:53:02.065896,USD,Completed
ORD000795,CUST00387,2025-07-25 14:20:16.413384,USD,Cancelled
ORD000796,CUST02539,2025-12-18 12:56:56.052033,USD,Completed
ORD000797,CUST01217_DUP,2026-04-09 20:14:55.141963,USD,Completed
ORD000798,CUST01844,2025-08-01 18:31:31.917923,USD,Completed
ORD000799,CUST04652,2025-12-16 04:47:54.514979,USD,Completed
ORD000800,CUST00513,2026-06-28 21:07:50.074463,$,Completed
ORD000801,CUST00184,2026-04-18 19:16:25.437304,USD,Completed
ORD000802,CUST00091,2025-11-05 09:11:57.429002,USD,Cancelled
ORD000803,CUST01871,2026-02-19 16:16:51.074770,US$,Completed
ORD000804,CUST03580,2026-06-17 22:41:30.092741,US$,Completed
ORD000805,CUST01257,2025-11-16 21:48:23.303991,USD,Completed
ORD000806,CUST01427,2026-04-13 11:17:05.152707,$,Completed
ORD000807,CUST03401,2025-09-26 05:56:03.622545,USD,Completed
ORD000808,CUST04844,2025-07-06 23:52:45.063598,$,Completed
ORD000809,CUST00560,2025-08-06 19:40:56.332221,USD,Completed
ORD000810,CUST04286,2026-04-29 14:37:39.581174,USD,Cancelled
ORD000811,CUST00850,2026-04-18 13:58:20.582080,USD,Completed
ORD000812,CUST01053,2026-03-06 04:22:03.855170,$,Completed
ORD000813,CUST01362,2026-03-30 21:23:10.588005,USD,Completed
ORD000814,CUST01364,2026-05-19 06:00:14.658424,USD,Completed
ORD000815,CUST03094,2026-01-23 02:48:02.742587,USD,Completed
ORD000816,CUST04008,2026-05-07 18:14:52.351979,usd,Completed
ORD000817,CUST01203,2025-12-04 11:46:08.406281,US$,Completed
ORD000818,CUST02508,2026-02-21 17:51:13.600776,USD,Completed
ORD000819,CUST02609,2025-10-21 09:44:07.185067,USD,Completed
ORD000820,CUST02236,2025-09-25 05:48:28.269093,USD,Completed
ORD000821,CUST01760,2026-02-24 14:09:54.404870,USD,Completed
ORD000822,CUST02598,2026-05-12 15:43:16.400397,USD,Cancelled
ORD000823,CUST00897,2025-07-12 11:02:48.610300,USD,Completed
ORD000824,CUST04361,2025-10-21 15:56:37.581267,USD,Completed
ORD000825,CUST02807,2025-09-01 10:14:24.299430,USD,Completed
ORD000826,CUST03688,2026-01-25 14:42:34.770238,USD,Refunded
ORD000827,CUST02770,2026-06-14 07:52:46.604576,USD,Completed
ORD000828,CUST04423,2026-04-12 17:31:16.147495,USD,Completed
ORD000829,CUST03642,2025-08-29 06:14:51.799577,US$,Completed
ORD000830,CUST04203,2025-11-14 23:29:39.258487,USD,Completed
ORD000831,CUST02290,2026-05-04 17:52:57.667223,US$,Cancelled
ORD000832,CUST02132,2025-12-29 18:30:15.095869,USD,Completed
ORD000833,CUST00229,2025-10-22 06:28:47.130817,$,Completed
ORD000834,CUST04279,2026-03-01 11:40:27.824645,USD,Completed
ORD000835,CUST02187,2025-08-23 16:18:24.885123,$,Cancelled
ORD000836,CUST00912,2026-02-10 22:11:50.542478,USD,Completed
ORD000837,CUST01697,2025-07-09 09:05:45.725640,$,Completed
ORD000838,CUST00014,2025-11-22 14:37:40.304416,USD,Completed
ORD000839,CUST03235,2026-01-23 18:50:18.478994,$,Completed
ORD000840,CUST03956,2025-10-07 22:35:16.062411,USD,Completed
ORD000841,CUST03456,2025-09-26 08:13:40.326108,USD,Completed
ORD000842,CUST00889,2026-02-15 16:57:06.753688,$,Completed
ORD000843,CUST03810,2025-10-12 07:44:54.112576,USD,Completed
ORD000844,CUST03058,2025-07-23 08:12:16.171826,USD,Completed
ORD000845,CUST03955,2025-10-08 08:16:40.899226,USD,Completed
ORD000846,CUST03409,2026-02-10 03:30:12.158468,USD,Completed
ORD000847,CUST01207,2025-12-18 03:19:54.030617,USD,Completed
ORD000848,CUST04229,2026-04-21 16:37:29.247330,USD,Completed
ORD000849,CUST02456,2025-12-04 10:22:21.702438,USD,Completed
ORD000850,CUST04705,2026-02-23 09:39:15.750426,USD,Completed
ORD000851,CUST01326,2025-12-29 08:24:42.983970,USD,Completed
ORD000852,CUST02692,2026-05-26 10:21:50.238665,usd,Completed
ORD000853,CUST03518,2026-02-21 04:50:33.864816,USD,Completed
ORD000854,CUST02417_DUP,2026-06-19 11:03:44.259847,USD,Completed
ORD000855,CUST01890,2026-05-18 02:30:10.177150,USD,Completed
ORD000856,CUST02050,2025-10-24 00:09:12.735404,usd,Completed
ORD000857,CUST04625,2025-11-18 10:09:08.645569,usd,Completed
ORD000858,CUST00127,2025-11-26 09:51:37.324245,USD,Completed
ORD000859,CUST00938,2026-04-14 14:19:40.221025,usd,Completed
ORD000860,CUST00435,2025-07-03 05:46:04.532501,USD,Completed
ORD000861,CUST03062,2026-03-31 22:31:36.384775,USD,Completed
ORD000862,CUST03254,2026-06-05 08:54:14.119263,USD ,Completed
ORD000863,CUST03206,2025-09-02 09:12:28.135455,USD,Completed
ORD000864,CUST02272,2026-03-04 15:30:45.927221,USD,Refunded
ORD000865,CUST02021,2025-07-08 13:19:01.386760,USD,Completed
ORD000866,CUST03261,2025-08-22 04:43:12.527792,usd,Completed
ORD000867,CUST02793,2025-09-10 08:46:12.565440,$,Completed
ORD000868,CUST00029,2026-06-17 16:44:54.683837,USD,Completed
ORD000869,CUST04681,2026-01-19 11:18:03.278197,usd,Completed
ORD000870,CUST04509,2025-07-31 10:17:27.346971,usd,Completed
ORD000871,CUST02264,2025-07-14 06:27:16.293542,USD,Completed
ORD000872,CUST04944,2026-02-09 00:45:10.964184,USD,Completed
ORD000873,CUST03016,2026-06-18 10:26:45.057015,USD,Completed
ORD000874,CUST02442,2026-03-23 01:29:28.646253,USD,Completed
ORD000875,CUST00678,2025-11-10 19:27:09.101123,USD,Completed
ORD000876,CUST01961,2026-05-20 14:53:07.043429,US$,Completed
ORD000877,CUST00692,2025-09-17 18:24:30.340064,USD,Completed
ORD000878,CUST02079,2025-10-22 17:42:40.383507,USD,Completed
ORD000879,CUST02828,2025-11-23 14:17:39.266145,USD,Completed
ORD000880,CUST00668,2026-05-30 04:11:31.365780,USD,Cancelled
ORD000881,CUST00725,2026-05-11 15:10:08.159571,USD,Completed
ORD000882,CUST01552,2026-03-25 10:32:40.984182,USD,Completed
ORD000883,CUST04205,2025-12-10 20:53:15.727448,$,Completed
ORD000884,CUST03951,2025-09-03 23:50:42.355000,USD,Completed
ORD000885,CUST01807,2025-08-14 20:54:18.577109,USD,Completed
ORD000886,CUST04939,2025-11-25 22:04:00.277211,USD,Completed
ORD000887,CUST04039,2026-02-28 00:45:35.874561,USD,Completed
ORD000888,CUST00220,2025-11-17 15:29:44.332922,USD,Completed
ORD000889,CUST04099,2026-04-30 20:18:36.029925,USD,Completed
ORD000890,CUST04696,2026-03-22 03:58:56.857875,USD,Completed
ORD000891,CUST03130,2025-12-02 19:21:02.928342,USD,Completed
ORD000892,CUST03213,2026-03-12 02:05:54.415049,USD,Completed
ORD000893,CUST04549,2026-01-25 16:21:05.143056,USD,Completed
ORD000894,CUST03672,2025-12-22 03:05:11.170812,USD,Completed
ORD000895,CUST04566,2025-10-10 09:36:33.151347,USD,Completed
ORD000896,CUST03748,2026-03-01 22:01:31.619205,USD,Completed
ORD000897,CUST00497,2026-06-25 01:07:29.220360,USD,Completed
ORD000898,CUST02541,2026-03-07 12:13:27.524272,USD,Cancelled
ORD000899,CUST04810,2025-12-06 12:45:16.921485,usd,Completed
ORD000900,CUST01911,2026-03-31 19:18:58.243784,US$,Completed
ORD000901,CUST03871,2026-03-23 19:45:50.956300,usd,Completed
ORD000902,CUST01850,2025-12-11 12:30:51.971582,USD,Completed
ORD000903,CUST03443,2026-04-15 20:22:26.912292,usd,Completed
ORD000904,CUST03697,2026-06-19 20:22:22.998022,USD,Completed
ORD000905,CUST04095,2025-10-31 16:06:10.097360,US$,Completed
ORD000906,CUST02788,2026-01-05 16:15:03.388230,USD,Completed
ORD000907,CUST04447,2026-06-19 00:09:41.580145,USD,Completed
ORD000908,CUST00354,2026-02-18 18:25:32.096932,USD,Completed
ORD000909,CUST03595,2025-10-25 05:47:47.685871,usd,Completed
ORD000910,CUST00960,2026-06-09 06:29:36.363907,USD,Refunded
ORD000911,CUST03171,2026-05-21 02:41:03.130337,USD,Completed
ORD000912,CUST02372,2026-04-10 17:38:27.775352,USD,Completed
ORD000913,CUST04869,2026-06-06 02:44:39.481551,usd,Completed
ORD000914,CUST02949,2026-05-11 02:17:36.960768,US$,Completed
ORD000915,CUST02449,2026-06-16 03:10:18.366565,US$,Completed
ORD000916,CUST00962,2026-02-13 20:45:27.392126,USD,Completed
ORD000917,CUST04720,2025-11-22 14:31:03.010919,USD,Completed
ORD000918,CUST03683,2026-01-05 13:37:44.481709,USD,Completed
ORD000919,CUST02877,2026-02-26 15:03:40.265440,USD,Completed
ORD000920,CUST04193,2026-06-07 10:00:55.100146,USD,Completed
ORD000921,CUST01364,2025-08-30 04:02:41.570354,USD,Completed
ORD000922,CUST02426,2025-12-17 11:06:49.096762,USD,Completed
ORD000923,CUST00203,2025-09-08 18:01:17.636484,usd,Completed
ORD000924,CUST04988,2025-11-03 09:41:48.848249,USD,Cancelled
ORD000925,CUST03115,2025-12-13 08:14:33.993202,USD,Completed
ORD000926,CUST03415,2025-12-19 08:34:31.294480,USD,Completed
ORD000927,CUST04835,2025-08-23 06:34:03.079226,usd,Completed
ORD000928,CUST03341,2026-02-11 12:06:29.567177,USD,Completed
ORD000929,CUST03357,2026-04-23 10:38:00.990393,usd,Completed
ORD000930,CUST03628,2025-12-31 05:39:59.101780,US$,Cancelled
ORD000931,CUST03597,2025-08-24 19:53:17.004710,USD,Completed
ORD000932,CUST01681,2025-11-27 20:18:53.697326,USD,Cancelled
ORD000933,CUST03329,2026-05-08 17:21:14.760472,USD,Completed
ORD000934,CUST03838,2026-05-13 20:29:12.046917,USD,Completed
ORD000935,CUST03638,2026-04-20 20:30:09.451479,USD,Completed
ORD000936,CUST00452,2026-03-13 18:20:27.206544,$,Completed
ORD000937,CUST02930,2025-10-19 05:02:32.363147,USD,Completed
ORD000938,CUST03437,2026-01-13 09:05:14.593854,USD,Completed
ORD000939,CUST00267,2025-11-15 12:22:30.425710,USD,Refunded
ORD000940,CUST01376,2026-01-28 01:46:10.915716,USD,Completed
ORD000941,CUST01578,2026-04-26 13:08:21.996417,USD,Completed
ORD000942,CUST00426,2025-12-30 22:42:33.538262,usd,Completed
ORD000943,CUST04829,2026-02-16 12:04:57.576611,$,Completed
ORD000944,CUST03106,2025-11-10 05:19:05.031356,USD,Completed
ORD000945,CUST00226,2025-09-15 10:13:24.484842,US$,Cancelled
ORD000946,CUST03096,2025-09-04 16:26:58.681406,USD,Refunded
ORD000947,CUST01857,2025-11-13 12:50:26.576932,USD,Completed
ORD000948,CUST04081_DUP,2025-09-17 17:16:24.624028,USD,Completed
ORD000949,CUST02794,2025-09-26 03:55:14.074029,USD,Completed
ORD000950,CUST02647,2025-07-27 20:58:36.014100,usd,Completed
ORD000951,CUST00741,2025-09-17 01:43:02.847367,USD,Completed
ORD000952,CUST03952,2026-04-21 05:11:30.718330,usd,Completed
ORD000953,CUST03134,2025-09-28 08:20:49.085767,US$,Completed
ORD000954,CUST04351,2026-06-23 13:00:21.164210,US$,Completed
ORD000955,CUST02354,2025-11-22 23:41:19.224892,USD,Completed
ORD000956,CUST02791,2025-12-20 10:09:41.664983,USD,Completed
ORD000957,CUST04741,2025-09-11 14:55:27.440996,USD,Completed
ORD000958,CUST04263,2025-12-25 03:47:27.738518,usd,Completed
ORD000959,CUST02967,2025-07-29 19:25:31.374308,USD,Completed
ORD000960,CUST01173,2026-06-02 07:05:32.826563,USD,Completed
ORD000961,CUST02029,2025-11-19 15:27:52.726864,$,Completed
ORD000962,CUST02480,2025-09-27 03:47:13.244437,$,Completed
ORD000963,CUST00245,2026-01-09 08:29:02.345521,USD,Completed
ORD000964,CUST03476,2026-04-10 00:12:35.947461,USD,Completed
ORD000965,CUST03659,2026-06-01 17:30:50.141049,USD,Completed
ORD000966,CUST01479,2025-10-07 07:25:53.336243,USD,Completed
ORD000967,CUST01066,2025-07-17 06:10:25.908205,USD,Completed
ORD000968,CUST00616,2026-04-01 21:53:16.824729,$,Completed
ORD000969,CUST00763,2025-09-05 12:51:12.958144,USD,Completed
ORD000970,CUST02671,2026-01-03 08:57:37.225017,USD,Refunded
ORD000971,CUST01711,2026-02-14 21:56:06.026633,$,Completed
ORD000972,CUST01080,2025-12-27 10:29:17.325753,USD,Completed
ORD000973,CUST04297,2025-09-08 11:31:16.361616,usd,Completed
ORD000974,CUST04255,2025-09-22 01:05:18.279585,USD,Completed
ORD000975,CUST00625,2026-06-09 20:12:22.626220,USD,Completed
ORD000976,CUST02538,2026-03-15 17:40:10.342255,USD,Completed
ORD000977,CUST01423,2025-10-11 10:39:47.064934,USD,Completed
ORD000978,CUST04731,2025-10-14 21:06:19.457941,USD,Completed
ORD000979,CUST03499,2026-02-06 23:05:11.220296,USD,Completed
ORD000980,CUST01498,2026-03-26 20:51:53.396466,USD,Completed
ORD000981,CUST03859,2025-08-02 03:31:02.132172,USD,Completed
ORD000982,CUST00339,2025-12-01 14:25:48.389935,USD,Completed
ORD000983,CUST02773,2025-08-10 08:57:01.570925,USD,Completed
ORD000984,CUST00174,2025-09-21 14:54:40.939231,USD,Completed
ORD000985,CUST00030,2025-11-13 07:45:33.068444,USD,Cancelled
ORD000986,CUST02957,2026-01-13 10:15:23.635589,USD,Cancelled
ORD000987,CUST00548,2025-09-11 01:44:01.798883,USD,Completed
ORD000988,CUST01127,2026-02-09 01:52:19.516646,USD,Completed
ORD000989,CUST00456,2025-09-21 23:58:56.975164,US$,Completed
ORD000990,CUST03401,2026-04-11 15:59:19.090778,USD,Completed
ORD000991,CUST00147,2025-10-27 16:00:57.380761,usd,Completed
ORD000992,CUST03324,2025-10-25 02:37:47.655413,USD,Completed
ORD000993,CUST02072,2025-12-11 04:31:20.007640,USD,Completed
ORD000994,CUST01883,2025-10-01 21:15:38.936331,US$,Completed
ORD000995,CUST03943,2025-10-15 18:29:25.707207,USD,Completed
ORD000996,CUST02395,2026-04-29 15:45:58.772798,usd,Cancelled
ORD000997,CUST01546,2025-08-28 16:20:34.166462,USD,Completed
ORD000998,CUST03052,2026-02-23 09:20:37.825530,USD,Completed
ORD000999,CUST01949,2025-12-12 23:30:16.902063,USD,Completed
ORD001000,CUST04382,2025-10-06 15:22:45.317189,usd,Completed
ORD001001,CUST00402,2025-09-20 06:28:16.744246,usd,Completed
ORD001002,CUST02750,2026-04-15 01:08:39.335147,USD,Completed
ORD001003,CUST01877,2025-09-05 07:27:31.781886,USD,Completed
ORD001004,CUST02195,2025-10-03 19:58:04.445256,usd,Completed
ORD001005,CUST04098,2025-09-24 09:30:15.480947,usd,Completed
ORD001006,CUST03771,2025-09-18 06:11:48.351615,USD,Completed
ORD001007,CUST00876,2026-06-19 14:09:24.485284,USD,Completed
ORD001008,CUST03960,2025-09-14 22:58:48.790021,USD,Completed
ORD001009,CUST01058,2025-09-20 22:00:02.416871,USD,Completed
ORD001010,CUST00379,2026-02-16 16:37:48.266444,USD,Completed
ORD001011,CUST04504,2025-08-07 01:00:43.586358,usd,Completed
ORD001012,CUST01952,2025-10-10 06:40:25.110597,USD,Completed
ORD001013,CUST04630,2026-06-02 19:06:44.874233,USD,Completed
ORD001014,CUST02201,2025-12-20 01:15:10.088532,USD,Completed
ORD001015,CUST03905,2026-05-23 05:05:56.290409,USD,Completed
ORD001016,CUST04862,2026-03-08 13:55:31.262296,$,Completed
ORD001017,CUST03048,2026-06-26 13:53:25.834314,$,Completed
ORD001018,CUST00634,2026-02-10 08:38:05.868317,USD,Completed
ORD001019,CUST04951,2026-06-05 22:51:45.661408,USD,Completed
ORD001020,CUST04928,2025-09-27 15:21:59.790303,USD,Completed
ORD001021,CUST03823,2026-05-16 19:57:58.775382,USD,Cancelled
ORD001022,CUST02480,2026-01-07 00:03:48.417902,USD,Completed
ORD001023,CUST02538,2025-11-11 06:23:04.780423,$,Completed
ORD001024,CUST03832,2025-09-16 00:42:40.274070,US$,Completed
ORD001025,CUST01299,2025-12-02 07:13:45.912109,USD,Completed
ORD001026,CUST00654,2025-11-06 23:02:43.515886,USD,Completed
ORD001027,CUST00575,2026-05-05 10:27:33.870770,USD,Completed
ORD001028,CUST03849,2026-06-20 00:10:06.147045,usd,Completed
ORD001029,CUST03558,2026-03-21 20:59:02.011630,usd,Completed
ORD001030,CUST01408,2026-02-08 00:32:08.865148,US$,Completed
ORD001031,CUST01567,2025-09-28 14:19:05.978518,USD,Completed
ORD001032,CUST02807,2026-03-28 15:28:49.668680,US$,Completed
ORD001033,CUST03789,2025-07-01 10:13:14.593906,USD,Completed
ORD001034,CUST03084,2025-11-19 19:58:28.221311,USD,Completed
ORD001035,CUST03327,2025-12-13 05:40:40.538838,usd,Completed
ORD001036,CUST01826,2026-02-21 15:16:00.644770,US$,Completed
ORD001037,CUST00353,2026-06-10 07:38:31.142428,US$,Completed
ORD001038,CUST04681,2025-12-02 15:47:21.225348,USD,Completed
ORD001039,CUST02214,2025-10-22 18:23:24.425608,$,Completed
ORD001040,CUST02432,2025-12-04 09:51:58.480517,USD,Completed
ORD001041,CUST03431,2026-01-17 20:48:22.382012,$,Completed
ORD001042,CUST00409,2025-11-01 20:35:45.583548,USD,Completed
ORD001043,CUST00540,2026-01-12 13:01:03.380039,USD,Completed
ORD001044,CUST01869,2025-10-02 17:54:59.054040,USD,Completed
ORD001045,CUST01375,2025-10-17 16:45:30.286991,USD,Completed
ORD001046,CUST01134,2025-10-28 14:54:02.590584,USD,Completed
ORD001047,CUST01260,2025-11-06 15:27:05.914770,$,Completed
ORD001048,CUST04912,2026-01-16 12:54:22.528176,USD,Completed
ORD001049,CUST00693,2025-07-18 18:38:46.217567,usd,Completed
ORD001050,CUST00481,2026-02-24 13:44:58.505793,$,Completed
ORD001051,CUST01215,2025-07-24 06:39:17.477664,USD,Completed
ORD001052,CUST00932,2025-10-22 18:48:01.094483,usd,Completed
ORD001053,CUST01494,2025-12-17 21:19:12.531353,USD,Cancelled
ORD001054,CUST02119,2025-11-29 05:32:32.706155,USD,Completed
ORD001055,CUST03450,2026-03-11 13:44:58.638884,USD,Completed
ORD001056,CUST00095,2026-04-26 08:40:27.138051,USD,Completed
ORD001057,CUST01032,2026-05-24 12:47:15.232902,$,Completed
ORD001058,CUST01782,2025-12-31 10:04:01.434366,$,Completed
ORD001059,CUST02236,2026-03-06 03:58:38.790285,USD,Completed
ORD001060,CUST01294,2026-03-25 04:47:56.340870,USD,Completed
ORD001061,CUST02647,2025-11-21 19:39:29.725532,USD,Completed
ORD001062,CUST03943,2025-07-29 23:57:36.524368,usd,Completed
ORD001063,CUST00676,2026-01-29 03:51:49.510236,USD ,Completed
ORD001064,CUST04876,2025-10-25 18:10:32.478689,USD,Completed
ORD001065,CUST03534,2025-09-21 21:34:14.733362,usd,Completed
ORD001066,CUST02468,2025-08-13 16:34:11.166261,USD,Completed
ORD001067,CUST03299,2025-07-08 14:15:23.607208,USD,Completed
ORD001068,CUST01662,2025-07-30 21:32:56.375773,USD,Completed
ORD001069,CUST04708,2025-12-04 02:13:07.409627,USD,Refunded
ORD001070,CUST00456,2025-11-29 14:42:27.979616,USD,Completed
ORD001071,CUST03331,2026-02-21 21:02:42.518710,USD,Completed
ORD001072,CUST02554,2026-01-13 08:32:39.145888,USD,Completed
ORD001073,CUST04005,2026-06-01 15:06:32.014432,USD,Completed
ORD001074,CUST02662,2026-05-29 01:59:19.254322,USD,Completed
ORD001075,CUST00431,2025-12-07 22:01:01.210975,usd,Completed
ORD001076,CUST02037,2026-01-06 22:51:19.217190,USD,Completed
ORD001077,CUST04905,2026-05-04 02:02:03.374664,USD,Completed
ORD001078,CUST00502,2026-04-14 16:42:03.441139,usd,Completed
ORD001079,CUST02980,2025-08-20 07:06:06.663306,US$,Completed
ORD001080,CUST04677,2025-11-18 15:31:38.206590,USD,Completed
ORD001081,CUST01894,2025-11-07 16:22:57.803230,USD,Completed
ORD001082,CUST00158,2026-03-01 18:17:59.956684,USD,Completed
ORD001083,CUST04833,2026-06-15 15:06:40.411052,US$,Completed
ORD001084,CUST02841,2026-01-22 12:18:08.190060,USD,Completed
ORD001085,CUST01823,2026-06-24 08:18:21.510279,USD,Completed
ORD001086,CUST04186,2026-02-27 13:28:41.452131,USD,Completed
ORD001087,CUST00162,2026-04-05 03:57:08.361134,$,Completed
ORD001088,CUST02789,2026-05-26 09:44:53.015135,USD,Cancelled
ORD001089,CUST01706,2025-09-15 15:32:40.601573,USD,Refunded
ORD001090,CUST03467,2026-04-26 19:07:04.412033,USD,Completed
ORD001091,CUST01250,2026-05-02 05:24:40.343678,USD,Completed
ORD001092,CUST02077,2026-02-09 00:18:52.398297,USD,Completed
ORD001093,CUST03067,2026-02-12 20:59:27.222299,USD,Completed
ORD001094,CUST01289,2025-09-28 13:59:50.077076,USD,Completed
ORD001095,CUST00368,2026-05-20 22:04:58.091557,USD,Completed
ORD001096,CUST00395,2026-03-26 10:31:29.762664,USD,Completed
ORD001097,CUST02676,2025-09-03 21:42:59.151934,USD,Completed
ORD001098,CUST00736,2026-06-02 10:59:30.267471,USD,Completed
ORD001099,CUST04378,2026-05-13 19:55:15.080255,US$,Completed
ORD001100,CUST04815,2026-02-25 20:40:47.625074,$,Completed
ORD001101,CUST00429,2025-10-31 14:01:56.857979,USD,Completed
ORD001102,CUST02451,2025-07-31 12:39:17.647924,$,Completed
ORD001103,CUST00584,2026-04-14 07:38:50.019971,USD,Completed
ORD001104,CUST03042,2026-02-16 11:20:53.140632,US$,Completed
ORD001105,CUST01079,2025-08-22 10:35:28.347136,USD,Completed
ORD001106,CUST00292,2025-09-14 22:18:49.589968,$,Completed
ORD001107,CUST00618,2025-10-16 19:10:53.556542,USD,Completed
ORD001108,CUST02829,2025-09-23 19:50:27.374990,$,Completed
ORD001109,CUST01829,2026-01-24 11:46:23.804371,usd,Completed
ORD001110,CUST02081,2025-11-15 06:30:35.604051,$,Refunded
ORD001111,CUST03744_DUP,2026-03-28 08:14:39.159954,usd,Completed
ORD001112,CUST02730,2025-12-13 16:15:04.619188,USD,Completed
ORD001113,CUST02573,2026-05-24 20:47:42.289235,USD,Cancelled
ORD001114,CUST03214,2026-02-09 21:01:31.187046,USD,Completed
ORD001115,CUST04219,2026-03-17 11:45:01.113350,USD,Completed
ORD001116,CUST02275,2025-07-25 14:59:28.982945,USD,Completed
ORD001117,CUST03528,2026-04-25 02:07:28.306120,USD,Completed
ORD001118,CUST00610,2026-03-07 11:44:17.345341,USD,Completed
ORD001119,CUST02988,2025-10-19 15:33:07.751818,US$,Completed
ORD001120,CUST01946,2026-04-29 15:55:47.681789,USD,Completed
ORD001121,CUST00007,2025-11-21 19:31:36.455357,USD,Cancelled
ORD001122,CUST02562,2025-09-06 20:41:13.172198,USD,Completed
ORD001123,CUST02576,2026-03-29 02:07:53.188160,USD,Completed
ORD001124,CUST04104,2025-09-18 23:27:18.981364,US$,Completed
ORD001125,CUST03441,2026-04-19 12:41:09.636776,USD,Completed
ORD001126,CUST00634,2025-10-16 01:19:47.236115,USD,Completed
ORD001127,CUST03461,2025-09-11 15:31:05.283274,USD,Cancelled
ORD001128,CUST00345,2025-12-06 07:36:40.310772,usd,Completed
ORD001129,CUST00896,2025-09-26 09:49:56.357771,USD,Cancelled
ORD001130,CUST03421,2025-07-28 06:24:56.112214,usd,Completed
ORD001131,CUST01774,2026-05-25 00:27:21.879972,USD,Completed
ORD001132,CUST04207,2025-12-04 09:33:16.620617,USD,Completed
ORD001133,CUST04407,2025-11-06 07:41:23.488281,USD,Completed
ORD001134,CUST03201,2026-05-19 07:03:33.519718,USD,Completed
ORD001135,CUST01992,2026-04-19 08:49:19.772296,USD,Completed
ORD001136,CUST04164,2026-04-29 10:02:35.864881,USD,Completed
ORD001137,CUST02887,2026-03-31 12:56:22.439873,USD,Completed
ORD001138,CUST02894,2025-08-07 01:46:03.680885,$,Cancelled
ORD001139,CUST00375,2026-04-13 18:15:47.979191,USD ,Completed
ORD001140,CUST04844,2025-07-10 17:07:44.350207,USD,Refunded
ORD001141,CUST04562,2026-06-17 03:31:52.182045,USD,Completed
ORD001142,CUST03921,2025-10-09 09:36:51.922288,USD,Completed
ORD001143,CUST03926,2026-02-08 16:08:16.824669,$,Completed
ORD001144,CUST01283,2025-07-03 20:47:10.155176,US$,Completed
ORD001145,CUST04539,2026-03-04 01:21:50.444556,USD,Completed
ORD001146,CUST02379,2025-10-25 07:38:14.300619,USD,Completed
ORD001147,CUST03753,2025-10-09 14:10:09.756784,USD,Completed
ORD001148,CUST00146,2025-07-23 05:59:58.280292,USD,Completed
ORD001149,CUST00236,2025-07-11 22:08:44.837440,$,Completed
ORD001150,CUST03280,2025-10-20 03:32:16.102151,USD,Cancelled
ORD001151,CUST04264,2025-12-13 05:18:21.739838,usd,Completed
ORD001152,CUST04667,2026-01-08 10:06:05.373796,USD,Completed
ORD001153,CUST02840,2026-06-04 16:26:29.572310,$,Completed
ORD001154,CUST01675,2025-08-08 17:14:03.423927,USD,Cancelled
ORD001155,CUST02132,2025-10-19 06:36:07.766425,USD,Completed
ORD001156,CUST00290,2025-12-14 05:40:29.778014,$,Completed
ORD001157,CUST04220,2025-11-12 00:28:33.300397,usd,Completed
ORD001158,CUST00561,2025-09-16 08:27:05.116159,US$,Completed
ORD001159,CUST04026,2026-02-01 15:30:16.511338,US$,Completed
ORD001160,CUST02494,2026-03-03 00:18:40.901310,USD,Completed
ORD001161,CUST04978,2025-11-08 01:25:40.178464,usd,Completed
ORD001162,CUST01698,2025-12-13 15:04:51.814597,USD ,Completed
ORD001163,CUST00733,2026-04-08 14:07:43.185130,USD,Cancelled
ORD001164,CUST03596,2025-07-07 00:52:23.439546,USD,Cancelled
ORD001165,CUST00134,2026-04-27 08:32:27.272648,usd,Completed
ORD001166,CUST04336,2025-12-16 21:33:56.555467,US$,Completed
ORD001167,CUST02714,2025-12-30 19:28:46.631111,usd,Completed
ORD001168,CUST03848,2026-05-06 21:13:06.366065,usd,Completed
ORD001169,CUST01983,2025-09-08 10:22:13.049690,USD,Completed
ORD001170,CUST03101,2025-09-06 08:44:57.648284,USD,Completed
ORD001171,CUST00887,2025-12-06 02:18:51.041087,USD,Completed
ORD001172,CUST03406,2026-04-29 05:23:53.149113,USD,Completed
ORD001173,CUST03937,2025-11-08 03:03:32.546840,USD,Completed
ORD001174,CUST00848,2026-03-27 01:41:22.910948,USD,Completed
ORD001175,CUST01135,2025-12-25 03:46:29.454406,$,Cancelled
ORD001176,CUST02377,2026-04-14 02:56:00.431979,USD,Completed
ORD001177,CUST00474,2026-03-27 17:32:44.554585,USD ,Completed
ORD001178,CUST00257,2025-09-02 14:16:12.814561,USD,Completed
ORD001179,CUST00299,2026-04-01 03:03:09.398120,USD,Completed
ORD001180,CUST04511,2026-05-17 17:00:19.580592,US$,Completed
ORD001181,CUST04064,2025-10-31 03:52:08.859994,USD,Completed
ORD001182,CUST04264,2025-08-23 04:49:31.126066,USD,Completed
ORD001183,CUST03093,2025-10-23 09:14:57.948440,USD,Completed
ORD001184,CUST01657,2026-06-12 14:08:56.366169,usd,Completed
ORD001185,CUST02038,2026-05-30 13:52:39.922615,USD,Completed
ORD001186,CUST00487,2025-09-23 20:22:44.253042,USD,Completed
ORD001187,CUST02385,2025-10-03 03:23:15.652767,USD,Completed
ORD001188,CUST02517,2026-01-17 09:02:23.971121,USD,Completed
ORD001189,CUST00146,2026-06-18 12:20:39.938397,USD,Refunded
ORD001190,CUST02278,2026-02-15 08:50:03.086241,USD,Refunded
ORD001191,CUST04640,2025-11-10 21:22:40.747970,$,Completed
ORD001192,CUST02224,2026-05-09 09:54:26.800082,USD,Completed
ORD001193,CUST04195,2026-01-24 06:02:14.348475,USD,Completed
ORD001194,CUST02943,2026-01-01 06:24:18.326175,USD,Completed
ORD001195,CUST03094,2026-06-18 18:10:00.993472,USD,Completed
ORD001196,CUST03706,2025-09-07 17:51:07.522937,usd,Completed
ORD001197,CUST00457,2026-01-23 16:57:48.412899,USD,Completed
ORD001198,CUST00307,2025-08-17 06:21:28.141168,USD,Cancelled
ORD001199,CUST02351,2026-05-07 16:11:34.681627,USD,Completed
ORD001200,CUST03835,2026-01-16 02:16:31.323647,USD,Completed
ORD001201,CUST00837,2025-12-17 10:25:52.615887,USD,Completed
ORD001202,CUST03023,2025-11-18 03:44:06.987653,USD,Completed
ORD001203,CUST02150,2026-02-01 11:49:23.585682,USD,Completed
ORD001204,CUST01360,2026-02-08 20:14:13.083730,usd,Completed
ORD001205,CUST00099,2025-07-06 08:31:42.844961,USD,Completed
ORD001206,CUST03534,2026-01-18 21:19:54.915425,USD,Completed
ORD001207,CUST00941,2026-04-05 03:00:41.837497,US$,Completed
ORD001208,CUST01042,2025-10-23 02:32:56.415623,USD,Completed
ORD001209,CUST02257,2026-04-16 02:49:20.336934,USD,Completed
ORD001210,CUST04782,2025-11-20 19:50:22.280895,USD,Completed
ORD001211,CUST03411,2026-04-30 16:05:42.854017,USD,Completed
ORD001212,CUST03203,2026-05-18 16:05:49.147061,USD,Completed
ORD001213,CUST02309,2025-07-19 10:22:04.375642,USD,Completed
ORD001214,CUST01186,2025-08-25 22:16:21.276806,USD,Refunded
ORD001215,CUST04550,2026-06-11 09:45:09.251834,USD,Completed
ORD001216,CUST03219,2026-04-05 02:28:45.886952,USD,Completed
ORD001217,CUST03781,2025-11-02 18:57:59.593683,USD,Completed
ORD001218,CUST03007,2026-04-05 14:25:08.276624,USD,Cancelled
ORD001219,CUST00901,2025-12-11 23:26:41.919016,$,Completed
ORD001220,CUST01250,2026-04-23 20:20:37.699874,USD,Completed
ORD001221,CUST04811,2025-12-22 23:55:30.518146,US$,Cancelled
ORD001222,CUST00996,2025-10-28 17:07:14.893832,USD,Completed
ORD001223,CUST04701,2026-06-18 20:54:04.757149,USD,Completed
ORD001224,CUST00201,2025-12-19 19:45:35.939160,USD,Cancelled
ORD001225,CUST00758,2026-02-21 22:07:05.149965,US$,Completed
ORD001226,CUST01017,2025-11-12 15:05:06.352262,US$,Completed
ORD001227,CUST01661_DUP,2026-04-20 11:09:41.071460,USD,Completed
ORD001228,CUST03100,2026-03-22 10:52:28.283691,$,Completed
ORD001229,CUST01172,2025-08-15 10:01:04.195553,US$,Completed
ORD001230,CUST03353,2025-08-06 06:49:53.303826,USD,Completed
ORD001231,CUST01732,2025-10-08 19:58:28.991829,USD,Refunded
ORD001232,CUST01806,2025-12-17 03:31:10.007520,USD,Completed
ORD001233,CUST01623,2026-04-22 11:54:27.945158,usd,Completed
ORD001234,CUST00909,2026-06-15 06:46:46.279089,$,Refunded
ORD001235,CUST04607,2025-10-25 17:49:03.679395,USD,Completed
ORD001236,CUST02801,2026-02-03 14:46:13.760916,$,Completed
ORD001237,CUST01897,2026-03-24 09:06:53.127329,USD,Completed
ORD001238,CUST03645,2026-02-02 21:39:27.193335,US$,Completed
ORD001239,CUST02538,2025-12-17 13:31:32.566323,USD,Completed
ORD001240,CUST02959,2026-03-16 23:09:33.005251,USD,Completed
ORD001241,CUST02252,2025-08-13 15:24:05.310870,usd,Completed
ORD001242,CUST03166,2026-06-08 19:25:31.292788,USD,Completed
ORD001243,CUST04124,2025-08-21 15:13:03.943167,USD,Completed
ORD001244,CUST00179,2026-05-08 20:42:13.191681,USD,Completed
ORD001245,CUST02898,2025-09-16 06:59:20.254995,usd,Completed
ORD001246,CUST02579,2025-07-12 20:06:17.423959,USD,Cancelled
ORD001247,CUST01250,2026-01-01 19:00:26.456651,USD,Completed
ORD001248,CUST03870,2026-04-02 03:20:03.244650,USD,Completed
ORD001249,CUST03728,2026-01-08 10:30:24.797151,usd,Completed
ORD001250,CUST01760,2025-07-11 10:45:03.489497,US$,Cancelled
ORD001251,CUST02176,2025-12-20 03:01:24.801517,USD,Completed
ORD001252,CUST01133_DUP,2026-05-16 05:24:28.648003,$,Completed
ORD001253,CUST00031,2025-10-07 23:10:12.714110,USD,Completed
ORD001254,CUST04985,2026-01-30 23:03:08.344368,USD,Completed
ORD001255,CUST02972_DUP,2025-11-29 12:10:20.457527,USD,Completed
ORD001256,CUST03314,2025-08-01 04:23:09.372671,$,Completed
ORD001257,CUST03157,2026-04-22 02:48:00.527685,USD,Completed
ORD001258,CUST03694,2025-11-11 12:18:08.107414,USD,Cancelled
ORD001259,CUST04560,2026-05-16 01:55:24.503292,USD,Completed
ORD001260,CUST03249,2026-01-10 07:14:38.253906,USD,Completed
ORD001261,CUST00297,2026-02-17 03:30:54.266879,USD,Refunded
ORD001262,CUST04937,2026-01-31 19:27:47.685779,USD,Completed
ORD001263,CUST03335,2026-05-16 21:48:45.263463,usd,Completed
ORD001264,CUST01851,2026-02-24 23:49:03.729910,USD,Completed
ORD001265,CUST02365,2026-03-07 21:34:55.448668,USD,Completed
ORD001266,CUST02381,2025-07-08 21:50:35.053134,$,Completed
ORD001267,CUST04911,2025-11-16 09:01:31.103995,USD,Completed
ORD001268,CUST04784,2026-01-20 12:19:36.347593,US$,Completed
ORD001269,CUST04168,2025-08-24 16:49:27.842063,USD,Completed
ORD001270,CUST00100,2026-02-04 08:03:28.860866,US$,Completed
ORD001271,CUST00873,2026-02-06 23:41:15.321827,USD,Completed
ORD001272,CUST03736,2025-08-25 07:54:42.906942,usd,Completed
ORD001273,CUST00589,2026-06-20 14:19:25.729098,USD,Cancelled
ORD001274,CUST01818,2025-10-24 11:21:19.197664,USD,Completed
ORD001275,CUST02540,2025-12-08 00:45:28.598962,USD,Completed
ORD001276,CUST00303,2025-09-04 12:46:29.049881,USD,Completed
ORD001277,CUST00606,2026-01-10 11:22:47.924219,USD,Completed
ORD001278,CUST03467,2025-10-07 11:48:33.237600,US$,Refunded
ORD001279,CUST02278,2026-01-26 02:38:51.384826,USD,Completed
ORD001280,CUST00761,2026-03-06 03:03:41.638413,USD,Completed
ORD001281,CUST02922,2026-06-24 20:25:23.218740,USD,Completed
ORD001282,CUST03668,2025-08-08 12:44:16.462184,USD,Completed
ORD001283,CUST04252,2025-11-04 08:43:34.941949,USD,Completed
ORD001284,CUST03336,2026-03-05 08:43:37.208587,USD ,Cancelled
ORD001285,CUST03065,2025-11-02 08:03:17.146920,$,Completed
ORD001286,CUST00893,2026-02-17 19:27:38.854062,USD,Completed
ORD001287,CUST01730,2025-12-14 10:41:51.493953,usd,Completed
ORD001288,CUST00011,2025-10-07 03:10:45.039183,US$,Completed
ORD001289,CUST02549,2025-10-12 21:23:12.789273,USD,Completed
ORD001290,CUST04781,2025-08-21 15:12:43.335802,USD,Completed
ORD001291,CUST02851,2026-02-09 04:08:17.125705,USD,Completed
ORD001292,CUST00915,2026-04-19 14:28:41.797938,$,Completed
ORD001293,CUST03739,2026-05-17 07:38:19.566650,USD,Refunded
ORD001294,CUST01774,2025-07-07 12:07:27.610703,$,Completed
ORD001295,CUST03503,2026-05-31 02:46:06.444240,USD,Completed
ORD001296,CUST04150,2026-05-22 19:03:13.278755,USD,Completed
ORD001297,CUST01607,2026-01-05 04:48:14.954919,usd,Completed
ORD001298,CUST02859,2025-09-12 23:20:36.329379,US$,Completed
ORD001299,CUST02700,2025-09-20 03:10:57.325295,$,Completed
ORD001300,CUST01257,2026-05-11 06:03:20.230038,US$,Completed
ORD001301,CUST03179,2026-01-03 11:11:10.635249,USD,Completed
ORD001302,CUST02137,2025-09-10 00:31:12.832789,usd,Refunded
ORD001303,CUST01978,2026-06-07 00:07:59.084205,USD,Completed
ORD001304,CUST01019,2025-11-11 03:00:35.756879,US$,Completed
ORD001305,CUST04989,2026-06-03 09:58:30.954602,USD,Cancelled
ORD001306,CUST03527,2025-08-29 05:58:08.769143,USD,Completed
ORD001307,CUST00830,2025-09-15 08:10:54.655806,USD,Completed
ORD001308,CUST02617,2026-03-25 17:16:51.265743,USD,Completed
ORD001309,CUST00995,2025-12-22 16:44:33.518652,USD,Completed
ORD001310,CUST03222,2025-10-22 14:40:44.191828,USD,Completed
ORD001311,CUST02722_DUP,2026-02-19 19:41:56.819395,USD,Completed
ORD001312,CUST02155,2026-05-09 05:16:28.470067,USD,Completed
ORD001313,CUST04855,2025-10-01 09:02:46.488239,USD,Completed
ORD001314,CUST00128,2026-01-04 14:16:18.681953,USD,Completed
ORD001315,CUST02685,2026-03-29 04:43:04.913741,USD,Completed
ORD001316,CUST01891,2025-07-03 20:36:53.769683,USD,Completed
ORD001317,CUST01084,2025-12-17 08:47:52.582456,USD,Completed
ORD001318,CUST00812,2025-09-27 21:50:34.484136,usd,Refunded
ORD001319,CUST03257,2026-01-21 02:00:42.707865,$,Completed
ORD001320,CUST01237,2025-10-30 09:05:34.695548,USD,Completed
ORD001321,CUST00449,2025-11-21 04:48:12.740770,USD,Completed
ORD001322,CUST01423,2025-10-11 08:55:33.899598,USD,Completed
ORD001323,CUST00393,2026-01-18 21:33:08.934240,USD,Completed
ORD001324,CUST00911,2025-08-02 06:41:06.012166,USD,Completed
ORD001325,CUST00682,2026-04-22 22:45:03.994347,US$,Completed
ORD001326,CUST03402,2025-08-28 04:27:32.091585,USD,Completed
ORD001327,CUST01578,2025-10-10 15:53:25.318463,USD,Completed
ORD001328,CUST04213,2025-12-31 03:16:39.130894,USD,Cancelled
ORD001329,CUST01893,2026-04-10 05:59:09.918747,USD,Completed
ORD001330,CUST04556,2025-09-18 20:06:18.197961,USD,Completed
ORD001331,CUST01583,2026-04-10 09:49:44.719365,USD,Completed
ORD001332,CUST03076,2026-01-17 14:31:59.203526,US$,Completed
ORD001333,CUST04594,2026-05-21 06:24:24.250616,US$,Completed
ORD001334,CUST01611,2026-04-08 04:45:11.065643,USD,Completed
ORD001335,CUST00503,2026-03-23 01:21:25.386958,USD,Completed
ORD001336,CUST01023,2026-03-10 13:51:04.581552,USD,Cancelled
ORD001337,CUST03820,2026-02-23 04:03:05.228566,$,Completed
ORD001338,CUST03381,2026-05-07 10:24:15.461564,US$,Cancelled
ORD001339,CUST02597,2025-09-30 08:57:48.671243,usd,Completed
ORD001340,CUST01135,2026-01-22 15:00:22.488489,USD,Completed
ORD001341,CUST04345,2026-01-15 17:47:44.054600,USD,Completed
ORD001342,CUST00172,2026-04-26 04:58:47.454489,USD,Completed
ORD001343,CUST04312,2026-01-07 03:13:28.459317,usd,Completed
ORD001344,CUST02355,2026-02-08 22:26:41.657129,USD,Completed
ORD001345,CUST01830,2025-10-24 23:16:19.456981,US$,Completed
ORD001346,CUST03388,2026-01-05 01:46:00.785934,USD,Completed
ORD001347,CUST03575,2026-05-04 10:23:13.390143,USD,Completed
ORD001348,CUST01551,2025-08-21 15:03:15.380927,USD,Completed
ORD001349,CUST04842,2026-03-30 08:16:22.881444,USD,Completed
ORD001350,CUST03560,2026-01-02 20:53:54.661886,USD,Completed
ORD001351,CUST01208,2026-02-13 12:00:16.124970,USD,Completed
ORD001352,CUST00555,2026-03-03 22:18:43.199236,usd,Completed
ORD001353,CUST01472,2025-12-13 14:01:00.472796,$,Completed
ORD001354,CUST04372,2026-06-09 02:46:44.679118,USD,Cancelled
ORD001355,CUST03296,2025-12-16 03:45:42.842933,US$,Cancelled
ORD001356,CUST01433,2025-11-18 07:59:05.390543,USD,Completed
ORD001357,CUST03778,2025-07-10 15:50:37.476608,USD,Completed
ORD001358,CUST04651,2025-11-30 03:20:04.423482,USD,Completed
ORD001359,CUST01528,2025-07-01 02:40:53.577476,USD,Cancelled
ORD001360,CUST03396,2025-12-25 03:11:29.920907,usd,Completed
ORD001361,CUST04262,2025-07-13 00:30:59.083490,USD,Refunded
ORD001362,CUST03517,2026-01-25 15:17:51.710202,usd,Completed
ORD001363,CUST03564,2026-06-09 13:50:41.851460,USD,Completed
ORD001364,CUST00952,2025-09-18 14:14:09.158093,USD,Completed
ORD001365,CUST01824,2025-08-29 06:27:58.871509,USD,Completed
ORD001366,CUST00200,2026-03-24 18:17:01.934731,USD,Completed
ORD001367,CUST02626,2026-05-05 23:38:17.466640,USD,Completed
ORD001368,CUST02736,2026-04-22 16:09:33.113926,USD,Completed
ORD001369,CUST00458,2025-09-10 10:04:55.716774,usd,Cancelled
ORD001370,CUST01368,2025-09-03 22:15:32.788471,usd,Completed
ORD001371,CUST04996,2026-05-20 16:21:37.313251,USD,Cancelled
ORD001372,CUST04728,2026-04-03 21:09:30.914619,USD,Completed
ORD001373,CUST02183,2026-06-12 11:24:10.141507,$,Cancelled
ORD001374,CUST03834,2026-06-29 21:51:04.257022,USD,Completed
ORD001375,CUST03251,2026-04-10 14:04:34.605234,USD,Completed
ORD001376,CUST01195,2026-04-04 01:41:16.886414,USD,Completed
ORD001377,CUST00594,2025-12-07 08:46:17.350621,USD,Completed
ORD001378,CUST02618,2026-02-03 07:29:53.586694,USD,Completed
ORD001379,CUST04652,2025-09-14 10:49:48.843406,$,Completed
ORD001380,CUST01863,2025-11-26 01:13:55.309856,usd,Refunded
ORD001381,CUST04680,2025-12-20 15:52:17.894717,USD,Completed
ORD001382,CUST04005,2025-08-13 18:15:04.107139,US$,Completed
ORD001383,CUST02837,2026-05-20 12:22:38.604819,USD,Refunded
ORD001384,CUST01197,2026-01-26 20:42:33.221942,USD,Completed
ORD001385,CUST00700,2026-05-22 21:01:20.286905,USD,Completed
ORD001386,CUST01775,2026-01-19 05:36:23.412027,USD ,Refunded
ORD001387,CUST03736,2026-05-08 11:44:48.461796,USD,Completed
ORD001388,CUST03488,2025-07-21 09:32:33.817240,USD,Completed
ORD001389,CUST03794,2025-10-27 14:57:18.648916,US$,Completed
ORD001390,CUST01314,2025-08-25 18:55:50.404692,USD,Completed
ORD001391,CUST01314,2025-07-16 13:46:41.744335,USD,Completed
ORD001392,CUST00119,2026-05-11 22:06:35.464311,USD,Completed
ORD001393,CUST02042,2026-04-09 01:35:54.682330,USD,Cancelled
ORD001394,CUST01198,2025-09-01 20:57:30.118642,USD,Completed
ORD001395,CUST02071,2025-09-08 23:18:50.653418,USD ,Completed
ORD001396,CUST04189,2025-11-11 22:08:02.659372,USD,Refunded
ORD001397,CUST01404,2025-08-24 07:30:27.126685,usd,Completed
ORD001398,CUST03865,2026-05-04 01:08:56.033053,USD,Completed
ORD001399,CUST01661,2025-11-08 02:16:04.254299,USD,Completed
ORD001400,CUST01881,2026-01-10 12:02:51.336488,usd,Refunded
ORD001401,CUST02381,2025-07-19 14:02:39.921196,USD,Completed
ORD001402,CUST00022,2025-10-26 17:42:19.197568,USD,Completed
ORD001403,CUST04134_DUP,2025-12-16 11:47:09.348650,USD,Completed
ORD001404,CUST02417,2025-07-20 04:03:28.720786,USD,Completed
ORD001405,CUST00569,2026-03-02 14:11:38.748759,USD,Completed
ORD001406,CUST04015,2026-06-04 06:15:03.137051,USD,Completed
ORD001407,CUST01715,2025-10-06 01:14:08.661642,USD,Completed
ORD001408,CUST01287,2025-11-11 08:35:04.693731,USD,Completed
ORD001409,CUST02896,2025-07-21 11:12:21.912441,USD,Completed
ORD001410,CUST00160,2026-01-29 04:57:35.921211,USD,Completed
ORD001411,CUST00662,2025-08-15 02:45:46.158523,USD,Completed
ORD001412,CUST02487,2026-01-04 20:36:26.182277,USD,Completed
ORD001413,CUST01056,2026-01-18 01:02:41.613122,USD,Completed
ORD001414,CUST01704,2026-05-20 00:21:13.346875,USD,Completed
ORD001415,CUST03428,2025-10-16 15:14:30.472199,USD,Completed
ORD001416,CUST01057,2025-07-18 22:36:13.474787,USD,Completed
ORD001417,CUST04334,2025-11-11 03:37:43.394971,USD,Completed
ORD001418,CUST01560,2025-07-05 03:37:06.418736,USD,Completed
ORD001419,CUST02250,2026-05-25 10:52:06.970915,USD,Completed
ORD001420,CUST01677,2026-02-11 02:30:11.637578,USD,Refunded
ORD001421,CUST04696,2026-01-05 12:45:31.721997,USD,Cancelled
ORD001422,CUST00247,2025-08-03 16:21:44.494480,US$,Completed
ORD001423,CUST03405,2025-12-05 02:06:40.109274,usd,Completed
ORD001424,CUST03458,2025-11-13 22:38:11.048673,US$,Completed
ORD001425,CUST04055_DUP,2025-10-24 19:32:25.152398,USD,Completed
ORD001426,CUST02504,2026-04-07 05:23:57.528951,USD,Completed
ORD001427,CUST00012,2026-01-25 05:05:55.440962,USD,Completed
ORD001428,CUST02071,2025-10-30 00:23:45.198922,USD,Completed
ORD001429,CUST00816,2025-10-01 20:54:36.719626,USD,Completed
ORD001430,CUST03804,2025-07-09 03:11:54.206357,USD,Completed
ORD001431,CUST02355,2026-05-22 11:38:13.375522,USD,Completed
ORD001432,CUST04525,2025-09-20 09:18:45.172481,USD,Completed
ORD001433,CUST00779,2026-04-13 07:02:01.753308,USD,Completed
ORD001434,CUST04753,2025-07-20 09:25:55.952663,$,Completed
ORD001435,CUST01393,2026-04-29 06:17:06.866472,USD,Completed
ORD001436,CUST02423,2025-08-16 07:39:57.753783,USD,Completed
ORD001437,CUST02604,2025-11-07 12:42:58.807985,US$,Completed
ORD001438,CUST03342,2025-10-05 15:23:14.663126,USD,Refunded
ORD001439,CUST03406,2026-06-06 22:47:14.383013,USD,Completed
ORD001440,CUST01599,2026-02-19 07:17:02.197778,USD,Completed
ORD001441,CUST02715,2025-10-10 00:24:32.316780,USD,Completed
ORD001442,CUST01333,2025-10-01 02:30:29.553421,USD,Completed
ORD001443,CUST04528,2025-07-15 09:02:02.867995,$,Completed
ORD001444,CUST04492,2025-09-11 02:58:39.168293,USD,Completed
ORD001445,CUST03646,2026-02-24 10:39:06.237312,USD,Completed
ORD001446,CUST02221,2025-10-04 19:07:11.726696,usd,Cancelled
ORD001447,CUST02508,2025-10-16 15:47:37.066558,USD,Completed
ORD001448,CUST02785,2025-11-21 17:14:24.539885,usd,Completed
ORD001449,CUST04881,2025-07-15 14:54:26.938743,USD,Completed
ORD001450,CUST00713,2025-09-25 17:31:11.879259,USD,Completed
ORD001451,CUST01304,2025-07-10 02:54:38.524935,US$,Completed
ORD001452,CUST03567,2025-07-09 06:40:56.235934,US$,Completed
ORD001453,CUST04451,2025-11-27 15:15:38.065628,USD,Completed
ORD001454,CUST00331,2026-06-19 01:37:14.313399,USD,Refunded
ORD001455,CUST02264,2026-02-21 10:54:05.480285,USD,Completed
ORD001456,CUST01950,2026-06-17 00:40:00.587216,USD,Cancelled
ORD001457,CUST02939,2026-06-13 04:07:21.572982,US$,Completed
ORD001458,CUST04158,2026-04-04 02:33:35.382883,USD,Completed
ORD001459,CUST03858,2025-12-04 06:27:50.710919,USD,Completed
ORD001460,CUST00553,2025-08-09 09:48:21.999359,usd,Completed
ORD001461,CUST02536,2026-05-10 21:11:20.066642,US$,Completed
ORD001462,CUST04991,2026-01-11 11:27:09.501300,USD ,Completed
ORD001463,CUST02691,2025-07-04 08:55:09.212992,$,Completed
ORD001464,CUST02986,2025-09-24 12:44:12.628288,USD,Completed
ORD001465,CUST02671,2026-05-07 05:54:21.320654,usd,Completed
ORD001466,CUST03333,2025-08-12 09:49:41.836584,USD,Completed
ORD001467,CUST04912,2025-10-23 21:31:43.912767,USD,Completed
ORD001468,CUST00877,2025-07-05 16:11:35.401301,USD,Completed
ORD001469,CUST04854,2026-02-05 13:52:48.991524,usd,Completed
ORD001470,CUST02503,2025-12-27 19:14:39.350451,usd,Completed
ORD001471,CUST01170,2025-12-15 12:06:20.988559,USD,Completed
ORD001472,CUST00853,2026-01-08 11:13:38.632896,USD,Completed
ORD001473,CUST04502,2025-10-15 07:32:26.749783,USD,Cancelled
ORD001474,CUST02922,2026-04-28 20:29:23.924957,$,Completed
ORD001475,CUST00320,2026-03-09 19:05:44.751179,usd,Completed
ORD001476,CUST02856,2025-10-16 17:25:15.204932,USD,Refunded
ORD001477,CUST01488,2025-10-15 14:06:03.295612,USD,Completed
ORD001478,CUST03105,2025-08-04 05:40:56.252764,usd,Completed
ORD001479,CUST03080,2025-08-12 23:54:33.467045,USD,Cancelled
ORD001480,CUST01604,2026-03-31 13:16:20.372604,USD,Completed
ORD001481,CUST00577,2025-10-04 07:28:13.934976,USD,Completed
ORD001482,CUST04734,2026-04-06 13:40:00.707402,US$,Completed
ORD001483,CUST01862,2025-09-30 01:10:42.469908,USD,Refunded
ORD001484,CUST04062,2026-05-04 12:02:38.828518,USD,Cancelled
ORD001485,CUST00958,2026-05-13 03:31:49.943618,usd,Completed
ORD001486,CUST04688,2026-02-23 22:42:24.882435,USD,Completed
ORD001487,CUST04730,2026-01-27 15:36:45.818983,US$,Completed
ORD001488,CUST01038,2026-05-08 05:23:20.957699,USD,Completed
ORD001489,CUST02690,2026-06-11 21:18:57.453245,USD,Cancelled
ORD001490,CUST01805,2025-07-16 00:29:52.828579,USD,Completed
ORD001491,CUST04432,2025-11-29 10:41:33.818493,US$,Completed
ORD001492,CUST01193,2025-10-19 10:27:57.164438,USD,Completed
ORD001493,CUST04595,2025-11-16 05:39:56.961883,US$,Completed
ORD001494,CUST04199,2025-10-03 11:40:42.539637,USD,Completed
ORD001495,CUST02116,2026-02-11 06:06:24.891128,usd,Refunded
ORD001496,CUST03830,2025-07-21 00:52:14.095136,USD,Completed
ORD001497,CUST04657,2025-07-08 16:21:29.095100,USD,Completed
ORD001498,CUST01944,2026-03-01 04:55:58.131075,USD,Completed
ORD001499,CUST04771,2026-01-01 11:01:36.473204,USD ,Completed
ORD001500,CUST02435,2025-12-26 01:37:28.883455,usd,Completed
ORD001501,CUST02070,2025-11-11 21:53:44.295311,US$,Completed
ORD001502,CUST00904,2026-05-19 05:04:16.639045,US$,Completed
ORD001503,CUST03302,2025-10-29 05:50:58.143041,USD,Completed
ORD001504,CUST03491,2026-05-17 04:30:36.859695,USD,Completed
ORD001505,CUST02813,2025-10-09 18:14:59.502327,USD,Completed
ORD001506,CUST03703,2025-10-12 09:22:37.899121,US$,Refunded
ORD001507,CUST00894,2026-01-29 02:03:00.101464,USD,Completed
ORD001508,CUST02123,2026-03-06 09:09:19.964350,USD,Completed
ORD001509,CUST04223,2026-02-26 08:29:59.625310,USD,Completed
ORD001510,CUST02699,2025-07-24 23:27:57.991143,$,Completed
ORD001511,CUST04651,2025-10-20 03:03:56.630316,usd,Completed
ORD001512,CUST04965,2026-01-28 23:09:05.629527,usd,Completed
ORD001513,CUST03516,2026-01-08 04:20:29.002520,USD,Completed
ORD001514,CUST03691,2026-04-27 06:47:08.095803,USD,Completed
ORD001515,CUST04071,2025-07-10 08:13:17.479154,USD,Completed
ORD001516,CUST04524,2025-07-02 02:34:31.148416,USD,Completed
ORD001517,CUST02535,2025-07-10 23:57:56.337123,USD ,Completed
ORD001518,CUST02512,2025-08-11 13:21:54.004408,USD,Completed
ORD001519,CUST01725,2025-07-13 05:21:38.145823,USD,Completed
ORD001520,CUST00802,2026-02-04 19:03:44.234234,US$,Completed
ORD001521,CUST03815,2025-09-03 11:53:32.511227,$,Completed
ORD001522,CUST01584,2026-03-23 10:27:15.580662,USD,Completed
ORD001523,CUST00022,2025-07-14 19:04:55.303808,USD,Completed
ORD001524,CUST03178,2026-03-05 01:04:32.262079,USD,Completed
ORD001525,CUST01617,2025-09-20 10:06:04.019110,usd,Completed
ORD001526,CUST02315,2025-09-27 12:57:37.101028,USD,Cancelled
ORD001527,CUST03349,2025-08-18 13:25:14.784820,USD,Completed
ORD001528,CUST01065,2026-01-06 16:23:44.381791,$,Completed
ORD001529,CUST00355,2026-02-07 12:03:44.299798,usd,Completed
ORD001530,CUST01133,2025-08-01 18:06:29.129920,$,Completed
ORD001531,CUST03217,2026-01-23 14:44:12.187266,USD,Completed
ORD001532,CUST01949,2025-08-09 16:09:40.635003,USD,Completed
ORD001533,CUST02712,2025-10-17 13:31:35.718933,US$,Completed
ORD001534,CUST03691,2026-01-18 15:37:45.503130,USD,Completed
ORD001535,CUST00440,2025-12-16 15:21:40.588395,USD,Refunded
ORD001536,CUST02013,2026-04-30 17:30:37.845613,USD,Completed
ORD001537,CUST02393,2025-09-13 06:42:47.813253,USD,Completed
ORD001538,CUST00274,2026-05-15 16:18:54.178927,USD,Completed
ORD001539,CUST02572,2026-05-05 02:01:25.896881,USD,Completed
ORD001540,CUST00344,2025-12-02 13:40:49.269642,$,Completed
ORD001541,CUST00336,2026-06-12 02:27:52.047812,USD,Completed
ORD001542,CUST00604,2026-03-12 06:26:28.301788,USD,Refunded
ORD001543,CUST02175,2025-07-26 17:52:52.266680,$,Completed
ORD001544,CUST04618,2026-05-16 22:31:15.658448,USD,Completed
ORD001545,CUST03209,2026-02-06 04:17:43.559019,USD,Completed
ORD001546,CUST04514,2026-02-22 14:55:22.073074,USD,Cancelled
ORD001547,CUST04892,2026-06-06 05:29:24.673051,USD,Completed
ORD001548,CUST03913,2025-11-26 03:26:25.873060,USD,Completed
ORD001549,CUST00117,2025-09-05 15:33:15.535848,US$,Completed
ORD001550,CUST03585,2026-03-22 21:26:14.422000,usd,Completed
ORD001551,CUST01261,2025-07-01 08:03:00.285220,USD,Completed
ORD001552,CUST04433,2026-02-07 19:00:20.368684,USD,Completed
ORD001553,CUST00217,2026-01-12 01:04:46.689016,USD,Completed
ORD001554,CUST03435,2025-10-17 17:16:12.125034,USD,Completed
ORD001555,CUST00036,2026-04-23 17:53:42.983669,$,Completed
ORD001556,CUST02653,2025-09-11 06:30:45.125100,US$,Completed
ORD001557,CUST02728,2025-12-28 02:05:45.743277,USD,Refunded
ORD001558,CUST01739,2025-10-25 03:48:32.430801,usd,Completed
ORD001559,CUST04094,2026-03-04 13:52:20.841063,USD,Completed
ORD001560,CUST04963,2026-05-02 21:53:55.014200,US$,Completed
ORD001561,CUST01773,2025-11-15 18:34:07.902178,USD,Completed
ORD001562,CUST03359,2025-08-25 10:56:52.716033,US$,Completed
ORD001563,CUST04921,2026-03-05 05:09:18.410289,USD,Completed
ORD001564,CUST03368,2026-06-22 11:39:40.017491,USD,Completed
ORD001565,CUST02001,2025-11-18 23:27:21.887576,USD,Completed
ORD001566,CUST01165,2026-03-31 07:15:09.758870,$,Completed
ORD001567,CUST04611,2026-04-15 12:18:26.043665,USD,Cancelled
ORD001568,CUST01506,2025-11-07 17:46:33.818067,USD,Completed
ORD001569,CUST03069,2025-09-18 16:43:57.719771,$,Completed
ORD001570,CUST03281,2026-01-13 14:21:25.557140,USD,Completed
ORD001571,CUST00305,2025-12-08 12:18:11.913950,USD,Cancelled
ORD001572,CUST03787,2026-02-02 03:44:15.319596,USD,Completed
ORD001573,CUST02792,2026-03-26 07:17:13.440003,USD,Completed
ORD001574,CUST00458,2025-10-30 04:16:22.450073,USD,Completed
ORD001575,CUST02072,2025-10-13 16:11:58.356502,USD,Completed
ORD001576,CUST03576,2026-04-02 16:10:29.909224,USD,Cancelled
ORD001577,CUST00939,2025-12-11 00:31:16.885419,USD,Completed
ORD001578,CUST04516,2025-09-08 10:44:46.193140,USD,Completed
ORD001579,CUST01895,2025-12-14 15:30:45.832099,USD,Completed
ORD001580,CUST00595,2026-04-24 23:07:24.064718,usd,Completed
ORD001581,CUST03096,2026-04-17 23:39:15.446779,usd,Completed
ORD001582,CUST00922,2026-04-17 17:54:44.902894,USD,Completed
ORD001583,CUST00204,2026-01-20 14:44:55.256168,USD,Completed
ORD001584,CUST03424,2025-11-14 01:08:28.382339,USD,Completed
ORD001585,CUST04582,2026-03-11 14:47:37.286829,USD,Completed
ORD001586,CUST01911,2026-01-31 11:39:40.387221,USD,Completed
ORD001587,CUST02292,2026-03-11 08:05:12.882083,USD,Completed
ORD001588,CUST02586,2026-06-11 23:14:30.878971,USD,Completed
ORD001589,CUST04023,2025-07-08 09:07:42.573308,usd,Completed
ORD001590,CUST03645,2025-08-16 05:08:19.125723,usd,Cancelled
ORD001591,CUST01191,2026-04-11 13:49:48.210320,USD,Completed
ORD001592,CUST01301,2025-10-01 22:55:19.173325,USD,Completed
ORD001593,CUST00212,2025-11-21 11:22:45.056173,$,Refunded
ORD001594,CUST01372,2025-10-14 08:59:38.210708,USD,Completed
ORD001595,CUST00435,2025-08-23 06:58:17.768702,$,Completed
ORD001596,CUST03434,2026-04-28 06:29:35.008446,USD,Completed
ORD001597,CUST01126,2026-06-11 21:04:45.213441,usd,Completed
ORD001598,CUST03346,2025-07-03 19:32:37.711800,USD,Completed
ORD001599,CUST00160,2026-05-08 04:25:43.879388,USD,Cancelled
ORD001600,CUST02174,2026-01-01 21:29:32.633497,USD,Completed
ORD001601,CUST02106,2025-10-04 17:58:02.192660,$,Refunded
ORD001602,CUST01450,2026-01-23 07:15:16.551709,USD,Completed
ORD001603,CUST04507,2026-03-26 21:47:35.502887,USD,Completed
ORD001604,CUST04054,2025-08-11 16:08:48.172708,USD,Completed
ORD001605,CUST00116,2025-11-09 18:14:22.985076,USD,Completed
ORD001606,CUST04965,2026-01-29 03:58:02.309522,USD,Completed
ORD001607,CUST03835,2026-04-20 12:22:54.750936,USD,Completed
ORD001608,CUST03556,2026-06-16 23:41:03.331649,USD,Cancelled
ORD001609,CUST04211,2026-04-18 07:34:03.832520,USD,Completed
ORD001610,CUST01255,2026-03-13 03:59:11.475355,USD,Completed
ORD001611,CUST04280,2025-12-22 01:13:39.634202,USD,Completed
ORD001612,CUST04200,2025-10-03 02:40:39.367583,usd,Completed
ORD001613,CUST03286,2026-04-15 06:50:04.116600,USD,Completed
ORD001614,CUST03094,2026-06-05 18:01:17.554915,USD,Completed
ORD001615,CUST00011,2025-11-09 19:42:35.760797,USD,Completed
ORD001616,CUST00611,2025-12-16 06:46:22.895217,USD,Cancelled
ORD001617,CUST00273,2026-03-06 11:59:44.607345,USD,Completed
ORD001618,CUST03259,2026-01-10 06:35:44.656074,USD,Completed
ORD001619,CUST01649,2025-11-25 14:03:37.676489,USD,Completed
ORD001620,CUST03289,2025-09-17 07:38:31.592581,USD,Refunded
ORD001621,CUST04729,2026-03-21 01:10:46.852044,US$,Completed
ORD001622,CUST01183,2025-11-18 23:12:56.486899,USD,Completed
ORD001623,CUST01010,2025-09-16 15:05:15.070571,US$,Completed
ORD001624,CUST02151,2025-08-19 14:32:20.814515,USD,Completed
ORD001625,CUST01952,2025-11-06 18:25:57.584007,USD ,Completed
ORD001626,CUST02213,2026-05-10 01:01:38.615085,USD,Completed
ORD001627,CUST00148,2026-04-10 09:17:40.805035,USD,Completed
ORD001628,CUST01454_DUP,2026-04-04 04:35:11.152677,USD,Completed
ORD001629,CUST00162,2026-05-19 05:06:16.178681,USD,Completed
ORD001630,CUST00971,2026-06-15 07:17:48.942809,USD,Completed
ORD001631,CUST03280,2025-10-02 07:04:14.693439,USD,Cancelled
ORD001632,CUST03007,2026-03-05 16:11:48.048917,USD,Completed
ORD001633,CUST00848,2026-01-02 02:08:49.906317,usd,Completed
ORD001634,CUST02337,2025-12-08 20:28:20.657425,USD,Completed
ORD001635,CUST03479,2026-04-27 17:01:21.524506,$,Completed
ORD001636,CUST03627,2025-10-03 23:41:47.632286,USD,Completed
ORD001637,CUST01243,2025-07-31 09:51:49.133683,USD,Completed
ORD001638,CUST00682,2026-02-03 10:45:08.257600,USD,Completed
ORD001639,CUST00552,2026-04-23 21:31:36.702792,USD,Cancelled
ORD001640,CUST04675,2026-05-13 03:41:54.662566,$,Completed
ORD001641,CUST03842,2026-06-22 02:20:39.536660,USD,Completed
ORD001642,CUST04549,2026-03-02 22:55:13.386492,usd,Completed
ORD001643,CUST01447,2026-02-06 02:22:07.157583,USD,Completed
ORD001644,CUST02851,2026-04-25 19:31:41.275385,USD,Completed
ORD001645,CUST01340,2026-03-16 03:31:56.924246,USD,Cancelled
ORD001646,CUST01882,2026-03-21 18:30:04.163372,usd,Completed
ORD001647,CUST00269,2026-04-02 20:09:11.077116,USD,Refunded
ORD001648,CUST01411,2025-12-17 14:15:08.085220,USD,Cancelled
ORD001649,CUST02986,2026-04-24 02:40:48.006815,$,Completed
ORD001650,CUST03878,2025-10-11 12:21:44.225726,USD,Completed
ORD001651,CUST02735,2026-02-22 12:05:50.047454,USD,Completed
ORD001652,CUST03460,2025-11-03 19:48:00.659137,USD,Completed
ORD001653,CUST03698,2025-07-20 13:51:28.195401,usd,Completed
ORD001654,CUST01369,2026-04-30 13:09:05.506727,USD,Completed
ORD001655,CUST03348_DUP,2026-02-10 19:51:03.349607,usd,Completed
ORD001656,CUST01358,2025-10-28 21:47:59.424593,USD,Completed
ORD001657,CUST02329,2026-06-19 19:43:21.746224,USD,Completed
ORD001658,CUST01731,2025-10-26 22:52:52.687204,USD,Completed
ORD001659,CUST03002,2025-08-22 14:26:23.702380,USD,Cancelled
ORD001660,CUST01538,2026-06-18 10:32:17.721776,USD,Cancelled
ORD001661,CUST01866_DUP,2025-11-18 14:30:50.033420,usd,Completed
ORD001662,CUST03472,2025-08-17 06:24:46.936326,usd,Completed
ORD001663,CUST04698,2026-04-10 21:22:55.254121,usd,Completed
ORD001664,CUST03665,2026-04-16 02:56:41.590497,USD,Completed
ORD001665,CUST03087,2026-06-24 21:39:31.276873,usd,Completed
ORD001666,CUST04344,2025-12-19 04:21:56.855424,USD,Completed
ORD001667,CUST00725,2025-08-03 18:26:11.847494,US$,Completed
ORD001668,CUST04905,2026-02-05 10:52:19.006847,USD,Completed
ORD001669,CUST04268,2025-10-14 08:55:37.140533,USD,Completed
ORD001670,CUST04229,2026-05-25 20:17:32.562285,USD,Completed
ORD001671,CUST04819,2025-08-30 06:44:18.528639,USD,Completed
ORD001672,CUST01733,2026-02-16 12:12:47.669957,$,Completed
ORD001673,CUST04124,2026-02-03 16:53:59.155662,USD,Completed
ORD001674,CUST00370,2025-12-23 22:54:45.886939,USD,Completed
ORD001675,CUST02176,2026-06-24 21:25:00.519313,USD,Completed
ORD001676,CUST04732,2026-06-28 09:04:51.848010,USD,Completed
ORD001677,CUST02118,2025-10-29 15:02:46.268008,USD,Completed
ORD001678,CUST01191,2026-01-05 04:54:36.735112,$,Completed
ORD001679,CUST00896,2025-11-17 16:00:18.509778,USD,Completed
ORD001680,CUST00465,2025-08-06 23:15:32.279048,$,Completed
ORD001681,CUST00581,2026-05-23 20:23:34.814399,$,Completed
ORD001682,CUST03476,2026-01-09 21:43:44.422626,US$,Completed
ORD001683,CUST02634,2025-10-22 22:03:46.319986,USD,Completed
ORD001684,CUST00626,2025-08-02 04:00:09.373403,USD,Completed
ORD001685,CUST03376,2026-06-15 19:07:18.233118,USD,Completed
ORD001686,CUST00429,2026-05-20 05:08:10.885021,US$,Completed
ORD001687,CUST01627,2026-06-14 10:31:21.954031,USD,Completed
ORD001688,CUST04358,2025-07-02 23:05:47.181633,USD,Completed
ORD001689,CUST01280,2026-05-20 01:05:58.482431,USD,Completed
ORD001690,CUST02169,2025-08-18 11:15:05.705823,USD,Completed
ORD001691,CUST04058,2026-03-01 20:28:21.441858,USD,Completed
ORD001692,CUST02744,2026-04-10 22:26:15.514292,US$,Completed
ORD001693,CUST01344,2025-07-11 06:13:49.135676,US$,Completed
ORD001694,CUST03968,2025-07-09 19:49:39.060273,$,Completed
ORD001695,CUST00836,2026-03-29 03:22:22.064881,usd,Completed
ORD001696,CUST00527,2026-03-11 20:45:11.792897,US$,Completed
ORD001697,CUST03855,2026-03-01 00:51:53.880973,$,Completed
ORD001698,CUST04423,2025-08-18 20:24:26.349640,USD,Completed
ORD001699,CUST00041,2026-06-12 05:55:58.535383,USD,Completed
ORD001700,CUST03733,2025-11-10 18:55:22.625398,$,Completed
ORD001701,CUST04487,2026-05-14 17:36:31.673533,$,Completed
ORD001702,CUST01477,2025-11-04 11:30:33.016793,USD,Completed
ORD001703,CUST03753,2025-07-11 17:44:59.544880,USD,Completed
ORD001704,CUST00389,2025-11-05 23:01:07.116952,US$,Completed
ORD001705,CUST01181,2026-06-04 18:43:16.573945,USD,Cancelled
ORD001706,CUST03472,2026-02-16 23:51:51.696936,USD,Cancelled
ORD001707,CUST03506,2025-08-11 22:01:12.600973,USD,Completed
ORD001708,CUST04080_DUP,2026-01-23 20:53:55.912864,USD,Refunded
ORD001709,CUST04299,2026-06-27 03:06:23.126382,USD,Completed
ORD001710,CUST02402,2026-04-29 12:35:55.135047,USD,Completed
ORD001711,CUST03703,2026-06-06 15:53:48.958699,usd,Refunded
ORD001712,CUST01931,2025-07-23 21:03:01.782459,USD,Completed
ORD001713,CUST02765_DUP,2025-12-01 19:38:02.262803,$,Completed
ORD001714,CUST04762,2026-04-17 13:26:40.692790,USD ,Refunded
ORD001715,CUST03408,2025-10-10 13:49:27.027479,USD ,Cancelled
ORD001716,CUST02690,2025-12-18 03:53:33.068542,$,Completed
ORD001717,CUST03717,2025-09-24 05:18:12.112003,USD,Refunded
ORD001718,CUST04764,2026-04-29 13:57:39.232552,USD,Completed
ORD001719,CUST02042,2025-07-13 17:59:17.620863,USD,Completed
ORD001720,CUST01255,2026-06-18 21:36:23.130118,US$,Completed
ORD001721,CUST04326,2025-11-19 19:59:08.603058,USD,Completed
ORD001722,CUST04949,2026-04-06 12:27:22.772366,USD,Completed
ORD001723,CUST02863,2025-12-05 17:26:54.094738,USD,Cancelled
ORD001724,CUST00573,2026-02-09 21:34:04.099864,USD ,Completed
ORD001725,CUST03294,2025-08-18 15:23:10.147240,USD,Completed
ORD001726,CUST01967,2026-03-10 00:36:55.145308,US$,Completed
ORD001727,CUST03813,2025-08-25 10:03:05.584589,USD,Completed
ORD001728,CUST01547_DUP,2026-05-15 11:08:43.594855,USD,Completed
ORD001729,CUST02590,2025-09-05 18:51:55.180736,$,Completed
ORD001730,CUST00288,2026-05-11 18:58:54.666648,USD,Completed
ORD001731,CUST02454,2026-04-12 20:01:32.849876,USD,Completed
ORD001732,CUST03605,2026-01-08 09:10:26.193800,$,Completed
ORD001733,CUST04031,2026-06-16 23:20:59.964582,USD,Completed
ORD001734,CUST01327,2026-02-13 16:02:36.108914,USD,Completed
ORD001735,CUST02885,2026-06-23 17:26:36.862599,USD,Completed
ORD001736,CUST00862,2025-10-09 03:30:22.915758,USD,Completed
ORD001737,CUST04454,2025-11-14 23:32:54.467176,USD,Completed
ORD001738,CUST01524,2025-10-13 06:29:51.540357,USD,Completed
ORD001739,CUST00390,2026-05-19 21:18:57.988265,$,Completed
ORD001740,CUST02613,2026-01-26 11:06:18.586814,USD,Completed
ORD001741,CUST04184,2026-02-22 02:51:43.215316,USD,Completed
ORD001742,CUST01898,2025-12-22 19:02:05.955846,USD,Completed
ORD001743,CUST02429,2025-10-02 08:32:20.848819,USD,Cancelled
ORD001744,CUST01354,2025-08-11 15:19:39.179172,USD,Completed
ORD001745,CUST04279,2025-07-23 05:22:27.853422,USD,Completed
ORD001746,CUST01404,2025-11-26 18:45:42.397042,$,Completed
ORD001747,CUST04427,2026-06-08 00:18:24.948424,USD,Completed
ORD001748,CUST02590,2026-06-08 12:30:41.433555,US$,Completed
ORD001749,CUST03196,2025-07-08 02:23:52.159014,USD,Completed
ORD001750,CUST04309,2026-03-30 19:51:25.689457,usd,Completed
ORD001751,CUST04109,2026-06-15 09:51:00.545193,US$,Refunded
ORD001752,CUST04364,2026-05-23 22:33:11.257271,USD ,Completed
ORD001753,CUST00295,2025-07-02 13:01:50.469011,USD,Completed
ORD001754,CUST00650,2025-10-27 21:03:59.713194,USD,Completed
ORD001755,CUST01373,2026-03-04 22:28:17.200778,US$,Completed
ORD001756,CUST03771,2025-10-04 18:46:38.456027,USD,Completed
ORD001757,CUST01373,2026-05-13 07:15:29.664472,USD,Completed
ORD001758,CUST00138,2026-02-13 21:21:57.777353,USD,Completed
ORD001759,CUST03127,2026-02-17 12:40:29.779404,USD,Refunded
ORD001760,CUST01039,2026-06-08 12:48:29.459622,usd,Cancelled
ORD001761,CUST03937,2026-03-23 07:08:11.557370,USD,Completed
ORD001762,CUST04437,2026-05-17 09:39:50.231368,usd,Completed
ORD001763,CUST01525,2025-08-30 19:57:55.777126,USD,Completed
ORD001764,CUST03103,2026-06-05 10:53:30.959366,USD ,Completed
ORD001765,CUST01226,2025-08-12 19:15:10.776973,USD,Refunded
ORD001766,CUST03958,2026-05-23 05:41:38.737512,USD,Completed
ORD001767,CUST02201,2026-02-23 03:34:42.139344,USD,Completed
ORD001768,CUST00060,2025-12-15 09:37:10.249978,USD,Completed
ORD001769,CUST01865,2026-04-12 16:44:52.072609,US$,Completed
ORD001770,CUST02843,2025-12-11 02:35:31.082183,US$,Completed
ORD001771,CUST03017,2026-04-21 20:38:46.303967,USD,Completed
ORD001772,CUST03484,2025-09-14 21:30:30.643455,USD,Cancelled
ORD001773,CUST01058,2025-09-19 23:09:02.119989,US$,Completed
ORD001774,CUST03711,2025-09-17 00:51:32.655745,USD,Completed
ORD001775,CUST00300,2026-03-19 00:03:31.631505,USD,Completed
ORD001776,CUST02783,2025-08-04 03:04:41.205537,USD,Completed
ORD001777,CUST03849,2025-12-23 06:58:10.735526,USD,Cancelled
ORD001778,CUST03788,2026-05-06 06:37:50.949142,USD,Completed
ORD001779,CUST01037,2025-08-23 07:08:07.004545,USD,Completed
ORD001780,CUST03672,2025-12-18 00:56:39.809939,$,Completed
ORD001781,CUST01338,2026-01-22 19:33:55.975267,usd,Completed
ORD001782,CUST01249,2026-03-27 06:36:20.053289,USD,Completed
ORD001783,CUST03364,2025-10-30 02:22:18.088163,USD,Completed
ORD001784,CUST01827,2025-11-05 11:46:15.381433,USD ,Completed
ORD001785,CUST03754,2025-12-20 03:35:11.486619,USD,Completed
ORD001786,CUST00852,2025-08-26 07:28:52.144823,USD,Refunded
ORD001787,CUST04403,2026-03-08 04:52:22.203405,US$,Completed
ORD001788,CUST04783,2026-04-01 10:13:02.121376,USD,Completed
ORD001789,CUST02339,2026-01-16 19:54:56.430498,USD,Completed
ORD001790,CUST01908,2025-12-24 02:09:26.040203,USD,Completed
ORD001791,CUST02813,2025-12-20 00:01:02.767528,USD,Completed
ORD001792,CUST02282,2025-12-29 13:01:16.521934,USD,Cancelled
ORD001793,CUST02168,2026-04-04 03:37:10.170204,usd,Completed
ORD001794,CUST01870,2025-09-05 23:10:57.750548,USD,Completed
ORD001795,CUST00578,2026-06-06 23:50:31.726309,$,Completed
ORD001796,CUST04460,2026-01-01 01:28:47.718450,USD,Completed
ORD001797,CUST03812,2026-02-04 09:04:47.048529,$,Completed
ORD001798,CUST00087,2025-08-11 22:55:41.540287,USD,Completed
ORD001799,CUST01325,2025-07-14 14:09:45.098687,USD,Completed
ORD001800,CUST02563,2025-11-23 12:32:58.690079,USD,Completed
ORD001801,CUST02286,2025-07-28 18:13:42.588291,$,Completed
ORD001802,CUST00261,2025-10-31 21:17:47.291439,USD,Completed
ORD001803,CUST04548,2026-05-29 04:52:01.887301,USD,Completed
ORD001804,CUST00698,2026-01-05 02:12:59.329288,USD,Completed
ORD001805,CUST01847,2026-03-28 20:32:01.460790,US$,Completed
ORD001806,CUST04192,2026-06-06 01:56:57.690171,USD,Completed
ORD001807,CUST04134,2026-01-08 05:00:57.702704,USD,Completed
ORD001808,CUST03080,2025-12-12 23:05:54.958101,USD,Completed
ORD001809,CUST02916,2026-04-14 10:21:58.892692,USD,Completed
ORD001810,CUST02626,2026-05-10 07:15:35.213676,US$,Completed
ORD001811,CUST00621,2026-06-25 10:44:00.007274,USD,Completed
ORD001812,CUST00959,2026-06-13 20:42:06.198292,USD,Completed
ORD001813,CUST03745,2025-08-24 10:41:02.501681,USD,Completed
ORD001814,CUST02672,2025-09-09 02:10:40.583497,USD,Completed
ORD001815,CUST03686,2026-05-10 05:36:34.084780,USD,Completed
ORD001816,CUST03775,2025-11-15 12:07:43.090518,USD,Completed
ORD001817,CUST03121,2026-05-26 01:14:05.865506,USD,Completed
ORD001818,CUST03016,2026-06-23 00:57:23.651483,USD,Cancelled
ORD001819,CUST02424,2025-07-30 14:45:26.658433,USD,Completed
ORD001820,CUST04656,2025-10-24 00:42:49.154135,USD,Completed
ORD001821,CUST03014,2026-04-10 23:16:39.747757,USD,Completed
ORD001822,CUST01967,2026-01-22 18:32:31.895211,USD,Completed
ORD001823,CUST04614,2025-12-28 09:06:10.439807,usd,Completed
ORD001824,CUST00940,2025-10-29 02:29:56.664675,USD,Completed
ORD001825,CUST02345,2026-03-10 11:01:27.513568,US$,Completed
ORD001826,CUST02827,2025-08-04 11:10:00.277238,$,Completed
ORD001827,CUST01074,2025-07-01 18:28:18.547349,usd,Completed
ORD001828,CUST03007,2025-12-24 09:25:03.788191,USD,Cancelled
ORD001829,CUST03713,2026-01-04 02:40:41.999603,US$,Completed
ORD001830,CUST04102,2026-01-05 11:28:49.394189,USD,Completed
ORD001831,CUST03231,2026-03-31 15:18:15.732523,USD,Completed
ORD001832,CUST00550,2026-04-04 14:20:42.031435,USD,Completed
ORD001833,CUST00759,2025-10-08 23:13:56.264563,USD,Cancelled
ORD001834,CUST04026,2025-08-24 00:40:16.228869,USD,Completed
ORD001835,CUST01221,2025-10-28 07:22:17.912654,USD,Completed
ORD001836,CUST01111,2026-01-10 17:45:04.740417,USD,Completed
ORD001837,CUST02147,2025-10-15 10:42:58.028429,USD,Completed
ORD001838,CUST04481,2026-01-29 10:24:42.200049,USD,Cancelled
ORD001839,CUST01545,2026-05-13 23:42:07.786368,US$,Completed
ORD001840,CUST01983,2025-07-25 22:14:28.865405,USD,Cancelled
ORD001841,CUST01381,2026-04-05 13:28:33.690050,usd,Completed
ORD001842,CUST02341,2025-12-31 13:48:33.301119,USD,Completed
ORD001843,CUST04774,2026-01-20 03:38:07.477420,USD,Completed
ORD001844,CUST01914,2025-09-05 09:19:15.318547,USD,Completed
ORD001845,CUST00181,2025-12-30 23:13:41.481984,USD,Completed
ORD001846,CUST00726,2025-09-02 23:54:37.794734,US$,Cancelled
ORD001847,CUST02964,2026-01-29 22:25:22.872038,usd,Completed
ORD001848,CUST02897,2025-10-06 11:24:22.091084,USD,Completed
ORD001849,CUST04655,2025-11-08 23:08:43.213251,USD,Completed
ORD001850,CUST03920,2025-10-08 03:40:22.189457,USD,Completed
ORD001851,CUST01117,2025-09-28 02:44:36.809397,US$,Completed
ORD001852,CUST01261,2025-10-16 04:55:54.910229,USD,Completed
ORD001853,CUST00708,2025-12-02 12:04:45.931836,USD,Completed
ORD001854,CUST00933,2025-08-15 12:52:05.570228,USD,Completed
ORD001855,CUST01911,2025-10-08 06:19:19.829139,USD,Completed
ORD001856,CUST03006,2025-08-03 00:34:40.271883,USD,Completed
ORD001857,CUST04922,2026-05-04 12:12:47.156569,usd,Completed
ORD001858,CUST01441,2025-10-14 02:03:08.871603,US$,Completed
ORD001859,CUST03408,2026-01-12 20:09:26.641472,USD,Completed
ORD001860,CUST02379,2026-06-02 20:56:40.801522,US$,Completed
ORD001861,CUST00955,2026-01-01 21:23:43.066104,USD,Completed
ORD001862,CUST02756_DUP,2025-10-02 07:36:40.606579,USD,Completed
ORD001863,CUST01670,2026-01-29 07:35:53.236778,USD,Refunded
ORD001864,CUST00324,2026-03-29 08:08:00.701164,USD,Completed
ORD001865,CUST02502,2026-01-30 19:37:15.489155,USD,Completed
ORD001866,CUST04307,2025-09-12 03:56:08.421184,$,Completed
ORD001867,CUST04465,2025-09-24 06:53:36.121975,USD,Completed
ORD001868,CUST04739,2025-09-25 00:54:46.579554,USD,Completed
ORD001869,CUST02953,2025-11-15 04:12:07.411143,USD,Completed
ORD001870,CUST04689,2025-12-01 18:53:37.774871,USD,Completed
ORD001871,CUST04835,2025-07-15 17:37:56.679276,USD,Completed
ORD001872,CUST01778,2025-11-01 09:30:35.016364,USD,Completed
ORD001873,CUST04601,2026-05-13 05:38:59.065841,usd,Completed
ORD001874,CUST00771,2026-03-31 21:26:33.399589,USD,Completed
ORD001875,CUST03532,2025-09-23 02:10:13.694956,US$,Completed
ORD001876,CUST04007,2026-03-19 19:21:14.686467,USD,Completed
ORD001877,CUST00567,2026-03-23 02:55:40.583535,$,Completed
ORD001878,CUST01784,2026-01-26 10:05:09.541304,USD,Cancelled
ORD001879,CUST00756,2025-09-18 12:06:30.645348,USD,Cancelled
ORD001880,CUST03926,2026-01-10 18:10:15.881617,USD,Completed
ORD001881,CUST00248,2026-04-05 12:07:20.058988,USD,Completed
ORD001882,CUST01302,2025-07-14 08:08:24.150183,USD,Cancelled
ORD001883,CUST02040,2026-05-16 07:14:33.561114,USD,Completed
ORD001884,CUST04854,2025-07-05 06:16:07.870498,USD,Completed
ORD001885,CUST04040,2025-11-06 08:17:31.857825,USD,Cancelled
ORD001886,CUST03890,2026-04-15 14:41:17.604325,usd,Completed
ORD001887,CUST04063,2025-07-23 08:43:13.583730,USD,Completed
ORD001888,CUST01258,2026-06-23 23:48:20.723122,USD,Completed
ORD001889,CUST03763,2026-04-07 09:57:55.099266,USD,Completed
ORD001890,CUST03092,2025-10-04 10:28:31.886122,usd,Completed
ORD001891,CUST03231,2026-03-30 10:42:28.035669,USD,Completed
ORD001892,CUST04076,2026-01-16 22:28:32.177128,$,Completed
ORD001893,CUST00630,2025-09-09 21:05:23.496768,USD,Refunded
ORD001894,CUST00450,2025-07-12 08:22:39.639444,USD,Cancelled
ORD001895,CUST03601,2026-05-29 04:43:37.103324,$,Refunded
ORD001896,CUST01540,2025-09-23 03:04:41.972401,usd,Completed
ORD001897,CUST03106,2026-04-27 10:51:49.369278,US$,Completed
ORD001898,CUST03478,2026-01-11 01:21:38.496659,USD,Completed
ORD001899,CUST00112,2025-10-21 19:38:01.342812,USD,Completed
ORD001900,CUST03299,2025-07-07 11:28:18.615624,$,Completed
ORD001901,CUST03252,2026-01-08 06:53:26.904421,USD,Completed
ORD001902,CUST01122,2026-04-18 16:14:52.519279,USD ,Completed
ORD001903,CUST03779,2025-12-01 13:52:20.884619,USD,Completed
ORD001904,CUST02608,2025-08-12 15:43:36.255928,USD,Completed
ORD001905,CUST00217,2026-01-11 14:56:13.985857,USD,Completed
ORD001906,CUST00539,2025-11-19 06:05:56.554999,USD,Completed
ORD001907,CUST03448,2026-03-10 10:18:31.480496,USD,Completed
ORD001908,CUST02444,2026-04-18 13:29:01.358213,USD,Completed
ORD001909,CUST03328,2026-06-10 17:12:31.246474,USD,Completed
ORD001910,CUST04022,2026-04-11 11:37:47.909593,USD,Cancelled
ORD001911,CUST04438,2026-02-27 13:27:54.053697,USD,Completed
ORD001912,CUST01402,2025-12-05 23:22:51.600442,USD,Completed
ORD001913,CUST00043,2026-01-23 22:08:32.622694,US$,Completed
ORD001914,CUST01165,2025-09-11 12:27:38.447449,USD,Cancelled
ORD001915,CUST04438,2025-08-28 11:21:32.120838,US$,Completed
ORD001916,CUST03063,2025-09-29 09:43:08.458405,USD,Completed
ORD001917,CUST02248,2025-11-10 14:42:03.618520,USD,Refunded
ORD001918,CUST00923,2026-03-18 01:13:13.314368,USD,Completed
ORD001919,CUST04720,2026-05-15 07:16:17.788773,$,Completed
ORD001920,CUST01760,2025-08-14 11:24:20.132525,$,Completed
ORD001921,CUST01353,2025-08-26 14:25:04.379312,usd,Completed
ORD001922,CUST04061,2025-08-28 08:56:01.613037,USD,Cancelled
ORD001923,CUST04488,2025-12-24 15:17:02.503928,usd,Completed
ORD001924,CUST04609,2025-07-03 01:03:22.760510,US$,Completed
ORD001925,CUST01971,2026-06-13 11:24:43.047318,USD,Completed
ORD001926,CUST01929,2026-01-24 16:33:11.367030,USD,Completed
ORD001927,CUST04251,2026-02-21 05:56:41.759636,USD,Completed
ORD001928,CUST02241,2025-09-20 23:41:34.008511,USD,Completed
ORD001929,CUST02178,2025-11-01 10:54:16.602996,USD,Completed
ORD001930,CUST00724,2025-09-25 14:24:38.095856,USD,Completed
ORD001931,CUST00866,2026-02-25 02:15:24.374416,USD,Completed
ORD001932,CUST01382,2026-03-25 02:28:26.637799,USD,Completed
ORD001933,CUST00306,2025-09-15 16:58:01.004302,USD,Completed
ORD001934,CUST02474,2025-09-23 10:40:16.413392,USD,Completed
ORD001935,CUST02207,2025-09-06 23:33:20.986548,USD,Completed
ORD001936,CUST03600,2026-04-04 19:59:11.865062,USD,Completed
ORD001937,CUST02553,2025-07-15 04:30:57.147149,usd,Completed
ORD001938,CUST00561,2026-04-29 10:45:10.045185,USD,Completed
ORD001939,CUST00969,2026-02-07 16:01:03.336413,USD,Completed
ORD001940,CUST00255,2025-08-27 09:20:45.976396,US$,Completed
ORD001941,CUST00624,2026-02-25 23:40:37.942021,USD,Completed
ORD001942,CUST03275,2025-08-04 11:39:38.540417,usd,Completed
ORD001943,CUST02727,2026-01-26 04:53:35.972115,USD,Completed
ORD001944,CUST02209,2026-05-23 00:53:11.544666,USD,Completed
ORD001945,CUST02116,2025-12-19 16:24:47.933373,USD,Completed
ORD001946,CUST02022,2026-05-12 10:33:00.269755,USD,Completed
ORD001947,CUST01897,2026-03-21 04:44:42.970318,USD,Completed
ORD001948,CUST02187,2025-07-05 20:07:13.515693,US$,Completed
ORD001949,CUST02234,2025-08-13 15:42:35.892323,USD,Completed
ORD001950,CUST02769,2025-10-27 21:20:05.195851,US$,Completed
ORD001951,CUST03361,2025-09-12 10:42:23.896271,usd,Completed
ORD001952,CUST01892,2025-12-27 21:33:03.128500,USD ,Completed
ORD001953,CUST00760,2026-04-07 00:26:54.068800,USD,Completed
ORD001954,CUST01128,2025-07-13 15:15:42.060684,USD,Completed
ORD001955,CUST01807,2026-02-01 10:51:21.347756,$,Completed
ORD001956,CUST04810,2025-08-23 16:06:21.432143,USD,Completed
ORD001957,CUST01030,2026-05-15 08:03:19.244592,USD,Completed
ORD001958,CUST03646,2026-06-10 04:12:19.812912,usd,Completed
ORD001959,CUST03200,2026-06-24 18:16:23.633968,usd,Completed
ORD001960,CUST03012,2026-02-25 04:59:32.628487,USD,Completed
ORD001961,CUST04759,2026-06-08 06:27:34.854164,USD,Completed
ORD001962,CUST03695,2026-05-20 08:14:21.017063,USD,Completed
ORD001963,CUST01587,2026-05-20 12:37:16.418721,USD,Completed
ORD001964,CUST04953,2025-10-31 05:22:10.405643,USD,Completed
ORD001965,CUST02955,2025-07-28 22:17:23.426866,USD,Completed
ORD001966,CUST01549,2026-01-09 05:25:47.036596,USD,Completed
ORD001967,CUST02127,2026-04-29 10:43:21.232043,US$,Completed
ORD001968,CUST00158,2026-03-25 18:59:47.688674,USD,Completed
ORD001969,CUST02064,2025-10-01 00:55:44.938699,USD,Completed
ORD001970,CUST03882,2025-09-19 11:17:09.841692,US$,Completed
ORD001971,CUST03441,2025-11-10 21:35:50.352732,USD,Completed
ORD001972,CUST04673,2026-02-13 13:11:29.220232,USD,Completed
ORD001973,CUST02748,2025-07-30 07:47:27.549346,US$,Completed
ORD001974,CUST01485,2025-12-06 00:16:04.635868,USD,Completed
ORD001975,CUST02336,2026-03-07 22:50:01.437635,USD,Completed
ORD001976,CUST04720,2026-03-24 17:43:18.039189,USD,Completed
ORD001977,CUST00693,2026-05-02 22:17:19.694898,USD ,Completed
ORD001978,CUST03900,2026-03-26 02:44:10.982157,US$,Completed
ORD001979,CUST02898,2026-02-18 06:34:50.785161,US$,Completed
ORD001980,CUST02809,2026-03-03 04:11:29.097866,USD,Completed
ORD001981,CUST00099,2025-09-07 00:30:30.344217,USD,Refunded
ORD001982,CUST00548,2025-07-28 11:06:39.657943,USD,Completed
ORD001983,CUST02220,2026-01-05 02:34:02.985081,USD,Completed
ORD001984,CUST02332,2026-01-05 20:04:13.432371,USD,Completed
ORD001985,CUST01509,2025-09-21 14:23:22.793152,USD,Completed
ORD001986,CUST03353,2025-07-19 01:03:12.655598,usd,Completed
ORD001987,CUST01330,2026-05-28 00:35:44.991089,USD,Cancelled
ORD001988,CUST04214,2025-11-07 10:18:37.186642,USD,Completed
ORD001989,CUST00379,2026-04-19 21:24:11.633415,USD,Completed
ORD001990,CUST03811,2025-12-28 15:43:02.919546,USD,Cancelled
ORD001991,CUST01028,2026-06-03 15:39:31.064836,USD,Completed
ORD001992,CUST02768,2026-01-03 10:27:22.238258,USD,Cancelled
ORD001993,CUST01962,2025-11-16 07:51:46.267813,USD,Completed
ORD001994,CUST04639,2025-10-12 07:06:26.175653,USD,Completed
ORD001995,CUST02363,2026-03-05 15:25:38.555184,USD,Completed
ORD001996,CUST02009,2025-08-18 22:41:52.350595,USD,Completed
ORD001997,CUST01227,2026-03-18 10:02:42.940306,usd,Cancelled
ORD001998,CUST04439,2026-06-15 12:07:28.417615,USD,Completed
ORD001999,CUST01385,2026-04-25 03:32:30.836240,USD,Completed
ORD002000,CUST02943,2026-05-16 03:40:59.044971,US$,Completed
ORD002001,CUST04701,2026-04-10 16:21:03.517255,USD ,Completed
ORD002002,CUST01705,2025-07-29 08:47:29.160187,USD,Completed
ORD002003,CUST02669,2026-05-07 06:02:58.342627,USD,Completed
ORD002004,CUST03870,2026-02-24 05:49:57.918756,USD,Completed
ORD002005,CUST04241,2025-07-03 23:35:41.594764,USD,Cancelled
ORD002006,CUST00531,2026-06-01 11:59:16.442015,US$,Completed
ORD002007,CUST03840,2026-04-19 18:21:38.830242,$,Completed
ORD002008,CUST04275,2026-03-05 12:39:57.896932,usd,Completed
ORD002009,CUST00017,2025-08-29 18:22:07.476681,USD,Completed
ORD002010,CUST00951,2026-01-20 10:42:28.881223,USD ,Completed
ORD002011,CUST02464,2025-09-01 02:19:47.732202,$,Completed
ORD002012,CUST03128,2025-11-21 14:59:10.390937,usd,Completed
ORD002013,CUST00845,2025-11-03 06:06:17.015961,USD ,Completed
ORD002014,CUST01976,2026-03-21 05:11:31.306150,USD,Completed
ORD002015,CUST02976,2025-10-31 04:12:20.249335,US$,Completed
ORD002016,CUST02474,2026-04-05 01:47:51.416019,US$,Completed
ORD002017,CUST04229,2026-01-14 11:53:49.970191,$,Completed
ORD002018,CUST02757,2025-08-11 23:47:28.072944,$,Completed
ORD002019,CUST04072,2026-01-05 08:14:48.994373,USD ,Completed
ORD002020,CUST02396,2025-07-11 06:21:21.910006,USD,Completed
ORD002021,CUST04060,2026-06-10 10:47:55.531204,USD,Completed
ORD002022,CUST04591,2026-01-21 16:57:11.797157,USD,Completed
ORD002023,CUST01205,2026-04-03 07:07:21.106980,USD,Completed
ORD002024,CUST00777,2025-10-13 06:56:00.630109,USD,Completed
ORD002025,CUST04546,2025-08-19 12:44:19.865212,US$,Completed
ORD002026,CUST01339,2026-05-23 05:13:47.458836,usd,Completed
ORD002027,CUST04684,2026-02-28 12:10:36.050075,$,Completed
ORD002028,CUST03352,2025-09-23 19:57:35.264232,USD,Completed
ORD002029,CUST00160,2025-07-29 18:56:33.083716,USD,Completed
ORD002030,CUST01666,2025-10-05 03:00:57.666159,USD,Completed
ORD002031,CUST04679,2025-10-15 05:19:36.156756,USD,Completed
ORD002032,CUST00518,2025-09-21 23:40:40.866079,USD,Completed
ORD002033,CUST04339,2026-03-22 04:02:48.362335,USD,Completed
ORD002034,CUST00010,2025-10-01 13:16:12.135212,US$,Completed
ORD002035,CUST03870,2025-10-20 10:21:08.870004,USD,Completed
ORD002036,CUST04864,2025-07-02 13:26:58.626826,US$,Completed
ORD002037,CUST00383,2025-12-28 10:34:27.216456,US$,Completed
ORD002038,CUST00498,2025-11-13 03:59:54.035565,USD,Completed
ORD002039,CUST03416,2026-06-27 06:59:21.168565,$,Completed
ORD002040,CUST03561,2026-03-23 12:36:03.714127,usd,Cancelled
ORD002041,CUST01842,2026-04-07 12:29:26.831649,USD,Completed
ORD002042,CUST00288,2026-02-28 05:20:39.966247,USD,Cancelled
ORD002043,CUST04218,2026-04-20 21:11:34.877094,USD,Completed
ORD002044,CUST04865,2026-03-09 08:14:29.063805,USD,Completed
ORD002045,CUST03566,2026-02-24 17:16:24.273840,USD,Completed
ORD002046,CUST03607,2026-01-08 11:46:26.398790,US$,Cancelled
ORD002047,CUST01442,2025-12-23 05:19:15.648854,USD,Completed
ORD002048,CUST03890,2025-11-22 03:09:58.773572,usd,Completed
ORD002049,CUST02204,2025-07-08 14:19:39.999381,US$,Completed
ORD002050,CUST03618,2025-12-10 15:59:48.593059,USD,Completed
ORD002051,CUST02953,2025-07-22 12:08:34.359845,USD,Completed
ORD002052,CUST04900,2026-01-31 14:01:54.207411,USD,Completed
ORD002053,CUST03660,2026-03-28 07:20:11.426178,USD ,Completed
ORD002054,CUST03905,2025-11-11 11:40:46.766232,USD,Completed
ORD002055,CUST00331,2026-03-12 21:57:18.100229,USD,Completed
ORD002056,CUST01085,2025-12-12 16:57:40.706319,usd,Completed
ORD002057,CUST03584,2025-12-02 10:45:11.994346,$,Completed
ORD002058,CUST01850,2025-08-16 03:29:30.818717,USD,Completed
ORD002059,CUST03187,2025-09-15 19:59:45.564787,USD,Cancelled
ORD002060,CUST02829,2025-12-17 01:28:01.805550,USD,Cancelled
ORD002061,CUST03632,2026-05-18 23:16:15.537023,USD,Completed
ORD002062,CUST00271,2025-12-18 16:33:38.245800,USD ,Completed
ORD002063,CUST02113,2025-12-26 08:43:11.678264,usd,Completed
ORD002064,CUST03122,2026-06-14 01:59:54.137336,USD,Completed
ORD002065,CUST04219,2026-04-14 00:11:22.950122,USD,Completed
ORD002066,CUST02227,2025-09-27 00:41:57.446112,USD,Completed
ORD002067,CUST03016,2025-07-13 16:09:55.258602,USD,Completed
ORD002068,CUST04571,2026-06-28 15:26:54.777922,USD,Completed
ORD002069,CUST04709,2026-03-20 04:38:35.783875,USD,Completed
ORD002070,CUST02935,2026-04-18 13:05:20.844794,US$,Completed
ORD002071,CUST03273,2025-12-04 15:50:35.092044,usd,Completed
ORD002072,CUST04920,2025-10-15 22:37:49.428050,$,Completed
ORD002073,CUST04036,2025-12-02 18:30:39.642870,USD,Completed
ORD002074,CUST02113,2025-09-06 16:38:09.882149,USD,Completed
ORD002075,CUST02908,2025-09-29 17:56:29.961705,USD,Completed
ORD002076,CUST04257,2025-11-06 16:27:17.653418,USD,Completed
ORD002077,CUST01795,2026-01-28 09:11:26.721747,USD,Completed
ORD002078,CUST02761,2025-10-28 19:27:28.417073,usd,Completed
ORD002079,CUST00290,2025-12-17 14:49:55.979751,USD,Completed
ORD002080,CUST03863,2025-08-08 08:44:11.415715,US$,Completed
ORD002081,CUST00436,2026-06-09 06:10:18.311469,USD,Completed
ORD002082,CUST02558,2025-09-07 13:20:06.215069,USD,Completed
ORD002083,CUST00279,2025-11-07 10:02:50.644818,USD,Completed
ORD002084,CUST02189,2025-11-22 07:38:14.602112,USD,Completed
ORD002085,CUST01611,2025-11-18 13:44:46.729855,USD,Completed
ORD002086,CUST04403,2026-05-20 08:54:32.307928,US$,Completed
ORD002087,CUST04370,2025-07-10 16:17:01.191775,USD,Completed
ORD002088,CUST00676,2026-03-06 05:10:19.025822,USD,Completed
ORD002089,CUST04485,2025-09-28 21:52:27.498641,USD,Completed
ORD002090,CUST03808,2025-08-03 16:36:09.788161,USD,Completed
ORD002091,CUST04291,2026-01-05 01:56:49.310419,US$,Completed
ORD002092,CUST03045,2026-04-26 04:56:06.590704,usd,Completed
ORD002093,CUST00932,2026-06-21 19:17:41.094209,USD,Completed
ORD002094,CUST03160,2026-03-15 03:36:07.790829,USD,Cancelled
ORD002095,CUST03164,2025-07-16 03:23:18.808476,USD,Completed
ORD002096,CUST02921,2026-03-01 16:17:49.287306,USD,Completed
ORD002097,CUST01181,2025-07-07 12:07:56.573315,USD,Completed
ORD002098,CUST04419,2026-01-20 17:42:57.936390,usd,Completed
ORD002099,CUST01289,2026-01-24 07:11:36.848980,USD,Completed
ORD002100,CUST01690,2026-01-19 12:11:09.606612,usd,Completed
ORD002101,CUST03689,2025-08-29 19:32:32.357254,USD,Refunded
ORD002102,CUST04936,2025-08-21 17:17:02.951637,USD,Completed
ORD002103,CUST01454_DUP,2026-04-01 12:37:35.592112,USD,Completed
ORD002104,CUST01088,2025-08-22 20:01:18.651751,USD,Completed
ORD002105,CUST04688,2026-05-30 22:11:57.883210,USD,Completed
ORD002106,CUST04704_DUP,2026-02-16 13:14:56.690721,$,Completed
ORD002107,CUST04243,2026-02-28 19:13:50.522752,US$,Completed
ORD002108,CUST00658,2025-07-04 23:59:16.491072,USD,Completed
ORD002109,CUST01352,2025-10-23 15:21:48.332424,USD,Completed
ORD002110,CUST04765,2025-11-18 04:22:01.135206,US$,Completed
ORD002111,CUST02830,2025-08-30 20:24:23.768317,usd,Completed
ORD002112,CUST00245,2025-10-24 22:31:51.030566,USD,Completed
ORD002113,CUST03571,2026-06-18 23:04:38.338742,USD,Cancelled
ORD002114,CUST04293,2026-01-09 18:51:22.996952,USD,Completed
ORD002115,CUST00302,2026-02-03 05:54:00.832626,USD,Completed
ORD002116,CUST02439,2025-08-28 07:03:43.852836,USD,Completed
ORD002117,CUST02440,2025-09-24 20:37:12.269950,US$,Completed
ORD002118,CUST04358,2025-11-23 01:39:26.179425,USD,Completed
ORD002119,CUST04781,2026-04-03 22:38:45.735093,USD,Completed
ORD002120,CUST00008,2025-10-14 19:16:48.642352,USD,Completed
ORD002121,CUST02543,2026-02-27 11:45:17.669263,USD,Completed
ORD002122,CUST01384,2025-08-16 21:50:04.156725,USD,Completed
ORD002123,CUST04637,2026-03-19 18:01:03.716209,usd,Completed
ORD002124,CUST03619,2025-12-07 05:28:40.092169,USD,Completed
ORD002125,CUST03397,2025-11-23 12:10:57.551980,USD,Completed
ORD002126,CUST01356_DUP,2025-09-25 08:06:47.091198,USD,Completed
ORD002127,CUST00060,2025-11-22 10:10:25.884568,USD,Completed
ORD002128,CUST02625,2025-11-27 14:20:30.931317,usd,Completed
ORD002129,CUST02968,2025-11-11 16:04:41.007195,USD,Completed
ORD002130,CUST03015,2026-01-06 18:25:55.189869,USD,Completed
ORD002131,CUST04207,2026-05-01 23:29:11.673636,USD,Completed
ORD002132,CUST01226,2025-10-11 01:09:13.988588,usd,Completed
ORD002133,CUST01200,2025-10-24 08:03:21.192621,usd,Cancelled
ORD002134,CUST01672,2026-06-20 04:02:01.185391,USD,Completed
ORD002135,CUST01375,2025-10-16 05:43:29.247469,USD,Completed
ORD002136,CUST03779,2026-02-23 22:40:23.850584,USD,Completed
ORD002137,CUST01523,2026-02-18 17:27:30.173280,USD,Completed
ORD002138,CUST02336,2026-05-10 09:16:30.849046,$,Completed
ORD002139,CUST04623,2026-03-19 22:49:41.815173,USD,Refunded
ORD002140,CUST03491,2026-05-07 10:50:44.665523,USD,Completed
ORD002141,CUST00787,2025-09-18 22:33:37.922375,USD,Completed
ORD002142,CUST00086,2025-09-13 04:29:25.542209,USD,Completed
ORD002143,CUST03247,2025-08-03 06:22:02.284721,usd,Completed
ORD002144,CUST03624,2025-09-27 01:49:46.305792,USD,Completed
ORD002145,CUST01264,2026-06-13 18:56:16.451201,USD,Completed
ORD002146,CUST03665,2025-12-16 21:32:39.630983,usd,Completed
ORD002147,CUST04678,2025-11-01 10:10:43.440774,USD,Completed
ORD002148,CUST03843,2026-02-07 02:51:36.588492,USD,Completed
ORD002149,CUST02289,2025-10-17 16:39:49.652973,USD,Refunded
ORD002150,CUST00478,2026-06-18 02:11:58.207185,usd,Completed
ORD002151,CUST00191,2026-02-23 17:37:37.653568,USD,Completed
ORD002152,CUST03399,2025-11-10 21:21:11.392751,USD,Cancelled
ORD002153,CUST02997,2026-04-18 13:06:24.039529,USD,Completed
ORD002154,CUST00119,2026-01-16 01:52:35.674830,USD,Completed
ORD002155,CUST02023,2025-08-09 11:41:54.839410,usd,Completed
ORD002156,CUST04708,2025-10-26 05:20:44.782700,US$,Completed
ORD002157,CUST04045,2026-02-13 14:30:19.113172,usd,Completed
ORD002158,CUST01916,2026-03-29 16:18:48.906149,USD,Completed
ORD002159,CUST00467,2025-08-07 15:25:17.372412,usd,Completed
ORD002160,CUST02668,2025-10-24 21:42:53.904740,USD,Cancelled
ORD002161,CUST00246,2025-10-22 04:11:16.940494,USD,Completed
ORD002162,CUST02825,2026-04-22 09:40:03.807799,$,Completed
ORD002163,CUST01568,2025-09-26 11:40:48.201222,USD,Completed
ORD002164,CUST02482,2026-05-21 20:29:40.399627,usd,Completed
ORD002165,CUST04862,2025-09-08 09:00:08.157448,USD,Completed
ORD002166,CUST04117,2026-01-25 06:16:35.419489,USD,Completed
ORD002167,CUST02012,2025-09-10 08:58:04.032250,US$,Completed
ORD002168,CUST04967,2025-11-15 20:43:21.468671,US$,Completed
ORD002169,CUST04438_DUP,2025-08-22 07:55:10.973627,USD,Completed
ORD002170,CUST01293,2025-07-01 11:42:49.289629,usd,Completed
ORD002171,CUST01964,2025-10-25 00:57:20.090213,USD,Completed
ORD002172,CUST04848,2025-10-08 07:03:28.302359,US$,Completed
ORD002173,CUST03222,2025-08-01 22:10:54.201262,US$,Cancelled
ORD002174,CUST01355,2026-01-04 09:33:17.592467,USD,Completed
ORD002175,CUST01903,2025-11-08 19:10:17.779898,USD,Completed
ORD002176,CUST04874,2025-10-20 04:47:02.684032,USD,Refunded
ORD002177,CUST01530,2025-09-24 07:37:10.576555,US$,Completed
ORD002178,CUST03186,2026-03-15 01:04:37.830863,USD,Completed
ORD002179,CUST03702,2026-06-08 04:15:16.254303,USD,Completed
ORD002180,CUST00369,2025-09-13 23:57:19.311163,USD,Completed
ORD002181,CUST03438,2026-05-13 13:39:39.128635,USD,Completed
ORD002182,CUST00006,2025-08-27 01:51:07.774050,$,Completed
ORD002183,CUST00481,2026-02-14 16:00:38.266215,USD,Completed
ORD002184,CUST03616,2025-12-02 04:37:49.220649,USD,Completed
ORD002185,CUST04775,2026-03-11 23:18:44.950063,USD,Completed
ORD002186,CUST00672,2026-06-15 13:52:52.568753,USD,Completed
ORD002187,CUST00949,2026-06-28 23:51:39.513838,US$,Completed
ORD002188,CUST01948,2025-08-07 01:23:14.306755,usd,Completed
ORD002189,CUST03319,2025-08-11 00:27:09.537524,USD,Refunded
ORD002190,CUST04516,2026-03-06 10:03:21.368334,usd,Completed
ORD002191,CUST00575,2025-10-20 12:32:18.050240,USD,Cancelled
ORD002192,CUST00364,2026-01-20 03:46:08.051569,USD,Completed
ORD002193,CUST01005,2025-09-25 14:47:43.603457,USD,Completed
ORD002194,CUST01761,2026-06-18 18:43:40.380878,USD,Completed
ORD002195,CUST04455,2026-05-10 15:55:45.373586,USD,Completed
ORD002196,CUST03286,2025-12-16 01:05:20.972487,USD,Completed
ORD002197,CUST04224,2026-01-02 02:13:28.207810,USD,Completed
ORD002198,CUST00213,2026-05-28 19:18:27.526147,USD,Completed
ORD002199,CUST03948,2026-03-02 21:41:47.966748,USD,Completed
ORD002200,CUST00868,2026-06-27 06:35:20.738556,USD ,Cancelled
ORD002201,CUST00562,2025-09-17 18:49:10.743980,USD,Completed
ORD002202,CUST02899,2026-04-17 12:40:21.717475,US$,Completed
ORD002203,CUST04440,2026-02-25 07:40:44.648352,USD,Completed
ORD002204,CUST00449,2025-11-27 06:37:07.458383,USD,Cancelled
ORD002205,CUST00743,2026-03-12 13:16:49.114193,USD,Completed
ORD002206,CUST04739,2025-08-05 09:36:32.049934,USD,Cancelled
ORD002207,CUST03062,2026-03-27 02:34:10.535840,USD,Completed
ORD002208,CUST00990,2026-02-09 18:54:41.510087,USD,Completed
ORD002209,CUST04859,2025-07-25 08:18:29.721956,USD,Cancelled
ORD002210,CUST03374,2026-05-01 10:50:54.224944,USD,Completed
ORD002211,CUST03548,2026-06-11 01:50:37.589885,usd,Completed
ORD002212,CUST03957,2025-11-21 11:09:08.489769,USD,Completed
ORD002213,CUST02550,2025-11-05 23:15:44.231426,USD,Completed
ORD002214,CUST01672,2026-02-04 07:25:53.932757,usd,Completed
ORD002215,CUST04576,2026-06-25 01:55:41.472837,$,Cancelled
ORD002216,CUST02996,2025-08-21 21:05:06.936794,USD,Cancelled
ORD002217,CUST00831,2025-10-04 21:28:25.501008,USD,Completed
ORD002218,CUST04842,2025-07-03 02:15:44.472116,USD,Completed
ORD002219,CUST00609,2026-03-23 23:07:35.770803,usd,Completed
ORD002220,CUST02892,2025-08-05 10:55:57.155669,USD,Completed
ORD002221,CUST04609,2025-08-22 21:57:09.555845,US$,Completed
ORD002222,CUST02173,2026-04-20 02:46:45.961498,USD,Completed
ORD002223,CUST01747,2025-07-12 17:08:54.976337,USD,Completed
ORD002224,CUST03860,2026-02-18 04:34:08.633441,USD,Completed
ORD002225,CUST02858,2025-10-12 21:45:12.702243,USD,Completed
ORD002226,CUST02089,2026-02-11 19:08:05.593109,USD,Completed
ORD002227,CUST00871,2025-08-05 05:47:17.633876,USD,Cancelled
ORD002228,CUST01486,2025-10-11 16:59:55.732509,$,Completed
ORD002229,CUST01076,2026-01-30 22:53:28.397100,usd,Completed
ORD002230,CUST00488,2026-04-13 23:12:10.039535,USD ,Completed
ORD002231,CUST03036,2025-08-03 16:32:57.764874,$,Completed
ORD002232,CUST04018,2025-08-03 13:29:54.727044,USD,Completed
ORD002233,CUST00966,2025-12-07 09:40:44.133744,USD,Completed
ORD002234,CUST00520,2025-07-09 09:41:56.988763,USD,Cancelled
ORD002235,CUST01080,2025-07-29 19:10:02.833853,US$,Completed
ORD002236,CUST01885,2025-08-03 05:05:19.213322,US$,Completed
ORD002237,CUST04987,2026-06-17 11:32:47.756196,$,Completed
ORD002238,CUST01492,2025-10-24 23:56:09.837791,USD,Completed
ORD002239,CUST04162,2025-07-20 18:46:23.280578,usd,Completed
ORD002240,CUST01112,2026-05-20 18:00:36.210812,USD,Completed
ORD002241,CUST01812,2026-04-08 05:32:42.960045,USD,Completed
ORD002242,CUST02793,2026-04-14 06:11:59.995471,USD,Completed
ORD002243,CUST04137,2026-03-23 15:01:16.146970,usd,Refunded
ORD002244,CUST00864,2025-11-28 23:55:17.396982,US$,Cancelled
ORD002245,CUST03170,2025-09-02 04:57:51.798093,USD,Completed
ORD002246,CUST03315,2025-10-22 00:27:39.291027,US$,Completed
ORD002247,CUST02361,2026-03-08 11:33:25.337791,USD,Completed
ORD002248,CUST00730,2026-01-19 13:35:30.265049,USD,Completed
ORD002249,CUST01779,2026-03-20 06:36:48.014471,usd,Completed
ORD002250,CUST01004,2025-09-09 21:42:18.809880,USD,Completed
ORD002251,CUST00846,2026-03-01 02:23:29.967002,$,Cancelled
ORD002252,CUST00110,2025-07-08 08:06:52.754623,USD,Completed
ORD002253,CUST03335,2025-07-23 15:19:46.812773,US$,Completed
ORD002254,CUST00618,2025-09-06 21:29:04.775366,USD,Completed
ORD002255,CUST00838,2026-01-03 17:01:14.129789,USD,Completed
ORD002256,CUST04521,2026-01-30 10:50:09.875495,US$,Completed
ORD002257,CUST04620,2026-05-14 17:51:12.216121,USD,Completed
ORD002258,CUST02887,2025-07-11 20:17:53.696260,USD,Completed
ORD002259,CUST04839,2025-09-08 04:57:56.910934,USD,Completed
ORD002260,CUST02724,2025-10-06 20:22:28.596127,US$,Cancelled
ORD002261,CUST00285,2025-10-30 03:20:12.894375,USD,Completed
ORD002262,CUST03742,2026-01-12 07:18:07.730079,USD,Completed
ORD002263,CUST04868,2025-08-11 11:27:40.574493,USD,Completed
ORD002264,CUST04476,2025-08-12 15:18:19.361549,$,Completed
ORD002265,CUST00333,2025-09-27 14:28:54.290075,USD,Completed
ORD002266,CUST02247,2026-05-08 16:15:21.586836,USD,Completed
ORD002267,CUST04080_DUP,2025-12-02 13:59:38.252853,USD,Completed
ORD002268,CUST02942,2026-06-10 14:00:00.682386,USD,Completed
ORD002269,CUST03630,2025-08-01 00:31:40.820206,$,Completed
ORD002270,CUST01561,2026-04-09 08:51:24.923206,USD,Completed
ORD002271,CUST02357,2026-03-06 08:27:29.572160,USD,Completed
ORD002272,CUST04955,2026-05-22 10:56:31.137787,USD,Completed
ORD002273,CUST02830,2026-05-10 16:10:59.142268,USD,Completed
ORD002274,CUST02341,2026-03-29 19:30:10.250533,USD,Completed
ORD002275,CUST03284,2025-11-24 13:16:39.913494,USD,Refunded
ORD002276,CUST03075,2025-12-09 15:36:44.466628,US$,Completed
ORD002277,CUST00118,2025-11-07 04:59:17.305072,USD,Completed
ORD002278,CUST03174,2026-03-28 03:45:18.435010,USD,Completed
ORD002279,CUST03180,2025-11-22 00:02:25.494819,USD,Completed
ORD002280,CUST03170,2025-09-09 15:37:14.175109,USD,Completed
ORD002281,CUST03269,2026-06-22 13:58:13.638320,USD,Completed
ORD002282,CUST02527,2025-07-27 05:59:43.364008,USD,Completed
ORD002283,CUST03277,2025-07-20 12:35:10.043720,US$,Completed
ORD002284,CUST03384,2026-06-16 15:36:56.046237,USD,Completed
ORD002285,CUST03243,2026-04-04 11:36:33.782180,USD,Completed
ORD002286,CUST04077,2026-02-16 01:07:42.301764,usd,Completed
ORD002287,CUST02420,2026-04-30 22:54:34.283357,USD,Completed
ORD002288,CUST02982,2026-04-24 05:07:14.799763,US$,Completed
ORD002289,CUST01083,2025-10-04 16:55:49.655075,USD,Completed
ORD002290,CUST01209,2025-09-21 09:07:35.919275,USD,Completed
ORD002291,CUST01664,2025-07-12 17:23:17.851148,USD,Completed
ORD002292,CUST03198,2025-09-26 09:05:40.641570,US$,Completed
ORD002293,CUST02630,2025-08-06 21:12:32.216229,usd,Completed
ORD002294,CUST00637_DUP,2026-06-25 21:36:44.700061,USD,Completed
ORD002295,CUST00513,2026-01-08 02:34:36.421234,USD,Completed
ORD002296,CUST00464,2025-07-13 19:16:50.347838,USD,Completed
ORD002297,CUST02949,2025-08-04 10:21:36.484876,$,Cancelled
ORD002298,CUST02708,2026-03-24 09:26:24.731967,USD,Completed
ORD002299,CUST00976,2026-06-26 02:58:11.873355,USD,Completed
ORD002300,CUST03390,2026-03-11 11:15:42.593062,USD,Completed
ORD002301,CUST01884,2026-02-20 06:15:56.273830,USD,Completed
ORD002302,CUST01225,2025-10-24 07:37:30.895927,USD,Completed
ORD002303,CUST01013,2026-05-22 04:01:28.367110,USD,Completed
ORD002304,CUST01204,2025-12-06 05:21:16.690199,$,Completed
ORD002305,CUST02115,2026-05-06 22:07:10.142104,US$,Completed
ORD002306,CUST00893,2026-04-26 12:53:07.768755,usd,Completed
ORD002307,CUST00616,2026-01-03 20:12:26.769402,USD,Completed
ORD002308,CUST04410,2026-06-19 04:52:44.271478,$,Completed
ORD002309,CUST01823,2026-06-02 00:16:46.555131,USD,Cancelled
ORD002310,CUST01613,2025-12-31 19:02:55.972608,USD,Completed
ORD002311,CUST03947,2025-11-24 01:59:29.801622,USD,Completed
ORD002312,CUST02489,2025-10-24 08:39:32.109537,USD,Completed
ORD002313,CUST00941,2025-09-13 09:09:58.574810,USD,Completed
ORD002314,CUST01869,2025-08-17 06:21:33.765023,USD,Completed
ORD002315,CUST04636,2026-04-15 04:48:42.304455,US$,Cancelled
ORD002316,CUST04236,2025-07-09 13:25:33.800300,USD,Completed
ORD002317,CUST00127,2026-06-12 09:41:44.516594,$,Completed
ORD002318,CUST04644,2025-12-12 08:21:28.718675,USD,Completed
ORD002319,CUST01333,2026-03-30 03:38:54.261651,$,Completed
ORD002320,CUST03795,2025-11-25 19:35:33.533875,USD,Completed
ORD002321,CUST03566,2026-03-26 21:45:47.242749,US$,Completed
ORD002322,CUST02963,2025-10-28 11:45:39.070840,USD,Completed
ORD002323,CUST02313,2026-04-30 13:10:01.757321,usd,Completed
ORD002324,CUST01045,2025-10-06 13:39:45.992316,USD,Completed
ORD002325,CUST02462,2025-09-22 06:12:43.957739,USD,Cancelled
ORD002326,CUST01178,2025-09-27 16:25:19.354483,USD,Completed
ORD002327,CUST04047,2026-02-21 23:09:07.330691,US$,Completed
ORD002328,CUST02547,2026-05-29 18:09:31.882972,USD,Completed
ORD002329,CUST02638,2025-11-25 04:23:41.205222,USD,Completed
ORD002330,CUST03817,2026-03-18 21:03:48.880816,$,Completed
ORD002331,CUST01529,2026-04-04 03:12:23.270772,USD,Completed
ORD002332,CUST02045,2025-09-21 12:51:10.765845,USD,Completed
ORD002333,CUST04539,2026-04-12 01:53:21.373307,usd,Completed
ORD002334,CUST03865,2026-01-14 18:26:06.035551,USD,Refunded
ORD002335,CUST03616,2025-10-14 23:32:02.804102,USD,Completed
ORD002336,CUST03104,2026-05-23 02:49:11.996504,usd,Completed
ORD002337,CUST04427,2025-12-01 10:28:07.037353,USD,Completed
ORD002338,CUST02630,2026-06-24 20:26:37.808470,usd,Completed
ORD002339,CUST03660,2025-09-15 01:21:10.532633,USD,Completed
ORD002340,CUST00456,2025-07-11 05:27:23.996391,USD,Completed
ORD002341,CUST00592,2026-01-07 20:10:12.208785,USD,Completed
ORD002342,CUST03196,2026-01-18 00:47:41.225975,USD,Completed
ORD002343,CUST00842,2025-10-22 09:56:02.012824,USD,Completed
ORD002344,CUST01117,2026-05-04 14:00:40.403415,USD,Completed
ORD002345,CUST00283,2026-06-20 17:15:48.620565,USD,Completed
ORD002346,CUST00674,2026-03-05 19:50:46.643177,USD,Cancelled
ORD002347,CUST01802,2025-07-01 16:11:19.680818,USD,Completed
ORD002348,CUST00125,2025-08-28 15:47:43.791451,US$,Completed
ORD002349,CUST02345,2026-04-14 13:37:20.332116,USD,Completed
ORD002350,CUST04895,2026-01-21 13:54:49.123995,USD,Completed
ORD002351,CUST03780,2025-09-19 14:58:46.445415,USD,Cancelled
ORD002352,CUST01750,2025-08-25 07:23:14.497993,USD,Completed
ORD002353,CUST03923,2026-05-06 09:37:44.450676,USD,Completed
ORD002354,CUST02969,2025-11-13 03:12:51.855092,USD,Completed
ORD002355,CUST02267,2025-09-22 19:22:06.479781,usd,Cancelled
ORD002356,CUST01349,2025-09-21 13:59:23.329427,USD,Completed
ORD002357,CUST03829,2026-05-07 01:39:55.001769,USD,Completed
ORD002358,CUST00375,2025-07-14 20:13:14.486300,usd,Completed
ORD002359,CUST02479,2025-09-26 05:59:25.779253,USD,Completed
ORD002360,CUST04913,2025-09-04 03:39:53.812110,USD,Completed
ORD002361,CUST04447,2026-02-01 18:54:49.283206,usd,Completed
ORD002362,CUST03387,2026-05-12 07:11:25.878866,USD,Completed
ORD002363,CUST04289,2025-12-11 23:25:58.756531,USD,Completed
ORD002364,CUST03901,2026-02-18 05:22:45.364537,USD,Completed
ORD002365,CUST01072,2025-09-11 09:06:02.076006,USD,Completed
ORD002366,CUST01258,2025-07-07 19:07:42.686348,USD,Completed
ORD002367,CUST03739,2026-04-01 07:28:07.459681,USD,Cancelled
ORD002368,CUST04219,2025-11-14 13:41:06.954396,USD,Cancelled
ORD002369,CUST04779,2025-12-10 06:14:23.723159,US$,Cancelled
ORD002370,CUST01726,2026-01-03 14:44:54.976972,USD,Completed
ORD002371,CUST01526,2026-03-02 18:18:54.632067,USD,Completed
ORD002372,CUST02164,2026-06-24 13:10:35.632529,USD,Cancelled
ORD002373,CUST03597,2025-08-31 13:41:40.577935,USD,Completed
ORD002374,CUST00964,2025-10-13 17:03:17.466719,USD ,Completed
ORD002375,CUST04304,2026-05-03 11:12:36.824090,USD,Completed
ORD002376,CUST03796,2025-10-02 11:48:19.653985,USD,Completed
ORD002377,CUST04067,2026-05-15 18:25:34.874087,USD,Completed
ORD002378,CUST01812,2025-09-14 01:47:53.167189,USD,Completed
ORD002379,CUST02894,2026-02-28 14:00:49.475322,USD,Completed
ORD002380,CUST03681,2026-04-05 15:12:18.972042,USD,Completed
ORD002381,CUST01328,2026-02-22 14:27:31.328022,US$,Completed
ORD002382,CUST01267,2025-09-14 14:21:08.602576,USD,Refunded
ORD002383,CUST04414,2025-12-12 19:45:57.222884,USD,Completed
ORD002384,CUST01742,2025-12-23 21:17:30.820264,US$,Completed
ORD002385,CUST04401,2025-10-09 21:29:04.536250,USD,Completed
ORD002386,CUST02143,2025-08-13 22:06:41.500144,usd,Completed
ORD002387,CUST02142,2025-12-07 21:44:09.705494,usd,Completed
ORD002388,CUST01688,2026-03-21 16:05:18.233528,USD,Completed
ORD002389,CUST02453,2026-01-27 11:03:53.047743,usd,Completed
ORD002390,CUST04803,2026-05-12 18:29:05.228159,USD ,Completed
ORD002391,CUST01361,2026-05-16 09:44:03.973369,USD,Completed
ORD002392,CUST03296,2025-07-19 14:46:10.329331,USD,Refunded
ORD002393,CUST00266,2026-04-03 05:06:58.290218,US$,Completed
ORD002394,CUST01898,2026-05-31 00:29:59.214093,USD,Completed
ORD002395,CUST02168,2026-02-05 10:52:38.438317,USD,Completed
ORD002396,CUST02271,2026-03-01 21:18:30.536425,USD,Refunded
ORD002397,CUST00751,2026-02-20 12:10:20.031344,USD,Completed
ORD002398,CUST02534,2025-11-10 18:20:56.821526,USD ,Completed
ORD002399,CUST02880,2026-04-28 09:18:38.998241,USD,Refunded
ORD002400,CUST01486,2025-08-20 20:37:18.417270,USD,Completed
ORD002401,CUST01926,2025-10-28 10:34:30.537016,USD,Completed
ORD002402,CUST03882,2026-03-16 20:53:35.259770,usd,Completed
ORD002403,CUST04581,2026-04-06 12:56:29.044989,usd,Cancelled
ORD002404,CUST03083,2026-01-09 02:25:49.130673,USD,Cancelled
ORD002405,CUST00777,2026-03-07 05:26:00.159189,USD,Completed
ORD002406,CUST02770,2026-06-15 16:20:32.416013,USD,Cancelled
ORD002407,CUST04526,2026-03-01 21:47:57.334981,US$,Completed
ORD002408,CUST04692,2026-05-03 19:24:16.138434,$,Completed
ORD002409,CUST02022,2025-10-22 19:36:13.661285,USD,Completed
ORD002410,CUST00856,2025-08-28 22:16:50.590890,USD,Completed
ORD002411,CUST01585,2025-12-21 06:30:18.169084,$,Completed
ORD002412,CUST04721,2025-09-18 21:17:41.107673,USD,Completed
ORD002413,CUST03779,2025-11-04 07:47:14.423076,USD,Completed
ORD002414,CUST03999,2025-08-10 03:21:32.562294,USD,Completed
ORD002415,CUST04580,2026-05-21 20:21:51.264236,USD,Completed
ORD002416,CUST02529,2026-03-20 02:03:55.341611,USD,Completed
ORD002417,CUST04880,2026-04-29 11:21:08.574616,USD,Completed
ORD002418,CUST04550,2025-07-04 06:01:47.536523,USD,Completed
ORD002419,CUST04460,2026-06-12 08:54:10.799222,usd,Completed
ORD002420,CUST04026,2026-02-18 01:20:54.460238,US$,Completed
ORD002421,CUST04980,2026-04-20 14:37:05.146326,USD,Completed
ORD002422,CUST04015,2025-09-03 19:21:25.050778,US$,Completed
ORD002423,CUST00226,2026-01-07 12:29:23.225100,USD,Completed
ORD002424,CUST01835,2025-11-07 17:00:37.718504,USD,Completed
ORD002425,CUST04307,2025-10-27 10:28:52.629056,$,Completed
ORD002426,CUST01503,2025-09-03 17:15:18.352180,usd,Completed
ORD002427,CUST02058,2025-12-10 17:07:39.608333,USD,Completed
ORD002428,CUST00612,2025-12-04 01:54:45.483505,USD,Completed
ORD002429,CUST00105,2026-06-24 21:28:50.024868,USD,Completed
ORD002430,CUST04298,2026-01-05 01:14:23.600973,$,Completed
ORD002431,CUST03150,2026-04-10 02:54:50.546723,usd,Cancelled
ORD002432,CUST02049,2026-01-23 22:27:42.367873,US$,Completed
ORD002433,CUST00152,2026-04-21 13:57:35.540822,USD,Completed
ORD002434,CUST04939,2025-11-24 11:46:02.485920,USD,Completed
ORD002435,CUST03943,2025-07-13 22:04:41.077588,USD,Completed
ORD002436,CUST00220,2026-02-05 23:20:04.394932,USD,Completed
ORD002437,CUST04689,2026-03-19 04:14:01.996403,USD,Completed
ORD002438,CUST03172,2026-02-20 18:01:46.331599,USD,Refunded
ORD002439,CUST04785,2026-01-23 03:28:25.137776,USD,Completed
ORD002440,CUST01485,2025-12-27 23:01:53.095199,usd,Completed
ORD002441,CUST03542,2025-08-20 03:09:06.698262,USD,Completed
ORD002442,CUST00469,2026-01-17 03:15:58.007314,USD,Completed
ORD002443,CUST04650,2025-10-01 09:47:10.796564,USD,Refunded
ORD002444,CUST02187,2026-04-30 00:48:45.969670,$,Completed
ORD002445,CUST03842,2026-05-21 20:19:30.485168,USD,Completed
ORD002446,CUST02983,2025-09-11 13:44:59.107118,USD,Completed
ORD002447,CUST03284_DUP,2026-01-19 07:12:33.395328,USD,Completed
ORD002448,CUST04006,2026-02-28 00:32:20.157427,USD,Completed
ORD002449,CUST02750,2026-03-13 17:37:30.951415,USD,Completed
ORD002450,CUST03822,2026-02-06 16:47:51.416471,USD,Completed
ORD002451,CUST01499,2025-08-22 16:50:21.039014,usd,Completed
ORD002452,CUST00038,2025-07-22 10:10:04.458148,US$,Completed
ORD002453,CUST04162,2026-01-19 12:20:32.952194,USD,Completed
ORD002454,CUST04392,2026-06-13 19:31:35.269302,US$,Completed
ORD002455,CUST03442,2025-11-18 23:49:54.809575,usd,Completed
ORD002456,CUST04291,2026-04-24 06:57:25.279207,USD,Completed
ORD002457,CUST01643,2025-11-19 09:20:53.058551,$,Completed
ORD002458,CUST03923,2025-07-05 01:16:20.684751,US$,Completed
ORD002459,CUST04843,2025-12-28 23:24:24.089086,USD,Completed
ORD002460,CUST01594,2025-08-20 22:18:58.859973,USD ,Completed
ORD002461,CUST02225,2026-04-25 10:14:51.705527,US$,Completed
ORD002462,CUST03135,2026-02-18 21:50:23.432058,USD,Completed
ORD002463,CUST04037,2025-09-01 09:39:20.353653,USD,Cancelled
ORD002464,CUST02873,2026-01-01 10:10:03.928186,USD,Completed
ORD002465,CUST02162,2026-06-16 03:11:17.887877,usd,Completed
ORD002466,CUST03173,2026-01-14 21:08:48.999945,USD,Completed
ORD002467,CUST04779,2026-04-10 07:29:58.890382,USD,Refunded
ORD002468,CUST00642,2026-01-06 12:27:11.836692,USD,Completed
ORD002469,CUST01955,2025-07-30 20:57:40.100014,USD,Completed
ORD002470,CUST02071,2025-11-03 19:48:17.249559,US$,Completed
ORD002471,CUST01063,2025-08-06 18:46:42.506196,USD,Completed
ORD002472,CUST01978,2025-11-20 19:03:49.149621,USD,Completed
ORD002473,CUST00046,2026-04-21 01:40:31.334273,USD,Completed
ORD002474,CUST04295,2026-02-27 06:23:06.682450,USD,Completed
ORD002475,CUST01860,2026-01-20 07:17:52.087922,USD,Completed
ORD002476,CUST00222,2025-11-27 00:41:44.006781,USD,Completed
ORD002477,CUST02863,2026-02-07 21:41:36.769600,USD,Completed
ORD002478,CUST00267,2026-04-05 17:53:57.004449,usd,Completed
ORD002479,CUST00060,2026-05-23 04:28:38.482457,USD,Completed
ORD002480,CUST01628,2026-05-12 16:21:13.710474,usd,Completed
ORD002481,CUST03301,2025-09-09 20:30:00.160243,USD,Completed
ORD002482,CUST04974,2025-09-30 00:00:47.261971,USD,Completed
ORD002483,CUST03112,2025-07-10 06:56:33.287322,USD,Completed
ORD002484,CUST00352,2025-08-14 18:47:05.836542,USD,Completed
ORD002485,CUST00240,2025-09-28 16:52:09.402766,USD,Completed
ORD002486,CUST00454,2025-10-19 17:01:17.254439,$,Completed
ORD002487,CUST00716,2026-01-05 23:52:32.206053,USD,Completed
ORD002488,CUST03165,2025-09-07 08:57:13.450915,USD,Completed
ORD002489,CUST02110,2025-07-16 20:19:06.243462,US$,Completed
ORD002490,CUST00376,2025-12-03 23:53:29.973559,US$,Completed
ORD002491,CUST03340,2026-04-13 09:17:06.520057,USD,Completed
ORD002492,CUST04367,2026-04-06 17:09:44.872444,USD,Completed
ORD002493,CUST01688,2026-01-04 03:04:20.704673,USD,Completed
ORD002494,CUST03233,2026-05-11 00:29:09.341681,USD,Completed
ORD002495,CUST02183,2026-03-27 21:03:38.143950,USD,Refunded
ORD002496,CUST03229,2025-09-04 01:51:33.434537,US$,Completed
ORD002497,CUST02029,2026-06-14 20:59:04.094934,USD,Completed
ORD002498,CUST01119,2025-07-07 05:18:13.348751,$,Completed
ORD002499,CUST04673,2026-05-12 00:18:27.014839,USD,Completed
ORD002500,CUST02750,2026-01-17 03:33:54.468378,USD,Completed
ORD002501,CUST04716,2025-07-19 08:06:40.966710,USD,Completed
ORD002502,CUST00438,2025-09-27 02:45:30.371437,US$,Completed
ORD002503,CUST04008,2025-11-03 12:12:17.794594,USD,Completed
ORD002504,CUST04369,2025-10-15 05:19:27.088793,USD,Completed
ORD002505,CUST02687,2026-06-17 00:20:32.645275,USD,Completed
ORD002506,CUST04242,2026-05-25 01:25:25.902128,USD,Cancelled
ORD002507,CUST03898,2026-01-09 06:31:27.050158,USD,Completed
ORD002508,CUST04247,2025-10-12 19:46:55.421681,USD,Completed
ORD002509,CUST00178,2025-11-28 10:48:45.474092,USD,Completed
ORD002510,CUST01761,2026-02-01 09:59:47.447203,US$,Completed
ORD002511,CUST03041,2026-06-17 14:12:51.502537,USD,Cancelled
ORD002512,CUST04327,2025-11-02 18:59:21.264336,USD,Completed
ORD002513,CUST00188,2026-02-17 23:58:22.745597,$,Cancelled
ORD002514,CUST01503,2026-05-20 22:33:30.647362,USD,Completed
ORD002515,CUST03829,2026-03-27 05:02:32.868457,USD,Completed
ORD002516,CUST04325,2026-03-16 18:33:52.030382,USD,Completed
ORD002517,CUST03854,2025-07-26 16:07:24.084678,USD,Completed
ORD002518,CUST04439,2025-11-13 19:55:43.368319,USD,Completed
ORD002519,CUST01311,2025-12-30 19:33:50.313669,USD,Completed
ORD002520,CUST03270,2026-04-26 12:00:00.968741,$,Completed
ORD002521,CUST04670,2025-10-02 00:19:04.261334,USD,Completed
ORD002522,CUST03783,2025-11-05 22:57:20.755994,USD,Completed
ORD002523,CUST04819,2025-08-17 18:00:55.657034,USD,Completed
ORD002524,CUST00840,2025-08-05 12:33:17.505620,USD,Refunded
ORD002525,CUST02036,2025-12-10 16:20:54.591186,USD,Cancelled
ORD002526,CUST03653,2026-05-26 23:27:57.163821,USD,Cancelled
ORD002527,CUST04138,2025-12-31 07:42:58.298778,usd,Completed
ORD002528,CUST04742,2026-03-31 04:51:30.072924,USD,Completed
ORD002529,CUST03314,2025-10-03 14:14:40.712899,US$,Completed
ORD002530,CUST00246,2026-04-26 21:32:07.495937,US$,Completed
ORD002531,CUST04063,2026-02-12 11:31:18.347577,USD,Completed
ORD002532,CUST01680,2026-02-11 10:17:23.022178,usd,Completed
ORD002533,CUST02469,2026-05-17 19:30:40.691534,USD,Completed
ORD002534,CUST04197,2026-02-28 03:54:29.505189,$,Completed
ORD002535,CUST01868,2025-07-18 04:21:20.503673,USD,Completed
ORD002536,CUST02878,2025-11-14 10:55:10.648698,USD,Completed
ORD002537,CUST02692,2025-11-03 11:33:17.583000,USD,Completed
ORD002538,CUST00060,2025-07-26 12:04:06.235003,US$,Completed
ORD002539,CUST01060,2026-05-05 19:05:53.014141,USD,Completed
ORD002540,CUST00764_DUP,2026-02-05 04:12:21.541784,USD,Completed
ORD002541,CUST03701,2025-12-01 17:37:44.183540,USD,Completed
ORD002542,CUST02006,2025-12-27 11:23:44.562035,usd,Completed
ORD002543,CUST02100,2025-12-28 00:11:38.194149,USD,Cancelled
ORD002544,CUST03507,2026-01-06 16:46:17.522058,USD,Completed
ORD002545,CUST04118,2026-03-14 12:58:57.416284,US$,Cancelled
ORD002546,CUST02189,2026-03-31 09:56:02.747427,US$,Completed
ORD002547,CUST04691,2025-07-11 10:06:13.853494,$,Refunded
ORD002548,CUST04814,2025-08-09 19:54:50.887849,USD,Completed
ORD002549,CUST01526,2026-06-05 06:58:47.176731,$,Completed
ORD002550,CUST03046,2025-07-12 00:42:22.144576,USD,Completed
ORD002551,CUST02804,2026-03-17 22:04:03.079346,USD,Completed
ORD002552,CUST00444,2026-03-03 20:24:59.383373,USD,Completed
ORD002553,CUST01694,2026-05-22 21:16:20.110535,US$,Completed
ORD002554,CUST01068,2025-09-27 15:32:16.397629,USD,Completed
ORD002555,CUST03295,2026-06-06 20:56:42.966946,USD,Completed
ORD002556,CUST04919,2026-03-12 19:21:40.501770,US$,Completed
ORD002557,CUST02015,2026-01-01 13:31:36.302802,USD,Refunded
ORD002558,CUST02889,2025-11-09 01:31:21.780751,USD,Completed
ORD002559,CUST02006,2025-07-10 21:33:22.783437,USD,Completed
ORD002560,CUST04860,2026-03-01 05:55:32.946591,USD,Completed
ORD002561,CUST00493,2025-11-15 09:41:37.367710,US$,Completed
ORD002562,CUST01708,2025-12-12 08:14:17.492789,$,Completed
ORD002563,CUST01196,2025-12-05 01:36:24.400511,US$,Completed
ORD002564,CUST02927,2025-11-29 04:57:34.562381,USD,Completed
ORD002565,CUST02674,2026-01-21 01:11:21.372911,USD,Completed
ORD002566,CUST01643,2026-03-25 17:59:31.393089,USD,Cancelled
ORD002567,CUST01148,2026-04-01 02:37:58.522077,USD,Completed
ORD002568,CUST03150,2026-04-23 12:08:40.597641,$,Completed
ORD002569,CUST00455,2026-06-25 19:10:29.999137,USD,Completed
ORD002570,CUST00267,2026-06-08 05:09:49.587087,USD,Cancelled
ORD002571,CUST00459,2025-10-06 23:10:38.744139,$,Completed
ORD002572,CUST04348,2026-02-13 10:13:18.715688,USD,Completed
ORD002573,CUST04229,2025-10-27 21:35:08.685123,USD,Completed
ORD002574,CUST03977,2025-12-07 07:36:24.700587,USD,Cancelled
ORD002575,CUST04808,2026-01-23 04:15:57.328029,US$,Cancelled
ORD002576,CUST01232,2025-09-30 01:04:09.000574,USD,Completed
ORD002577,CUST02683,2026-02-22 12:17:44.301307,USD,Completed
ORD002578,CUST03070,2026-01-09 13:36:02.034430,US$,Completed
ORD002579,CUST03982,2025-10-08 20:31:28.335272,USD,Completed
ORD002580,CUST04221,2025-09-15 07:30:45.679749,US$,Completed
ORD002581,CUST02249,2025-10-29 18:07:26.841324,US$,Completed
ORD002582,CUST00807,2025-11-26 19:52:01.961108,USD,Completed
ORD002583,CUST02969,2025-07-27 10:54:14.631172,USD,Completed
ORD002584,CUST03431,2025-09-01 02:26:02.241705,usd,Completed
ORD002585,CUST00650,2025-10-14 02:51:13.125146,USD,Completed
ORD002586,CUST00337,2025-12-20 01:30:40.804976,USD,Cancelled
ORD002587,CUST01016,2025-10-20 13:52:08.860589,USD,Completed
ORD002588,CUST02690,2025-09-26 13:18:29.447222,US$,Completed
ORD002589,CUST04111,2025-08-10 16:49:23.218547,USD,Completed
ORD002590,CUST02774,2025-07-11 06:19:21.775599,USD,Completed
ORD002591,CUST02410,2025-09-23 01:34:05.476251,USD,Completed
ORD002592,CUST00944,2026-04-13 02:39:52.388186,US$,Completed
ORD002593,CUST00250,2025-10-25 13:25:53.273129,USD,Completed
ORD002594,CUST02092,2026-02-08 23:43:03.339476,USD,Completed
ORD002595,CUST00337,2025-08-25 01:49:06.803307,USD,Completed
ORD002596,CUST03635,2026-05-02 16:28:29.608697,$,Completed
ORD002597,CUST02959,2026-05-25 12:17:37.251370,USD,Completed
ORD002598,CUST01724,2025-07-13 04:44:53.357820,USD,Completed
ORD002599,CUST04185,2026-01-16 12:17:24.274389,USD,Completed
ORD002600,CUST01099,2025-11-25 07:10:44.775213,USD,Completed
ORD002601,CUST02702,2026-04-12 08:33:30.956833,USD,Completed
ORD002602,CUST03703,2025-11-21 00:06:20.550386,USD,Cancelled
ORD002603,CUST02225,2025-07-26 18:26:22.411433,USD,Completed
ORD002604,CUST03031,2025-12-31 11:02:24.371058,USD,Completed
ORD002605,CUST01034,2026-06-20 16:33:58.328674,USD,Completed
ORD002606,CUST02364,2026-02-03 08:01:18.055923,usd,Completed
ORD002607,CUST02035,2025-07-09 03:49:43.936190,USD,Completed
ORD002608,CUST00316,2025-10-20 07:59:30.811705,USD,Completed
ORD002609,CUST02335,2025-11-09 20:32:25.583793,US$,Cancelled
ORD002610,CUST04914,2025-09-25 23:52:24.544417,USD ,Completed
ORD002611,CUST02544,2026-02-13 03:22:57.547226,USD,Completed
ORD002612,CUST03784,2025-08-13 06:19:02.867857,US$,Cancelled
ORD002613,CUST00865,2025-08-01 15:48:41.778573,USD,Completed
ORD002614,CUST04618,2026-04-24 17:18:22.034383,USD,Completed
ORD002615,CUST04003,2025-08-08 04:24:44.103048,USD,Completed
ORD002616,CUST04802,2026-03-06 12:37:40.178046,USD,Cancelled
ORD002617,CUST01383,2025-10-12 17:23:53.678598,usd,Completed
ORD002618,CUST02159,2026-02-26 08:35:22.205423,USD,Completed
ORD002619,CUST03077,2025-07-14 01:20:05.207494,USD,Completed
ORD002620,CUST01254,2026-06-12 13:55:36.688439,USD,Completed
ORD002621,CUST03255,2026-03-28 06:44:52.967772,USD,Completed
ORD002622,CUST02319,2025-12-21 18:38:04.772226,US$,Cancelled
ORD002623,CUST01655,2026-05-16 19:47:32.022707,USD,Completed
ORD002624,CUST00405,2026-06-26 00:22:17.999996,USD,Completed
ORD002625,CUST02987,2025-08-25 20:11:24.360728,USD,Completed
ORD002626,CUST02374,2025-12-04 14:30:21.247995,USD,Completed
ORD002627,CUST02755,2026-03-22 12:07:55.855538,US$,Completed
ORD002628,CUST03565,2025-12-25 04:04:04.188332,US$,Cancelled
ORD002629,CUST03474,2025-12-08 09:09:57.352620,USD ,Cancelled
ORD002630,CUST01759,2025-10-06 12:32:39.815103,USD,Completed
ORD002631,CUST03963,2025-10-09 15:59:53.570369,USD,Completed
ORD002632,CUST03397,2025-08-16 18:12:16.780491,USD,Completed
ORD002633,CUST00760_DUP,2026-01-06 20:26:40.860829,USD,Completed
ORD002634,CUST04756,2025-10-03 05:41:16.906333,USD,Completed
ORD002635,CUST00417,2026-01-11 16:45:10.345063,USD,Completed
ORD002636,CUST00728,2025-08-01 20:05:38.731852,USD,Completed
ORD002637,CUST03863,2025-10-08 19:33:32.845557,USD,Completed
ORD002638,CUST00766,2025-12-03 11:35:33.666263,USD,Completed
ORD002639,CUST04777,2025-09-05 20:46:42.330621,USD,Completed
ORD002640,CUST03144,2026-03-07 23:57:07.170301,US$,Completed
ORD002641,CUST01442_DUP,2026-03-06 09:39:15.526692,USD,Completed
ORD002642,CUST00562,2026-03-20 05:11:54.543289,USD,Completed
ORD002643,CUST04289,2026-04-18 02:08:22.848083,USD,Refunded
ORD002644,CUST04241,2025-07-22 11:49:11.126100,USD ,Completed
ORD002645,CUST00201,2026-05-09 17:37:20.639548,$,Completed
ORD002646,CUST03046,2025-07-30 15:35:12.603962,usd,Completed
ORD002647,CUST04893,2026-04-26 09:42:10.682602,USD,Completed
ORD002648,CUST01677,2025-07-05 09:14:30.212307,USD,Completed
ORD002649,CUST02336,2025-12-26 20:04:57.040505,USD,Completed
ORD002650,CUST01556,2025-10-10 21:54:25.440697,USD,Completed
ORD002651,CUST01779,2026-02-02 20:17:10.235323,$,Completed
ORD002652,CUST04095,2025-07-04 09:02:57.812709,USD,Completed
ORD002653,CUST00020,2026-04-26 06:55:11.129857,USD,Cancelled
ORD002654,CUST04452,2026-02-17 23:26:58.682499,USD,Completed
ORD002655,CUST01390,2025-11-05 13:54:31.091785,$,Refunded
ORD002656,CUST00515,2025-11-14 06:25:14.332463,USD,Completed
ORD002657,CUST04328,2026-06-23 05:28:03.023099,USD,Cancelled
ORD002658,CUST03685,2026-04-05 23:25:52.141605,USD,Completed
ORD002659,CUST03377,2026-01-24 03:35:06.995627,usd,Completed
ORD002660,CUST02036,2025-11-05 01:47:40.820654,usd,Completed
ORD002661,CUST01107,2025-12-23 21:13:06.082344,usd,Completed
ORD002662,CUST02450,2026-05-13 08:54:52.252540,USD,Completed
ORD002663,CUST02409,2025-07-27 01:35:32.417110,USD,Completed
ORD002664,CUST03564,2025-09-17 05:15:06.842716,USD,Completed
ORD002665,CUST03384,2025-12-07 04:04:34.047055,USD,Completed
ORD002666,CUST02111,2025-08-04 20:20:03.795902,USD,Completed
ORD002667,CUST01364,2025-08-04 07:34:21.345456,usd,Completed
ORD002668,CUST03557,2025-08-16 17:42:08.362286,USD,Completed
ORD002669,CUST02681,2025-07-11 14:02:20.532911,USD,Completed
ORD002670,CUST04503,2026-02-15 04:11:07.097102,USD,Completed
ORD002671,CUST02477,2026-03-27 00:29:18.306822,USD,Completed
ORD002672,CUST02549,2025-09-20 22:36:24.935358,USD,Completed
ORD002673,CUST00724,2025-09-01 00:44:58.150403,USD,Cancelled
ORD002674,CUST03146,2025-12-15 18:31:17.107305,US$,Completed
ORD002675,CUST04662,2026-05-18 08:19:53.706710,USD,Completed
ORD002676,CUST00753,2026-03-09 22:02:00.692322,US$,Completed
ORD002677,CUST03582,2026-04-15 17:43:52.806640,USD,Completed
ORD002678,CUST01606,2026-02-18 16:44:49.737185,USD,Completed
ORD002679,CUST01251,2026-06-06 01:15:18.230502,USD,Completed
ORD002680,CUST04779,2025-10-18 11:10:24.163194,usd,Completed
ORD002681,CUST04632,2026-04-14 12:18:49.794245,US$,Completed
ORD002682,CUST04827,2025-09-22 09:28:04.801101,USD,Completed
ORD002683,CUST04255,2026-04-09 19:58:09.724053,USD,Cancelled
ORD002684,CUST04406,2026-04-05 12:50:38.911660,USD,Completed
ORD002685,CUST01196,2026-01-09 00:43:36.636620,USD,Completed
ORD002686,CUST01118,2025-07-31 23:08:02.607781,USD,Completed
ORD002687,CUST01126,2025-10-15 22:27:09.613507,USD,Completed
ORD002688,CUST03832,2025-12-31 11:41:20.289826,USD,Completed
ORD002689,CUST04572,2026-06-04 23:47:21.553547,usd,Completed
ORD002690,CUST03169,2026-05-07 03:56:28.975560,USD,Completed
ORD002691,CUST04217,2025-10-23 12:15:45.352400,USD,Cancelled
ORD002692,CUST04267,2025-08-22 23:46:33.798904,$,Completed
ORD002693,CUST02004,2026-05-07 04:20:53.633486,USD,Completed
ORD002694,CUST02701,2026-03-04 12:37:21.003396,USD,Completed
ORD002695,CUST02667,2025-07-02 10:30:23.594770,USD,Completed
ORD002696,CUST03272,2025-10-04 05:25:52.259996,USD,Completed
ORD002697,CUST03047,2026-01-08 03:49:40.793976,US$,Completed
ORD002698,CUST03157,2025-12-14 04:20:18.167986,USD,Completed
ORD002699,CUST02889,2026-05-12 17:58:26.689362,USD,Completed
ORD002700,CUST01080,2025-11-05 21:27:37.011657,$,Completed
ORD002701,CUST03924,2026-03-07 10:44:03.675034,USD,Completed
ORD002702,CUST02093,2026-05-13 02:11:32.985566,$,Completed
ORD002703,CUST03394,2026-04-01 21:19:07.494142,$,Completed
ORD002704,CUST00299,2026-03-11 18:14:39.329155,USD,Completed
ORD002705,CUST03559,2026-01-04 14:37:30.341516,USD,Cancelled
ORD002706,CUST02075,2026-03-07 16:23:25.178643,USD,Completed
ORD002707,CUST01237,2025-12-04 21:23:00.508890,USD,Completed
ORD002708,CUST03534,2026-06-12 10:41:15.476290,USD,Completed
ORD002709,CUST00818,2026-02-04 19:58:05.560553,US$,Completed
ORD002710,CUST02045,2025-07-24 03:38:27.956399,USD,Completed
ORD002711,CUST00760,2026-02-14 13:15:49.986790,USD,Completed
ORD002712,CUST00178,2025-09-05 03:12:01.051340,US$,Completed
ORD002713,CUST00830,2025-12-20 08:53:32.776064,USD,Completed
ORD002714,CUST04484,2026-05-07 18:53:46.353834,USD,Completed
ORD002715,CUST02156,2026-04-07 15:23:51.323501,USD ,Cancelled
ORD002716,CUST01523,2025-11-05 04:59:54.422503,usd,Completed
ORD002717,CUST03898,2026-01-24 22:16:29.291457,US$,Completed
ORD002718,CUST01678,2026-06-12 16:15:37.615067,USD,Completed
ORD002719,CUST04842,2025-07-08 08:16:02.176795,USD,Completed
ORD002720,CUST02287,2026-03-08 10:00:42.918325,USD,Completed
ORD002721,CUST00785,2026-04-09 19:30:53.998041,USD,Completed
ORD002722,CUST04141,2025-10-02 10:36:58.810608,USD,Completed
ORD002723,CUST04023,2026-01-08 08:38:42.325623,USD,Completed
ORD002724,CUST01040,2025-10-23 20:51:57.734568,USD,Completed
ORD002725,CUST02864,2026-03-31 08:16:07.897580,USD,Completed
ORD002726,CUST02421,2026-05-09 16:50:06.968197,USD,Completed
ORD002727,CUST02965,2025-11-29 08:16:37.292129,USD,Completed
ORD002728,CUST01088,2026-04-01 03:17:55.221132,USD,Completed
ORD002729,CUST02879,2025-08-08 06:53:37.343738,USD,Completed
ORD002730,CUST00927,2025-09-25 15:52:50.677008,US$,Completed
ORD002731,CUST04128,2025-12-27 14:47:43.602660,US$,Completed
ORD002732,CUST00052,2025-10-29 23:22:07.414718,USD,Completed
ORD002733,CUST03001,2025-11-30 09:50:41.273611,USD,Completed
ORD002734,CUST00630,2026-01-10 06:14:08.699767,USD,Completed
ORD002735,CUST01147,2025-12-04 19:54:27.789191,USD,Completed
ORD002736,CUST03734,2026-02-13 05:37:45.845421,USD,Completed
ORD002737,CUST01648,2025-10-25 11:54:22.823344,US$,Completed
ORD002738,CUST03662,2026-06-02 00:21:05.659667,USD,Completed
ORD002739,CUST00359,2026-03-22 08:12:23.364816,USD,Completed
ORD002740,CUST01035,2025-11-23 20:28:46.517725,USD,Completed
ORD002741,CUST00713,2026-03-11 02:37:40.875244,USD,Completed
ORD002742,CUST02879,2025-09-15 03:19:44.008155,USD,Completed
ORD002743,CUST01816,2026-01-19 06:20:59.899227,USD,Completed
ORD002744,CUST03391,2026-05-22 00:05:56.983714,$,Completed
ORD002745,CUST00182,2026-03-19 17:27:05.268021,USD,Completed
ORD002746,CUST03717,2025-11-02 02:43:13.888124,USD,Completed
ORD002747,CUST03449,2026-03-29 10:25:49.709448,USD,Completed
ORD002748,CUST00444,2025-08-08 15:45:13.512475,USD,Completed
ORD002749,CUST03876,2025-12-12 21:45:54.651596,usd,Completed
ORD002750,CUST02573,2025-11-23 18:43:01.503886,USD,Completed
ORD002751,CUST02919,2025-10-09 05:22:08.534644,$,Completed
ORD002752,CUST03577,2025-11-09 02:42:13.780933,USD,Completed
ORD002753,CUST04744,2026-01-19 22:38:54.014215,USD,Completed
ORD002754,CUST00623,2025-07-20 11:28:48.747333,usd,Refunded
ORD002755,CUST00682,2025-08-01 12:07:48.145338,USD,Completed
ORD002756,CUST03139,2026-04-02 12:19:19.388787,USD,Completed
ORD002757,CUST01660,2026-05-11 03:18:29.432967,US$,Refunded
ORD002758,CUST02990,2026-05-06 15:22:57.733426,usd,Completed
ORD002759,CUST01882,2025-07-23 08:50:36.504765,usd,Cancelled
ORD002760,CUST00137,2025-10-10 23:58:45.274315,USD,Completed
ORD002761,CUST04340,2025-12-16 10:15:24.503690,USD,Completed
ORD002762,CUST02619,2025-07-20 13:51:42.803259,$,Completed
ORD002763,CUST03430,2026-05-30 08:55:48.595395,USD,Completed
ORD002764,CUST03624,2025-10-10 04:20:59.967295,USD,Completed
ORD002765,CUST00887,2025-08-25 17:23:20.743855,usd,Completed
ORD002766,CUST01212,2026-01-29 08:59:56.004661,USD,Completed
ORD002767,CUST02172,2026-02-27 08:37:42.232708,USD,Completed
ORD002768,CUST02739,2026-03-17 07:11:17.514161,USD,Completed
ORD002769,CUST00905,2025-11-16 00:44:10.947950,USD,Completed
ORD002770,CUST00283,2026-05-16 22:43:36.742333,USD,Completed
ORD002771,CUST00531,2025-11-08 23:37:51.697773,USD,Completed
ORD002772,CUST04133,2025-07-25 23:15:01.467285,USD,Completed
ORD002773,CUST00409,2026-04-26 18:42:08.181550,USD,Completed
ORD002774,CUST03206,2026-01-27 16:09:00.728926,usd,Completed
ORD002775,CUST01838,2025-12-13 23:57:24.296173,USD ,Completed
ORD002776,CUST01951,2025-10-24 13:55:20.603904,USD,Completed
ORD002777,CUST03018,2026-04-15 01:59:36.043747,USD,Completed
ORD002778,CUST00434,2026-03-27 18:40:38.746763,USD,Completed
ORD002779,CUST02309,2026-06-11 10:27:54.065477,USD,Completed
ORD002780,CUST02159,2025-12-09 10:31:54.085172,USD,Cancelled
ORD002781,CUST00271,2025-12-23 19:02:10.892490,USD,Completed
ORD002782,CUST03789,2025-11-18 06:02:38.055903,USD,Refunded
ORD002783,CUST02209,2026-05-29 17:37:54.781549,USD,Completed
ORD002784,CUST01507,2025-12-05 17:52:22.776677,USD,Completed
ORD002785,CUST01390,2026-06-06 06:26:52.466045,USD,Completed
ORD002786,CUST01835,2025-11-02 07:11:09.971452,US$,Cancelled
ORD002787,CUST04632,2025-07-27 09:40:14.868075,usd,Completed
ORD002788,CUST04417,2026-03-09 02:29:20.589906,USD,Completed
ORD002789,CUST03720,2026-03-16 01:00:40.439109,USD,Completed
ORD002790,CUST00302,2026-05-18 15:48:56.323687,USD,Completed
ORD002791,CUST01940,2026-04-06 22:04:45.012651,$,Completed
ORD002792,CUST01958,2025-07-12 13:02:56.717014,USD,Completed
ORD002793,CUST00469,2025-09-23 15:23:15.290762,USD,Completed
ORD002794,CUST04831,2025-12-19 18:49:28.466935,USD,Completed
ORD002795,CUST04491,2026-04-24 17:08:11.630301,USD,Completed
ORD002796,CUST00604,2025-12-21 11:52:29.500619,USD,Completed
ORD002797,CUST03079,2025-12-05 23:35:20.179246,USD,Completed
ORD002798,CUST04253,2025-11-12 03:45:30.947292,USD,Completed
ORD002799,CUST02458,2025-12-09 19:36:36.087673,USD,Completed
ORD002800,CUST02425,2025-09-24 05:23:35.099081,$,Completed
ORD002801,CUST01223,2025-11-19 11:10:41.778753,$,Completed
ORD002802,CUST01660,2025-10-09 17:17:34.751920,$,Completed
ORD002803,CUST00176,2026-02-07 15:58:43.637138,USD,Completed
ORD002804,CUST03131,2026-06-02 08:10:10.480909,US$,Completed
ORD002805,CUST02138,2025-09-03 18:00:11.322289,USD,Completed
ORD002806,CUST03842,2025-12-02 14:34:28.876072,USD,Completed
ORD002807,CUST03485,2026-04-21 21:59:28.269702,USD,Cancelled
ORD002808,CUST01494,2026-02-05 12:12:59.730788,USD,Completed
ORD002809,CUST01312,2026-03-22 10:54:50.823946,USD,Completed
ORD002810,CUST03138,2026-01-13 09:22:35.128666,usd,Completed
ORD002811,CUST00532,2025-07-30 10:16:52.482187,USD,Completed
ORD002812,CUST00164,2025-10-17 06:48:27.537688,usd,Completed
ORD002813,CUST04968,2025-07-25 21:16:20.014535,US$,Completed
ORD002814,CUST03572,2026-06-06 15:51:28.408727,US$,Completed
ORD002815,CUST00558,2026-03-29 21:34:49.919827,USD,Completed
ORD002816,CUST00029,2025-11-02 17:30:49.905075,US$,Completed
ORD002817,CUST03829,2026-02-05 06:01:09.357556,USD,Completed
ORD002818,CUST01114,2026-03-13 11:34:42.511219,USD,Completed
ORD002819,CUST01377,2026-06-24 08:23:55.833894,USD,Completed
ORD002820,CUST04292,2025-09-06 15:03:33.035936,USD,Completed
ORD002821,CUST04062,2026-04-17 10:45:30.121645,usd,Completed
ORD002822,CUST04823,2025-07-25 13:11:26.371044,USD,Completed
ORD002823,CUST04150,2026-04-19 03:30:49.600604,USD,Cancelled
ORD002824,CUST00862,2026-04-30 03:30:14.838212,USD,Completed
ORD002825,CUST04915,2026-05-19 05:41:56.779832,$,Completed
ORD002826,CUST00231,2026-03-30 11:44:06.736583,$,Completed
ORD002827,CUST02605,2026-05-14 18:55:40.852521,$,Completed
ORD002828,CUST04612,2026-04-20 19:25:23.643840,USD,Refunded
ORD002829,CUST01371,2026-05-07 00:51:08.054089,USD,Completed
ORD002830,CUST00985,2025-11-17 08:26:36.869788,$,Completed
ORD002831,CUST01968,2025-09-08 18:11:39.280833,US$,Completed
ORD002832,CUST04661,2025-08-05 08:33:22.703610,$,Completed
ORD002833,CUST02313,2026-01-21 13:34:20.349514,usd,Completed
ORD002834,CUST04996,2025-12-19 20:37:08.130445,USD,Completed
ORD002835,CUST04064,2026-05-20 20:42:59.859041,USD,Completed
ORD002836,CUST02177,2025-09-27 11:09:39.098932,US$,Completed
ORD002837,CUST03409,2025-08-07 16:44:26.225616,USD,Completed
ORD002838,CUST04435,2026-06-17 08:56:53.198262,USD,Completed
ORD002839,CUST00926,2026-02-22 18:32:15.037294,USD,Completed
ORD002840,CUST04175,2026-03-02 21:17:53.502364,USD,Refunded
ORD002841,CUST04089,2025-11-28 21:27:39.662472,USD,Completed
ORD002842,CUST03290_DUP,2026-05-21 20:46:46.023900,$,Completed
ORD002843,CUST02729,2025-07-25 19:10:39.660523,USD,Completed
ORD002844,CUST04400,2025-10-28 12:51:12.847339,USD,Completed
ORD002845,CUST04741,2025-07-07 07:41:33.817678,USD,Completed
ORD002846,CUST01454,2026-01-07 16:22:29.007438,USD,Completed
ORD002847,CUST00658,2025-10-20 22:09:05.621432,USD,Completed
ORD002848,CUST03113,2025-12-22 11:37:51.998604,US$,Completed
ORD002849,CUST04735,2026-05-09 00:18:33.794706,USD,Completed
ORD002850,CUST04022,2026-01-31 13:25:30.229675,USD,Completed
ORD002851,CUST03443,2026-06-19 06:21:51.401637,$,Completed
ORD002852,CUST01728,2025-07-12 00:53:44.328954,USD,Completed
ORD002853,CUST01744,2026-06-28 06:16:00.164064,USD,Completed
ORD002854,CUST04548,2026-03-26 15:26:38.435978,USD,Completed
ORD002855,CUST02630,2025-07-22 11:10:19.251196,USD,Completed
ORD002856,CUST04224,2026-04-25 01:09:49.166404,usd,Completed
ORD002857,CUST03912,2026-02-06 02:23:39.677416,USD,Completed
ORD002858,CUST02716,2025-10-03 06:50:25.390728,USD,Completed
ORD002859,CUST00437,2026-03-25 02:10:46.534802,USD,Completed
ORD002860,CUST04497,2025-11-29 19:42:39.381001,$,Completed
ORD002861,CUST04131,2025-11-24 16:47:56.286621,USD,Completed
ORD002862,CUST01292,2025-10-09 16:44:16.921966,USD,Completed
ORD002863,CUST04828,2025-10-20 03:51:02.503036,USD,Completed
ORD002864,CUST01002,2025-10-12 02:55:01.591503,USD,Completed
ORD002865,CUST01354,2025-07-26 23:17:03.435015,US$,Completed
ORD002866,CUST01811,2025-08-31 19:22:19.652260,USD,Completed
ORD002867,CUST04184,2026-06-28 20:01:40.639968,USD,Cancelled
ORD002868,CUST00067,2025-10-26 14:40:19.726836,usd,Completed
ORD002869,CUST02269,2025-10-16 13:33:35.033310,USD,Completed
ORD002870,CUST03600,2026-06-05 16:08:13.649429,USD,Completed
ORD002871,CUST00455,2026-06-02 13:00:38.403689,USD,Refunded
ORD002872,CUST04055,2026-06-17 04:02:17.954144,usd,Completed
ORD002873,CUST04609,2026-06-08 21:42:26.431984,USD,Completed
ORD002874,CUST00608,2025-08-10 10:39:42.054139,$,Completed
ORD002875,CUST01735,2026-02-15 06:14:48.191840,USD,Completed
ORD002876,CUST02866,2025-12-10 22:56:51.485090,USD,Cancelled
ORD002877,CUST00627,2025-12-29 19:52:41.975171,USD,Completed
ORD002878,CUST02882,2025-08-08 13:51:33.969911,USD,Completed
ORD002879,CUST03764,2025-11-11 01:02:32.490966,USD,Completed
ORD002880,CUST04224,2025-10-09 00:49:04.996965,USD,Completed
ORD002881,CUST03118,2026-02-01 19:49:26.178227,USD,Completed
ORD002882,CUST03693,2026-04-15 07:27:18.652154,USD,Refunded
ORD002883,CUST01528,2026-03-29 17:04:58.913990,US$,Completed
ORD002884,CUST01635,2026-03-27 13:08:50.633903,USD,Completed
ORD002885,CUST03094,2025-12-15 09:19:35.744795,US$,Completed
ORD002886,CUST00040,2026-05-27 12:37:58.260886,US$,Completed
ORD002887,CUST02659,2026-06-22 11:50:47.015882,USD,Completed
ORD002888,CUST02231,2025-12-06 00:38:16.185489,USD,Cancelled
ORD002889,CUST02234,2025-11-20 15:52:10.414860,USD,Completed
ORD002890,CUST00553,2026-03-20 16:14:29.624200,USD,Completed
ORD002891,CUST03988,2025-12-15 09:39:17.699213,usd,Completed
ORD002892,CUST02134,2025-07-27 04:29:31.136955,USD,Completed
ORD002893,CUST04789,2025-12-27 17:18:20.898815,USD,Cancelled
ORD002894,CUST00012,2026-05-23 20:30:54.153020,USD,Completed
ORD002895,CUST00582,2026-05-04 19:07:14.760540,USD,Completed
ORD002896,CUST02972_DUP,2026-02-07 20:25:27.237664,USD,Cancelled
ORD002897,CUST00931,2026-03-02 23:27:01.391387,USD,Completed
ORD002898,CUST04803,2026-02-19 16:27:04.725100,USD,Completed
ORD002899,CUST02630,2026-04-07 12:41:33.351442,USD,Completed
ORD002900,CUST04119,2025-10-01 17:17:50.551298,US$,Completed
ORD002901,CUST00731,2026-06-29 02:12:07.801492,USD,Completed
ORD002902,CUST01546,2026-02-27 13:42:44.077209,USD,Completed
ORD002903,CUST00436,2025-11-19 06:31:56.828896,USD,Completed
ORD002904,CUST03376,2025-08-05 18:41:59.342176,USD,Cancelled
ORD002905,CUST01322,2025-12-10 20:58:00.928772,USD,Completed
ORD002906,CUST02739,2025-10-06 05:07:11.357540,$,Completed
ORD002907,CUST01333,2025-12-11 19:21:31.754133,USD,Completed
ORD002908,CUST01012,2026-03-18 11:03:34.591052,US$,Completed
ORD002909,CUST02054,2026-04-14 17:22:02.174579,usd,Completed
ORD002910,CUST01390,2026-05-02 09:00:12.674182,USD,Completed
ORD002911,CUST02331,2026-06-10 17:03:29.385157,USD,Completed
ORD002912,CUST00683,2026-02-10 06:56:08.714694,usd,Completed
ORD002913,CUST02418,2025-10-02 02:39:43.508335,USD,Completed
ORD002914,CUST00509,2025-11-29 21:21:52.006768,$,Completed
ORD002915,CUST02790,2025-09-26 06:48:00.543331,US$,Completed
ORD002916,CUST00407,2025-10-08 19:35:17.406638,usd,Completed
ORD002917,CUST00416,2025-11-16 03:14:39.346763,usd,Completed
ORD002918,CUST04676,2026-05-03 19:18:28.471136,USD,Refunded
ORD002919,CUST00422,2026-04-29 21:20:25.536902,USD,Refunded
ORD002920,CUST02929,2025-09-01 14:48:49.763052,USD,Completed
ORD002921,CUST01094,2026-05-04 06:25:22.780133,USD,Completed
ORD002922,CUST00700,2026-06-13 13:53:40.138852,usd,Completed
ORD002923,CUST01397,2025-08-03 06:02:34.296664,USD,Completed
ORD002924,CUST03995,2025-08-20 20:15:30.225682,USD,Completed
ORD002925,CUST04216,2025-08-26 06:18:52.186570,USD,Completed
ORD002926,CUST03573,2025-12-30 23:57:14.469370,USD,Completed
ORD002927,CUST04332,2026-02-17 12:47:58.421136,usd,Cancelled
ORD002928,CUST02211,2025-11-08 08:27:25.578603,USD,Completed
ORD002929,CUST01615,2025-10-21 03:45:13.422573,USD,Completed
ORD002930,CUST00102,2026-01-08 04:10:58.822036,USD,Completed
ORD002931,CUST04893,2026-06-29 23:29:31.178214,US$,Completed
ORD002932,CUST03532,2026-04-17 00:38:13.757062,USD,Completed
ORD002933,CUST04522,2025-09-02 22:29:25.233085,USD,Completed
ORD002934,CUST00811,2025-12-21 12:29:12.972440,USD,Completed
ORD002935,CUST04496,2026-06-11 17:18:24.943589,USD,Completed
ORD002936,CUST02697,2026-03-08 23:23:39.370857,USD,Completed
ORD002937,CUST04855,2025-07-26 16:39:58.969362,USD,Completed
ORD002938,CUST04792,2025-08-22 04:36:28.230292,US$,Completed
ORD002939,CUST00841,2026-01-25 07:13:31.062562,USD,Completed
ORD002940,CUST04776,2025-10-12 07:57:20.141825,$,Completed
ORD002941,CUST00925,2025-10-01 04:25:26.446641,USD,Completed
ORD002942,CUST00689,2025-08-30 01:38:31.081786,USD,Completed
ORD002943,CUST02965,2025-07-27 09:50:52.724694,USD,Completed
ORD002944,CUST04729,2025-09-30 21:53:41.307507,USD,Completed
ORD002945,CUST02331,2026-02-16 14:44:47.487926,US$,Completed
ORD002946,CUST01261,2026-02-24 12:39:43.408914,USD,Completed
ORD002947,CUST01330,2025-12-02 12:46:20.276007,US$,Completed
ORD002948,CUST03689,2025-07-22 21:31:28.112548,USD,Completed
ORD002949,CUST00424,2026-03-26 15:45:37.829933,USD,Completed
ORD002950,CUST02480,2026-04-16 11:31:34.192255,usd,Completed
ORD002951,CUST04123,2026-05-05 01:27:52.922701,USD,Completed
ORD002952,CUST03304,2025-10-21 23:20:06.104481,USD,Completed
ORD002953,CUST00608,2025-11-23 23:16:22.656526,USD,Completed
ORD002954,CUST01529,2025-07-09 21:39:56.784330,$,Completed
ORD002955,CUST02026,2026-05-06 11:43:11.453233,USD,Completed
ORD002956,CUST02679,2025-11-18 04:21:36.139974,$,Cancelled
ORD002957,CUST03411,2025-09-12 19:08:23.828080,USD,Completed
ORD002958,CUST04725,2026-06-06 19:35:57.293941,USD,Cancelled
ORD002959,CUST02568,2026-03-03 14:17:20.853400,USD,Completed
ORD002960,CUST00932,2026-05-16 21:19:30.598757,USD,Completed
ORD002961,CUST00780,2025-11-16 14:24:46.677822,USD,Completed
ORD002962,CUST02578,2026-01-17 22:47:47.741599,US$,Completed
ORD002963,CUST02944,2026-05-11 05:13:06.088023,USD,Completed
ORD002964,CUST01400,2025-08-05 04:28:22.578751,US$,Completed
ORD002965,CUST01500,2026-05-05 15:22:03.837637,USD,Cancelled
ORD002966,CUST00102,2025-09-30 21:01:45.789928,usd,Completed
ORD002967,CUST02063,2026-02-04 07:11:15.160390,USD,Cancelled
ORD002968,CUST03905,2025-11-28 01:07:13.422562,US$,Completed
ORD002969,CUST01296,2026-05-26 03:46:21.151915,USD,Completed
ORD002970,CUST02023,2026-02-19 11:28:34.797518,$,Refunded
ORD002971,CUST02074,2025-07-15 03:54:37.210828,USD,Completed
ORD002972,CUST03613,2026-04-10 08:20:59.639727,usd,Completed
ORD002973,CUST03884,2026-06-14 05:58:51.444049,USD,Completed
ORD002974,CUST01103,2026-05-02 18:19:04.242639,USD,Completed
ORD002975,CUST04834,2025-11-20 00:57:18.222120,usd,Completed
ORD002976,CUST03495,2026-01-12 08:05:01.967014,usd,Cancelled
ORD002977,CUST02478,2026-03-03 01:59:01.451816,USD,Completed
ORD002978,CUST04090,2025-07-11 16:22:16.957716,USD,Completed
ORD002979,CUST00326,2025-07-25 02:46:32.307240,USD,Completed
ORD002980,CUST02393,2026-05-29 07:41:32.365453,US$,Completed
ORD002981,CUST01976,2025-09-12 07:31:27.002900,US$,Completed
ORD002982,CUST03035,2025-09-08 15:01:04.322533,US$,Completed
ORD002983,CUST04902,2026-04-09 04:40:58.324468,usd,Completed
ORD002984,CUST01185,2025-07-06 03:35:13.034506,USD,Completed
ORD002985,CUST01127,2025-11-08 03:17:48.810274,USD,Completed
ORD002986,CUST02838,2025-10-31 09:12:21.971855,USD,Completed
ORD002987,CUST04357,2025-08-01 20:41:50.330648,USD,Completed
ORD002988,CUST01458,2026-03-16 20:12:54.389948,USD,Completed
ORD002989,CUST01917,2026-02-21 18:33:27.175114,USD,Completed
ORD002990,CUST01518,2025-07-30 03:47:50.555639,USD,Completed
ORD002991,CUST04517,2026-04-22 09:48:20.950860,USD,Cancelled
ORD002992,CUST04724,2025-09-15 19:50:32.081304,USD,Completed
ORD002993,CUST01571,2026-05-18 07:24:13.074043,$,Completed
ORD002994,CUST03764,2026-06-25 10:09:51.071364,USD,Completed
ORD002995,CUST00175,2026-06-01 08:07:19.036895,USD,Refunded
ORD002996,CUST00326,2026-06-08 04:15:34.834906,USD,Completed
ORD002997,CUST01903,2026-03-02 00:13:49.246589,USD,Cancelled
ORD002998,CUST01893,2025-10-20 12:58:47.025123,USD,Completed
ORD002999,CUST03009,2025-07-09 09:57:34.402420,USD,Completed
ORD003000,CUST00661,2026-06-09 19:04:09.818817,usd,Completed
ORD003001,CUST04860,2026-04-20 15:57:21.119431,USD,Completed
ORD003002,CUST01567,2025-08-31 18:46:21.950024,USD,Completed
ORD003003,CUST03831,2026-01-22 11:17:59.712525,usd,Completed
ORD003004,CUST03845,2025-10-28 05:28:12.294739,USD ,Refunded
ORD003005,CUST00028,2025-11-14 00:39:09.999355,USD,Completed
ORD003006,CUST04576,2026-01-24 06:04:59.794118,USD,Completed
ORD003007,CUST02438,2025-10-28 06:10:26.585494,USD,Completed
ORD003008,CUST04993,2026-02-05 13:00:25.387814,USD,Cancelled
ORD003009,CUST01621,2026-01-14 02:09:47.698155,usd,Completed
ORD003010,CUST04134,2026-01-23 05:07:39.512827,USD,Cancelled
ORD003011,CUST01027,2026-06-19 22:40:04.806981,usd,Completed
ORD003012,CUST00095,2026-05-29 13:03:04.499796,US$,Cancelled
ORD003013,CUST02937,2025-11-30 06:02:21.704715,USD,Completed
ORD003014,CUST02108,2026-02-19 05:20:08.627714,USD,Completed
ORD003015,CUST02277,2025-07-04 07:38:09.110181,usd,Completed
ORD003016,CUST03038,2025-10-06 08:10:59.593635,USD,Completed
ORD003017,CUST01607,2025-10-31 16:18:15.862834,US$,Completed
ORD003018,CUST00284,2025-11-17 19:21:49.993312,usd,Completed
ORD003019,CUST02876,2025-09-20 06:46:01.861250,USD,Completed
ORD003020,CUST01706,2026-01-27 02:51:15.479686,USD,Completed
ORD003021,CUST00816,2026-05-01 04:31:43.805373,USD,Completed
ORD003022,CUST02529,2025-07-18 22:19:05.193389,USD,Completed
ORD003023,CUST03514,2025-11-02 06:10:25.456499,USD,Completed
ORD003024,CUST04960,2026-04-07 13:14:07.239827,USD,Completed
ORD003025,CUST00250,2026-01-29 00:26:45.873453,USD,Completed
ORD003026,CUST04069,2025-11-26 00:47:43.814978,US$,Cancelled
ORD003027,CUST01153,2026-02-27 06:36:47.825489,USD,Completed
ORD003028,CUST03989,2025-10-06 06:02:50.327886,US$,Completed
ORD003029,CUST03819,2026-04-03 19:29:08.888055,US$,Cancelled
ORD003030,CUST01628,2025-09-25 17:31:15.525899,US$,Completed
ORD003031,CUST01414,2026-01-26 13:08:37.261940,USD,Completed
ORD003032,CUST00918,2026-05-19 12:14:28.053464,USD,Completed
ORD003033,CUST00518,2025-08-18 11:30:34.303060,US$,Completed
ORD003034,CUST04672,2026-04-01 07:35:00.984325,usd,Completed
ORD003035,CUST02517,2025-10-03 14:00:05.228257,USD,Completed
ORD003036,CUST02623,2025-09-06 16:25:49.143222,US$,Cancelled
ORD003037,CUST00984,2026-06-22 19:56:59.082956,USD,Completed
ORD003038,CUST02599,2026-01-05 19:11:41.097903,$,Completed
ORD003039,CUST04080,2025-08-16 11:08:28.144890,US$,Completed
ORD003040,CUST00719,2025-12-26 21:45:02.793799,USD,Completed
ORD003041,CUST01687,2025-10-26 00:25:25.994045,USD,Refunded
ORD003042,CUST00133,2026-06-24 20:55:27.502501,USD ,Completed
ORD003043,CUST01327,2026-06-09 23:02:03.792202,$,Completed
ORD003044,CUST03539,2026-03-27 00:26:29.937122,usd,Completed
ORD003045,CUST04764,2025-07-13 15:46:48.681297,US$,Completed
ORD003046,CUST00216,2026-05-02 19:18:27.385433,USD,Completed
ORD003047,CUST04363,2025-07-16 07:44:15.338813,USD,Completed
ORD003048,CUST01995,2025-07-07 13:43:08.939831,usd,Completed
ORD003049,CUST03050,2025-12-29 08:08:30.032631,usd,Completed
ORD003050,CUST00365,2026-04-02 14:55:40.232133,USD,Completed
ORD003051,CUST02495,2025-09-07 11:51:02.618399,USD,Completed
ORD003052,CUST04457,2026-02-15 17:49:55.336987,USD,Completed
ORD003053,CUST04242,2025-11-17 08:12:30.896235,USD,Completed
ORD003054,CUST03479,2025-11-10 16:19:52.735692,USD,Completed
ORD003055,CUST03651,2025-11-15 11:58:28.020587,USD,Completed
ORD003056,CUST01506,2025-12-25 23:03:40.784275,usd,Completed
ORD003057,CUST04970,2025-12-15 00:41:47.143458,USD,Completed
ORD003058,CUST00089,2026-06-22 04:04:00.506534,USD,Completed
ORD003059,CUST00169,2026-01-26 01:09:58.813431,USD,Completed
ORD003060,CUST04060,2026-04-15 07:24:46.401736,USD,Completed
ORD003061,CUST02514,2025-12-16 15:49:32.979578,USD,Completed
ORD003062,CUST03370,2025-07-27 08:13:47.481470,USD,Completed
ORD003063,CUST00171,2025-10-14 07:06:15.169608,USD,Completed
ORD003064,CUST00538,2025-09-28 17:42:46.372806,USD,Completed
ORD003065,CUST01633,2026-03-17 02:39:11.065314,USD,Completed
ORD003066,CUST02736,2025-07-24 16:55:48.521387,$,Completed
ORD003067,CUST02486,2026-03-16 03:46:07.872960,USD,Completed
ORD003068,CUST01203,2026-06-28 23:24:32.196151,USD,Completed
ORD003069,CUST01901,2025-12-31 20:06:59.747105,USD,Completed
ORD003070,CUST03804,2026-03-11 17:18:04.170895,USD,Completed
ORD003071,CUST03095,2025-12-29 14:10:15.350812,usd,Completed
ORD003072,CUST04283,2026-02-05 23:11:05.484591,US$,Completed
ORD003073,CUST04582,2025-09-11 23:21:28.802201,$,Completed
ORD003074,CUST04537,2025-12-22 04:28:15.796518,$,Completed
ORD003075,CUST04024,2026-03-16 23:33:02.985638,USD,Completed
ORD003076,CUST03040,2026-03-17 09:23:20.501932,US$,Completed
ORD003077,CUST03936,2025-07-30 12:03:48.013729,USD,Completed
ORD003078,CUST01746,2026-05-18 02:06:56.411089,USD,Completed
ORD003079,CUST04701,2025-08-05 20:21:08.239682,USD,Completed
ORD003080,CUST01317,2025-12-08 08:23:46.340930,USD,Completed
ORD003081,CUST01842,2026-05-03 07:54:57.238347,USD,Completed
ORD003082,CUST04809,2026-01-05 16:15:36.654404,USD,Completed
ORD003083,CUST04107,2025-08-16 22:20:17.227906,USD,Completed
ORD003084,CUST00693,2026-05-15 03:30:52.754327,USD,Completed
ORD003085,CUST01830,2026-01-13 22:35:01.191492,USD,Completed
ORD003086,CUST00251,2026-05-01 05:37:08.805169,USD,Refunded
ORD003087,CUST03300,2026-04-17 20:31:27.557859,usd,Completed
ORD003088,CUST00329,2025-12-05 21:18:16.621009,USD,Completed
ORD003089,CUST00877,2025-08-18 03:36:31.361250,USD,Completed
ORD003090,CUST02614,2025-10-16 13:09:22.065019,USD,Completed
ORD003091,CUST04660,2025-09-11 03:27:35.872515,USD,Refunded
ORD003092,CUST02665,2026-03-01 16:04:34.402827,USD,Completed
ORD003093,CUST01149,2026-02-09 01:13:23.855100,USD,Cancelled
ORD003094,CUST02505,2026-06-04 19:46:25.723928,USD,Completed
ORD003095,CUST04781,2026-02-04 04:36:11.730699,USD,Completed
ORD003096,CUST04617,2025-11-04 14:27:09.406333,USD,Completed
ORD003097,CUST03364,2026-03-01 11:48:21.433553,USD,Completed
ORD003098,CUST03445,2025-11-16 11:08:16.470890,US$,Completed
ORD003099,CUST00447,2025-09-28 04:15:55.112540,usd,Refunded
ORD003100,CUST00612,2026-05-03 14:13:47.388469,usd,Completed
ORD003101,CUST04579,2026-03-19 12:30:35.122343,USD,Completed
ORD003102,CUST02838,2026-04-08 05:53:11.804082,USD,Completed
ORD003103,CUST02758,2025-12-08 02:43:01.871771,usd,Completed
ORD003104,CUST02188,2025-07-27 17:46:14.927381,USD,Completed
ORD003105,CUST00296,2026-03-28 13:23:16.036206,USD,Cancelled
ORD003106,CUST04229,2025-10-29 00:41:15.964812,usd,Completed
ORD003107,CUST03736,2026-05-28 08:19:32.251938,USD,Refunded
ORD003108,CUST04306,2025-10-05 06:32:14.238453,USD,Completed
ORD003109,CUST01350,2025-09-04 11:09:16.401210,USD,Cancelled
ORD003110,CUST01110,2026-06-05 06:35:30.431872,$,Completed
ORD003111,CUST00257,2026-03-24 07:54:16.255425,usd,Completed
ORD003112,CUST01146,2025-08-12 00:42:09.425506,USD,Completed
ORD003113,CUST02272,2026-03-23 00:37:36.007395,USD,Completed
ORD003114,CUST02543,2026-02-15 02:56:02.325911,USD,Refunded
ORD003115,CUST01023,2025-09-18 06:15:51.154736,usd,Completed
ORD003116,CUST00866,2026-06-02 19:31:26.787335,USD,Completed
ORD003117,CUST04029,2026-04-19 00:00:01.568959,USD,Completed
ORD003118,CUST02290,2026-05-01 20:59:23.705095,USD,Cancelled
ORD003119,CUST02545,2026-05-08 06:00:39.280972,USD,Completed
ORD003120,CUST00671,2026-06-08 04:15:17.371629,USD,Completed
ORD003121,CUST02240,2026-04-19 04:26:46.663225,USD,Completed
ORD003122,CUST02395,2025-08-23 21:21:49.114191,USD,Cancelled
ORD003123,CUST04077,2025-12-18 01:14:11.255400,USD,Completed
ORD003124,CUST04495,2025-12-02 20:12:55.349740,USD,Completed
ORD003125,CUST00129,2026-05-27 07:47:52.179250,$,Completed
ORD003126,CUST03820,2026-03-19 17:52:14.916423,usd,Completed
ORD003127,CUST01287,2025-12-31 05:11:47.541944,USD,Completed
ORD003128,CUST02337,2025-09-29 03:52:02.233554,USD,Completed
ORD003129,CUST00239,2025-12-09 23:25:56.147350,USD,Completed
ORD003130,CUST03082,2026-04-02 23:49:45.203966,USD,Completed
ORD003131,CUST04640,2026-03-22 00:09:26.799443,USD ,Completed
ORD003132,CUST02101,2025-10-21 04:15:21.473603,USD,Completed
ORD003133,CUST00491,2025-08-04 17:03:08.199007,usd,Completed
ORD003134,CUST00468,2025-10-08 14:12:53.253574,USD,Refunded
ORD003135,CUST04206,2025-09-08 04:57:02.886248,USD ,Completed
ORD003136,CUST03624,2025-12-01 22:47:33.705343,USD,Completed
ORD003137,CUST04098,2025-10-01 09:11:36.399484,$,Completed
ORD003138,CUST02140,2025-10-01 22:15:59.809819,USD,Completed
ORD003139,CUST02324,2026-05-27 23:23:44.629975,USD,Completed
ORD003140,CUST04321,2026-01-24 08:26:51.275742,USD,Cancelled
ORD003141,CUST01570,2025-08-28 22:23:16.411936,USD,Completed
ORD003142,CUST02363,2026-02-15 10:42:11.777032,USD,Completed
ORD003143,CUST02166,2025-11-23 16:26:51.454402,$,Completed
ORD003144,CUST03045,2026-06-08 03:58:29.607654,USD,Completed
ORD003145,CUST01361,2026-03-25 15:27:09.714651,USD,Completed
ORD003146,CUST03889,2026-02-14 08:15:45.785497,USD,Completed
ORD003147,CUST01983,2025-07-17 22:15:22.100019,$,Completed
ORD003148,CUST01621,2026-01-26 03:29:26.455409,usd,Completed
ORD003149,CUST03124,2025-12-14 17:33:51.455879,US$,Completed
ORD003150,CUST00233,2026-03-26 15:38:30.455891,$,Completed
ORD003151,CUST02709,2026-01-25 17:05:11.148275,USD,Completed
ORD003152,CUST00749,2025-09-29 20:49:18.292085,US$,Completed
ORD003153,CUST01684,2026-02-04 19:15:33.100655,USD,Completed
ORD003154,CUST02113,2025-12-07 21:09:55.075883,USD,Completed
ORD003155,CUST04849,2026-02-23 19:07:00.435205,US$,Cancelled
ORD003156,CUST01127,2025-08-15 17:56:21.085154,USD,Completed
ORD003157,CUST00840,2026-04-23 21:24:44.650984,USD,Completed
ORD003158,CUST04777,2025-08-30 01:29:52.729609,USD,Completed
ORD003159,CUST02954,2026-03-23 15:58:32.463104,US$,Completed
ORD003160,CUST02534,2026-01-08 01:58:48.961635,USD,Completed
ORD003161,CUST03473,2026-03-18 21:10:27.400631,usd,Completed
ORD003162,CUST02002,2025-12-21 21:56:31.766793,usd,Completed
ORD003163,CUST01640,2025-08-04 19:00:31.772847,USD,Completed
ORD003164,CUST02589,2026-03-04 07:35:12.376553,usd,Completed
ORD003165,CUST03354,2026-04-29 08:37:05.962132,USD,Completed
ORD003166,CUST04677,2025-09-21 18:31:55.494921,usd,Completed
ORD003167,CUST01161,2025-10-19 13:40:11.824423,USD,Completed
ORD003168,CUST04375,2026-01-23 17:30:59.023398,USD,Completed
ORD003169,CUST02578,2026-01-09 22:03:42.038147,USD,Completed
ORD003170,CUST02595,2025-07-28 06:55:20.819669,USD,Completed
ORD003171,CUST04342,2026-01-03 07:46:11.051602,USD,Completed
ORD003172,CUST03021,2025-08-26 09:04:16.138071,USD,Completed
ORD003173,CUST04081_DUP,2026-05-30 18:18:55.035437,USD,Completed
ORD003174,CUST02548,2026-04-30 05:51:57.491792,$,Completed
ORD003175,CUST01569,2025-08-24 09:29:11.140401,USD,Completed
ORD003176,CUST03035,2025-09-22 05:25:32.435989,USD,Completed
ORD003177,CUST04188,2025-07-20 05:17:38.521693,USD,Completed
ORD003178,CUST02731,2026-01-07 00:24:01.274632,US$,Completed
ORD003179,CUST04243,2025-11-06 16:21:47.675633,USD,Completed
ORD003180,CUST04062,2026-03-02 04:53:29.708674,USD,Completed
ORD003181,CUST04166,2026-02-21 05:08:11.661528,USD,Completed
ORD003182,CUST03696,2025-08-25 01:23:40.506663,US$,Completed
ORD003183,CUST02415,2026-06-01 12:02:00.951387,$,Completed
ORD003184,CUST02298,2026-02-28 10:34:57.815949,usd,Completed
ORD003185,CUST04004,2026-06-27 08:32:18.674889,USD,Completed
ORD003186,CUST02241,2026-06-13 23:05:41.469057,USD,Completed
ORD003187,CUST04812,2026-03-07 12:48:32.014297,USD,Completed
ORD003188,CUST02313,2026-02-07 21:05:34.712973,US$,Completed
ORD003189,CUST00072,2025-10-25 21:21:05.379987,USD,Completed
ORD003190,CUST04187,2026-05-12 05:05:51.275812,$,Completed
ORD003191,CUST04476,2025-10-03 05:45:49.276285,USD,Refunded
ORD003192,CUST03748,2025-09-06 17:44:47.468986,USD,Completed
ORD003193,CUST01704,2026-05-28 09:53:51.092091,USD,Completed
ORD003194,CUST04608,2026-01-15 18:24:19.735818,USD,Completed
ORD003195,CUST02378,2025-10-12 06:36:20.933368,USD,Completed
ORD003196,CUST04775,2025-12-28 07:19:51.676402,USD,Completed
ORD003197,CUST02083,2025-08-16 09:36:56.837946,USD,Completed
ORD003198,CUST02953,2026-02-12 00:37:08.255551,USD,Refunded
ORD003199,CUST01623,2026-04-04 12:44:54.500637,USD,Completed
ORD003200,CUST03557,2025-08-31 09:43:56.226692,USD,Completed
ORD003201,CUST01217_DUP,2026-04-06 02:22:34.068865,US$,Completed
ORD003202,CUST01158,2025-07-07 01:28:54.327898,US$,Completed
ORD003203,CUST03840,2025-08-09 09:19:30.394454,USD,Completed
ORD003204,CUST03254,2025-12-27 07:27:23.886508,$,Completed
ORD003205,CUST00854,2026-03-30 07:58:26.984184,usd,Completed
ORD003206,CUST01019,2026-04-21 00:32:11.278679,USD,Completed
ORD003207,CUST01783,2026-04-20 06:26:42.381556,USD,Completed
ORD003208,CUST01894,2026-05-09 05:42:36.109847,usd,Refunded
ORD003209,CUST04789,2025-08-19 06:29:15.085681,USD,Completed
ORD003210,CUST04895,2026-01-17 21:55:18.821982,USD,Completed
ORD003211,CUST02191,2025-10-27 02:04:43.048765,$,Completed
ORD003212,CUST04696,2026-03-10 04:41:07.883852,USD,Completed
ORD003213,CUST01989,2025-09-10 14:11:13.871064,USD,Completed
ORD003214,CUST04091,2025-08-16 21:09:30.845194,USD,Completed
ORD003215,CUST03393,2026-06-26 21:55:32.685269,usd,Completed
ORD003216,CUST02510,2025-07-07 08:42:44.707409,USD,Completed
ORD003217,CUST02903,2026-06-24 15:41:56.475619,usd,Completed
ORD003218,CUST03739,2026-03-26 03:47:47.494386,usd,Completed
ORD003219,CUST01420,2026-05-02 17:24:14.175032,USD,Completed
ORD003220,CUST00895,2025-08-11 08:09:21.737061,USD,Completed
ORD003221,CUST01178,2025-12-08 15:13:09.643458,USD,Completed
ORD003222,CUST01873,2026-02-18 16:40:17.479558,USD,Completed
ORD003223,CUST02293,2026-01-17 20:34:29.759528,$,Completed
ORD003224,CUST04913,2025-10-10 22:13:48.281502,$,Completed
ORD003225,CUST01060,2026-06-13 09:53:19.593757,USD,Completed
ORD003226,CUST03348,2026-06-01 20:51:07.251456,$,Completed
ORD003227,CUST00250,2025-09-08 03:55:05.032095,usd,Completed
ORD003228,CUST00332,2026-04-21 06:29:49.724101,USD,Cancelled
ORD003229,CUST02756,2026-04-19 08:31:31.139517,USD,Completed
ORD003230,CUST01339,2025-09-26 02:06:31.054653,USD,Completed
ORD003231,CUST00651,2026-06-15 08:09:22.185223,$,Refunded
ORD003232,CUST02869,2026-01-20 09:20:23.625457,USD,Completed
ORD003233,CUST01076,2026-02-06 11:29:27.317917,USD,Completed
ORD003234,CUST00311,2026-02-27 14:56:51.875427,USD,Completed
ORD003235,CUST02774,2025-09-02 20:50:01.688418,USD,Completed
ORD003236,CUST04309,2026-03-21 07:40:19.772541,$,Cancelled
ORD003237,CUST03624,2025-12-24 06:26:59.157455,usd,Cancelled
ORD003238,CUST04018,2026-01-27 05:27:45.231169,USD,Completed
ORD003239,CUST01690,2025-09-16 04:35:32.201926,USD,Completed
ORD003240,CUST02171,2025-11-07 17:14:05.475825,USD,Completed
ORD003241,CUST03743,2025-07-19 04:54:02.296987,USD,Completed
ORD003242,CUST03609,2025-10-11 18:58:00.103755,USD,Completed
ORD003243,CUST03427,2026-01-20 14:29:46.502306,usd,Completed
ORD003244,CUST00654,2025-08-22 08:33:10.116300,US$,Completed
ORD003245,CUST00337,2025-07-28 19:00:25.431417,USD,Completed
ORD003246,CUST04012,2025-12-21 23:07:44.020824,USD,Completed
ORD003247,CUST02110,2025-10-05 11:11:11.546856,USD,Completed
ORD003248,CUST02060,2025-11-26 19:42:32.192686,$,Completed
ORD003249,CUST03157,2026-05-10 17:50:44.686424,$,Completed
ORD003250,CUST03135,2026-04-01 00:33:53.815615,$,Cancelled
ORD003251,CUST02813,2026-02-11 18:59:20.552272,USD,Completed
ORD003252,CUST02959,2025-10-20 06:02:51.298867,$,Completed
ORD003253,CUST00913,2026-06-12 11:26:48.950921,$,Completed
ORD003254,CUST00036,2026-01-17 01:57:29.211122,USD,Completed
ORD003255,CUST00537,2025-12-08 18:31:58.677426,USD,Completed
ORD003256,CUST04656,2025-12-17 05:20:30.016083,USD ,Completed
ORD003257,CUST01717,2026-03-12 18:39:30.220819,US$,Completed
ORD003258,CUST01866,2026-03-19 00:16:31.318670,USD,Completed
ORD003259,CUST03903,2026-03-28 10:04:22.501854,USD ,Cancelled
ORD003260,CUST02255,2025-09-28 06:11:44.079110,$,Completed
ORD003261,CUST04237,2025-07-13 16:53:04.864647,USD,Cancelled
ORD003262,CUST01310,2026-06-10 19:15:48.917577,USD,Completed
ORD003263,CUST03057,2025-08-22 08:19:47.898503,USD,Completed
ORD003264,CUST00220,2026-03-08 18:38:14.814897,USD,Completed
ORD003265,CUST00152,2026-06-01 07:01:22.811696,USD,Completed
ORD003266,CUST01235,2026-02-08 02:32:33.571134,USD,Completed
ORD003267,CUST03913,2026-04-17 21:37:10.884368,USD,Completed
ORD003268,CUST00994,2026-05-06 17:15:37.372689,USD,Completed
ORD003269,CUST02288,2025-12-18 09:36:09.678214,USD,Completed
ORD003270,CUST02649,2026-03-27 01:11:55.884387,USD,Completed
ORD003271,CUST01077,2025-10-18 19:32:42.171175,USD,Completed
ORD003272,CUST02686,2025-12-01 19:57:53.331101,US$,Cancelled
ORD003273,CUST04228,2026-01-06 09:12:01.299543,usd,Cancelled
ORD003274,CUST00942,2025-09-04 19:37:28.385955,USD,Completed
ORD003275,CUST00243,2025-12-16 10:56:43.233778,USD,Completed
ORD003276,CUST04513,2026-03-05 20:04:00.248122,USD,Completed
ORD003277,CUST03555,2025-11-08 22:26:57.778187,US$,Cancelled
ORD003278,CUST02319,2026-03-31 17:31:41.610426,$,Completed
ORD003279,CUST00097,2025-12-28 06:03:38.998826,USD,Completed
ORD003280,CUST02292,2025-10-20 18:17:08.352001,USD,Completed
ORD003281,CUST00197,2025-11-08 09:45:08.978089,USD,Completed
ORD003282,CUST04475,2025-10-31 17:26:16.356244,USD,Completed
ORD003283,CUST04225,2025-09-26 02:29:35.009286,usd,Completed
ORD003284,CUST02791,2026-06-21 15:07:34.398463,USD,Completed
ORD003285,CUST00041,2026-02-27 04:01:14.918689,USD,Completed
ORD003286,CUST00795,2025-08-09 21:50:31.702087,USD,Completed
ORD003287,CUST02718_DUP,2026-01-26 06:40:18.974165,US$,Completed
ORD003288,CUST02033,2026-01-19 22:05:33.370088,USD,Completed
ORD003289,CUST03223,2025-11-21 11:21:31.866966,USD,Completed
ORD003290,CUST03517,2025-11-29 06:57:59.813268,$,Completed
ORD003291,CUST01023,2026-03-20 00:22:03.189677,USD,Completed
ORD003292,CUST00323,2026-06-07 17:45:23.709637,USD,Refunded
ORD003293,CUST01852,2025-12-09 11:57:30.041763,USD,Completed
ORD003294,CUST02654,2026-02-07 00:04:41.210814,$,Completed
ORD003295,CUST02124,2026-03-02 04:18:37.530998,$,Completed
ORD003296,CUST03990,2025-07-05 13:17:09.150656,US$,Completed
ORD003297,CUST01585,2026-04-25 02:23:03.506603,$,Completed
ORD003298,CUST01649,2026-03-16 22:13:02.855972,US$,Cancelled
ORD003299,CUST00874,2025-12-18 20:09:06.490967,USD,Completed
ORD003300,CUST03094,2026-03-10 17:42:34.406536,USD,Refunded
ORD003301,CUST03618,2025-12-09 10:49:19.832443,USD,Completed
ORD003302,CUST03437,2026-03-07 02:08:55.954440,USD,Completed
ORD003303,CUST02949,2026-04-28 03:57:42.591572,USD,Completed
ORD003304,CUST00618,2025-10-08 11:10:48.138439,$,Completed
ORD003305,CUST03239,2025-12-09 05:12:25.611665,USD,Cancelled
ORD003306,CUST03750,2026-03-08 01:28:27.627689,USD,Refunded
ORD003307,CUST02374,2025-07-15 08:56:09.889446,$,Completed
ORD003308,CUST01935,2026-03-30 20:11:57.523806,USD,Completed
ORD003309,CUST02702_DUP,2026-05-16 11:33:58.867819,US$,Completed
ORD003310,CUST03873,2026-05-24 15:28:42.250017,USD,Refunded
ORD003311,CUST02284,2025-07-19 22:02:19.438102,USD,Completed
ORD003312,CUST00898,2026-05-13 02:35:24.126716,USD,Completed
ORD003313,CUST04896,2025-11-27 20:53:15.165443,USD,Completed
ORD003314,CUST02120,2026-05-23 06:32:20.073423,USD ,Refunded
ORD003315,CUST03593,2026-01-23 22:12:20.440850,USD,Completed
ORD003316,CUST00023,2025-10-13 04:24:27.037205,USD,Completed
ORD003317,CUST04827,2026-03-20 19:03:12.149757,USD,Completed
ORD003318,CUST04170,2026-03-06 07:57:08.227629,US$,Completed
ORD003319,CUST04751,2026-04-28 02:06:01.753816,USD,Completed
ORD003320,CUST04830,2026-01-03 15:07:56.127822,USD,Completed
ORD003321,CUST01807,2025-07-31 05:53:18.548083,USD,Cancelled
ORD003322,CUST01303,2026-04-15 14:02:21.900760,USD,Completed
ORD003323,CUST02805,2025-09-10 17:21:31.799308,usd,Completed
ORD003324,CUST02984,2025-12-27 01:23:54.918037,USD,Completed
ORD003325,CUST01513,2025-08-26 13:54:45.841535,USD ,Completed
ORD003326,CUST02042,2026-01-07 09:24:45.023155,USD,Completed
ORD003327,CUST02797,2025-12-16 11:27:46.448981,USD,Completed
ORD003328,CUST04720,2026-02-11 12:30:40.366703,USD,Completed
ORD003329,CUST03010,2026-02-21 19:42:25.502458,USD,Completed
ORD003330,CUST01488,2026-01-01 13:07:54.431227,USD,Completed
ORD003331,CUST00162,2025-09-27 08:36:28.637679,USD,Completed
ORD003332,CUST00007,2025-07-30 02:45:27.762008,US$,Completed
ORD003333,CUST04024,2025-10-19 07:53:11.572349,US$,Completed
ORD003334,CUST04963,2026-03-02 03:57:12.234552,USD,Cancelled
ORD003335,CUST00253,2026-02-03 21:33:49.925999,USD,Cancelled
ORD003336,CUST00600,2025-09-20 18:05:37.790808,US$,Refunded
ORD003337,CUST03324,2026-02-06 09:21:07.179593,USD,Completed
ORD003338,CUST04820,2026-04-16 14:18:37.663460,USD,Completed
ORD003339,CUST04392,2025-08-18 01:51:27.198929,USD,Cancelled
ORD003340,CUST04933,2025-11-21 17:56:42.804142,USD ,Completed
ORD003341,CUST03615,2025-08-14 11:00:19.610566,US$,Completed
ORD003342,CUST04083,2026-05-13 09:10:45.128795,US$,Completed
ORD003343,CUST00204,2026-05-31 07:05:46.389422,USD,Cancelled
ORD003344,CUST00814,2026-02-03 19:41:20.848970,US$,Completed
ORD003345,CUST02028,2025-11-01 13:36:56.424635,US$,Completed
ORD003346,CUST00417,2026-03-17 22:39:08.169915,usd,Completed
ORD003347,CUST00650,2026-04-03 22:05:01.186832,usd,Completed
ORD003348,CUST02531,2026-06-29 10:39:31.453943,US$,Completed
ORD003349,CUST03175,2025-10-09 20:13:16.661455,USD,Completed
ORD003350,CUST03126,2026-03-11 15:36:42.784076,USD,Cancelled
ORD003351,CUST03756,2025-12-08 09:44:10.222072,USD,Completed
ORD003352,CUST02931,2026-04-17 05:40:06.849593,US$,Completed
ORD003353,CUST02467,2026-04-14 02:38:40.852687,US$,Completed
ORD003354,CUST02089,2026-03-27 05:32:21.885243,$,Completed
ORD003355,CUST03581,2026-05-04 13:03:35.887151,USD,Completed
ORD003356,CUST02380,2026-03-29 18:24:37.973830,usd,Completed
ORD003357,CUST02520,2026-01-12 08:36:16.566910,USD,Completed
ORD003358,CUST04145,2025-07-21 01:50:39.772828,USD,Completed
ORD003359,CUST00521,2026-04-01 00:57:08.773915,USD,Completed
ORD003360,CUST04951,2025-12-22 01:50:35.881650,USD,Completed
ORD003361,CUST03427,2025-11-08 19:31:47.139719,USD,Completed
ORD003362,CUST04686,2026-06-12 00:33:17.159905,USD,Completed
ORD003363,CUST01118,2025-12-23 22:37:31.441662,USD,Completed
ORD003364,CUST04795,2025-08-01 20:59:56.370139,US$,Completed
ORD003365,CUST01305,2026-06-02 10:02:58.063673,USD,Completed
ORD003366,CUST00196,2025-10-12 07:02:00.356639,USD,Completed
ORD003367,CUST01007,2025-08-29 07:17:51.047595,USD,Refunded
ORD003368,CUST00056,2025-11-23 21:01:57.542786,USD,Completed
ORD003369,CUST04190,2026-04-29 20:18:50.440410,USD,Completed
ORD003370,CUST03440,2026-03-24 00:32:13.917437,USD,Completed
ORD003371,CUST00583,2025-12-07 00:54:23.032724,USD,Completed
ORD003372,CUST02179,2025-11-20 08:20:33.392220,USD,Cancelled
ORD003373,CUST03112,2026-04-20 18:23:43.555054,USD,Completed
ORD003374,CUST03422,2025-10-08 19:55:46.006005,USD,Completed
ORD003375,CUST04725,2025-09-22 13:43:56.128580,USD,Completed
ORD003376,CUST02541,2026-05-27 13:10:05.972651,USD,Completed
ORD003377,CUST04027,2026-06-26 13:14:47.628798,$,Completed
ORD003378,CUST03688,2025-12-13 21:20:59.024129,usd,Completed
ORD003379,CUST03052,2026-04-15 08:56:25.801241,US$,Completed
ORD003380,CUST03153,2026-01-06 23:10:36.388039,USD,Completed
ORD003381,CUST03229,2025-11-07 23:24:17.545132,USD,Completed
ORD003382,CUST00069,2025-10-01 21:46:50.146099,USD,Completed
ORD003383,CUST02802,2026-04-03 17:46:37.228333,US$,Completed
ORD003384,CUST03570,2025-08-16 20:34:27.103415,USD,Cancelled
ORD003385,CUST01516,2025-11-16 20:58:13.664979,USD,Completed
ORD003386,CUST02356,2026-04-08 23:35:03.868462,USD,Completed
ORD003387,CUST04056,2025-12-24 18:11:21.760257,USD,Completed
ORD003388,CUST04107,2025-12-14 17:39:22.232576,USD,Completed
ORD003389,CUST02954,2025-12-11 01:32:48.708163,USD,Completed
ORD003390,CUST01365,2025-07-07 12:24:30.703634,USD,Completed
ORD003391,CUST04539,2025-08-18 19:20:50.525729,USD,Completed
ORD003392,CUST04976,2026-05-31 22:19:02.900763,USD,Completed
ORD003393,CUST03830,2025-07-17 09:38:14.938837,usd,Completed
ORD003394,CUST04311,2025-08-07 08:39:37.763756,USD,Completed
ORD003395,CUST00285,2025-11-08 23:00:49.185426,USD,Completed
ORD003396,CUST01145,2026-01-04 00:25:52.510836,USD,Completed
ORD003397,CUST03538,2025-12-11 19:27:04.531166,USD,Completed
ORD003398,CUST01329,2025-11-13 06:54:09.254813,US$,Completed
ORD003399,CUST02025,2026-06-21 05:48:11.837600,USD,Completed
ORD003400,CUST01556,2025-12-28 22:02:33.652367,USD ,Completed
ORD003401,CUST01959,2026-04-26 14:46:11.626171,USD,Completed
ORD003402,CUST00648,2026-02-06 01:31:01.918082,USD,Completed
ORD003403,CUST04165,2025-08-18 08:37:53.252642,USD,Completed
ORD003404,CUST02898,2025-07-14 02:56:08.544486,USD,Completed
ORD003405,CUST02811,2026-05-28 04:18:23.410704,USD,Completed
ORD003406,CUST01094,2026-05-02 18:20:06.887354,USD,Completed
ORD003407,CUST04666,2025-07-27 02:28:44.719310,USD,Completed
ORD003408,CUST02265,2025-12-24 13:17:04.043756,USD,Completed
ORD003409,CUST02073,2026-02-24 11:40:42.288661,USD,Completed
ORD003410,CUST04287,2025-08-01 04:20:43.014788,USD,Completed
ORD003411,CUST03712,2026-01-17 14:04:46.955385,$,Completed
ORD003412,CUST01637,2026-05-28 23:20:04.237822,USD,Completed
ORD003413,CUST00730,2025-12-14 05:16:09.102876,USD,Completed
ORD003414,CUST03256,2026-02-02 09:45:27.634756,$,Cancelled
ORD003415,CUST03540,2025-10-03 11:15:20.298006,$,Completed
ORD003416,CUST01666,2026-03-18 13:46:11.440578,US$,Completed
ORD003417,CUST04712,2025-09-17 17:34:50.733358,USD,Cancelled
ORD003418,CUST04401,2026-06-05 18:47:28.261238,USD,Completed
ORD003419,CUST03801,2026-06-17 19:03:06.783995,USD,Cancelled
ORD003420,CUST02679,2025-07-25 06:57:28.043913,$,Completed
ORD003421,CUST00377,2025-07-21 12:29:58.670388,USD,Completed
ORD003422,CUST04778,2026-05-27 07:51:34.440988,USD ,Completed
ORD003423,CUST03541,2025-12-24 06:43:53.637984,USD,Completed
ORD003424,CUST04938,2025-09-27 03:58:36.620197,USD,Completed
ORD003425,CUST01378,2026-04-24 14:35:27.741858,USD,Completed
ORD003426,CUST04397,2025-08-06 09:07:31.800798,USD,Completed
ORD003427,CUST02965,2026-03-08 18:50:40.193810,US$,Completed
ORD003428,CUST04833,2026-01-31 16:34:08.174338,USD,Completed
ORD003429,CUST04626,2026-05-27 05:47:56.007118,usd,Completed
ORD003430,CUST00399,2025-12-08 21:52:24.325383,USD,Completed
ORD003431,CUST01075,2026-04-01 02:49:23.754817,USD,Cancelled
ORD003432,CUST04051,2026-06-24 19:40:27.597737,US$,Completed
ORD003433,CUST00477,2026-03-28 10:02:59.975471,USD,Refunded
ORD003434,CUST02563,2025-09-19 04:12:43.972869,US$,Completed
ORD003435,CUST01043,2025-11-24 07:22:46.858506,US$,Completed
ORD003436,CUST03721,2026-04-22 00:07:05.051714,USD,Cancelled
ORD003437,CUST01018,2025-07-06 22:31:12.114149,usd,Completed
ORD003438,CUST00617,2026-06-16 19:49:06.401960,USD,Completed
ORD003439,CUST02883,2026-03-29 01:37:12.630060,usd,Completed
ORD003440,CUST02497,2025-12-06 06:13:26.665158,US$,Completed
ORD003441,CUST03417,2026-05-28 05:55:37.746905,USD,Completed
ORD003442,CUST00769,2026-06-19 04:59:37.959178,USD,Completed
ORD003443,CUST01779,2026-05-14 08:30:41.373568,USD,Completed
ORD003444,CUST01738,2025-09-16 04:54:38.614391,USD ,Completed
ORD003445,CUST04276,2025-10-16 15:01:41.436668,USD,Completed
ORD003446,CUST01078,2026-05-25 07:54:21.557434,USD,Completed
ORD003447,CUST04412,2025-11-21 19:38:24.028833,USD,Completed
ORD003448,CUST01926,2025-09-30 09:12:15.454300,USD,Completed
ORD003449,CUST02568,2026-04-18 00:17:05.448876,$,Completed
ORD003450,CUST04318,2026-05-08 05:17:09.640687,US$,Completed
ORD003451,CUST02242,2026-05-08 00:40:07.450379,US$,Completed
ORD003452,CUST02320,2025-08-18 02:27:53.650190,USD,Completed
ORD003453,CUST02839,2026-05-23 23:48:56.615153,USD,Completed
ORD003454,CUST00119,2025-09-09 00:03:49.043303,usd,Completed
ORD003455,CUST01740,2026-04-01 15:01:47.138397,usd,Completed
ORD003456,CUST01509,2025-10-29 08:32:07.332392,USD,Completed
ORD003457,CUST04629,2026-02-08 14:31:52.462288,USD,Completed
ORD003458,CUST01145,2026-01-16 18:17:22.011592,USD,Completed
ORD003459,CUST01657,2026-06-07 16:28:24.672345,USD,Cancelled
ORD003460,CUST00099,2025-12-29 08:26:11.581314,USD,Completed
ORD003461,CUST04566,2025-11-08 18:59:30.667320,USD,Completed
ORD003462,CUST01979,2025-12-03 03:17:44.699230,$,Completed
ORD003463,CUST04006,2025-12-04 19:05:34.797549,USD,Completed
ORD003464,CUST04011,2025-07-21 23:48:29.393986,USD,Completed
ORD003465,CUST03612,2026-04-22 11:51:26.029666,USD,Completed
ORD003466,CUST03636,2025-09-12 14:29:55.610057,USD,Cancelled
ORD003467,CUST02766,2025-12-09 10:29:50.857786,USD,Completed
ORD003468,CUST00875,2026-03-03 11:28:07.631844,USD,Cancelled
ORD003469,CUST01473,2026-06-20 10:38:22.379682,$,Completed
ORD003470,CUST00867,2026-04-19 02:56:51.422161,USD,Completed
ORD003471,CUST04753,2025-09-27 15:19:46.127470,USD,Completed
ORD003472,CUST01045,2025-08-02 05:35:01.989295,USD,Completed
ORD003473,CUST00418,2025-08-29 08:05:28.076446,US$,Refunded
ORD003474,CUST02833,2026-05-18 01:31:54.081693,USD,Completed
ORD003475,CUST01702,2025-07-21 20:01:28.584894,US$,Completed
ORD003476,CUST01824,2026-05-17 04:01:50.139929,USD,Completed
ORD003477,CUST03578,2025-07-04 18:41:28.449612,USD,Completed
ORD003478,CUST04421,2026-01-21 13:51:13.138547,$,Completed
ORD003479,CUST02708,2026-06-25 00:29:07.049433,USD,Cancelled
ORD003480,CUST03658,2025-12-15 19:45:03.318904,USD,Completed
ORD003481,CUST04629,2026-03-15 18:36:50.763990,USD,Completed
ORD003482,CUST04946,2025-09-11 18:31:16.465616,US$,Completed
ORD003483,CUST00917,2025-10-09 09:12:35.992327,USD,Completed
ORD003484,CUST03618,2026-01-06 14:28:26.528369,USD,Completed
ORD003485,CUST02971,2026-06-05 07:24:16.831546,USD,Completed
ORD003486,CUST00718,2026-05-21 19:54:14.050168,$,Completed
ORD003487,CUST00691,2025-12-16 23:22:26.141703,usd,Completed
ORD003488,CUST01532,2025-12-20 10:22:20.509838,USD ,Completed
ORD003489,CUST03208,2026-04-03 18:28:20.190738,US$,Completed
ORD003490,CUST02665,2026-06-09 18:36:56.563454,USD,Completed
ORD003491,CUST02262,2025-09-21 08:28:35.679961,US$,Completed
ORD003492,CUST02058,2025-10-14 14:13:08.837458,US$,Completed
ORD003493,CUST02377,2025-09-07 18:37:54.846212,USD,Completed
ORD003494,CUST04616,2025-10-27 03:29:22.326543,US$,Completed
ORD003495,CUST00762,2025-09-19 18:32:30.470754,USD,Completed
ORD003496,CUST00062,2026-02-01 10:32:52.527010,USD,Completed
ORD003497,CUST01231,2026-01-17 18:46:38.882837,USD,Cancelled
ORD003498,CUST03617,2025-10-24 11:19:57.344923,USD,Completed
ORD003499,CUST02615,2025-11-22 22:46:11.037539,USD,Completed
ORD003500,CUST04156,2025-12-30 13:50:41.893893,$,Cancelled
ORD003501,CUST04468,2025-09-09 04:52:30.637134,USD,Completed
ORD003502,CUST00462,2026-05-02 03:10:32.568605,USD,Completed
ORD003503,CUST04428,2025-07-06 07:12:03.569022,usd,Completed
ORD003504,CUST00117,2025-07-16 23:26:12.909347,USD,Completed
ORD003505,CUST00492,2025-08-26 23:46:59.400225,USD,Completed
ORD003506,CUST01152,2025-11-23 00:48:35.983648,USD,Completed
ORD003507,CUST03475,2026-01-02 04:04:25.093589,USD,Completed
ORD003508,CUST03654,2025-11-27 07:17:21.134844,US$,Completed
ORD003509,CUST03029,2025-12-25 04:43:19.869950,USD,Completed
ORD003510,CUST01358,2025-11-11 18:30:54.149642,USD,Completed
ORD003511,CUST03789,2025-10-07 01:27:46.027264,USD,Completed
ORD003512,CUST02247,2025-11-23 07:46:50.070882,US$,Completed
ORD003513,CUST01805,2025-07-05 02:02:42.236586,USD,Completed
ORD003514,CUST03102,2026-06-12 17:07:00.251009,USD,Completed
ORD003515,CUST03385,2026-01-23 08:40:29.096417,US$,Completed
ORD003516,CUST00533,2025-07-11 03:04:48.860671,USD,Completed
ORD003517,CUST01645,2025-12-18 07:25:53.601102,USD,Completed
ORD003518,CUST04056,2026-05-18 06:26:11.384066,USD,Refunded
ORD003519,CUST00557,2026-03-31 20:39:47.235523,US$,Completed
ORD003520,CUST00887,2026-03-26 03:06:08.774749,usd,Completed
ORD003521,CUST04094,2025-07-11 17:42:22.967689,USD,Completed
ORD003522,CUST02941,2026-03-24 03:51:34.553890,usd,Completed
ORD003523,CUST04751,2026-05-16 09:04:19.545555,USD,Completed
ORD003524,CUST00104,2026-02-19 11:21:25.136011,USD,Cancelled
ORD003525,CUST01874,2025-09-20 09:15:02.609692,usd,Completed
ORD003526,CUST02579,2025-08-20 09:09:22.458981,USD,Completed
ORD003527,CUST03238,2026-02-04 06:55:23.792395,usd,Completed
ORD003528,CUST01145,2026-05-22 13:08:34.310436,USD,Completed
ORD003529,CUST01508,2026-01-17 07:29:18.097257,$,Completed
ORD003530,CUST00759,2025-10-06 04:46:08.680093,usd,Completed
ORD003531,CUST03932,2025-09-24 02:03:57.032103,$,Completed
ORD003532,CUST01622,2025-08-06 08:41:52.221878,USD,Completed
ORD003533,CUST03971,2026-02-20 03:44:59.540150,USD,Completed
ORD003534,CUST00575,2026-01-06 13:53:21.547838,USD,Cancelled
ORD003535,CUST02515,2025-12-20 10:06:44.285335,USD,Completed
ORD003536,CUST03866,2026-04-19 10:21:41.855391,USD,Completed
ORD003537,CUST03987,2025-12-18 04:44:06.040935,USD,Completed
ORD003538,CUST01170,2025-08-30 17:33:41.568961,USD,Completed
ORD003539,CUST01641,2026-06-14 18:23:46.464002,USD,Completed
ORD003540,CUST02551,2025-10-06 10:39:00.958824,US$,Completed
ORD003541,CUST04966,2026-04-13 22:32:44.455216,USD,Completed
ORD003542,CUST03026,2026-04-27 02:03:42.421241,USD,Completed
ORD003543,CUST02504,2025-08-01 16:49:37.650126,USD,Cancelled
ORD003544,CUST04563,2026-02-14 06:36:19.853188,USD,Completed
ORD003545,CUST03544,2026-05-16 19:46:00.517606,USD,Completed
ORD003546,CUST02691,2025-12-03 23:24:52.991108,USD,Completed
ORD003547,CUST04471,2025-11-23 00:27:43.102504,USD,Cancelled
ORD003548,CUST02409,2025-10-29 15:52:12.977911,usd,Completed
ORD003549,CUST00197,2026-01-05 05:38:13.224468,USD,Refunded
ORD003550,CUST04144,2025-09-30 22:12:33.540193,USD,Completed
ORD003551,CUST03531,2026-01-30 21:46:08.286754,USD ,Completed
ORD003552,CUST02529,2025-08-15 11:54:37.706583,USD,Completed
ORD003553,CUST00040,2025-07-31 02:51:20.629091,USD,Completed
ORD003554,CUST02534,2025-10-28 19:53:01.812408,USD,Completed
ORD003555,CUST01301,2025-10-03 13:35:53.144279,US$,Completed
ORD003556,CUST00135,2026-04-18 23:39:01.107140,USD,Completed
ORD003557,CUST01481,2026-05-12 03:49:48.549467,USD,Completed
ORD003558,CUST01354,2025-09-24 15:48:17.631129,USD,Completed
ORD003559,CUST03089,2026-01-03 15:18:38.018225,USD,Completed
ORD003560,CUST01199,2025-07-22 23:14:16.109102,USD,Cancelled
ORD003561,CUST01170,2025-08-29 18:40:47.787344,USD,Completed
ORD003562,CUST01302,2025-10-28 02:59:12.569929,USD,Completed
ORD003563,CUST02492,2026-04-04 20:32:08.787352,usd,Cancelled
ORD003564,CUST04427,2026-05-17 06:45:31.629865,US$,Completed
ORD003565,CUST01357,2025-08-03 01:29:21.592258,USD,Completed
ORD003566,CUST02216,2025-07-17 14:16:10.429709,USD,Completed
ORD003567,CUST01974,2026-02-19 16:08:34.597532,USD,Completed
ORD003568,CUST03527,2026-01-26 23:19:49.279411,USD,Completed
ORD003569,CUST02896,2025-08-24 22:56:15.127317,USD,Cancelled
ORD003570,CUST04912,2026-02-22 20:47:23.983097,usd,Completed
ORD003571,CUST04480,2025-11-15 19:33:57.816437,USD,Completed
ORD003572,CUST04205,2025-11-18 04:14:58.437423,USD,Completed
ORD003573,CUST04497,2025-11-05 11:21:02.081198,USD,Completed
ORD003574,CUST04260,2025-08-20 16:12:38.398269,USD,Cancelled
ORD003575,CUST01442_DUP,2026-06-26 17:34:06.834450,$,Completed
ORD003576,CUST02053,2025-09-05 00:20:25.524698,USD,Refunded
ORD003577,CUST00156,2026-02-25 16:28:22.350688,usd,Completed
ORD003578,CUST02951,2025-12-06 22:23:55.726216,USD,Cancelled
ORD003579,CUST02655,2025-09-02 15:07:39.679310,USD,Completed
ORD003580,CUST02456,2026-03-09 00:23:47.527835,USD,Completed
ORD003581,CUST04426,2026-05-23 02:09:28.845002,USD,Completed
ORD003582,CUST00832,2025-07-26 15:38:54.536586,USD,Completed
ORD003583,CUST00994,2026-01-28 05:35:40.326222,USD,Completed
ORD003584,CUST02195,2026-05-27 22:00:26.875244,USD,Completed
ORD003585,CUST01108,2025-12-04 20:53:32.190229,USD,Completed
ORD003586,CUST01667,2025-08-04 09:03:20.454411,USD,Completed
ORD003587,CUST02030,2026-06-16 10:13:00.431427,USD,Completed
ORD003588,CUST00020,2026-06-02 20:02:58.153396,USD,Completed
ORD003589,CUST01293,2026-03-28 13:26:20.106590,USD,Completed
ORD003590,CUST00629,2026-06-07 20:00:56.911235,USD,Completed
ORD003591,CUST03007,2025-11-29 02:49:20.622089,USD,Completed
ORD003592,CUST01256,2025-09-26 02:33:03.854932,USD,Completed
ORD003593,CUST01245,2025-10-23 03:52:45.690209,USD,Cancelled
ORD003594,CUST01986,2025-10-25 06:32:46.097661,US$,Completed
ORD003595,CUST01777,2026-05-10 18:27:42.354488,USD,Completed
ORD003596,CUST00040,2025-12-22 03:55:22.374328,USD,Completed
ORD003597,CUST01376,2025-10-29 12:47:20.617985,USD,Completed
ORD003598,CUST01002,2026-04-02 22:44:51.500691,USD,Cancelled
ORD003599,CUST03965,2026-03-30 11:38:01.203532,USD,Completed
ORD003600,CUST01499,2026-04-09 13:55:27.433291,USD,Completed
ORD003601,CUST02007,2025-12-31 08:40:53.917368,USD,Completed
ORD003602,CUST03981,2025-12-25 13:34:24.516917,USD,Completed
ORD003603,CUST04713,2025-11-26 07:39:34.369359,USD,Completed
ORD003604,CUST00047,2025-09-16 15:33:49.506706,USD,Completed
ORD003605,CUST00649,2025-09-04 18:37:27.483010,$,Completed
ORD003606,CUST02808,2026-04-21 01:04:37.903781,US$,Cancelled
ORD003607,CUST01427,2025-09-12 17:42:22.059632,$,Completed
ORD003608,CUST04339,2025-09-14 15:10:34.959717,USD,Refunded
ORD003609,CUST04181,2026-03-27 07:11:29.482632,$,Completed
ORD003610,CUST03054,2026-02-27 15:57:52.343478,$,Completed
ORD003611,CUST04038,2025-09-26 04:37:03.544748,USD,Completed
ORD003612,CUST00931,2025-12-06 23:28:37.647335,USD,Completed
ORD003613,CUST04526,2025-12-25 05:06:23.366212,USD,Completed
ORD003614,CUST01153,2026-03-16 02:36:18.461546,USD,Completed
ORD003615,CUST00272,2025-12-18 21:18:33.147293,US$,Completed
ORD003616,CUST01945,2025-08-01 17:44:33.125808,USD,Completed
ORD003617,CUST04258,2025-07-31 02:57:36.811955,USD,Completed
ORD003618,CUST01656,2026-01-02 01:05:22.857859,USD,Completed
ORD003619,CUST00935,2025-08-25 19:29:07.632003,USD,Completed
ORD003620,CUST00928,2026-05-13 19:30:21.970091,USD,Completed
ORD003621,CUST00205,2025-07-02 20:55:32.216668,USD,Completed
ORD003622,CUST01759,2026-03-29 04:25:56.910810,USD,Completed
ORD003623,CUST04476,2025-07-02 00:02:32.136619,USD,Completed
ORD003624,CUST02870,2025-11-06 12:54:39.388537,USD,Completed
ORD003625,CUST01313,2026-04-23 17:19:26.611670,USD,Completed
ORD003626,CUST00352,2026-02-05 19:57:04.871339,US$,Completed
ORD003627,CUST00916,2026-04-10 05:04:01.031991,USD,Completed
ORD003628,CUST02838,2026-05-04 13:36:30.168184,usd,Completed
ORD003629,CUST01763,2025-09-03 00:55:44.310427,USD,Completed
ORD003630,CUST00218,2025-09-13 12:19:02.536888,USD,Completed
ORD003631,CUST03285,2026-03-19 02:41:46.401701,USD,Completed
ORD003632,CUST03548,2025-07-23 11:06:58.801185,USD ,Completed
ORD003633,CUST04400,2026-04-08 04:13:33.527771,USD,Completed
ORD003634,CUST04898,2025-09-14 14:56:19.828353,USD,Completed
ORD003635,CUST02729,2026-01-14 22:07:47.245675,USD,Completed
ORD003636,CUST02102,2025-09-01 08:36:22.447881,usd,Completed
ORD003637,CUST01916,2025-11-12 01:56:08.092442,usd,Completed
ORD003638,CUST00335,2025-10-29 21:39:48.091327,USD,Completed
ORD003639,CUST03960,2025-08-19 11:38:50.102657,USD,Cancelled
ORD003640,CUST02769,2026-06-04 03:49:11.991966,USD,Completed
ORD003641,CUST02318,2026-02-20 08:50:40.232608,$,Completed
ORD003642,CUST01617,2025-12-08 07:51:58.015280,USD,Completed
ORD003643,CUST00609,2026-04-07 06:54:03.251420,USD,Completed
ORD003644,CUST03665,2025-09-09 03:05:35.327303,USD,Completed
ORD003645,CUST04323,2025-10-10 00:45:42.991565,USD,Completed
ORD003646,CUST04488,2026-03-29 04:19:46.376896,USD,Cancelled
ORD003647,CUST03659,2026-02-19 15:36:03.969272,USD,Completed
ORD003648,CUST04131,2026-05-27 07:25:47.628910,USD,Completed
ORD003649,CUST04032,2025-12-21 16:19:54.384097,USD,Completed
ORD003650,CUST01862,2025-10-22 11:33:48.033911,USD ,Completed
ORD003651,CUST03218,2026-03-19 13:01:55.964169,USD,Completed
ORD003652,CUST00331,2025-09-24 05:55:22.857050,USD,Completed
ORD003653,CUST02638,2025-12-21 08:47:57.707790,USD,Cancelled
ORD003654,CUST00690,2026-02-07 08:53:25.736373,USD,Completed
ORD003655,CUST01369,2025-09-10 04:04:01.527064,USD,Completed
ORD003656,CUST03627,2026-04-27 23:30:47.144461,USD,Completed
ORD003657,CUST04494,2026-04-11 05:34:34.105477,USD,Completed
ORD003658,CUST04483,2025-11-04 20:02:00.910821,$,Completed
ORD003659,CUST02958,2026-03-23 17:39:28.853703,USD,Completed
ORD003660,CUST00518,2026-02-13 21:14:32.789303,US$,Completed
ORD003661,CUST03500,2025-12-13 01:08:23.207729,US$,Completed
ORD003662,CUST04376,2025-07-20 09:52:52.292525,USD,Cancelled
ORD003663,CUST04887,2025-11-24 15:07:03.613281,USD,Completed
ORD003664,CUST02481,2025-07-11 12:55:46.492049,USD,Completed
ORD003665,CUST00542,2025-12-16 21:11:28.662152,USD,Completed
ORD003666,CUST02238,2025-08-24 18:25:29.809873,US$,Completed
ORD003667,CUST00637,2025-09-26 00:20:29.535790,usd,Completed
ORD003668,CUST03219,2026-01-09 00:03:32.640594,USD,Completed
ORD003669,CUST03604,2025-09-13 10:02:00.915903,USD,Cancelled
ORD003670,CUST04556,2026-01-28 22:29:11.654387,USD,Completed
ORD003671,CUST00734,2025-12-21 02:08:08.633291,USD,Cancelled
ORD003672,CUST02086,2025-11-30 04:21:49.019412,US$,Completed
ORD003673,CUST04950,2026-02-12 10:11:27.086467,USD,Completed
ORD003674,CUST04449,2025-08-04 08:10:58.484313,USD,Cancelled
ORD003675,CUST04444,2025-08-10 05:57:21.735636,USD ,Completed
ORD003676,CUST04732,2026-05-16 19:44:18.561293,USD,Completed
ORD003677,CUST02248,2025-08-04 03:53:53.005271,US$,Completed
ORD003678,CUST03334,2026-04-06 22:07:36.190208,USD,Completed
ORD003679,CUST03808,2025-09-28 17:33:59.151867,USD,Cancelled
ORD003680,CUST04788,2025-11-16 21:14:39.757560,US$,Completed
ORD003681,CUST04625,2026-03-17 00:16:52.923324,USD,Completed
ORD003682,CUST03965,2026-02-06 03:17:37.201673,USD,Completed
ORD003683,CUST00775,2025-10-09 19:55:14.531172,USD,Completed
ORD003684,CUST00616,2026-04-07 21:36:12.791712,$,Completed
ORD003685,CUST03824,2025-08-26 00:40:01.670127,usd,Completed
ORD003686,CUST01250,2025-12-11 17:36:54.340803,USD,Completed
ORD003687,CUST02061,2026-06-12 02:31:44.799464,usd,Completed
ORD003688,CUST01885,2026-01-20 00:06:53.927495,USD,Completed
ORD003689,CUST01329,2025-07-29 12:28:20.864775,USD,Completed
ORD003690,CUST02643,2026-05-10 20:22:24.748918,US$,Completed
ORD003691,CUST00486,2025-10-19 03:35:26.360155,USD,Completed
ORD003692,CUST04818,2025-09-21 14:47:57.458553,USD,Completed
ORD003693,CUST02194,2025-11-23 07:39:15.829054,USD,Completed
ORD003694,CUST01932,2025-08-09 20:10:10.955613,USD,Completed
ORD003695,CUST01431,2025-08-09 12:06:19.990761,$,Cancelled
ORD003696,CUST00504_DUP,2026-05-07 18:28:14.207109,USD,Cancelled
ORD003697,CUST01761,2025-07-20 22:19:35.373376,USD,Completed
ORD003698,CUST03872,2026-06-16 02:54:47.957515,US$,Completed
ORD003699,CUST01339,2025-12-26 03:55:10.473869,usd,Completed
ORD003700,CUST02722_DUP,2026-06-26 10:36:01.526097,USD,Completed
ORD003701,CUST03471,2025-11-09 09:58:20.074806,USD,Completed
ORD003702,CUST04330,2026-01-11 20:54:34.641917,USD,Completed
ORD003703,CUST04373,2025-07-29 22:35:14.240718,USD,Completed
ORD003704,CUST03727,2025-11-28 03:06:19.203162,USD,Completed
ORD003705,CUST02615,2025-12-28 18:30:43.758126,usd,Completed
ORD003706,CUST02842,2025-10-20 03:04:38.842438,USD,Completed
ORD003707,CUST00635,2025-08-17 08:13:45.766224,USD,Completed
ORD003708,CUST03719,2026-03-21 12:06:40.837295,USD,Completed
ORD003709,CUST01275,2025-11-11 11:14:32.860973,USD,Completed
ORD003710,CUST01850,2025-08-05 01:07:56.023565,US$,Completed
ORD003711,CUST00025,2026-01-30 04:25:03.062467,$,Completed
ORD003712,CUST00464,2026-04-24 13:12:51.450740,US$,Completed
ORD003713,CUST01593,2025-12-12 09:41:49.766184,USD,Completed
ORD003714,CUST00956,2025-11-27 02:09:21.830153,USD,Completed
ORD003715,CUST00753,2025-10-30 18:45:34.670189,USD,Completed
ORD003716,CUST02093,2026-03-18 01:09:28.415595,US$,Refunded
ORD003717,CUST01451,2025-08-23 05:57:20.981210,$,Completed
ORD003718,CUST03287,2025-11-26 23:04:54.268505,USD,Completed
ORD003719,CUST04560,2025-12-08 22:40:34.066195,USD,Cancelled
ORD003720,CUST01598,2025-08-09 10:36:13.488445,USD,Completed
ORD003721,CUST02261,2025-10-06 15:29:06.656007,USD,Completed
ORD003722,CUST00961,2025-10-07 13:14:24.949301,usd,Cancelled
ORD003723,CUST02511,2025-09-24 07:13:56.087924,USD,Completed
ORD003724,CUST01207,2026-01-02 04:21:55.864368,USD,Completed
ORD003725,CUST02782,2025-10-26 10:17:59.215927,USD,Completed
ORD003726,CUST02401,2025-10-05 04:59:41.789449,USD ,Completed
ORD003727,CUST02367,2025-07-10 23:06:11.920155,USD,Completed
ORD003728,CUST04541,2026-04-07 16:31:43.029324,USD,Completed
ORD003729,CUST02460,2026-01-22 18:21:28.168534,USD,Completed
ORD003730,CUST03008,2026-02-14 22:27:35.485974,USD,Completed
ORD003731,CUST01008,2025-12-02 22:45:11.755853,$,Completed
ORD003732,CUST04024,2025-07-07 03:24:43.331733,USD,Completed
ORD003733,CUST02062,2026-01-25 01:47:30.046149,USD,Completed
ORD003734,CUST04806,2025-12-31 14:56:25.592532,USD,Completed
ORD003735,CUST03623,2026-03-12 07:04:53.562444,USD,Completed
ORD003736,CUST01674,2026-01-02 00:15:24.647636,USD,Completed
ORD003737,CUST04829_DUP,2026-01-08 00:01:48.340721,USD,Completed
ORD003738,CUST04669,2025-09-10 02:25:16.859008,US$,Completed
ORD003739,CUST00018,2025-09-06 07:10:08.748528,USD,Completed
ORD003740,CUST00977,2025-10-19 13:20:13.526464,USD,Refunded
ORD003741,CUST00617,2026-02-26 07:20:38.867151,usd,Completed
ORD003742,CUST02278,2026-04-13 05:47:32.461641,USD,Completed
ORD003743,CUST01922,2026-06-20 13:03:57.252755,USD,Cancelled
ORD003744,CUST04569,2025-08-01 16:34:38.736042,USD,Completed
ORD003745,CUST01611,2026-02-24 06:01:11.806976,USD ,Completed
ORD003746,CUST04122,2026-02-14 10:10:50.207559,USD,Completed
ORD003747,CUST02457,2025-08-27 14:11:36.349704,$,Completed
ORD003748,CUST03920,2026-05-22 18:21:26.183973,USD,Completed
ORD003749,CUST03146,2025-09-17 21:35:44.725173,$,Completed
ORD003750,CUST00389,2026-04-25 14:01:14.707185,USD ,Completed
ORD003751,CUST02201,2026-06-17 06:26:33.344992,USD,Completed
ORD003752,CUST03447,2026-01-01 07:06:30.661719,usd,Completed
ORD003753,CUST00936,2025-12-13 00:24:25.147039,usd,Completed
ORD003754,CUST04874,2025-12-25 16:35:49.780218,USD,Completed
ORD003755,CUST03653,2026-03-23 13:02:51.576500,$,Completed
ORD003756,CUST01205,2026-04-25 13:20:39.115728,usd,Completed
ORD003757,CUST04251,2025-09-12 11:59:11.381074,$,Completed
ORD003758,CUST00303,2026-06-19 13:08:20.433734,USD,Completed
ORD003759,CUST00636,2025-10-23 18:00:41.909570,US$,Completed
ORD003760,CUST00685,2025-07-05 20:58:26.360379,USD,Completed
ORD003761,CUST00881,2025-11-04 13:10:35.572698,$,Completed
ORD003762,CUST01137,2025-12-21 15:30:54.904539,usd,Completed
ORD003763,CUST03403,2025-09-29 02:55:25.148326,USD,Cancelled
ORD003764,CUST00432,2026-06-06 03:13:19.692118,USD,Refunded
ORD003765,CUST01353,2026-03-12 15:05:05.666668,USD,Completed
ORD003766,CUST04433,2026-05-18 12:20:55.200256,USD,Refunded
ORD003767,CUST04190,2025-07-10 18:12:59.639591,$,Completed
ORD003768,CUST00925,2026-04-25 19:23:53.985665,$,Completed
ORD003769,CUST03204,2026-06-08 10:18:48.231446,US$,Completed
ORD003770,CUST04134_DUP,2025-09-08 04:06:45.686903,USD,Completed
ORD003771,CUST00301,2026-01-30 06:52:59.986231,US$,Completed
ORD003772,CUST03119,2026-01-09 14:31:14.333427,USD,Completed
ORD003773,CUST03709,2026-01-02 21:25:17.002344,USD,Completed
ORD003774,CUST00266,2025-11-25 14:38:19.473524,$,Completed
ORD003775,CUST02343,2025-07-01 17:18:43.127988,USD,Completed
ORD003776,CUST01118,2025-10-04 07:23:54.383619,USD,Completed
ORD003777,CUST03897,2025-07-10 22:47:33.930697,USD,Completed
ORD003778,CUST02021,2025-10-14 16:08:15.765400,usd,Completed
ORD003779,CUST03467,2026-02-02 07:56:01.639976,USD,Refunded
ORD003780,CUST04742,2025-12-30 05:35:52.384654,USD,Completed
ORD003781,CUST02639,2026-01-07 20:00:08.832035,usd,Completed
ORD003782,CUST04913,2026-06-10 19:14:55.695795,USD,Refunded
ORD003783,CUST03855,2025-11-25 04:12:49.734910,USD,Completed
ORD003784,CUST04013,2025-08-06 17:58:21.246325,usd,Completed
ORD003785,CUST01397,2026-03-20 16:50:49.822903,USD,Completed
ORD003786,CUST02576,2025-09-13 07:39:30.243536,USD,Completed
ORD003787,CUST04922,2025-12-21 00:25:42.160123,USD,Completed
ORD003788,CUST01712,2025-11-27 07:07:46.091127,USD,Completed
ORD003789,CUST03843,2025-09-12 09:26:26.537531,USD,Completed
ORD003790,CUST00331,2026-03-02 04:55:44.284337,USD,Completed
ORD003791,CUST02234,2026-03-05 20:53:14.127399,usd,Completed
ORD003792,CUST02593,2025-09-28 17:11:31.839954,USD,Completed
ORD003793,CUST01884,2026-05-15 01:02:08.606188,USD,Refunded
ORD003794,CUST02794,2025-10-07 13:55:07.271649,$,Completed
ORD003795,CUST00209,2025-12-16 11:36:28.485438,US$,Completed
ORD003796,CUST04519,2026-04-18 00:16:12.570089,USD,Completed
ORD003797,CUST03139,2026-06-24 13:22:39.629452,USD,Completed
ORD003798,CUST00989_DUP,2026-04-18 15:53:37.933482,USD,Completed
ORD003799,CUST03834,2026-05-28 19:13:15.067456,$,Completed
ORD003800,CUST03983,2025-12-25 17:50:29.429480,USD,Completed
ORD003801,CUST01405,2026-01-19 10:14:38.003001,USD,Completed
ORD003802,CUST02384,2026-02-18 17:24:50.155844,USD,Completed
ORD003803,CUST01121,2025-12-18 17:37:06.846637,USD,Completed
ORD003804,CUST02341,2025-10-04 18:12:33.789726,$,Completed
ORD003805,CUST01071,2025-07-18 12:21:52.604028,US$,Completed
ORD003806,CUST02404,2026-01-11 17:53:33.944434,USD,Completed
ORD003807,CUST04969,2025-10-15 02:54:20.999081,USD,Completed
ORD003808,CUST03060,2026-03-18 17:54:15.308780,USD,Completed
ORD003809,CUST02265,2026-04-07 06:47:23.701035,USD,Completed
ORD003810,CUST03713,2025-07-05 22:42:29.570984,usd,Cancelled
ORD003811,CUST02711,2026-02-11 08:18:01.362843,USD,Completed
ORD003812,CUST03419,2026-06-08 09:03:29.657144,$,Cancelled
ORD003813,CUST02644,2026-04-12 02:10:05.590098,USD,Completed
ORD003814,CUST02065,2025-10-24 06:42:47.351231,USD,Completed
ORD003815,CUST02889,2026-06-10 11:50:19.309801,usd,Completed
ORD003816,CUST02706,2025-11-15 13:43:07.687035,USD,Completed
ORD003817,CUST02712,2026-03-19 18:18:02.741266,$,Completed
ORD003818,CUST02380,2025-11-18 12:47:23.296816,USD,Completed
ORD003819,CUST00421,2026-05-27 11:59:20.616227,USD,Completed
ORD003820,CUST02660,2025-07-19 15:57:26.805793,usd,Completed
ORD003821,CUST03935,2025-07-03 20:23:01.156052,USD,Completed
ORD003822,CUST01435,2026-01-22 01:27:30.267952,USD,Completed
ORD003823,CUST03508,2025-08-23 19:06:20.939241,USD,Completed
ORD003824,CUST03256,2026-06-09 01:29:49.909829,USD,Completed
ORD003825,CUST04791,2026-01-20 21:16:02.901455,$,Completed
ORD003826,CUST00433,2026-01-08 01:01:44.990896,USD,Completed
ORD003827,CUST04236,2025-09-16 12:33:01.146996,USD,Completed
ORD003828,CUST00008,2025-08-22 10:25:07.315727,USD,Completed
ORD003829,CUST00735,2025-09-18 04:23:55.272259,USD,Completed
ORD003830,CUST01056,2025-07-06 06:55:49.916862,USD,Completed
ORD003831,CUST02621,2026-05-05 23:47:18.725208,USD,Completed
ORD003832,CUST04452,2026-04-16 02:32:35.005944,USD,Completed
ORD003833,CUST01653,2026-06-25 06:18:12.016671,USD,Completed
ORD003834,CUST03950,2026-01-02 07:57:10.233327,USD,Completed
ORD003835,CUST01320,2025-07-18 21:24:44.266669,USD,Completed
ORD003836,CUST02559,2026-03-06 11:14:24.561755,USD,Completed
ORD003837,CUST01373,2025-08-28 13:07:31.897259,USD,Completed
ORD003838,CUST02902,2026-02-19 11:02:33.563883,USD,Completed
ORD003839,CUST02016,2026-03-10 09:03:19.188952,USD,Cancelled
ORD003840,CUST00625,2026-02-17 06:42:42.458637,USD,Completed
ORD003841,CUST04306,2025-09-01 10:14:35.114731,USD,Completed
ORD003842,CUST04271,2025-08-24 03:10:07.059926,USD,Completed
ORD003843,CUST02862,2025-08-12 16:09:33.289739,USD ,Cancelled
ORD003844,CUST01545,2025-08-08 02:53:16.399607,USD,Completed
ORD003845,CUST00337,2025-08-29 18:18:58.167018,USD,Completed
ORD003846,CUST03671_DUP,2025-11-24 04:27:29.645869,USD,Completed
ORD003847,CUST03151,2025-12-08 20:37:52.839945,USD,Completed
ORD003848,CUST01896,2025-11-14 01:34:20.732107,USD,Completed
ORD003849,CUST02392,2025-09-19 17:32:23.761555,USD,Completed
ORD003850,CUST02469,2026-01-14 00:56:17.659257,USD,Completed
ORD003851,CUST03522,2025-12-19 21:43:38.765295,USD,Completed
ORD003852,CUST00131,2025-09-14 14:23:23.465469,USD,Cancelled
ORD003853,CUST00715,2026-05-23 06:26:56.945238,USD,Cancelled
ORD003854,CUST04427,2025-12-21 11:58:58.089386,USD,Completed
ORD003855,CUST00548,2026-04-02 23:40:10.524255,USD,Completed
ORD003856,CUST03404,2026-03-15 02:21:47.602752,USD,Refunded
ORD003857,CUST03385,2026-01-01 19:24:00.862709,USD,Completed
ORD003858,CUST03800,2026-03-02 14:57:24.939790,USD,Completed
ORD003859,CUST02803,2026-06-29 17:57:29.621360,usd,Completed
ORD003860,CUST02549,2025-09-25 05:16:57.795455,USD,Completed
ORD003861,CUST01622_DUP,2026-05-16 09:29:31.451360,US$,Completed
ORD003862,CUST04131,2025-11-23 00:42:27.115461,USD,Completed
ORD003863,CUST02049,2026-03-15 21:52:10.064955,USD,Completed
ORD003864,CUST00910,2026-05-16 12:30:51.537823,USD,Completed
ORD003865,CUST03128,2026-04-12 00:40:30.006682,USD,Completed
ORD003866,CUST03044,2026-05-28 07:05:30.788229,USD,Completed
ORD003867,CUST04403,2026-02-09 15:08:03.147534,USD,Completed
ORD003868,CUST01575,2026-01-17 22:02:10.247773,USD,Completed
ORD003869,CUST00674,2026-05-05 14:34:35.366523,USD,Completed
ORD003870,CUST00573,2026-05-21 21:34:31.342939,USD,Completed
ORD003871,CUST02580,2025-08-20 04:14:57.205401,USD,Completed
ORD003872,CUST03806,2026-06-28 08:03:36.024629,USD,Completed
ORD003873,CUST00143,2026-04-09 10:35:59.469573,USD,Completed
ORD003874,CUST03462,2025-10-01 21:34:47.556153,USD,Completed
ORD003875,CUST00870,2025-12-13 14:06:02.589629,USD,Refunded
ORD003876,CUST02433,2026-04-13 06:35:03.124578,USD,Completed
ORD003877,CUST03580,2026-02-06 19:35:03.347765,USD,Cancelled
ORD003878,CUST03442,2025-09-10 20:45:15.735649,$,Completed
ORD003879,CUST02005,2025-11-30 21:48:19.091737,usd,Completed
ORD003880,CUST01113,2025-09-16 04:48:55.265646,USD,Completed
ORD003881,CUST04743,2025-09-13 23:32:58.800168,USD,Completed
ORD003882,CUST04778,2026-03-03 23:50:13.181391,USD,Completed
ORD003883,CUST02681,2026-04-07 14:13:48.448778,US$,Cancelled
ORD003884,CUST02826,2026-05-21 22:36:26.728032,USD,Completed
ORD003885,CUST01876,2026-04-19 09:38:04.218796,usd,Completed
ORD003886,CUST02960,2025-11-12 07:00:46.755176,USD,Completed
ORD003887,CUST03786,2026-04-24 07:39:23.909570,usd,Completed
ORD003888,CUST04475,2025-12-13 13:04:10.096421,USD,Completed
ORD003889,CUST04583,2025-08-26 06:28:42.418690,USD,Completed
ORD003890,CUST04829,2026-01-26 03:32:31.161315,$,Completed
ORD003891,CUST04943,2025-11-14 07:03:37.533485,USD,Completed
ORD003892,CUST02735,2026-02-28 02:53:00.668418,USD,Completed
ORD003893,CUST04784,2025-09-30 16:03:17.241225,USD,Completed
ORD003894,CUST03225,2025-08-20 07:55:42.956126,USD,Completed
ORD003895,CUST02446,2025-08-15 05:13:01.933216,USD,Completed
ORD003896,CUST01183,2025-10-07 10:23:55.916240,USD,Completed
ORD003897,CUST00248,2025-11-03 02:12:50.320085,USD,Refunded
ORD003898,CUST01392,2026-06-23 02:23:14.464018,USD,Completed
ORD003899,CUST04312,2025-11-03 22:39:23.354916,USD,Completed
ORD003900,CUST02706,2025-08-13 17:05:21.215284,USD,Cancelled
ORD003901,CUST00567,2025-12-24 09:05:34.196160,USD,Completed
ORD003902,CUST03999,2026-05-28 02:23:42.715241,USD,Completed
ORD003903,CUST00370,2025-07-10 16:03:52.351028,USD,Completed
ORD003904,CUST03079,2026-06-28 23:30:03.559561,USD,Completed
ORD003905,CUST01442_DUP,2026-05-17 18:57:47.739652,USD,Completed
ORD003906,CUST04015,2026-04-21 22:34:04.635302,USD,Completed
ORD003907,CUST02816,2026-01-20 09:25:08.660888,$,Completed
ORD003908,CUST04125,2025-08-05 21:52:23.196736,USD,Completed
ORD003909,CUST02537,2025-12-30 21:54:04.556097,USD,Completed
ORD003910,CUST00266,2026-02-19 09:11:49.950737,US$,Completed
ORD003911,CUST02211,2026-04-27 23:31:14.994551,usd,Completed
ORD003912,CUST02034,2026-04-03 16:59:10.366519,USD,Completed
ORD003913,CUST02442,2025-08-26 15:35:21.301231,USD,Completed
ORD003914,CUST03284_DUP,2025-07-15 05:31:09.629630,USD,Completed
ORD003915,CUST00720,2026-01-08 10:26:50.476748,USD,Completed
ORD003916,CUST03944,2026-05-15 19:08:12.026079,USD,Completed
ORD003917,CUST02829,2026-01-11 00:13:52.488957,USD,Completed
ORD003918,CUST04120,2026-05-07 20:45:53.725461,usd,Completed
ORD003919,CUST01649,2026-06-23 18:25:29.366774,US$,Completed
ORD003920,CUST03274,2025-07-14 00:10:51.443952,USD,Cancelled
ORD003921,CUST02773,2026-02-21 13:54:36.706573,$,Cancelled
ORD003922,CUST00428,2026-06-17 00:38:42.656710,USD,Cancelled
ORD003923,CUST04269,2026-01-23 15:37:53.462940,$,Completed
ORD003924,CUST02938,2026-01-18 07:46:48.825595,usd,Completed
ORD003925,CUST02664,2026-01-11 08:57:05.635353,USD,Completed
ORD003926,CUST03412,2026-06-08 19:44:44.677485,USD,Completed
ORD003927,CUST04585,2025-07-25 01:31:26.081419,USD ,Cancelled
ORD003928,CUST00354,2025-07-24 12:28:07.202297,USD,Completed
ORD003929,CUST01958,2025-07-14 02:33:54.369920,USD,Completed
ORD003930,CUST00116,2026-05-05 01:57:07.827481,USD,Cancelled
ORD003931,CUST02569,2026-03-02 09:18:12.835701,USD,Completed
ORD003932,CUST00588,2026-05-17 04:05:46.031207,USD,Completed
ORD003933,CUST03403,2026-05-27 09:45:50.738233,USD ,Completed
ORD003934,CUST02137,2026-03-07 07:31:41.757852,$,Cancelled
ORD003935,CUST04185,2026-06-28 07:52:03.829975,USD,Completed
ORD003936,CUST03311,2025-12-26 02:44:27.434623,USD,Completed
ORD003937,CUST01191,2025-12-28 08:01:29.161825,USD,Completed
ORD003938,CUST04650,2025-09-29 19:27:03.254702,USD,Completed
ORD003939,CUST02556,2025-09-12 06:47:21.211444,USD,Completed
ORD003940,CUST03178,2026-04-02 17:57:07.330014,USD,Completed
ORD003941,CUST04306,2026-05-28 07:38:37.396114,USD,Completed
ORD003942,CUST04158,2026-04-28 07:54:39.411768,USD,Refunded
ORD003943,CUST01624,2025-08-06 04:22:12.210210,USD,Completed
ORD003944,CUST01839,2026-05-12 07:18:52.893829,USD,Completed
ORD003945,CUST00418,2026-02-01 21:43:23.774290,USD,Completed
ORD003946,CUST04676,2025-11-21 15:14:29.943515,US$,Refunded
ORD003947,CUST01479,2026-01-31 16:25:39.657199,usd,Completed
ORD003948,CUST00644,2025-10-13 12:50:05.113211,USD,Completed
ORD003949,CUST00036,2026-04-04 19:18:06.855450,$,Completed
ORD003950,CUST02307,2026-04-11 02:36:41.405765,USD,Cancelled
ORD003951,CUST00082,2025-09-04 10:54:40.973200,USD,Completed
ORD003952,CUST00885,2026-05-08 22:08:31.204883,usd,Completed
ORD003953,CUST04116,2025-09-11 04:43:23.873757,US$,Completed
ORD003954,CUST00140,2026-05-27 14:34:18.622075,US$,Completed
ORD003955,CUST02834,2026-06-07 10:19:12.209228,USD,Completed
ORD003956,CUST03442,2025-10-11 23:37:25.356100,usd,Completed
ORD003957,CUST00099,2026-01-14 12:04:58.398452,USD,Completed
ORD003958,CUST03854,2025-08-14 00:58:28.740708,USD,Completed
ORD003959,CUST04017,2025-12-27 11:15:05.313981,USD,Completed
ORD003960,CUST02371,2025-08-30 07:43:00.573193,USD,Completed
ORD003961,CUST02535,2025-12-24 14:20:56.019835,US$,Completed
ORD003962,CUST02441,2025-12-19 20:43:19.676231,US$,Completed
ORD003963,CUST00290,2026-03-27 09:39:09.405030,USD,Completed
ORD003964,CUST03841,2025-08-06 03:10:31.906137,USD,Completed
ORD003965,CUST01045,2025-08-04 22:23:36.314124,USD,Completed
ORD003966,CUST03642,2025-10-24 06:56:25.430239,USD,Completed
ORD003967,CUST03121,2026-05-01 22:49:24.955487,USD,Completed
ORD003968,CUST01044,2026-05-16 07:26:00.083389,USD,Completed
ORD003969,CUST02798,2025-11-26 06:40:59.644909,US$,Completed
ORD003970,CUST04562,2025-11-21 07:16:03.272292,USD,Completed
ORD003971,CUST00106,2025-08-07 22:23:04.454736,$,Completed
ORD003972,CUST04425,2026-03-09 12:53:59.961122,USD,Completed
ORD003973,CUST04774,2025-09-25 01:39:57.628941,USD,Completed
ORD003974,CUST03384,2025-12-05 14:10:06.299470,$,Completed
ORD003975,CUST04606,2026-02-03 23:16:34.145960,USD,Cancelled
ORD003976,CUST00525,2025-07-30 10:57:01.429726,usd,Completed
ORD003977,CUST01341,2025-09-14 23:25:01.580513,USD,Completed
ORD003978,CUST03969,2026-01-19 22:50:41.748766,usd,Completed
ORD003979,CUST01713,2026-06-11 17:18:23.608532,USD,Completed
ORD003980,CUST03222,2026-03-15 18:04:34.882657,USD,Completed
ORD003981,CUST03272_DUP,2026-03-22 13:49:44.934657,USD,Completed
ORD003982,CUST00604,2025-09-21 04:32:15.899729,USD,Completed
ORD003983,CUST02674,2025-07-26 18:53:54.863775,USD,Completed
ORD003984,CUST00084,2026-03-28 12:25:02.525439,USD,Refunded
ORD003985,CUST04026,2025-12-09 06:06:17.801107,USD,Completed
ORD003986,CUST04926,2025-08-10 07:09:34.731709,USD,Refunded
ORD003987,CUST01843,2025-08-30 04:34:34.646703,USD,Completed
ORD003988,CUST01622,2025-07-13 00:19:08.421061,USD,Completed
ORD003989,CUST01646,2026-03-06 22:26:47.402807,USD,Completed
ORD003990,CUST02810,2026-05-30 00:39:00.794332,USD,Completed
ORD003991,CUST02704,2026-02-03 21:44:05.478840,USD,Completed
ORD003992,CUST04769,2025-09-13 01:58:18.614939,USD,Completed
ORD003993,CUST02045,2026-01-01 00:47:57.164810,USD,Completed
ORD003994,CUST03726,2026-01-30 13:03:07.193199,USD,Completed
ORD003995,CUST00550,2026-03-07 13:56:11.301624,USD,Completed
ORD003996,CUST03261,2025-10-16 06:09:49.354926,USD,Completed
ORD003997,CUST02393,2026-05-02 17:23:48.120302,usd,Completed
ORD003998,CUST04101,2025-12-24 20:46:23.407451,USD,Completed
ORD003999,CUST04911,2026-05-13 07:07:15.196029,$,Completed
ORD004000,CUST04119,2026-06-02 09:44:31.870880,US$,Cancelled
ORD004001,CUST00605,2025-12-23 04:17:21.246501,USD,Completed
ORD004002,CUST03825,2025-09-29 06:35:32.619799,USD,Completed
ORD004003,CUST04706,2025-09-01 00:40:01.879153,USD,Completed
ORD004004,CUST00696,2026-06-17 04:28:32.405493,USD,Completed
ORD004005,CUST03391,2025-07-21 10:08:06.339764,US$,Completed
ORD004006,CUST01365,2026-04-26 22:31:00.492608,$,Completed
ORD004007,CUST03169,2026-01-14 16:00:05.001910,USD,Completed
ORD004008,CUST02686,2025-10-19 21:03:19.385092,USD,Completed
ORD004009,CUST04617,2026-01-06 06:07:35.976201,USD,Completed
ORD004010,CUST01074,2026-01-20 04:37:38.932054,USD,Completed
ORD004011,CUST02159,2026-01-25 02:02:04.939174,USD,Completed
ORD004012,CUST02098,2026-05-16 14:14:33.745113,usd,Completed
ORD004013,CUST03935,2026-01-27 20:54:43.422435,US$,Refunded
ORD004014,CUST03237,2026-01-16 05:23:12.260121,USD,Cancelled
ORD004015,CUST04443,2026-02-28 09:18:22.041305,USD,Completed
ORD004016,CUST02785,2025-12-27 14:15:16.340891,USD,Completed
ORD004017,CUST00279,2025-09-13 17:01:00.811563,usd,Completed
ORD004018,CUST00741,2026-04-18 05:38:05.360698,USD,Completed
ORD004019,CUST03280,2026-02-24 01:36:34.511486,usd,Completed
ORD004020,CUST01161,2025-12-01 08:44:57.674218,$,Completed
ORD004021,CUST02987,2026-04-23 10:54:47.390160,$,Completed
ORD004022,CUST01543,2025-09-08 07:47:16.097888,USD,Completed
ORD004023,CUST00959,2026-01-20 22:51:06.782051,USD,Completed
ORD004024,CUST01264,2025-08-23 14:18:07.899507,USD,Completed
ORD004025,CUST03137,2025-07-25 11:17:07.706728,USD,Completed
ORD004026,CUST01883,2025-07-30 14:37:16.172602,USD,Completed
ORD004027,CUST04037,2025-09-18 00:18:10.265322,USD,Refunded
ORD004028,CUST03591,2025-07-28 16:49:35.434133,USD,Completed
ORD004029,CUST00239,2025-07-01 23:09:42.525007,$,Cancelled
ORD004030,CUST01759,2025-08-29 17:05:32.642053,USD,Completed
ORD004031,CUST00547,2026-03-30 05:29:34.961720,USD,Completed
ORD004032,CUST04734,2025-07-30 03:15:58.931273,USD,Completed
ORD004033,CUST03906,2025-11-28 12:35:56.865831,USD,Completed
ORD004034,CUST01343,2025-12-29 08:15:33.506917,$,Completed
ORD004035,CUST03636,2026-01-19 23:52:40.953576,USD,Completed
ORD004036,CUST04123,2025-09-14 14:23:00.579173,USD,Cancelled
ORD004037,CUST02963,2026-04-15 08:07:13.438360,USD,Completed
ORD004038,CUST00825,2025-09-21 14:20:35.439852,USD,Completed
ORD004039,CUST02847,2025-10-09 08:08:32.439242,USD,Completed
ORD004040,CUST04018,2026-02-09 14:00:17.402501,US$,Completed
ORD004041,CUST01588,2026-04-25 10:52:35.224326,USD,Completed
ORD004042,CUST00279,2026-02-07 12:13:44.868099,USD,Completed
ORD004043,CUST03692,2025-11-17 17:52:38.939711,USD,Completed
ORD004044,CUST03216,2026-05-14 00:12:04.864800,USD,Completed
ORD004045,CUST04837,2025-11-17 21:03:23.346695,$,Refunded
ORD004046,CUST02217,2026-02-06 23:07:34.648706,USD ,Cancelled
ORD004047,CUST04364,2025-10-25 15:26:47.187016,USD,Refunded
ORD004048,CUST00411,2025-07-19 14:36:29.477603,usd,Completed
ORD004049,CUST04118,2025-09-28 06:43:03.248321,USD,Completed
ORD004050,CUST01318,2025-07-24 12:02:51.586089,USD,Refunded
ORD004051,CUST01120,2026-01-08 11:40:22.114607,$,Completed
ORD004052,CUST03461,2025-07-07 15:47:41.735897,US$,Completed
ORD004053,CUST02591,2026-02-17 23:26:54.716102,USD,Completed
ORD004054,CUST04165,2025-09-07 14:44:06.390408,US$,Completed
ORD004055,CUST04617,2026-02-11 18:36:55.453926,USD,Completed
ORD004056,CUST00116,2025-11-02 01:58:00.132582,US$,Completed
ORD004057,CUST03163,2026-02-08 02:20:35.639656,USD,Completed
ORD004058,CUST03825,2025-12-27 06:32:38.664488,usd,Completed
ORD004059,CUST00210,2026-02-14 11:12:59.772904,USD,Completed
ORD004060,CUST00456,2025-10-05 07:25:55.599838,$,Cancelled
ORD004061,CUST03693,2026-02-14 19:31:56.403488,USD,Completed
ORD004062,CUST02624,2026-06-24 16:26:02.411076,USD,Completed
ORD004063,CUST01899,2026-02-20 17:46:08.463664,USD,Completed
ORD004064,CUST02319,2026-03-10 06:12:51.933932,USD,Completed
ORD004065,CUST04690,2026-01-22 11:08:53.301689,USD,Completed
ORD004066,CUST00266,2025-08-04 20:52:29.267635,USD,Completed
ORD004067,CUST01726,2025-12-09 20:46:42.794528,USD,Completed
ORD004068,CUST04713,2025-10-25 21:25:16.806896,USD,Completed
ORD004069,CUST01795,2026-03-02 07:28:02.745296,USD,Completed
ORD004070,CUST00109,2026-04-17 07:54:29.318854,USD,Completed
ORD004071,CUST04437,2025-07-21 15:33:11.368129,USD,Completed
ORD004072,CUST01435,2026-06-13 18:10:52.630353,USD,Completed
ORD004073,CUST00710,2025-10-20 13:55:37.878660,$,Completed
ORD004074,CUST00343,2025-10-16 03:29:38.425237,USD,Completed
ORD004075,CUST02460,2025-08-16 21:43:29.524380,US$,Completed
ORD004076,CUST02407,2025-10-04 20:38:02.011864,USD,Completed
ORD004077,CUST00517,2025-09-16 06:00:06.263887,US$,Completed
ORD004078,CUST03674,2026-03-03 16:57:52.718579,USD,Completed
ORD004079,CUST04831,2026-02-06 17:34:48.681718,USD,Completed
ORD004080,CUST01143,2026-05-16 07:33:44.514279,USD,Completed
ORD004081,CUST03668,2025-11-30 05:01:11.666840,USD,Refunded
ORD004082,CUST03189,2025-11-25 16:46:01.990026,US$,Completed
ORD004083,CUST03173,2026-01-23 12:49:42.688982,US$,Completed
ORD004084,CUST04290,2025-09-22 23:15:04.515521,USD,Completed
ORD004085,CUST00582,2026-03-17 21:16:39.124443,US$,Completed
ORD004086,CUST02538,2026-04-09 22:46:08.835351,USD,Completed
ORD004087,CUST01725_DUP,2026-02-02 21:54:14.332403,US$,Completed
ORD004088,CUST01785,2026-04-16 21:12:23.545370,USD,Completed
ORD004089,CUST01593,2026-03-08 06:29:07.884521,USD,Completed
ORD004090,CUST01611,2025-10-23 09:18:06.976552,USD,Completed
ORD004091,CUST04657,2025-07-01 22:57:13.442849,USD,Completed
ORD004092,CUST03668,2026-05-22 01:02:39.401363,usd,Completed
ORD004093,CUST03129,2026-04-03 01:52:32.861237,USD,Completed
ORD004094,CUST00037,2026-01-19 00:52:16.158377,USD,Completed
ORD004095,CUST02531,2026-06-20 05:29:52.737379,USD,Completed
ORD004096,CUST00961,2025-09-11 18:02:33.480000,USD,Completed
ORD004097,CUST00864,2026-02-27 00:58:59.981995,USD,Completed
ORD004098,CUST03400,2025-07-25 17:19:25.483897,USD,Completed
ORD004099,CUST03679,2025-10-08 12:23:10.913902,USD,Completed
ORD004100,CUST00586,2025-09-19 16:12:17.882093,USD,Refunded
ORD004101,CUST04577,2026-02-18 10:57:23.991693,USD,Completed
ORD004102,CUST00274,2025-08-04 00:00:21.192016,US$,Completed
ORD004103,CUST01279,2025-08-25 14:10:19.838364,USD,Refunded
ORD004104,CUST03637,2026-02-22 07:00:25.696052,USD,Completed
ORD004105,CUST00275,2025-12-04 14:41:02.933242,USD,Completed
ORD004106,CUST01522,2025-12-21 07:37:59.753566,USD,Completed
ORD004107,CUST01714,2025-08-23 09:08:57.633176,USD,Completed
ORD004108,CUST04005,2025-11-01 13:18:24.472039,USD,Completed
ORD004109,CUST01391,2025-12-03 07:47:32.736821,USD,Completed
ORD004110,CUST01434,2026-05-08 17:53:27.153847,USD,Completed
ORD004111,CUST03813,2026-05-11 06:38:29.091230,USD,Cancelled
ORD004112,CUST02309,2026-04-01 09:01:26.451914,USD,Completed
ORD004113,CUST02120,2025-07-11 06:51:45.762479,USD,Completed
ORD004114,CUST02533,2026-05-21 09:11:15.896163,USD,Completed
ORD004115,CUST01456,2026-01-13 20:22:42.785607,USD,Completed
ORD004116,CUST02435,2025-07-01 00:03:28.479462,USD,Cancelled
ORD004117,CUST04246,2025-11-25 07:55:58.549355,USD,Refunded
ORD004118,CUST02648,2026-01-31 16:47:46.112291,USD,Completed
ORD004119,CUST04945,2025-08-28 11:45:34.868732,USD,Completed
ORD004120,CUST00922,2025-11-07 15:34:26.115721,US$,Completed
ORD004121,CUST00854,2025-12-16 08:26:30.663271,usd,Completed
ORD004122,CUST00920,2025-09-28 08:01:18.889474,USD,Completed
ORD004123,CUST02046,2025-07-25 15:25:11.428144,usd,Completed
ORD004124,CUST02821,2025-08-09 10:17:35.055795,USD,Completed
ORD004125,CUST02350,2025-12-12 00:03:43.440591,usd,Completed
ORD004126,CUST00304,2026-04-01 11:43:49.067956,USD,Completed
ORD004127,CUST03390,2026-04-06 23:24:53.167522,usd,Completed
ORD004128,CUST04359,2026-04-27 17:29:54.158841,USD,Completed
ORD004129,CUST01658,2025-08-24 20:52:32.918892,USD,Completed
ORD004130,CUST00555,2026-06-16 13:56:36.444548,US$,Completed
ORD004131,CUST03555,2025-09-06 20:54:20.258230,USD,Completed
ORD004132,CUST03973,2025-07-24 03:49:46.530232,USD,Cancelled
ORD004133,CUST00423,2025-07-14 21:54:45.537323,USD,Completed
ORD004134,CUST02819,2026-03-05 15:15:53.416232,USD,Completed
ORD004135,CUST01693,2026-04-23 04:03:35.082967,usd,Completed
ORD004136,CUST02001,2025-10-04 02:59:25.583476,USD,Refunded
ORD004137,CUST02946,2025-12-25 18:51:09.689703,USD,Completed
ORD004138,CUST03704,2025-07-31 15:31:25.199178,USD,Completed
ORD004139,CUST02763,2026-06-03 20:59:09.657210,usd,Completed
ORD004140,CUST01094,2025-09-15 03:30:47.461153,USD,Completed
ORD004141,CUST00062,2025-10-09 20:02:58.086969,US$,Completed
ORD004142,CUST01362,2026-04-18 02:22:28.816051,$,Refunded
ORD004143,CUST01191,2025-12-07 03:59:46.666703,USD,Completed
ORD004144,CUST04304,2026-06-15 07:57:34.551821,usd,Completed
ORD004145,CUST01317,2026-02-06 07:40:55.083737,usd,Completed
ORD004146,CUST03096,2025-10-20 15:28:45.284646,USD,Completed
ORD004147,CUST02056,2026-01-07 05:45:47.395893,USD,Completed
ORD004148,CUST01474,2025-10-27 15:45:19.741081,$,Refunded
ORD004149,CUST03846,2025-12-24 21:40:03.731446,USD,Completed
ORD004150,CUST02823,2026-05-18 23:40:01.332764,USD,Completed
ORD004151,CUST04590,2025-08-01 14:29:58.092316,usd,Completed
ORD004152,CUST01519,2026-01-20 06:40:33.514727,USD,Completed
ORD004153,CUST01551,2026-01-07 03:46:17.719366,$,Completed
ORD004154,CUST01270,2025-07-30 14:19:09.020922,USD,Completed
ORD004155,CUST02299,2025-12-24 03:01:42.944656,USD,Completed
ORD004156,CUST01440,2026-06-11 23:07:53.598783,$,Completed
ORD004157,CUST01143,2026-02-06 01:47:14.283780,USD,Completed
ORD004158,CUST03210,2025-11-20 23:17:16.340815,USD,Completed
ORD004159,CUST04750,2025-09-06 20:00:44.783080,USD,Completed
ORD004160,CUST04111,2026-06-09 00:10:58.710432,USD,Completed
ORD004161,CUST02280,2025-08-24 03:45:27.404902,USD,Completed
ORD004162,CUST01346,2025-12-10 00:43:09.828030,USD,Cancelled
ORD004163,CUST01959,2025-08-18 12:08:38.951390,USD,Completed
ORD004164,CUST00420,2026-06-16 17:37:15.332452,US$,Completed
ORD004165,CUST01841,2025-11-05 04:40:58.771632,USD,Cancelled
ORD004166,CUST01299,2026-05-17 00:14:39.922960,USD,Completed
ORD004167,CUST01563,2026-04-10 10:24:06.309354,USD,Completed
ORD004168,CUST02722_DUP,2026-03-26 17:17:12.304097,USD,Refunded
ORD004169,CUST04748,2026-03-29 22:40:53.829972,US$,Completed
ORD004170,CUST03116,2026-03-19 13:06:59.855955,USD,Completed
ORD004171,CUST04127,2026-04-14 14:40:15.806273,USD,Completed
ORD004172,CUST01141,2026-05-30 15:34:54.734597,USD,Completed
ORD004173,CUST03004,2025-10-16 07:29:09.670588,USD,Completed
ORD004174,CUST04423,2025-09-27 21:41:51.530475,USD,Completed
ORD004175,CUST03162,2025-10-13 12:43:54.133543,USD,Completed
ORD004176,CUST02442,2026-01-06 21:09:30.040259,USD,Completed
ORD004177,CUST04292,2025-11-23 00:44:15.302405,US$,Cancelled
ORD004178,CUST01433,2025-08-19 21:47:32.507359,USD,Completed
ORD004179,CUST02962,2025-09-11 22:39:32.232439,USD,Completed
ORD004180,CUST04899,2025-12-06 03:37:42.062070,usd,Completed
ORD004181,CUST03237,2026-03-31 09:28:13.273405,USD,Completed
ORD004182,CUST01749,2026-06-14 21:59:05.288845,USD,Completed
ORD004183,CUST01658,2025-11-17 07:28:17.219209,USD,Completed
ORD004184,CUST02405,2026-01-10 01:37:29.675918,USD,Completed
ORD004185,CUST01292,2026-06-28 13:20:07.679174,usd,Refunded
ORD004186,CUST01248,2026-06-28 08:27:43.471633,USD,Completed
ORD004187,CUST01700,2025-12-20 09:19:12.663832,usd,Completed
ORD004188,CUST04987,2025-07-01 17:23:51.263748,USD,Completed
ORD004189,CUST02327,2026-04-18 10:16:48.880645,usd,Completed
ORD004190,CUST02305,2025-11-26 19:16:31.021107,USD,Completed
ORD004191,CUST03549,2026-02-28 06:29:34.018248,US$,Completed
ORD004192,CUST01824,2026-02-22 08:10:58.473141,US$,Completed
ORD004193,CUST01874,2026-06-02 14:14:45.520657,$,Completed
ORD004194,CUST00803,2026-03-23 16:41:38.372042,USD,Completed
ORD004195,CUST03075,2025-07-25 13:51:19.273656,USD,Refunded
ORD004196,CUST01178,2026-03-20 22:09:16.725197,USD,Completed
ORD004197,CUST02607,2025-12-01 13:35:55.940065,USD,Completed
ORD004198,CUST00022,2025-12-30 14:40:11.956699,USD,Completed
ORD004199,CUST01514_DUP,2026-06-10 01:59:38.987660,$,Completed
ORD004200,CUST03100,2025-07-17 10:46:48.931419,USD,Cancelled
ORD004201,CUST02884,2026-05-17 17:30:31.761472,USD,Completed
ORD004202,CUST00016,2026-04-23 16:11:16.736609,USD,Completed
ORD004203,CUST00654,2025-07-29 10:41:59.292939,USD,Completed
ORD004204,CUST03397,2026-03-14 14:53:25.545990,usd,Completed
ORD004205,CUST00493,2025-10-07 15:52:20.378194,USD,Completed
ORD004206,CUST00051,2026-03-04 16:16:15.398263,USD,Completed
ORD004207,CUST00852,2026-04-18 21:03:53.689766,USD,Completed
ORD004208,CUST02749,2025-10-03 07:23:04.106372,USD,Completed
ORD004209,CUST00868,2026-01-09 23:32:27.034348,$,Completed
ORD004210,CUST01099,2026-06-12 04:04:10.482339,$,Completed
ORD004211,CUST00196,2026-02-02 10:16:28.421232,USD,Completed
ORD004212,CUST04471,2026-01-13 14:16:03.584636,USD,Completed
ORD004213,CUST03856,2025-11-16 18:52:49.896411,US$,Completed
ORD004214,CUST01209,2026-03-14 23:45:31.831743,$,Completed
ORD004215,CUST00459,2026-03-09 20:02:56.445204,US$,Cancelled
ORD004216,CUST02244,2025-09-24 18:44:56.591604,USD,Completed
ORD004217,CUST04300,2025-10-20 01:46:01.742105,USD,Completed
ORD004218,CUST02083,2026-05-07 22:27:29.451690,US$,Completed
ORD004219,CUST00625,2025-10-15 14:35:21.121024,US$,Completed
ORD004220,CUST00126,2026-06-12 09:42:52.587638,USD,Completed
ORD004221,CUST03744_DUP,2025-09-05 05:16:54.720061,USD,Completed
ORD004222,CUST01998,2025-11-13 14:06:35.350087,USD,Completed
ORD004223,CUST02835,2025-07-08 09:28:14.909648,USD,Completed
ORD004224,CUST03487,2025-07-28 23:34:53.221670,USD,Completed
ORD004225,CUST04431,2026-01-20 23:50:44.780904,USD,Cancelled
ORD004226,CUST01632,2025-10-26 23:38:35.285789,usd,Completed
ORD004227,CUST00661,2026-04-23 21:49:51.204134,USD,Completed
ORD004228,CUST02596,2025-11-09 22:13:08.713952,USD,Completed
ORD004229,CUST00541,2025-11-04 17:06:39.264115,USD,Cancelled
ORD004230,CUST04526,2025-12-03 18:12:34.310646,USD,Completed
ORD004231,CUST04744,2026-06-09 19:39:26.191810,USD,Completed
ORD004232,CUST01474,2026-01-18 04:54:49.698056,USD,Completed
ORD004233,CUST04497,2025-08-29 04:26:15.604350,USD,Completed
ORD004234,CUST01483,2026-04-24 10:29:05.545752,USD,Completed
ORD004235,CUST02902,2025-09-24 16:08:40.039330,USD,Completed
ORD004236,CUST03216,2025-12-03 23:42:42.708140,USD,Completed
ORD004237,CUST01294,2025-07-19 06:01:34.594962,USD,Completed
ORD004238,CUST02738,2025-07-01 05:26:51.549087,$,Completed
ORD004239,CUST00468,2026-05-15 21:54:15.809601,USD,Completed
ORD004240,CUST01114,2025-11-03 14:40:15.597478,USD,Cancelled
ORD004241,CUST00520,2025-09-30 08:51:55.805232,USD,Completed
ORD004242,CUST01955,2026-06-26 16:39:38.496434,USD,Completed
ORD004243,CUST01383,2025-11-18 00:53:22.343924,USD,Completed
ORD004244,CUST01380,2026-04-07 19:46:06.303850,USD,Completed
ORD004245,CUST01245,2026-04-24 16:00:02.495920,usd,Completed
ORD004246,CUST01888,2025-10-25 11:50:52.772496,USD,Completed
ORD004247,CUST00388,2025-10-27 14:53:13.003326,usd,Cancelled
ORD004248,CUST01901,2025-09-05 08:38:26.146921,USD,Completed
ORD004249,CUST02105,2025-07-28 10:05:52.698527,USD,Completed
ORD004250,CUST02180,2026-01-27 02:28:49.834820,USD,Completed
ORD004251,CUST02920,2026-03-28 08:47:29.830258,usd,Completed
ORD004252,CUST01842,2025-11-16 16:21:53.460416,USD ,Completed
ORD004253,CUST02087,2026-06-01 17:23:48.393602,US$,Completed
ORD004254,CUST03371,2026-03-09 08:19:14.607573,USD,Completed
ORD004255,CUST04840,2026-06-05 21:16:52.744258,USD,Completed
ORD004256,CUST00167,2026-02-19 19:07:42.423861,USD,Completed
ORD004257,CUST02232,2026-05-27 03:13:20.645253,$,Completed
ORD004258,CUST04060,2025-08-18 17:48:36.206683,USD,Completed
ORD004259,CUST00228,2025-07-17 07:45:13.592123,US$,Completed
ORD004260,CUST01027,2025-11-14 21:00:32.520890,$,Completed
ORD004261,CUST01396,2025-07-15 23:32:45.367395,USD,Completed
ORD004262,CUST03960,2026-02-15 15:54:22.896124,USD,Completed
ORD004263,CUST04690,2026-05-28 08:17:02.274501,USD,Completed
ORD004264,CUST00588,2025-08-31 06:25:20.151363,USD,Completed
ORD004265,CUST02060,2025-10-24 06:47:22.296109,US$,Completed
ORD004266,CUST01642,2026-05-15 23:34:12.502962,usd,Completed
ORD004267,CUST04325,2026-05-26 14:42:36.087975,USD,Completed
ORD004268,CUST02270,2025-09-22 06:59:03.116231,$,Completed
ORD004269,CUST02700,2026-02-20 11:54:42.043166,USD,Completed
ORD004270,CUST01705,2025-12-22 09:42:17.101509,USD,Completed
ORD004271,CUST04906,2026-02-27 14:52:30.660641,USD,Completed
ORD004272,CUST00041,2025-08-18 02:01:06.933736,USD,Completed
ORD004273,CUST03101,2026-04-21 05:15:19.949561,usd,Completed
ORD004274,CUST03850,2025-09-05 04:16:08.992390,USD,Completed
ORD004275,CUST04574,2026-02-07 03:41:01.729801,USD,Completed
ORD004276,CUST03575,2026-06-09 01:33:36.006564,USD,Completed
ORD004277,CUST01261,2025-07-01 22:07:20.622391,USD,Completed
ORD004278,CUST04371,2026-03-09 15:39:40.076857,USD,Completed
ORD004279,CUST02311,2025-12-27 12:14:44.660882,USD,Completed
ORD004280,CUST02024,2026-03-31 10:29:57.660347,usd,Completed
ORD004281,CUST00150,2026-06-16 07:47:08.840392,USD,Completed
ORD004282,CUST02692,2026-02-24 01:34:30.495939,USD,Completed
ORD004283,CUST01085,2026-06-13 18:08:21.480645,USD,Completed
ORD004284,CUST04593,2026-02-05 03:56:41.761808,USD,Completed
ORD004285,CUST00421,2025-08-27 01:10:54.892416,USD,Completed
ORD004286,CUST03501,2025-12-05 16:18:05.368952,USD,Completed
ORD004287,CUST00570,2025-07-10 13:11:59.960985,USD,Completed
ORD004288,CUST04535,2026-04-01 21:31:29.543453,USD,Completed
ORD004289,CUST03994,2025-12-17 01:44:55.445341,USD,Completed
ORD004290,CUST04996,2026-05-30 05:17:21.011270,US$,Cancelled
ORD004291,CUST01885,2025-09-22 11:42:17.651448,usd,Completed
ORD004292,CUST01714,2026-06-06 04:49:08.243317,$,Completed
ORD004293,CUST02932,2026-01-24 17:13:25.990326,USD,Completed
ORD004294,CUST03254,2026-01-25 16:36:17.056167,USD,Completed
ORD004295,CUST02833,2025-10-27 17:48:26.666507,USD,Completed
ORD004296,CUST04579,2025-09-17 10:42:45.227775,US$,Completed
ORD004297,CUST02378,2025-09-18 23:28:44.900965,usd,Completed
ORD004298,CUST00689,2025-09-07 22:42:43.853142,USD,Completed
ORD004299,CUST04005,2025-08-12 01:25:36.792099,US$,Completed
ORD004300,CUST02696,2025-10-31 04:24:33.058778,USD,Completed
ORD004301,CUST03683,2026-02-16 04:35:32.609093,US$,Completed
ORD004302,CUST04821,2026-05-31 19:21:44.759332,$,Completed
ORD004303,CUST03417,2025-08-01 02:12:42.980701,USD,Completed
ORD004304,CUST02540,2025-09-04 16:39:54.900788,USD,Completed
ORD004305,CUST02756,2026-03-15 15:08:18.964346,USD,Cancelled
ORD004306,CUST01909,2025-11-14 02:54:50.843230,USD,Completed
ORD004307,CUST00257,2025-10-26 10:04:28.064584,USD,Completed
ORD004308,CUST02055,2026-05-05 03:01:12.301013,USD,Completed
ORD004309,CUST03289,2026-02-23 13:40:31.614292,USD,Completed
ORD004310,CUST04756,2025-12-28 22:43:23.466962,USD,Completed
ORD004311,CUST00166,2025-12-26 07:58:22.189692,USD,Completed
ORD004312,CUST04071,2025-12-04 08:05:34.522725,$,Completed
ORD004313,CUST02277,2025-12-06 22:19:30.715867,US$,Completed
ORD004314,CUST01324,2026-03-21 10:43:02.058692,US$,Cancelled
ORD004315,CUST04120,2026-04-01 08:10:56.994555,USD,Completed
ORD004316,CUST03719,2025-12-30 02:26:32.319957,US$,Completed
ORD004317,CUST03477,2026-04-09 04:42:10.649235,$,Completed
ORD004318,CUST00827,2025-08-29 08:35:31.228826,USD,Completed
ORD004319,CUST01484,2026-05-22 08:59:49.862840,USD,Completed
ORD004320,CUST00575,2026-05-02 14:38:08.089680,USD,Completed
ORD004321,CUST02719,2026-04-10 23:31:31.066290,USD,Completed
ORD004322,CUST03438,2025-07-07 18:23:16.060237,USD,Cancelled
ORD004323,CUST01192,2026-04-06 03:37:14.834875,USD,Completed
ORD004324,CUST01310,2026-05-26 15:58:20.223431,USD,Completed
ORD004325,CUST01177,2026-05-10 14:57:09.881174,US$,Completed
ORD004326,CUST00964,2025-08-15 00:24:01.219911,USD,Completed
ORD004327,CUST04606,2026-05-25 01:09:10.784803,USD,Completed
ORD004328,CUST04169,2025-09-01 16:35:16.084792,USD,Completed
ORD004329,CUST02116,2026-04-09 02:05:05.238549,USD,Completed
ORD004330,CUST00525,2026-01-08 20:12:32.209199,USD,Completed
ORD004331,CUST04341,2025-09-13 06:18:25.573107,USD,Completed
ORD004332,CUST02849,2025-09-25 23:54:03.326365,USD,Completed
ORD004333,CUST02743,2026-06-06 10:45:18.686813,US$,Completed
ORD004334,CUST01859,2025-12-09 19:31:22.918310,USD,Completed
ORD004335,CUST01758,2026-01-25 20:21:13.660975,USD,Completed
ORD004336,CUST01016,2025-08-01 10:52:47.848258,USD,Completed
ORD004337,CUST03306,2025-10-06 12:32:49.807013,$,Completed
ORD004338,CUST01010,2026-01-06 13:31:45.915770,USD,Completed
ORD004339,CUST02093,2026-05-21 00:39:44.530232,USD,Completed
ORD004340,CUST00783,2025-07-22 23:56:05.874055,USD,Completed
ORD004341,CUST00040,2025-10-10 15:55:54.981403,USD,Completed
ORD004342,CUST00297,2026-04-07 05:05:19.476206,usd,Completed
ORD004343,CUST00370,2026-06-12 15:14:30.798393,USD,Completed
ORD004344,CUST01008,2025-11-27 13:16:46.709350,USD,Completed
ORD004345,CUST00331,2026-06-15 05:29:43.853075,USD,Refunded
ORD004346,CUST03984,2026-05-05 21:10:17.131648,USD,Completed
ORD004347,CUST01322,2025-11-11 13:14:18.957983,USD,Completed
ORD004348,CUST02705,2025-07-21 23:10:27.022854,usd,Completed
ORD004349,CUST03715,2026-06-05 22:34:44.931268,$,Completed
ORD004350,CUST02119,2026-05-19 08:31:53.407541,USD ,Completed
ORD004351,CUST04717,2025-08-25 03:05:51.811141,US$,Completed
ORD004352,CUST03071,2026-03-10 19:58:12.034646,USD,Completed
ORD004353,CUST04888,2025-11-26 18:41:58.709777,USD,Completed
ORD004354,CUST03368,2026-06-17 13:07:39.539872,USD,Completed
ORD004355,CUST02636,2026-05-05 19:50:16.271148,USD ,Completed
ORD004356,CUST03001,2025-08-13 10:25:21.294100,USD,Completed
ORD004357,CUST04590,2025-10-22 04:16:23.527395,usd,Cancelled
ORD004358,CUST01994,2026-06-14 03:20:55.148631,$,Completed
ORD004359,CUST00549,2026-03-06 02:37:30.167283,$,Completed
ORD004360,CUST02643,2025-10-02 15:54:00.084381,USD,Completed
ORD004361,CUST01171,2025-11-13 09:05:55.586086,USD,Completed
ORD004362,CUST00452,2025-08-07 05:04:09.451024,usd,Completed
ORD004363,CUST04060,2025-12-24 10:23:20.949693,USD,Completed
ORD004364,CUST01598,2025-09-14 13:09:56.544163,usd,Completed
ORD004365,CUST00876,2026-06-16 21:49:47.295157,USD,Cancelled
ORD004366,CUST00165,2025-07-18 04:01:25.604817,USD,Refunded
ORD004367,CUST01293,2026-04-07 17:18:22.880684,USD,Cancelled
ORD004368,CUST00483,2025-11-09 22:48:51.433318,USD,Completed
ORD004369,CUST00816,2025-11-17 07:44:02.727294,USD,Completed
ORD004370,CUST04049,2025-09-07 13:04:52.453014,USD,Completed
ORD004371,CUST00005,2025-09-18 01:20:38.939346,USD,Refunded
ORD004372,CUST03670,2026-04-08 20:35:16.698590,USD,Completed
ORD004373,CUST03840,2026-01-09 22:23:11.743485,USD,Completed
ORD004374,CUST02669,2026-05-04 20:35:43.940072,USD,Completed
ORD004375,CUST02422,2026-05-16 07:27:52.688810,USD,Completed
ORD004376,CUST01289,2025-11-29 04:55:19.076210,USD,Completed
ORD004377,CUST00193,2025-09-16 13:09:38.984557,USD,Completed
ORD004378,CUST04488,2025-08-21 09:50:48.772892,USD,Completed
ORD004379,CUST03336,2026-01-06 15:45:19.514490,USD,Completed
ORD004380,CUST01376,2025-08-25 03:14:47.231806,US$,Completed
ORD004381,CUST01179,2026-03-07 08:21:01.833564,usd,Completed
ORD004382,CUST00589,2025-11-15 00:48:59.432714,USD,Refunded
ORD004383,CUST01902,2025-07-21 20:08:06.445216,USD,Completed
ORD004384,CUST02532,2025-08-14 14:59:31.413183,USD ,Completed
ORD004385,CUST03953,2025-10-24 19:46:15.267255,USD,Completed
ORD004386,CUST02317,2025-12-19 17:19:31.137629,USD,Completed
ORD004387,CUST04198,2026-02-25 13:51:22.880200,USD,Completed
ORD004388,CUST01673,2025-11-17 05:57:09.615453,USD,Completed
ORD004389,CUST00881,2026-02-04 14:17:45.130158,USD,Completed
ORD004390,CUST02875,2026-03-27 07:03:38.019354,USD,Completed
ORD004391,CUST03219,2025-10-17 01:14:25.598349,$,Completed
ORD004392,CUST00242,2025-10-27 08:42:14.097973,usd,Completed
ORD004393,CUST03861,2026-02-06 02:49:13.914040,USD,Completed
ORD004394,CUST01268,2025-11-08 04:08:52.377663,usd,Completed
ORD004395,CUST03539,2026-05-18 21:32:40.974004,USD,Completed
ORD004396,CUST02646,2026-05-26 20:27:29.927220,USD,Completed
ORD004397,CUST01920,2025-08-06 22:52:48.792690,usd,Completed
ORD004398,CUST01285,2025-09-22 09:25:51.887277,USD,Completed
ORD004399,CUST03375,2025-10-17 11:14:15.689187,$,Completed
ORD004400,CUST02744,2026-06-02 05:05:26.213023,USD,Completed
ORD004401,CUST04101,2026-02-02 08:45:10.014196,usd,Cancelled
ORD004402,CUST03821,2025-09-22 18:57:23.517946,USD,Completed
ORD004403,CUST04539,2026-02-08 15:16:47.389269,US$,Completed
ORD004404,CUST04255,2026-06-28 09:58:41.500262,USD,Completed
ORD004405,CUST01838,2025-12-15 08:03:10.993875,USD,Completed
ORD004406,CUST03634,2026-01-21 09:50:25.565255,US$,Completed
ORD004407,CUST04589,2026-02-19 21:52:22.514740,USD,Completed
ORD004408,CUST03050,2025-12-14 04:01:37.573482,USD,Completed
ORD004409,CUST00977,2026-02-28 06:55:12.442619,USD,Completed
ORD004410,CUST02850,2025-09-05 18:06:52.171911,USD,Refunded
ORD004411,CUST00069,2026-03-15 12:20:36.926176,USD,Cancelled
ORD004412,CUST03060,2025-09-10 17:17:10.036736,USD,Completed
ORD004413,CUST04037,2026-06-24 08:00:29.332165,US$,Completed
ORD004414,CUST00759,2026-02-23 05:27:51.805224,USD,Completed
ORD004415,CUST04807,2025-07-19 17:41:16.186331,USD,Completed
ORD004416,CUST04475,2026-05-27 16:28:06.891351,USD,Completed
ORD004417,CUST02605,2025-08-20 10:55:21.281757,USD,Completed
ORD004418,CUST03270,2026-04-30 09:28:11.319863,USD,Completed
ORD004419,CUST00287,2026-06-09 04:00:49.417149,USD,Completed
ORD004420,CUST02834,2025-08-21 21:06:09.302375,USD,Completed
ORD004421,CUST04812,2026-02-16 21:50:45.108721,US$,Completed
ORD004422,CUST02976,2025-08-01 23:23:01.563663,USD,Completed
ORD004423,CUST03889,2026-02-15 12:52:12.173095,US$,Completed
ORD004424,CUST02741,2025-10-27 11:16:22.677944,USD,Completed
ORD004425,CUST01415,2025-11-23 12:55:02.801654,USD,Completed
ORD004426,CUST02058,2026-04-15 13:46:22.567091,US$,Completed
ORD004427,CUST00163,2026-04-29 13:29:58.529514,USD,Completed
ORD004428,CUST04035,2025-12-24 21:43:11.569302,USD,Completed
ORD004429,CUST01617,2026-03-23 12:46:47.650024,$,Completed
ORD004430,CUST00731,2025-08-31 10:51:59.843617,USD,Completed
ORD004431,CUST00631,2025-12-24 15:28:54.207430,USD,Cancelled
ORD004432,CUST03536,2025-12-01 09:03:40.542976,usd,Completed
ORD004433,CUST01157,2025-07-21 00:24:16.760840,USD,Completed
ORD004434,CUST02144,2026-03-28 00:05:27.406087,$,Completed
ORD004435,CUST00321,2026-05-17 19:49:27.621130,usd,Completed
ORD004436,CUST00020,2025-08-13 06:16:59.804012,USD,Completed
ORD004437,CUST00886,2025-10-01 00:28:18.770994,USD,Completed
ORD004438,CUST00593,2025-07-11 02:37:09.241701,USD,Completed
ORD004439,CUST00357,2025-10-02 12:40:07.275525,usd,Completed
ORD004440,CUST02057,2026-06-11 00:10:36.450248,USD,Completed
ORD004441,CUST02475,2026-06-18 22:35:45.355361,USD,Completed
ORD004442,CUST00979,2025-07-03 07:35:28.103560,US$,Cancelled
ORD004443,CUST04222,2025-12-31 20:34:23.451420,USD,Completed
ORD004444,CUST04928,2026-03-02 03:40:56.715807,USD,Completed
ORD004445,CUST04270,2025-12-06 18:44:47.895746,US$,Completed
ORD004446,CUST04439,2025-07-16 21:05:52.137039,US$,Completed
ORD004447,CUST00098,2025-09-03 08:16:37.549150,USD,Completed
ORD004448,CUST04161,2025-08-09 10:48:42.729277,USD,Completed
ORD004449,CUST00132,2026-06-04 13:04:54.297787,USD,Completed
ORD004450,CUST00207,2025-09-19 11:01:21.777882,USD,Completed
ORD004451,CUST00921,2026-01-28 23:57:26.370276,USD,Cancelled
ORD004452,CUST02778,2026-05-15 18:46:10.578921,USD,Cancelled
ORD004453,CUST01814,2025-12-03 03:58:18.235886,USD,Completed
ORD004454,CUST03540,2025-08-27 14:54:02.548253,US$,Completed
ORD004455,CUST00312,2025-12-31 09:18:37.406363,USD,Refunded
ORD004456,CUST01933,2025-11-03 02:53:37.724890,USD ,Completed
ORD004457,CUST03399,2025-09-15 21:51:50.948589,USD,Completed
ORD004458,CUST01124,2025-11-17 09:58:47.875060,$,Completed
ORD004459,CUST02381,2026-05-11 05:01:20.294525,$,Refunded
ORD004460,CUST03458,2025-11-21 08:24:45.228098,usd,Completed
ORD004461,CUST00941,2026-05-06 20:02:32.641007,USD,Completed
ORD004462,CUST02841,2025-09-22 19:25:06.101846,USD,Completed
ORD004463,CUST03249,2026-05-05 14:42:52.125937,usd,Completed
ORD004464,CUST02192,2025-09-12 03:28:56.072363,USD,Completed
ORD004465,CUST02159,2025-11-16 19:05:59.028179,USD,Completed
ORD004466,CUST02630,2026-05-11 21:19:50.965899,USD,Completed
ORD004467,CUST03185,2026-03-13 19:57:05.568293,USD,Completed
ORD004468,CUST00004,2025-07-16 08:08:02.766840,USD,Completed
ORD004469,CUST02128,2026-06-20 17:02:24.946640,usd,Completed
ORD004470,CUST02900,2026-02-28 01:03:17.340075,USD,Cancelled
ORD004471,CUST00983,2025-07-28 22:12:36.983707,usd,Completed
ORD004472,CUST04023,2026-03-12 09:04:49.663193,US$,Cancelled
ORD004473,CUST00791,2025-12-05 06:53:38.315478,USD,Completed
ORD004474,CUST04708,2025-10-23 19:31:24.552057,USD,Completed
ORD004475,CUST02484,2025-08-20 12:39:57.981744,USD,Completed
ORD004476,CUST03245,2025-09-18 15:36:47.140296,USD,Completed
ORD004477,CUST02218,2025-10-15 17:03:52.850452,USD,Completed
ORD004478,CUST01182,2025-07-02 05:45:37.399107,US$,Completed
ORD004479,CUST04617,2025-07-09 14:57:56.112670,US$,Completed
ORD004480,CUST01067,2026-06-18 22:20:29.260923,usd,Completed
ORD004481,CUST00189,2025-12-27 00:00:54.686766,USD,Completed
ORD004482,CUST02222,2025-07-22 19:32:55.741780,US$,Refunded
ORD004483,CUST04527,2026-03-29 22:54:14.543917,$,Completed
ORD004484,CUST00771,2026-06-18 11:29:58.998818,$,Completed
ORD004485,CUST01783,2026-03-30 07:39:47.665680,USD,Completed
ORD004486,CUST02975,2026-06-26 11:24:32.636570,USD,Completed
ORD004487,CUST03252,2026-05-27 23:24:16.762901,USD,Completed
ORD004488,CUST02646,2026-03-12 07:08:48.998960,US$,Completed
ORD004489,CUST02011,2025-10-29 20:03:24.161303,USD,Refunded
ORD004490,CUST04245,2026-04-27 16:54:02.187253,USD,Completed
ORD004491,CUST02288,2025-10-24 13:50:04.976556,US$,Completed
ORD004492,CUST03882,2025-10-21 17:27:03.228441,USD,Completed
ORD004493,CUST04471,2026-03-01 02:13:16.894400,$,Completed
ORD004494,CUST01409,2026-02-13 05:54:36.014259,USD,Completed
ORD004495,CUST03055,2026-05-05 13:13:02.734730,USD,Completed
ORD004496,CUST03035,2025-10-15 13:58:30.876393,USD,Completed
ORD004497,CUST01164,2025-11-17 16:07:05.451545,$,Completed
ORD004498,CUST01338,2026-02-17 03:26:15.576711,USD,Completed
ORD004499,CUST01933,2025-09-18 15:57:38.200145,USD,Completed
ORD004500,CUST02790,2025-07-16 20:54:59.814808,USD,Completed
ORD004501,CUST04362,2025-11-08 19:14:55.695035,USD,Completed
ORD004502,CUST02822,2025-12-06 07:42:17.806903,$,Completed
ORD004503,CUST03853,2025-08-20 23:04:17.095943,US$,Completed
ORD004504,CUST00269,2025-10-30 04:55:47.049363,USD,Refunded
ORD004505,CUST01100,2026-06-08 22:19:07.487247,US$,Completed
ORD004506,CUST03723,2025-11-21 02:08:56.248099,USD,Completed
ORD004507,CUST00220,2025-11-12 22:02:49.676371,USD,Completed
ORD004508,CUST02973,2025-07-19 19:02:35.028131,US$,Completed
ORD004509,CUST03167,2025-09-12 02:07:12.506281,USD,Completed
ORD004510,CUST02192,2025-10-08 16:26:18.585302,USD,Completed
ORD004511,CUST01750,2026-06-29 18:55:30.015204,USD,Refunded
ORD004512,CUST02310,2025-12-16 23:24:55.506440,USD,Completed
ORD004513,CUST00252,2025-12-10 01:41:41.145498,usd,Completed
ORD004514,CUST01953,2026-05-16 20:06:42.643348,usd,Completed
ORD004515,CUST04331,2025-11-19 17:05:39.809633,USD,Completed
ORD004516,CUST03498,2025-09-28 12:35:05.587689,$,Completed
ORD004517,CUST00410,2025-09-20 22:55:15.998853,US$,Completed
ORD004518,CUST03985,2026-05-08 20:32:34.339961,$,Completed
ORD004519,CUST03950,2026-02-23 04:31:04.886796,USD,Completed
ORD004520,CUST00424,2025-08-08 14:59:29.419905,usd,Completed
ORD004521,CUST00504,2025-10-24 20:24:42.959599,USD,Completed
ORD004522,CUST04173,2025-12-08 00:24:32.447194,USD,Completed
ORD004523,CUST04570,2025-09-09 10:34:00.918257,USD,Completed
ORD004524,CUST00696,2026-04-16 06:05:10.160764,USD,Completed
ORD004525,CUST03897,2026-01-17 10:51:44.329582,usd,Completed
ORD004526,CUST01817,2025-08-22 08:09:24.384801,USD,Cancelled
ORD004527,CUST02315,2025-08-22 01:23:33.726444,USD,Completed
ORD004528,CUST04846,2025-12-27 17:13:51.321568,USD,Completed
ORD004529,CUST01098,2026-02-04 05:56:49.476409,USD,Completed
ORD004530,CUST04035,2025-07-23 14:34:57.000617,USD,Completed
ORD004531,CUST03736,2026-01-21 19:13:11.579060,USD,Completed
ORD004532,CUST02778,2026-03-03 15:29:43.508887,USD,Refunded
ORD004533,CUST04270,2026-06-14 16:38:50.108774,USD,Completed
ORD004534,CUST00764,2026-02-10 03:20:11.855808,USD,Cancelled
ORD004535,CUST04312,2026-03-19 07:04:19.940500,USD,Refunded
ORD004536,CUST01862,2026-05-23 00:23:51.583795,usd,Completed
ORD004537,CUST01887,2025-11-14 08:53:57.169828,USD,Completed
ORD004538,CUST04377,2026-02-27 18:42:49.385603,USD,Completed
ORD004539,CUST02440,2026-01-05 04:24:06.428476,USD,Completed
ORD004540,CUST02338,2025-08-27 01:25:29.991365,USD,Cancelled
ORD004541,CUST04816,2026-03-23 21:25:30.039783,usd,Completed
ORD004542,CUST04121,2026-03-11 07:09:13.628512,usd,Completed
ORD004543,CUST03890,2025-09-06 10:17:05.283437,USD,Completed
ORD004544,CUST02003,2025-10-07 02:54:32.846631,USD,Completed
ORD004545,CUST02789,2026-05-10 01:39:24.010804,USD,Completed
ORD004546,CUST00448,2025-07-14 16:30:55.466334,USD,Refunded
ORD004547,CUST02599,2025-07-06 00:01:06.563525,USD,Completed
ORD004548,CUST03439,2026-05-12 04:58:05.332417,usd,Completed
ORD004549,CUST03885,2025-08-04 21:14:49.046839,USD,Completed
ORD004550,CUST03647,2025-08-31 17:43:14.905035,USD,Completed
ORD004551,CUST00560,2026-05-31 00:19:53.474720,USD,Completed
ORD004552,CUST04234,2026-04-27 05:54:51.856722,usd,Completed
ORD004553,CUST03394,2025-09-15 00:48:44.675509,usd,Completed
ORD004554,CUST01842,2026-05-22 14:43:15.601755,US$,Completed
ORD004555,CUST02381,2025-10-21 05:25:23.057329,usd,Completed
ORD004556,CUST04799,2025-10-26 05:45:21.674354,USD,Refunded
ORD004557,CUST00941,2026-06-26 23:58:58.771755,usd,Completed
ORD004558,CUST03590,2026-05-27 09:40:21.629463,USD,Cancelled
ORD004559,CUST02722,2026-03-11 19:42:01.664943,$,Completed
ORD004560,CUST04080_DUP,2025-11-08 14:30:47.475163,USD,Completed
ORD004561,CUST03993,2026-03-07 04:47:16.274901,USD,Completed
ORD004562,CUST01612,2026-02-13 09:28:59.942209,USD,Completed
ORD004563,CUST03106,2026-01-03 04:21:39.262807,US$,Completed
ORD004564,CUST04610,2026-04-15 23:30:01.537746,$,Completed
ORD004565,CUST03808,2026-04-27 08:16:18.368492,USD,Completed
ORD004566,CUST04539,2025-07-26 19:13:05.988942,USD,Completed
ORD004567,CUST01108,2025-08-15 17:44:29.965637,USD,Completed
ORD004568,CUST01011,2025-10-08 06:39:01.447846,USD,Completed
ORD004569,CUST02094,2025-12-24 15:35:44.730263,USD,Completed
ORD004570,CUST03410,2026-06-17 01:49:34.042489,USD,Completed
ORD004571,CUST02620,2026-01-30 01:54:23.230245,USD,Completed
ORD004572,CUST04802,2026-01-16 23:25:37.267985,USD,Completed
ORD004573,CUST04774,2025-12-23 00:18:26.960512,usd,Completed
ORD004574,CUST04629,2026-02-13 10:35:27.229446,USD,Completed
ORD004575,CUST00115,2025-12-19 03:10:18.515480,USD,Completed
ORD004576,CUST02173,2025-10-12 20:49:59.559749,USD,Completed
ORD004577,CUST03963,2026-04-03 22:33:22.741022,$,Completed
ORD004578,CUST01430,2026-05-27 14:16:24.520168,USD,Completed
ORD004579,CUST02401,2026-02-15 05:58:15.063936,US$,Completed
ORD004580,CUST04827,2025-11-08 20:20:21.343055,$,Completed
ORD004581,CUST01053,2026-05-21 12:55:20.706329,USD,Completed
ORD004582,CUST01626,2025-08-05 01:16:47.954053,US$,Cancelled
ORD004583,CUST02829,2026-03-10 18:59:18.257209,USD,Completed
ORD004584,CUST03808,2026-01-17 22:10:34.938474,USD,Completed
ORD004585,CUST01475,2025-11-12 06:46:10.555440,USD,Completed
ORD004586,CUST02098,2026-05-29 10:01:51.855197,USD,Cancelled
ORD004587,CUST02684,2025-12-11 14:30:50.291422,USD,Completed
ORD004588,CUST03057,2026-06-05 22:11:17.613310,USD,Completed
ORD004589,CUST04078,2026-05-09 16:50:54.034681,USD,Completed
ORD004590,CUST01066,2026-04-04 20:01:37.029302,USD,Completed
ORD004591,CUST02743,2025-11-17 03:54:27.113147,USD,Completed
ORD004592,CUST00394,2025-09-04 20:06:07.854990,USD,Completed
ORD004593,CUST02454,2025-10-19 00:57:53.312666,usd,Completed
ORD004594,CUST04910,2026-02-21 16:35:32.639685,USD,Completed
ORD004595,CUST03911,2026-05-20 16:29:42.111342,USD,Cancelled
ORD004596,CUST01494,2025-07-02 20:23:14.208454,US$,Completed
ORD004597,CUST03383,2026-02-15 08:22:52.551083,USD,Completed
ORD004598,CUST04723,2025-07-20 23:01:42.523120,USD,Completed
ORD004599,CUST02165,2026-03-28 13:43:48.667859,USD ,Completed
ORD004600,CUST03378,2026-06-28 04:20:41.297703,USD,Completed
ORD004601,CUST02237,2026-03-07 09:18:02.318698,USD,Completed
ORD004602,CUST00739,2026-06-16 04:17:59.726713,USD,Completed
ORD004603,CUST01395,2025-12-31 00:15:55.755795,USD,Completed
ORD004604,CUST03196,2025-12-26 07:14:13.821312,USD,Completed
ORD004605,CUST02007,2025-10-12 12:11:21.353678,usd,Completed
ORD004606,CUST01787,2026-04-13 15:50:21.756827,USD,Completed
ORD004607,CUST03170,2026-03-03 19:45:00.702840,$,Completed
ORD004608,CUST04693,2026-05-29 19:12:48.193600,USD,Completed
ORD004609,CUST02969,2026-03-24 22:12:15.540664,USD,Completed
ORD004610,CUST03111,2026-01-15 11:29:44.152395,USD,Completed
ORD004611,CUST00087,2025-11-16 18:07:54.358210,USD,Completed
ORD004612,CUST00767,2025-09-28 12:58:46.909449,usd,Completed
ORD004613,CUST01441,2025-07-07 15:32:19.696608,USD,Completed
ORD004614,CUST04878,2025-12-30 00:06:59.209719,USD,Completed
ORD004615,CUST03163,2026-01-07 16:08:05.702444,USD,Completed
ORD004616,CUST00590,2025-11-17 05:18:50.239807,USD,Completed
ORD004617,CUST02133,2026-06-12 04:40:58.076737,USD,Completed
ORD004618,CUST04977,2026-01-30 10:28:49.093074,USD,Completed
ORD004619,CUST01938,2025-09-22 17:53:15.070173,USD,Completed
ORD004620,CUST01443,2026-02-14 17:08:40.830549,US$,Cancelled
ORD004621,CUST02735,2026-04-05 17:24:31.097533,USD,Completed
ORD004622,CUST01827,2025-10-18 15:50:19.887797,USD,Completed
ORD004623,CUST04777,2026-04-20 22:02:46.899682,USD,Completed
ORD004624,CUST02760,2025-10-24 07:28:19.535269,USD,Refunded
ORD004625,CUST01784,2026-06-18 07:18:32.931010,USD ,Completed
ORD004626,CUST03227,2026-06-29 23:30:07.170444,USD,Completed
ORD004627,CUST00968,2026-02-02 17:19:17.515321,usd,Completed
ORD004628,CUST00633,2025-09-12 04:25:40.493108,USD,Completed
ORD004629,CUST04182,2026-03-11 14:34:38.079978,USD,Completed
ORD004630,CUST00455,2025-09-13 09:07:37.379254,US$,Completed
ORD004631,CUST04108,2026-06-02 11:00:42.666713,USD,Completed
ORD004632,CUST02982,2025-07-30 18:21:54.974113,usd,Cancelled
ORD004633,CUST01601,2025-11-02 12:26:29.195820,US$,Completed
ORD004634,CUST03903,2025-11-11 05:28:53.980470,usd,Refunded
ORD004635,CUST02019,2025-08-23 20:36:29.950553,USD,Completed
ORD004636,CUST01312,2025-08-02 03:42:10.489585,USD,Completed
ORD004637,CUST01337,2026-03-23 12:04:06.419621,usd,Completed
ORD004638,CUST04758,2025-12-10 02:41:22.956517,usd,Completed
ORD004639,CUST03775,2025-08-31 09:53:46.448008,USD,Completed
ORD004640,CUST02954,2025-10-28 14:58:54.077739,USD,Completed
ORD004641,CUST00303,2026-02-14 17:01:04.420994,USD,Refunded
ORD004642,CUST04816,2025-10-24 04:52:26.579644,$,Completed
ORD004643,CUST04927,2026-06-03 22:38:08.323418,$,Completed
ORD004644,CUST04499,2025-07-10 05:15:16.876115,USD,Completed
ORD004645,CUST03918,2026-01-25 18:51:30.120739,USD,Completed
ORD004646,CUST04702,2026-06-01 18:27:40.627242,USD,Completed
ORD004647,CUST00860,2026-04-21 19:04:39.326512,USD,Completed
ORD004648,CUST04173,2025-08-21 17:51:24.155384,USD,Completed
ORD004649,CUST02145,2025-12-06 17:43:22.966431,USD,Completed
ORD004650,CUST02046,2026-05-17 14:06:44.393486,USD,Completed
ORD004651,CUST04389,2025-11-10 18:52:03.815261,USD,Completed
ORD004652,CUST03949,2026-02-19 08:16:16.259240,USD,Completed
ORD004653,CUST04977,2025-08-17 09:25:08.762330,USD ,Completed
ORD004654,CUST01416,2026-06-08 06:19:39.464477,usd,Completed
ORD004655,CUST00518,2026-02-22 13:30:05.485768,usd,Completed
ORD004656,CUST03389,2026-05-23 19:57:57.797313,usd,Completed
ORD004657,CUST02987,2026-05-27 19:30:53.530570,USD,Completed
ORD004658,CUST01271,2025-12-31 05:57:36.734780,USD,Completed
ORD004659,CUST01063,2026-05-19 03:54:57.185506,USD,Completed
ORD004660,CUST04017,2025-10-06 15:54:11.133303,USD,Completed
ORD004661,CUST03582,2026-06-19 07:04:02.746946,USD,Completed
ORD004662,CUST01240,2026-04-06 15:28:24.474433,usd,Completed
ORD004663,CUST01453,2025-09-08 10:03:29.985921,USD,Completed
ORD004664,CUST01930,2026-01-18 05:48:07.599128,USD,Completed
ORD004665,CUST03595,2026-04-11 08:02:00.227925,USD,Completed
ORD004666,CUST03069,2025-11-01 11:37:41.046377,usd,Completed
ORD004667,CUST04904,2026-02-05 05:40:32.112196,USD,Completed
ORD004668,CUST01284,2026-01-04 20:05:54.182066,USD,Completed
ORD004669,CUST04087,2025-07-21 13:53:20.810951,USD,Completed
ORD004670,CUST02949,2025-09-07 19:55:27.777881,USD,Completed
ORD004671,CUST01237,2025-09-13 12:59:23.934724,US$,Completed
ORD004672,CUST00081,2026-03-23 15:52:31.037293,$,Completed
ORD004673,CUST04511,2026-04-04 18:32:29.982433,$,Completed
ORD004674,CUST00404,2026-04-03 12:26:21.935043,USD,Completed
ORD004675,CUST04423,2026-02-21 21:15:08.023738,USD,Completed
ORD004676,CUST02544,2026-06-17 12:37:57.128735,US$,Cancelled
ORD004677,CUST00210,2026-04-22 21:29:21.112519,usd,Completed
ORD004678,CUST00911,2025-08-25 14:43:31.577230,USD,Completed
ORD004679,CUST00087,2026-03-23 05:52:44.225736,USD,Completed
ORD004680,CUST04556,2025-11-11 00:15:46.342050,US$,Completed
ORD004681,CUST03986,2026-02-11 07:15:18.763638,USD,Completed
ORD004682,CUST02130,2026-04-14 13:44:47.218465,USD,Completed
ORD004683,CUST04820,2026-02-22 03:00:06.090271,USD,Completed
ORD004684,CUST04490,2025-10-07 21:48:27.998438,$,Completed
ORD004685,CUST03147,2025-07-23 06:36:00.415605,usd,Completed
ORD004686,CUST02708,2026-04-29 19:58:15.893493,USD,Completed
ORD004687,CUST02461,2025-12-05 14:49:00.191826,US$,Completed
ORD004688,CUST04703,2025-08-11 05:55:29.497203,USD,Completed
ORD004689,CUST03929,2025-10-15 09:02:49.646280,USD,Completed
ORD004690,CUST01280,2026-04-16 08:06:49.241521,usd,Cancelled
ORD004691,CUST03526,2026-04-10 01:00:48.038643,$,Completed
ORD004692,CUST00938,2026-04-02 00:23:55.431371,USD,Completed
ORD004693,CUST00005,2026-04-20 05:57:29.409087,USD,Completed
ORD004694,CUST01694,2026-05-01 20:53:29.417596,USD,Completed
ORD004695,CUST02007,2026-06-08 12:46:58.134490,USD,Completed
ORD004696,CUST02648,2025-11-16 12:25:36.295736,$,Completed
ORD004697,CUST02374,2026-01-27 23:35:03.825253,USD,Cancelled
ORD004698,CUST00032,2025-11-02 21:31:28.353698,USD,Completed
ORD004699,CUST03414,2025-07-24 08:48:24.877779,USD,Completed
ORD004700,CUST04618,2025-10-04 22:35:00.848991,USD,Completed
ORD004701,CUST02210,2026-05-23 08:35:46.428517,USD,Completed
ORD004702,CUST03694,2025-10-09 03:19:45.710904,USD,Refunded
ORD004703,CUST03094,2026-02-28 05:57:37.691195,USD,Completed
ORD004704,CUST02598,2025-09-05 01:54:00.920076,USD,Completed
ORD004705,CUST00763,2026-02-01 11:21:15.722301,USD,Completed
ORD004706,CUST01900,2025-09-20 05:36:20.201876,USD,Completed
ORD004707,CUST03186_DUP,2026-01-15 05:14:52.286386,USD,Completed
ORD004708,CUST02868,2025-08-16 19:02:44.366322,USD,Completed
ORD004709,CUST04145,2026-03-06 18:35:58.233230,usd,Completed
ORD004710,CUST02838,2025-07-30 19:01:13.267495,$,Completed
ORD004711,CUST03709,2025-12-05 15:06:32.889053,USD,Completed
ORD004712,CUST03824_DUP,2026-02-16 12:41:40.376352,USD,Cancelled
ORD004713,CUST02163,2025-09-27 08:26:33.522230,$,Completed
ORD004714,CUST03198,2026-02-06 19:52:55.797974,USD,Completed
ORD004715,CUST04625,2025-08-14 13:13:50.713309,USD,Completed
ORD004716,CUST02056,2026-04-18 03:57:42.864554,USD,Completed
ORD004717,CUST01942,2026-04-20 20:02:06.645088,USD,Completed
ORD004718,CUST01161,2026-02-14 17:33:34.102688,USD,Completed
ORD004719,CUST03729,2025-09-15 23:32:26.838398,USD,Completed
ORD004720,CUST00596,2026-05-22 22:17:15.921705,usd,Cancelled
ORD004721,CUST00667,2025-12-07 15:29:46.069870,$,Completed
ORD004722,CUST04253,2025-12-22 18:47:10.760502,USD,Completed
ORD004723,CUST04855,2025-07-05 05:12:06.612334,US$,Completed
ORD004724,CUST01810,2026-02-21 01:05:18.013048,USD,Completed
ORD004725,CUST04872,2025-10-15 11:03:54.889812,USD,Completed
ORD004726,CUST00490,2026-01-06 12:35:10.546913,USD,Completed
ORD004727,CUST02349,2025-07-11 09:01:28.729132,USD,Completed
ORD004728,CUST01886,2025-12-28 14:42:38.181078,USD,Completed
ORD004729,CUST02330,2026-01-03 22:51:16.295971,USD,Completed
ORD004730,CUST00551,2026-04-15 06:36:44.051042,USD,Completed
ORD004731,CUST01515,2025-12-13 22:48:06.855424,USD,Completed
ORD004732,CUST03845,2026-06-12 01:00:03.066859,USD,Completed
ORD004733,CUST04998,2025-11-01 18:06:43.138995,USD,Cancelled
ORD004734,CUST00454,2025-07-29 22:03:25.853074,usd,Completed
ORD004735,CUST02755,2026-02-28 21:18:04.613923,USD,Completed
ORD004736,CUST01596,2025-11-23 09:28:51.639468,US$,Completed
ORD004737,CUST03870,2025-07-12 05:35:17.751440,USD,Cancelled
ORD004738,CUST04795,2026-06-26 06:10:46.180475,USD,Completed
ORD004739,CUST03244,2025-12-24 08:26:56.971358,USD ,Completed
ORD004740,CUST01523,2026-05-19 14:32:49.171761,usd,Completed
ORD004741,CUST03305,2026-01-27 17:31:01.775202,$,Completed
ORD004742,CUST04589,2026-01-20 17:03:44.386852,USD,Completed
ORD004743,CUST03856,2026-01-01 20:29:39.815486,USD,Completed
ORD004744,CUST01199,2025-11-01 23:10:17.255707,usd,Completed
ORD004745,CUST01560,2025-09-19 00:07:32.905047,USD,Cancelled
ORD004746,CUST02028,2026-02-01 01:08:13.931779,USD,Cancelled
ORD004747,CUST03733,2025-08-03 00:26:30.287937,USD,Completed
ORD004748,CUST04223,2025-09-11 22:21:12.247708,usd,Completed
ORD004749,CUST03153,2026-04-17 18:10:46.628953,USD,Completed
ORD004750,CUST04665,2025-07-31 23:23:01.267219,USD ,Completed
ORD004751,CUST02670,2025-07-16 20:35:33.963062,$,Refunded
ORD004752,CUST00453,2026-01-17 00:29:03.871555,USD,Completed
ORD004753,CUST02981,2025-08-22 00:44:18.718544,USD,Completed
ORD004754,CUST01151,2026-01-03 11:08:05.247504,USD,Completed
ORD004755,CUST04996,2025-11-28 05:26:05.337166,US$,Completed
ORD004756,CUST00223,2026-02-06 03:26:57.807185,USD,Completed
ORD004757,CUST03617,2026-03-12 21:18:08.488351,USD,Completed
ORD004758,CUST01209,2025-08-10 16:20:20.085149,USD,Completed
ORD004759,CUST04234,2025-08-20 14:38:36.962084,USD,Completed
ORD004760,CUST01947,2025-07-04 05:27:38.964699,USD,Completed
ORD004761,CUST00643,2026-05-03 21:00:43.857339,usd,Completed
ORD004762,CUST00992,2025-12-26 21:06:33.394365,USD,Completed
ORD004763,CUST01666,2025-11-09 14:10:01.066627,USD,Completed
ORD004764,CUST03624,2025-12-26 20:17:47.337648,USD,Completed
ORD004765,CUST02587,2026-02-12 19:18:23.321109,USD,Completed
ORD004766,CUST04836,2025-09-09 09:11:27.456065,usd,Completed
ORD004767,CUST03772,2025-08-08 03:28:27.985076,USD,Refunded
ORD004768,CUST04103,2025-08-11 02:52:26.687921,USD,Completed
ORD004769,CUST02584,2026-04-11 23:58:03.736285,usd,Completed
ORD004770,CUST00019,2026-03-03 16:19:39.823398,USD,Completed
ORD004771,CUST02775,2025-10-16 11:30:11.186724,USD,Completed
ORD004772,CUST03584,2026-04-11 17:05:24.471852,USD,Completed
ORD004773,CUST03039,2026-02-05 19:50:08.731614,USD,Completed
ORD004774,CUST00197,2026-03-09 01:04:54.620534,USD,Completed
ORD004775,CUST00373,2025-07-19 12:59:18.510837,USD,Completed
ORD004776,CUST01489,2025-12-27 17:43:34.755701,USD,Completed
ORD004777,CUST00875,2025-10-12 07:41:17.042895,USD,Completed
ORD004778,CUST04529,2026-06-14 01:58:41.942235,USD,Completed
ORD004779,CUST01501,2025-09-27 21:40:44.618788,USD,Cancelled
ORD004780,CUST02733,2026-05-11 23:31:52.565212,USD,Completed
ORD004781,CUST04561,2026-06-08 22:51:34.200835,usd,Completed
ORD004782,CUST04699,2026-06-23 13:47:46.491224,USD,Completed
ORD004783,CUST03876,2026-03-26 13:21:25.358148,USD,Completed
ORD004784,CUST03491,2025-09-28 16:25:45.163435,USD,Completed
ORD004785,CUST04336,2025-09-01 23:16:13.831847,USD,Completed
ORD004786,CUST03343,2026-02-24 07:35:36.885413,USD,Completed
ORD004787,CUST04112,2026-06-02 06:54:37.851948,USD,Completed
ORD004788,CUST04227,2025-10-25 05:29:22.303361,$,Completed
ORD004789,CUST01327,2025-09-17 23:42:19.901048,USD,Completed
ORD004790,CUST02753,2025-07-13 02:32:14.821127,USD,Completed
ORD004791,CUST03270,2026-04-24 15:24:54.166008,USD,Completed
ORD004792,CUST02867,2025-08-17 00:13:52.943120,USD,Completed
ORD004793,CUST01995,2026-05-20 18:48:40.549311,usd,Completed
ORD004794,CUST02680,2026-04-23 07:36:41.429599,USD,Completed
ORD004795,CUST02609,2026-01-24 02:24:45.595619,$,Completed
ORD004796,CUST03621,2025-09-15 06:21:56.454816,USD,Completed
ORD004797,CUST02899,2025-11-05 06:48:16.964315,$,Completed
ORD004798,CUST01466,2026-05-24 16:56:11.889763,USD,Completed
ORD004799,CUST04368,2026-04-08 12:38:59.760379,USD,Completed
ORD004800,CUST04491,2026-01-08 12:43:56.866958,USD,Completed
ORD004801,CUST02623,2025-08-07 18:08:16.039873,US$,Completed
ORD004802,CUST01240,2025-12-05 12:49:00.945499,USD,Completed
ORD004803,CUST02392,2025-10-31 21:35:13.776590,usd,Completed
ORD004804,CUST01221,2026-03-22 10:07:15.818076,USD,Completed
ORD004805,CUST02361,2026-02-04 17:27:20.787249,$,Completed
ORD004806,CUST02346,2025-09-06 07:09:57.610004,USD,Completed
ORD004807,CUST03825,2025-12-03 09:00:32.727476,usd,Cancelled
ORD004808,CUST02482,2025-07-23 07:27:45.416355,USD,Completed
ORD004809,CUST03105,2025-09-02 09:33:36.296557,USD,Completed
ORD004810,CUST03508,2025-12-23 12:02:03.320414,usd,Completed
ORD004811,CUST00705,2025-11-09 13:45:14.357676,USD,Completed
ORD004812,CUST03133,2025-10-09 15:38:49.183180,$,Completed
ORD004813,CUST02331,2026-04-21 15:30:40.404720,USD,Completed
ORD004814,CUST02919,2025-08-04 09:34:21.703368,USD,Completed
ORD004815,CUST02555,2026-06-27 13:54:24.014565,USD,Completed
ORD004816,CUST04537,2026-04-28 15:37:16.317337,USD,Completed
ORD004817,CUST03913,2025-12-05 16:09:51.098063,USD,Completed
ORD004818,CUST04676,2026-06-13 14:11:11.088228,USD,Completed
ORD004819,CUST03150,2025-12-08 00:01:44.406740,USD,Completed
ORD004820,CUST01983,2026-05-31 01:41:08.571392,USD,Completed
ORD004821,CUST04147,2026-03-26 03:30:33.671169,$,Cancelled
ORD004822,CUST01846,2026-04-12 12:25:09.784649,usd,Completed
ORD004823,CUST04608,2025-07-10 03:37:14.426517,USD,Completed
ORD004824,CUST01148,2025-09-09 16:33:32.756896,US$,Completed
ORD004825,CUST02665,2025-08-17 01:38:17.637421,usd,Cancelled
ORD004826,CUST00797,2025-07-26 17:06:28.996340,USD,Completed
ORD004827,CUST01810,2026-06-10 06:02:45.763949,USD,Completed
ORD004828,CUST02432,2026-04-11 22:27:47.949048,US$,Completed
ORD004829,CUST02136,2026-03-03 19:28:17.533812,USD,Completed
ORD004830,CUST01866_DUP,2026-06-08 10:12:39.260290,USD,Completed
ORD004831,CUST03289,2025-09-13 23:21:30.873021,usd,Completed
ORD004832,CUST00289,2026-01-06 01:47:59.941591,usd,Completed
ORD004833,CUST02129,2026-01-29 00:08:26.582526,USD,Completed
ORD004834,CUST04496,2025-07-21 11:24:45.075168,USD,Completed
ORD004835,CUST04507,2025-11-19 13:35:55.000038,US$,Completed
ORD004836,CUST03418,2026-02-15 22:36:35.426867,USD,Completed
ORD004837,CUST02591,2026-01-30 13:28:36.356269,USD,Completed
ORD004838,CUST04714,2026-01-25 17:04:21.956568,USD,Completed
ORD004839,CUST00418,2026-02-20 09:17:24.577686,USD,Completed
ORD004840,CUST03669,2025-11-20 05:30:05.119216,USD,Completed
ORD004841,CUST00114,2025-11-19 21:51:50.166172,$,Completed
ORD004842,CUST00948,2026-01-23 15:14:46.275224,US$,Refunded
ORD004843,CUST04369,2026-05-14 11:00:37.273869,$,Completed
ORD004844,CUST00146,2025-07-03 21:23:31.649958,USD,Completed
ORD004845,CUST02409,2026-01-20 08:50:50.628515,USD,Completed
ORD004846,CUST01480,2026-05-21 03:17:51.693913,USD,Completed
ORD004847,CUST00829,2026-06-03 13:22:46.205377,USD,Completed
ORD004848,CUST03350,2025-12-09 07:01:28.676645,USD,Completed
ORD004849,CUST03598,2026-05-16 23:12:26.569275,USD,Completed
ORD004850,CUST02861,2026-05-31 01:24:31.720604,USD,Completed
ORD004851,CUST03616,2026-05-07 18:12:29.119869,USD,Completed
ORD004852,CUST03234,2025-11-20 23:06:33.580708,USD,Completed
ORD004853,CUST04785,2025-07-31 03:12:35.815834,USD,Completed
ORD004854,CUST04788,2026-02-20 07:06:13.374059,$,Completed
ORD004855,CUST02981,2025-12-12 16:46:31.690096,USD,Completed
ORD004856,CUST04621,2026-04-02 04:59:35.035780,USD,Completed
ORD004857,CUST03698,2025-07-19 10:57:57.465463,USD,Cancelled
ORD004858,CUST01807,2025-12-22 07:26:03.277058,USD,Completed
ORD004859,CUST04064,2025-10-03 12:47:54.501521,USD,Completed
ORD004860,CUST02276,2026-01-30 15:15:50.799950,USD,Cancelled
ORD004861,CUST00676,2025-07-27 08:47:36.376382,USD,Cancelled
ORD004862,CUST02069,2026-05-07 04:48:58.884402,USD,Cancelled
ORD004863,CUST02728,2026-05-06 02:44:57.013692,USD,Completed
ORD004864,CUST00859,2026-04-29 05:13:52.289006,USD,Completed
ORD004865,CUST02326,2025-09-11 01:54:22.474145,$,Completed
ORD004866,CUST04098,2025-07-11 11:36:32.626170,usd,Completed
ORD004867,CUST03393,2025-08-15 06:33:42.129696,usd,Completed
ORD004868,CUST03024,2026-01-27 01:23:25.967104,USD,Completed
ORD004869,CUST04697,2026-05-10 02:20:01.694804,usd,Completed
ORD004870,CUST01796,2025-12-07 21:50:19.402020,$,Completed
ORD004871,CUST04569,2025-11-23 14:22:08.619265,USD,Completed
ORD004872,CUST03974,2025-10-14 18:03:18.249670,US$,Completed
ORD004873,CUST04940,2025-09-22 00:24:10.184921,USD,Completed
ORD004874,CUST01576,2025-10-27 21:28:19.363111,USD,Completed
ORD004875,CUST02665,2026-06-12 12:29:14.199557,usd,Completed
ORD004876,CUST01423,2026-02-21 05:32:06.221014,US$,Completed
ORD004877,CUST00020,2025-07-18 00:12:43.960721,usd,Completed
ORD004878,CUST00992,2025-08-11 08:07:02.878034,USD,Completed
ORD004879,CUST02214,2026-04-21 07:05:35.754491,USD,Completed
ORD004880,CUST01016,2025-08-27 12:22:01.901504,USD,Completed
ORD004881,CUST01270,2026-06-06 03:54:19.326608,USD,Completed
ORD004882,CUST00708,2025-11-14 08:03:52.679071,USD,Completed
ORD004883,CUST03525,2026-02-18 21:33:54.929436,usd,Completed
ORD004884,CUST01703,2026-05-07 04:42:46.066463,USD,Cancelled
ORD004885,CUST02950,2026-04-23 22:32:33.622930,USD,Completed
ORD004886,CUST04716,2025-12-01 08:12:20.809284,USD,Completed
ORD004887,CUST01086,2026-04-14 11:11:29.555584,US$,Completed
ORD004888,CUST01159,2025-07-29 16:00:50.935311,US$,Completed
ORD004889,CUST03013,2026-05-20 14:49:58.798023,USD,Completed
ORD004890,CUST00506,2025-08-08 21:18:44.989799,USD,Completed
ORD004891,CUST04306,2026-03-09 00:23:58.925750,$,Completed
ORD004892,CUST03594,2025-11-09 11:33:14.020583,USD,Completed
ORD004893,CUST03206,2025-10-12 10:20:51.458073,USD,Completed
ORD004894,CUST01511,2026-02-18 05:33:58.787748,USD,Completed
ORD004895,CUST04338,2026-02-11 21:09:55.045690,$,Completed
ORD004896,CUST02034,2026-01-25 17:24:23.628724,USD,Completed
ORD004897,CUST03698,2026-03-12 19:18:02.940869,USD,Completed
ORD004898,CUST03355,2025-07-19 18:18:47.976301,USD,Completed
ORD004899,CUST03519,2025-11-04 10:33:02.030401,USD,Completed
ORD004900,CUST01217_DUP,2025-10-19 01:35:46.262839,USD,Completed
ORD004901,CUST04168,2025-10-20 21:48:07.722476,US$,Completed
ORD004902,CUST02400,2025-08-01 17:57:25.992615,usd,Completed
ORD004903,CUST03657,2026-01-07 20:07:11.174238,USD,Completed
ORD004904,CUST02411,2026-06-22 08:09:07.667478,USD,Completed
ORD004905,CUST04712,2026-06-14 21:35:24.490916,USD,Completed
ORD004906,CUST01589,2025-07-20 20:26:45.970307,usd,Completed
ORD004907,CUST04006,2026-06-16 23:41:47.359125,USD,Cancelled
ORD004908,CUST01287,2025-11-18 18:10:19.356988,USD ,Completed
ORD004909,CUST03304,2025-08-23 02:05:58.684005,USD,Completed
ORD004910,CUST04945,2026-06-25 01:27:03.516218,$,Completed
ORD004911,CUST02707,2026-03-31 13:28:58.440740,USD,Completed
ORD004912,CUST03598,2025-09-18 22:48:06.549087,USD,Completed
ORD004913,CUST01530,2025-11-15 02:25:16.462390,USD,Completed
ORD004914,CUST01012,2025-12-02 04:16:43.560299,$,Completed
ORD004915,CUST01691,2025-09-27 12:16:05.971731,US$,Completed
ORD004916,CUST04890,2026-01-23 04:25:00.271079,USD,Completed
ORD004917,CUST00338,2026-02-20 02:42:44.264504,$,Completed
ORD004918,CUST04375,2025-07-02 00:48:26.472050,USD,Completed
ORD004919,CUST02613,2025-12-10 18:01:38.716486,usd,Completed
ORD004920,CUST00786,2026-06-15 00:26:42.876834,USD,Completed
ORD004921,CUST03300,2025-08-22 14:07:28.764256,USD,Completed
ORD004922,CUST01291,2025-10-26 03:32:19.102098,USD,Completed
ORD004923,CUST00478,2025-08-30 09:15:27.000403,US$,Completed
ORD004924,CUST01820,2025-10-17 06:45:40.076482,USD,Completed
ORD004925,CUST00349_DUP,2026-03-10 14:50:34.301677,USD,Completed
ORD004926,CUST01589,2026-05-10 03:36:31.834734,USD,Completed
ORD004927,CUST01975,2026-03-16 07:07:27.268632,USD,Completed
ORD004928,CUST00773,2025-08-18 07:29:37.644033,USD,Completed
ORD004929,CUST00710,2026-05-06 14:41:16.967701,US$,Completed
ORD004930,CUST00692,2025-07-30 21:31:37.017481,USD,Completed
ORD004931,CUST03493,2026-03-03 13:40:31.572984,USD,Completed
ORD004932,CUST01503,2025-12-31 09:51:13.258407,USD,Completed
ORD004933,CUST00489,2026-06-28 08:38:09.985169,USD,Completed
ORD004934,CUST01157,2025-07-15 13:45:09.812059,USD,Refunded
ORD004935,CUST01431,2026-05-12 04:15:02.529567,US$,Completed
ORD004936,CUST04051,2026-03-19 19:59:33.451457,USD,Completed
ORD004937,CUST01185,2025-08-22 06:35:39.064470,$,Cancelled
ORD004938,CUST00859,2025-10-30 09:28:29.820517,USD,Completed
ORD004939,CUST01200,2025-07-03 17:24:04.151767,US$,Cancelled
ORD004940,CUST00814,2025-12-25 14:38:18.380026,$,Completed
ORD004941,CUST02764,2026-01-15 11:26:53.727784,USD,Completed
ORD004942,CUST00533,2026-02-10 15:54:52.076497,USD,Completed
ORD004943,CUST00634,2025-10-26 18:16:09.356067,USD,Completed
ORD004944,CUST04704_DUP,2026-02-21 11:53:57.386652,US$,Completed
ORD004945,CUST00145,2025-08-13 00:36:32.731860,USD,Completed
ORD004946,CUST04289,2026-01-16 08:30:29.203810,USD,Completed
ORD004947,CUST01186_DUP,2025-07-03 03:21:57.715192,USD,Completed
ORD004948,CUST03463,2026-03-02 08:09:36.756204,USD,Completed
ORD004949,CUST03066,2025-10-29 19:51:21.085360,USD,Completed
ORD004950,CUST03431,2026-06-27 23:15:00.202991,USD,Completed
ORD004951,CUST04565,2026-04-03 03:19:58.643414,$,Completed
ORD004952,CUST01344,2025-11-12 20:21:40.968295,USD,Completed
ORD004953,CUST01852,2026-03-11 02:53:39.469247,USD,Completed
ORD004954,CUST04305,2026-03-20 03:57:28.236595,USD,Completed
ORD004955,CUST02299,2026-01-24 19:22:34.858759,usd,Completed
ORD004956,CUST01598,2026-04-23 02:34:12.613686,USD,Completed
ORD004957,CUST01271,2025-09-13 05:12:33.730883,USD,Completed
ORD004958,CUST03205,2026-03-31 15:00:01.041189,USD,Completed
ORD004959,CUST03952,2025-10-12 11:44:49.216605,USD,Completed
ORD004960,CUST02331,2025-07-06 08:54:07.924252,USD,Completed
ORD004961,CUST02674,2025-08-11 02:16:27.811064,US$,Completed
ORD004962,CUST04288,2026-02-15 01:18:30.334004,usd,Completed
ORD004963,CUST01442_DUP,2025-12-31 19:20:00.741414,USD,Completed
ORD004964,CUST03784,2025-08-16 10:24:10.103084,USD,Completed
ORD004965,CUST02705,2026-01-08 20:02:21.277434,$,Completed
ORD004966,CUST01698,2025-10-22 23:25:41.518053,USD,Completed
ORD004967,CUST01431,2025-11-08 12:19:59.144219,$,Completed
ORD004968,CUST00305,2026-03-15 05:49:50.608345,USD,Completed
ORD004969,CUST02039,2026-05-04 02:06:00.090101,USD,Cancelled
ORD004970,CUST02423,2025-08-31 01:47:46.285442,USD,Cancelled
ORD004971,CUST02390,2026-01-19 18:42:37.738061,USD,Completed
ORD004972,CUST04400,2025-07-15 04:56:54.633725,USD,Completed
ORD004973,CUST04917,2025-12-12 05:52:29.781238,USD,Completed
ORD004974,CUST00471,2026-04-27 15:11:05.991983,USD,Completed
ORD004975,CUST04703,2026-02-07 16:24:29.616466,USD,Refunded
ORD004976,CUST03511,2026-02-18 23:44:44.109742,USD,Completed
ORD004977,CUST04905,2025-12-01 05:30:46.168909,US$,Completed
ORD004978,CUST02871,2025-11-03 03:19:55.003990,USD,Completed
ORD004979,CUST02995,2026-06-26 16:40:11.646732,USD,Completed
ORD004980,CUST02755,2026-01-02 16:06:14.852212,USD,Completed
ORD004981,CUST02957,2025-11-09 08:42:31.965633,USD,Completed
ORD004982,CUST04095,2026-02-20 12:28:21.041929,usd,Refunded
ORD004983,CUST04134_DUP,2026-04-28 16:10:34.310229,USD,Completed
ORD004984,CUST00947,2026-06-15 03:10:56.430233,USD,Completed
ORD004985,CUST00638,2025-08-23 13:33:04.065615,usd,Completed
ORD004986,CUST04814,2025-10-27 14:51:30.542677,usd,Completed
ORD004987,CUST01581,2026-01-05 12:45:14.556251,USD,Completed
ORD004988,CUST03071,2026-03-12 00:35:16.163374,USD,Completed
ORD004989,CUST02168,2026-06-10 01:22:39.729900,USD,Completed
ORD004990,CUST02560,2026-03-29 15:45:28.911022,USD,Completed
ORD004991,CUST03284_DUP,2026-06-03 08:54:09.510903,USD,Refunded
ORD004992,CUST01711,2025-11-26 17:17:21.754418,USD,Completed
ORD004993,CUST03562,2025-07-31 16:04:11.446480,USD,Completed
ORD004994,CUST03140,2026-01-10 23:35:36.608769,USD,Completed
ORD004995,CUST00633,2026-01-18 22:55:08.589416,USD ,Completed
ORD004996,CUST01069,2025-07-19 19:20:32.266312,usd,Completed
ORD004997,CUST01858,2026-02-24 10:41:45.570254,USD,Completed
ORD004998,CUST02399,2026-03-08 03:18:10.915746,USD,Completed
ORD004999,CUST01280,2025-08-26 12:07:52.861076,USD,Completed
ORD005000,CUST03895,2026-06-01 01:07:54.084748,USD,Completed
ORD005001,CUST04933,2026-05-08 19:02:01.304315,usd,Completed
ORD005002,CUST03811,2026-05-01 21:46:17.638805,$,Completed
ORD005003,CUST02740,2025-11-13 14:37:25.096259,usd,Completed
ORD005004,CUST04692,2025-10-27 05:44:52.029490,USD,Completed
ORD005005,CUST04899,2025-08-04 07:38:37.615672,US$,Completed
ORD005006,CUST02726,2025-08-20 01:21:56.631244,USD,Completed
ORD005007,CUST01907,2026-05-10 04:53:55.284786,USD,Completed
ORD005008,CUST03418,2025-08-08 01:22:21.298911,USD ,Completed
ORD005009,CUST03024,2025-10-28 16:59:56.248261,USD,Completed
ORD005010,CUST01955,2025-11-25 11:52:48.021149,USD,Completed
ORD005011,CUST01965,2025-09-08 20:15:56.853495,USD,Completed
ORD005012,CUST01522,2026-03-02 10:10:51.264158,US$,Refunded
ORD005013,CUST03084,2026-02-25 22:24:22.257394,USD,Completed
ORD005014,CUST03252,2026-02-28 07:23:01.878131,USD,Completed
ORD005015,CUST00178,2025-10-06 16:22:23.853971,USD,Completed
ORD005016,CUST01584,2026-03-06 05:59:25.433514,USD,Completed
ORD005017,CUST03636,2025-12-30 20:12:08.912366,USD,Completed
ORD005018,CUST04752,2026-05-20 20:14:41.303199,USD,Completed
ORD005019,CUST04083,2026-05-27 15:52:41.023275,USD,Completed
ORD005020,CUST04064,2025-12-24 13:23:39.321826,US$,Completed
ORD005021,CUST03284_DUP,2026-05-21 04:14:32.911308,US$,Completed
ORD005022,CUST02850,2025-10-27 09:23:21.098584,USD,Refunded
ORD005023,CUST02588,2025-12-07 02:11:24.012312,USD,Cancelled
ORD005024,CUST04282,2025-11-16 14:15:03.781322,USD,Cancelled
ORD005025,CUST04294,2025-08-12 15:32:55.791226,USD,Completed
ORD005026,CUST03286,2025-09-02 15:40:01.540781,US$,Completed
ORD005027,CUST02043,2025-08-28 22:53:09.967236,USD,Refunded
ORD005028,CUST02599,2026-06-24 03:13:17.960047,US$,Completed
ORD005029,CUST00547,2025-08-22 21:34:33.839914,USD,Completed
ORD005030,CUST00951,2025-08-08 14:48:29.677638,USD,Completed
ORD005031,CUST04103,2025-11-18 00:37:28.917568,USD,Completed
ORD005032,CUST02502,2026-02-01 21:47:55.187996,$,Completed
ORD005033,CUST00610,2025-12-23 11:10:39.757768,$,Cancelled
ORD005034,CUST03635,2026-04-19 03:32:34.157869,USD,Completed
ORD005035,CUST02161,2025-10-24 03:12:15.277884,USD,Cancelled
ORD005036,CUST00005,2026-04-25 03:40:31.406443,USD,Completed
ORD005037,CUST02632,2026-02-14 06:57:57.744908,USD,Cancelled
ORD005038,CUST00439,2025-09-29 04:14:02.332961,USD,Completed
ORD005039,CUST00041,2025-08-05 01:21:56.294129,USD,Completed
ORD005040,CUST01002,2025-07-21 11:26:42.694442,USD,Completed
ORD005041,CUST04039,2026-04-30 09:59:15.230406,USD,Cancelled
ORD005042,CUST03781,2025-08-30 08:45:12.431280,USD,Completed
ORD005043,CUST00302,2025-10-06 12:35:29.428001,USD,Completed
ORD005044,CUST03703,2026-01-12 07:06:56.162450,USD,Completed
ORD005045,CUST00742,2025-09-29 03:19:55.861907,USD,Completed
ORD005046,CUST00720,2025-09-06 17:13:35.186104,USD,Completed
ORD005047,CUST02003,2025-11-19 20:48:26.284222,$,Completed
ORD005048,CUST03119,2026-02-18 06:20:54.942760,USD,Completed
ORD005049,CUST02127,2025-08-03 04:22:05.288216,USD,Completed
ORD005050,CUST00523,2026-06-11 08:36:45.991080,USD,Completed
ORD005051,CUST02599,2026-01-15 11:48:35.694257,USD,Completed
ORD005052,CUST03268,2025-12-05 09:20:17.308220,usd,Completed
ORD005053,CUST03586,2026-02-08 23:52:06.120911,USD,Cancelled
ORD005054,CUST02384,2026-02-16 21:47:06.871063,USD,Completed
ORD005055,CUST02296,2025-12-17 23:33:54.524010,USD,Completed
ORD005056,CUST01414,2026-05-23 02:50:31.859155,USD,Completed
ORD005057,CUST00572,2025-12-04 21:06:17.186996,US$,Completed
ORD005058,CUST03876,2025-07-02 19:35:48.755888,USD,Completed
ORD005059,CUST03243,2026-03-22 20:09:43.883307,$,Completed
ORD005060,CUST04327,2025-07-18 07:18:22.194206,USD,Completed
ORD005061,CUST00512,2026-02-04 20:15:16.762211,USD,Cancelled
ORD005062,CUST02408,2026-05-01 02:27:10.769392,USD,Completed
ORD005063,CUST00650,2025-11-24 23:45:11.040509,USD,Completed
ORD005064,CUST03280,2026-06-26 14:37:31.211314,USD,Completed
ORD005065,CUST04896,2026-03-17 05:24:12.691194,US$,Completed
ORD005066,CUST02769,2025-09-21 04:19:48.050823,USD,Completed
ORD005067,CUST03462,2025-09-12 07:39:06.027721,USD,Completed
ORD005068,CUST04058,2026-03-23 01:18:29.649776,USD,Completed
ORD005069,CUST01543,2026-04-22 15:08:48.761460,usd,Completed
ORD005070,CUST03549,2025-11-17 09:37:32.574744,usd,Completed
ORD005071,CUST02577,2026-06-21 09:15:25.805781,USD,Completed
ORD005072,CUST02651,2025-09-03 07:09:34.411955,USD,Completed
ORD005073,CUST00788,2025-09-08 01:00:10.927478,USD,Completed
ORD005074,CUST00854,2025-11-01 11:48:03.526343,$,Completed
ORD005075,CUST02381,2026-06-16 10:41:33.890576,USD,Completed
ORD005076,CUST01984,2025-10-04 21:36:42.730885,USD,Completed
ORD005077,CUST00098,2026-06-11 07:07:43.315244,$,Completed
ORD005078,CUST00373,2026-03-03 08:28:07.236228,USD,Completed
ORD005079,CUST04724,2026-02-26 01:41:03.524757,US$,Completed
ORD005080,CUST03710,2026-06-07 20:18:44.509692,usd,Completed
ORD005081,CUST04567,2025-11-14 04:08:11.725312,US$,Completed
ORD005082,CUST00113,2025-12-18 17:02:33.923909,USD,Completed
ORD005083,CUST02644,2025-07-05 09:17:40.951334,USD,Refunded
ORD005084,CUST02323,2025-07-26 03:16:41.215688,USD,Completed
ORD005085,CUST01970,2026-02-17 08:41:14.121252,USD,Completed
ORD005086,CUST03041,2025-08-28 08:05:49.241492,USD ,Completed
ORD005087,CUST04987,2026-06-14 02:02:09.012921,USD,Completed
ORD005088,CUST04940,2025-08-03 01:19:12.084430,USD,Completed
ORD005089,CUST03495,2026-03-08 14:05:37.233735,USD,Completed
ORD005090,CUST02973,2025-07-19 06:22:51.894836,US$,Completed
ORD005091,CUST03963,2025-11-01 08:53:03.618606,usd,Completed
ORD005092,CUST02082,2026-02-27 19:45:10.241975,USD ,Completed
ORD005093,CUST01756,2026-06-21 18:11:15.225315,USD,Completed
ORD005094,CUST00947,2026-04-20 21:54:21.638103,USD,Completed
ORD005095,CUST04564,2025-11-09 02:44:33.032923,USD,Completed
ORD005096,CUST00147,2026-02-04 08:06:39.531480,usd,Completed
ORD005097,CUST04626,2025-11-09 13:52:22.897181,USD,Completed
ORD005098,CUST02903,2025-09-19 22:39:30.574707,USD,Completed
ORD005099,CUST04674,2025-12-22 10:59:59.487400,USD,Completed
ORD005100,CUST02187,2025-08-21 03:00:38.895437,USD,Completed
ORD005101,CUST03263,2025-07-30 10:55:52.633220,USD,Completed
ORD005102,CUST01684,2026-05-01 05:57:42.464684,usd,Completed
ORD005103,CUST01409,2026-01-11 07:24:27.746270,USD,Completed
ORD005104,CUST00778,2026-06-21 08:39:35.032877,USD,Completed
ORD005105,CUST02207,2025-09-16 22:05:09.618930,USD,Completed
ORD005106,CUST03124,2026-02-08 12:42:14.981137,USD,Completed
ORD005107,CUST00933_DUP,2025-11-04 17:33:06.019903,USD,Refunded
ORD005108,CUST00442,2025-12-06 01:21:23.199874,USD,Completed
ORD005109,CUST00730,2025-08-25 15:45:38.290691,usd,Completed
ORD005110,CUST00965,2025-09-08 22:33:50.005042,USD,Completed
ORD005111,CUST04938,2025-11-01 10:12:04.571849,USD,Completed
ORD005112,CUST01313,2025-09-10 22:43:23.748644,USD,Cancelled
ORD005113,CUST01519,2025-08-16 23:53:00.181263,USD,Completed
ORD005114,CUST01123,2025-12-10 21:35:07.895875,USD,Completed
ORD005115,CUST01755,2025-09-20 04:28:48.583625,USD,Completed
ORD005116,CUST03514,2025-10-07 21:31:59.323734,USD,Completed
ORD005117,CUST03773,2026-05-23 09:29:01.434838,USD,Cancelled
ORD005118,CUST02140,2025-10-23 04:22:45.998385,USD,Completed
ORD005119,CUST01430,2025-09-29 17:59:55.798437,USD,Completed
ORD005120,CUST01546,2026-04-18 03:40:15.800063,USD,Completed
ORD005121,CUST04030,2026-05-29 08:41:15.178549,USD,Completed
ORD005122,CUST02084,2025-07-04 00:11:23.202340,USD,Completed
ORD005123,CUST02536,2026-02-27 03:11:29.742838,usd,Completed
ORD005124,CUST02070,2025-12-01 05:26:55.673157,USD,Completed
ORD005125,CUST01954,2026-02-06 19:43:48.119482,US$,Completed
ORD005126,CUST03028,2025-12-06 06:35:40.027673,USD,Completed
ORD005127,CUST04199_DUP,2025-11-24 06:31:08.829005,usd,Completed
ORD005128,CUST02805,2025-07-08 19:23:01.165333,USD,Completed
ORD005129,CUST02698,2026-01-23 00:54:33.750789,USD ,Completed
ORD005130,CUST02704,2025-09-24 21:19:08.436655,USD,Completed
ORD005131,CUST00018,2025-12-23 18:02:21.021372,US$,Completed
ORD005132,CUST02941,2026-06-12 11:54:44.419039,USD,Completed
ORD005133,CUST04485,2025-07-17 07:14:21.925900,USD,Completed
ORD005134,CUST04972,2025-08-06 00:13:16.123133,USD,Completed
ORD005135,CUST01493,2025-09-10 12:19:58.999598,USD,Completed
ORD005136,CUST02853,2026-01-14 23:30:48.155540,USD,Completed
ORD005137,CUST00816,2025-07-26 15:08:13.628164,USD,Completed
ORD005138,CUST00586,2025-12-25 23:46:03.771108,USD,Completed
ORD005139,CUST01961,2026-03-02 09:37:05.045889,USD,Completed
ORD005140,CUST00604,2025-08-25 09:07:24.043334,USD,Completed
ORD005141,CUST00876,2026-04-20 15:38:58.306390,USD,Completed
ORD005142,CUST03056,2025-08-01 19:21:55.943142,$,Completed
ORD005143,CUST01460,2026-02-15 07:08:22.244115,US$,Completed
ORD005144,CUST04725,2026-06-02 09:29:18.255906,USD,Completed
ORD005145,CUST02363,2025-09-07 14:46:14.992263,usd,Completed
ORD005146,CUST01397,2026-06-28 04:09:59.903571,USD,Completed
ORD005147,CUST01034,2026-01-04 15:29:16.803875,USD,Completed
ORD005148,CUST00274,2025-09-19 04:13:40.422425,USD,Completed
ORD005149,CUST04291,2025-07-30 23:56:57.093179,usd,Cancelled
ORD005150,CUST03888,2026-06-12 00:51:10.359856,USD,Completed
ORD005151,CUST04715,2026-05-14 10:08:30.745177,USD,Completed
ORD005152,CUST00859,2026-02-08 10:58:49.637994,USD,Completed
ORD005153,CUST04316,2025-12-16 04:18:27.759984,$,Completed
ORD005154,CUST03602,2025-12-20 17:18:20.264359,$,Completed
ORD005155,CUST01773_DUP,2026-06-16 18:10:02.807906,USD,Completed
ORD005156,CUST00915,2026-04-19 02:09:36.841698,USD,Cancelled
ORD005157,CUST04538,2026-04-16 16:52:53.690997,USD,Completed
ORD005158,CUST00444,2026-02-03 14:56:32.833879,USD,Completed
ORD005159,CUST04883,2025-11-13 12:47:05.042292,USD,Completed
ORD005160,CUST00875,2026-03-13 06:16:28.503436,USD,Completed
ORD005161,CUST03680,2025-10-14 02:44:44.139412,US$,Completed
ORD005162,CUST04904,2025-12-02 03:33:49.664743,USD,Completed
ORD005163,CUST02019,2026-01-25 21:07:48.780141,USD,Completed
ORD005164,CUST02280,2026-02-17 08:14:01.250516,USD ,Completed
ORD005165,CUST01895,2025-12-26 03:48:05.514686,USD,Completed
ORD005166,CUST01712,2026-05-21 02:23:01.408923,USD,Completed
ORD005167,CUST04710,2025-09-28 19:28:58.514822,USD,Completed
ORD005168,CUST03001,2025-07-16 14:40:26.820580,USD,Completed
ORD005169,CUST04000,2025-12-14 02:14:30.407935,US$,Completed
ORD005170,CUST02629,2026-04-11 14:26:25.016597,$,Cancelled
ORD005171,CUST02638,2026-05-31 00:39:17.630133,USD,Completed
ORD005172,CUST01067,2025-12-01 05:13:06.133579,US$,Cancelled
ORD005173,CUST04521,2025-07-03 11:01:58.770363,usd,Completed
ORD005174,CUST04188,2025-12-31 16:46:36.994631,USD,Completed
ORD005175,CUST01468,2025-09-26 22:38:46.973178,USD,Completed
ORD005176,CUST04240,2026-01-25 08:23:17.436157,USD ,Completed
ORD005177,CUST01117,2026-02-18 10:50:14.356100,usd,Completed
ORD005178,CUST04032,2026-04-15 16:00:56.250279,USD,Refunded
ORD005179,CUST01360,2026-02-13 18:18:33.097298,$,Completed
ORD005180,CUST02901,2026-02-24 21:35:32.082713,USD,Completed
ORD005181,CUST03041,2025-11-19 07:55:17.094770,USD,Completed
ORD005182,CUST02631,2025-10-09 16:33:53.118065,US$,Completed
ORD005183,CUST01924,2026-03-12 12:52:23.598028,USD,Completed
ORD005184,CUST00133,2025-09-16 17:32:16.790450,USD,Completed
ORD005185,CUST04043,2025-09-06 18:05:32.780965,USD,Cancelled
ORD005186,CUST03290,2025-07-12 10:26:33.043706,USD,Cancelled
ORD005187,CUST00743,2026-01-01 21:53:34.666788,USD,Completed
ORD005188,CUST00566,2025-09-01 23:50:48.313259,usd,Completed
ORD005189,CUST00855,2025-10-25 03:57:46.715164,USD ,Completed
ORD005190,CUST02761,2026-01-01 15:51:24.461945,usd,Completed
ORD005191,CUST02007,2025-12-20 13:11:34.045786,USD,Completed
ORD005192,CUST01560,2026-05-06 15:23:24.280017,USD,Completed
ORD005193,CUST03995,2026-02-20 08:37:36.827056,USD,Completed
ORD005194,CUST03822,2026-05-23 11:02:33.867042,USD,Cancelled
ORD005195,CUST03979,2026-03-03 06:08:14.684882,USD,Completed
ORD005196,CUST00226,2026-04-17 00:06:04.775867,USD,Completed
ORD005197,CUST04758,2025-11-03 00:19:23.254144,USD,Completed
ORD005198,CUST00120,2025-12-25 23:02:17.516400,USD,Cancelled
ORD005199,CUST04239,2026-05-20 04:57:47.041822,USD,Completed
ORD005200,CUST00791,2026-04-27 15:15:24.400288,USD,Completed
ORD005201,CUST03677,2026-02-18 10:27:16.355984,$,Completed
ORD005202,CUST02446,2025-08-20 20:36:23.378542,USD,Completed
ORD005203,CUST03918,2025-11-20 03:47:56.827226,USD,Completed
ORD005204,CUST02632,2025-07-14 02:41:59.593669,USD,Completed
ORD005205,CUST02691,2025-11-30 09:09:30.468568,US$,Completed
ORD005206,CUST04964,2025-08-04 14:01:05.615426,USD,Completed
ORD005207,CUST01793,2026-03-24 11:47:38.223981,USD,Cancelled
ORD005208,CUST03614,2025-09-30 02:53:53.541000,USD,Completed
ORD005209,CUST00199,2026-01-17 08:41:26.587348,US$,Refunded
ORD005210,CUST00281,2025-10-08 03:14:58.527476,USD,Completed
ORD005211,CUST04959,2025-10-16 21:20:32.796366,USD,Completed
ORD005212,CUST02629,2026-03-28 14:37:10.330129,USD,Refunded
ORD005213,CUST00809,2026-01-03 02:56:47.822528,USD,Completed
ORD005214,CUST03395,2025-09-21 10:29:24.354593,USD,Completed
ORD005215,CUST02155,2025-09-11 23:22:49.592492,USD,Completed
ORD005216,CUST03660,2026-03-11 13:24:00.167415,USD ,Completed
ORD005217,CUST04413,2026-04-11 16:14:25.346087,usd,Completed
ORD005218,CUST03664,2025-08-30 01:01:30.795908,USD,Refunded
ORD005219,CUST00276,2026-06-08 21:09:08.111572,$,Completed
ORD005220,CUST02962,2026-04-28 02:22:31.490375,$,Refunded
ORD005221,CUST03031,2025-09-11 07:28:11.631612,$,Completed
ORD005222,CUST03440,2025-09-11 22:45:10.569081,USD,Refunded
ORD005223,CUST00079,2025-12-08 07:26:03.525844,USD,Completed
ORD005224,CUST00959,2026-06-13 16:46:29.684920,usd,Completed
ORD005225,CUST02589,2025-12-17 18:11:01.390699,USD,Completed
ORD005226,CUST01989,2025-11-12 09:49:50.951606,USD,Refunded
ORD005227,CUST00587,2025-10-21 19:32:49.855800,USD,Completed
ORD005228,CUST00643,2025-10-07 19:04:49.158556,USD,Completed
ORD005229,CUST04415,2025-10-10 01:38:35.019535,USD,Completed
ORD005230,CUST00157,2025-11-16 02:16:25.719232,USD,Completed
ORD005231,CUST02227,2025-07-05 04:39:54.741493,$,Completed
ORD005232,CUST04253,2025-09-09 06:19:25.239150,USD,Refunded
ORD005233,CUST00112,2025-07-06 10:32:31.102072,USD,Completed
ORD005234,CUST00185,2026-04-27 15:04:23.868026,USD,Completed
ORD005235,CUST02940,2025-11-07 03:03:59.369533,USD,Completed
ORD005236,CUST04329,2025-10-20 19:56:33.387092,usd,Completed
ORD005237,CUST04387,2025-07-30 11:21:26.692971,US$,Completed
ORD005238,CUST02960,2025-08-11 16:04:15.697176,USD,Completed
ORD005239,CUST04519,2025-10-21 07:18:36.588084,USD,Completed
ORD005240,CUST02311,2025-08-22 21:15:09.998452,USD,Completed
ORD005241,CUST03634,2026-05-24 20:08:23.081875,USD,Completed
ORD005242,CUST01577,2025-10-30 06:22:40.353781,USD,Completed
ORD005243,CUST04936,2026-02-18 09:32:02.047813,USD,Completed
ORD005244,CUST04155,2026-02-14 17:21:26.985211,USD,Completed
ORD005245,CUST00875,2025-11-21 06:55:44.951009,usd,Completed
ORD005246,CUST01450,2025-07-25 11:58:32.018599,USD,Completed
ORD005247,CUST04562,2026-02-25 14:22:10.842200,USD,Completed
ORD005248,CUST02703,2025-07-05 16:28:05.166185,USD,Completed
ORD005249,CUST00892,2026-04-18 09:27:09.173545,USD,Completed
ORD005250,CUST00579,2026-02-13 15:18:23.839663,usd,Completed
ORD005251,CUST03546,2026-05-22 11:14:01.172250,USD,Completed
ORD005252,CUST03967,2025-07-19 00:43:30.264050,US$,Refunded
ORD005253,CUST03173,2025-09-23 03:47:41.321505,US$,Completed
ORD005254,CUST00832,2025-12-28 10:27:46.927745,USD,Completed
ORD005255,CUST01874,2026-02-01 14:22:05.177900,usd,Completed
ORD005256,CUST02028,2025-08-10 17:31:55.663052,USD,Completed
ORD005257,CUST03866,2025-09-19 18:38:50.308117,USD,Completed
ORD005258,CUST03079,2026-03-03 23:17:49.227171,USD,Completed
ORD005259,CUST02397,2025-12-10 18:48:54.243555,USD,Completed
ORD005260,CUST02318,2025-08-08 07:29:04.662403,USD,Cancelled
ORD005261,CUST04138,2025-07-11 10:09:09.541064,USD,Completed
ORD005262,CUST02059,2026-02-17 05:55:40.752055,USD,Completed
ORD005263,CUST04443,2025-09-10 09:46:01.851816,USD,Completed
ORD005264,CUST00552,2025-11-22 15:45:10.464036,US$,Completed
ORD005265,CUST01984,2025-12-12 18:00:17.946423,US$,Completed
ORD005266,CUST02228,2026-04-09 07:09:21.405947,$,Completed
ORD005267,CUST02286,2026-05-22 22:48:57.652925,usd,Cancelled
ORD005268,CUST04880,2026-04-03 19:15:24.479649,US$,Completed
ORD005269,CUST04738,2026-02-07 23:51:42.105120,USD,Completed
ORD005270,CUST04708,2025-11-21 18:38:39.398890,USD,Completed
ORD005271,CUST02453,2025-07-13 07:23:50.971892,$,Cancelled
ORD005272,CUST04713,2026-06-20 17:10:16.334111,USD ,Completed
ORD005273,CUST00041,2025-07-03 21:19:53.181899,USD,Completed
ORD005274,CUST02784,2026-01-24 20:28:12.098701,US$,Completed
ORD005275,CUST02090,2026-03-25 19:20:27.447758,US$,Completed
ORD005276,CUST04752,2025-11-20 01:18:55.639352,USD,Completed
ORD005277,CUST04591,2026-04-19 09:55:06.576674,usd,Completed
ORD005278,CUST04050,2026-01-26 06:53:34.191664,USD,Completed
ORD005279,CUST03905,2025-08-01 05:56:08.051154,usd,Completed
ORD005280,CUST03911,2025-09-12 07:42:39.652644,USD,Completed
ORD005281,CUST04688,2026-06-17 06:54:22.369634,USD,Completed
ORD005282,CUST04352,2025-11-24 10:38:47.543469,USD,Completed
ORD005283,CUST01213,2026-06-11 02:43:20.436545,USD,Completed
ORD005284,CUST04408,2026-06-24 16:47:27.544627,USD,Completed
ORD005285,CUST04410,2026-03-12 01:22:06.512748,USD,Completed
ORD005286,CUST03566,2025-11-09 11:37:00.202563,US$,Completed
ORD005287,CUST03280,2026-03-26 02:23:20.641246,usd,Completed
ORD005288,CUST00669,2026-04-04 21:53:34.137035,USD,Completed
ORD005289,CUST02989,2026-05-19 03:44:33.671915,USD,Completed
ORD005290,CUST01034,2026-04-23 06:56:59.746707,USD,Completed
ORD005291,CUST01180_DUP,2026-04-26 03:46:32.097792,USD,Completed
ORD005292,CUST04747,2025-12-09 05:43:53.511061,USD,Cancelled
ORD005293,CUST00127,2025-10-19 21:21:40.164605,USD,Completed
ORD005294,CUST03666,2026-04-16 07:48:58.969928,USD,Completed
ORD005295,CUST03071,2026-06-08 09:18:01.678228,US$,Completed
ORD005296,CUST01742,2025-08-14 07:31:35.799772,usd,Completed
ORD005297,CUST03406,2026-02-16 00:04:37.358984,USD,Completed
ORD005298,CUST02274,2025-11-15 03:32:02.741954,usd,Completed
ORD005299,CUST03943,2025-07-16 07:51:06.536481,$,Refunded
ORD005300,CUST02226,2025-12-07 07:52:24.389047,USD,Completed
ORD005301,CUST03835,2026-06-20 22:02:23.681500,$,Completed
ORD005302,CUST02992,2025-08-30 04:37:38.219866,USD ,Completed
ORD005303,CUST00701,2025-07-30 01:33:04.898041,USD,Refunded
ORD005304,CUST02098,2025-11-26 11:50:17.285706,USD,Completed
ORD005305,CUST04410,2025-09-09 08:43:52.101618,USD,Completed
ORD005306,CUST01083,2026-06-05 13:07:19.864953,USD,Refunded
ORD005307,CUST01774,2025-09-04 05:25:26.878481,USD,Cancelled
ORD005308,CUST02189,2026-02-02 12:41:16.072029,$,Completed
ORD005309,CUST02925,2025-11-09 08:20:01.906087,USD,Completed
ORD005310,CUST03879,2026-02-24 18:12:20.649683,USD,Completed
ORD005311,CUST03359,2026-06-27 15:25:45.560415,USD,Completed
ORD005312,CUST02225,2025-07-22 05:01:27.887182,$,Completed
ORD005313,CUST02736,2025-07-20 14:20:41.120262,USD,Completed
ORD005314,CUST02798,2025-12-04 05:18:44.387258,$,Completed
ORD005315,CUST03681,2026-04-21 18:11:30.840981,USD,Cancelled
ORD005316,CUST03852,2026-01-20 13:47:19.175563,USD,Completed
ORD005317,CUST01171,2026-04-14 00:57:19.349093,USD,Completed
ORD005318,CUST04158,2025-07-28 21:23:28.401789,US$,Completed
ORD005319,CUST04550,2025-08-22 01:01:36.674436,USD,Completed
ORD005320,CUST01291,2026-03-27 08:41:54.717294,usd,Completed
ORD005321,CUST03493,2025-10-06 22:40:50.486107,US$,Completed
ORD005322,CUST03357,2025-09-14 09:03:47.348986,$,Completed
ORD005323,CUST04427,2026-03-30 08:05:11.545699,USD,Completed
ORD005324,CUST03807,2025-11-17 01:34:51.759957,USD,Completed
ORD005325,CUST02165,2026-04-19 19:05:19.606728,USD,Completed
ORD005326,CUST04916,2026-05-27 05:40:03.694009,$,Completed
ORD005327,CUST02339,2025-08-07 01:41:18.973456,USD,Completed
ORD005328,CUST00464,2025-12-19 12:24:54.878768,$,Completed
ORD005329,CUST03262,2026-02-22 23:44:20.631600,US$,Completed
ORD005330,CUST01835,2025-10-14 15:10:43.915034,USD,Completed
ORD005331,CUST03826,2025-10-11 02:12:38.086416,USD,Completed
ORD005332,CUST02279,2025-08-14 15:12:54.323162,USD,Completed
ORD005333,CUST02359,2025-09-26 11:43:31.286134,USD,Completed
ORD005334,CUST00916,2025-07-31 23:08:31.628157,USD,Cancelled
ORD005335,CUST03509,2026-05-02 10:02:14.692520,USD,Completed
ORD005336,CUST03857,2025-12-15 14:08:17.488085,US$,Completed
ORD005337,CUST01442,2026-01-22 06:04:31.248075,USD,Completed
ORD005338,CUST04968,2025-08-12 13:50:55.835454,USD,Completed
ORD005339,CUST03903,2026-04-17 12:04:49.046225,USD,Completed
ORD005340,CUST04175,2025-07-11 08:34:17.449888,USD,Completed
ORD005341,CUST00378,2025-07-21 14:33:54.525795,USD,Completed
ORD005342,CUST01768,2026-03-14 10:45:30.947437,usd,Completed
ORD005343,CUST04748,2025-07-24 21:53:52.067254,USD,Completed
ORD005344,CUST03935,2025-08-22 10:09:40.895313,USD,Completed
ORD005345,CUST03541,2026-05-26 15:38:23.213879,USD,Completed
ORD005346,CUST02284,2026-05-09 04:55:01.791692,USD,Completed
ORD005347,CUST00031,2026-06-13 20:48:05.364307,USD,Completed
ORD005348,CUST04729,2025-09-17 01:13:08.991074,USD,Cancelled
ORD005349,CUST03091_DUP,2025-12-08 01:59:32.589645,USD,Completed
ORD005350,CUST01430,2025-08-24 15:36:31.081817,USD,Completed
ORD005351,CUST02154,2026-03-22 18:06:22.427539,USD,Completed
ORD005352,CUST00877,2026-06-12 18:12:50.683861,USD,Completed
ORD005353,CUST04912,2025-07-12 15:58:56.238909,$,Completed
ORD005354,CUST02927,2026-06-01 21:11:07.469905,USD,Completed
ORD005355,CUST00673,2026-01-12 02:05:03.682084,USD,Completed
ORD005356,CUST01545,2025-09-23 08:48:39.355472,US$,Completed
ORD005357,CUST00488,2025-11-10 11:01:46.437253,USD ,Completed
ORD005358,CUST03153,2025-08-16 19:59:57.876961,USD ,Completed
ORD005359,CUST04749,2026-02-16 13:57:07.421809,USD,Completed
ORD005360,CUST02377,2025-10-17 13:06:46.092232,US$,Completed
ORD005361,CUST01703,2026-03-16 08:47:41.682585,usd,Completed
ORD005362,CUST02352,2026-01-28 19:48:13.996945,US$,Completed
ORD005363,CUST02457,2025-11-04 00:51:18.064815,USD,Completed
ORD005364,CUST03927,2025-07-21 16:57:09.915488,USD,Completed
ORD005365,CUST02659,2025-10-09 01:12:20.706584,USD,Completed
ORD005366,CUST01469,2025-09-18 15:07:42.998599,US$,Completed
ORD005367,CUST01120,2025-07-25 16:28:00.491194,USD,Completed
ORD005368,CUST03719,2025-10-24 14:12:29.696444,USD,Completed
ORD005369,CUST03286,2026-06-16 02:08:44.525226,USD,Completed
ORD005370,CUST02704,2025-12-16 22:21:44.111988,USD,Completed
ORD005371,CUST03634,2025-08-13 05:14:14.428466,USD,Completed
ORD005372,CUST02501,2025-07-17 23:32:21.494105,USD,Completed
ORD005373,CUST02016,2025-07-20 12:12:46.144420,USD,Completed
ORD005374,CUST04575,2025-08-17 10:05:36.856354,usd,Completed
ORD005375,CUST03993,2026-02-27 08:49:08.865855,USD,Completed
ORD005376,CUST04180,2026-05-17 04:17:02.351691,US$,Completed
ORD005377,CUST02199,2025-12-23 19:12:21.608023,US$,Completed
ORD005378,CUST01405,2026-03-23 00:48:54.221633,US$,Refunded
ORD005379,CUST03625,2025-08-25 04:11:50.875669,USD,Completed
ORD005380,CUST02107,2026-02-04 03:20:53.369825,USD,Completed
ORD005381,CUST03744_DUP,2026-04-05 00:40:56.312930,USD,Completed
ORD005382,CUST03630,2025-10-21 16:32:46.474878,USD,Completed
ORD005383,CUST01355,2025-11-17 16:02:24.413692,USD,Completed
ORD005384,CUST03121,2026-03-08 07:16:25.360872,USD,Completed
ORD005385,CUST02308,2026-05-20 00:33:45.916188,USD,Completed
ORD005386,CUST01806,2025-08-20 12:52:17.165577,USD,Completed
ORD005387,CUST01153,2025-11-23 21:44:37.519296,USD,Completed
ORD005388,CUST00635,2025-09-27 08:57:31.766430,usd,Completed
ORD005389,CUST00838,2026-05-06 09:54:37.525128,USD,Completed
ORD005390,CUST02293,2026-06-04 08:17:28.321256,USD,Completed
ORD005391,CUST03739,2025-11-21 09:52:01.739464,USD,Cancelled
ORD005392,CUST03460,2026-06-04 14:26:48.247913,USD,Completed
ORD005393,CUST00817,2025-08-06 18:22:04.521827,USD,Completed
ORD005394,CUST02930,2026-03-19 00:26:45.355856,USD,Completed
ORD005395,CUST01717,2025-12-19 12:16:04.669338,USD,Cancelled
ORD005396,CUST00651,2025-07-26 18:23:47.440605,USD,Completed
ORD005397,CUST02649,2025-11-29 05:22:04.845973,USD,Completed
ORD005398,CUST03629,2025-11-30 01:04:20.422540,US$,Cancelled
ORD005399,CUST00751,2026-05-23 17:21:33.346807,US$,Completed
ORD005400,CUST00380,2025-08-17 09:50:04.683898,usd,Completed
ORD005401,CUST03778,2026-06-23 21:09:41.876444,USD,Completed
ORD005402,CUST03695,2026-04-25 03:42:10.696748,USD,Cancelled
ORD005403,CUST04094,2025-10-07 15:28:26.521614,USD ,Completed
ORD005404,CUST00850,2026-02-22 13:51:48.093262,usd,Completed
ORD005405,CUST03648,2025-12-17 19:21:24.472311,USD,Completed
ORD005406,CUST04879,2025-10-11 09:16:00.636530,USD,Completed
ORD005407,CUST00363,2025-12-12 07:20:20.094924,USD,Cancelled
ORD005408,CUST00047,2025-10-28 10:00:26.457049,USD,Cancelled
ORD005409,CUST02371,2025-08-31 10:19:51.522184,USD,Completed
ORD005410,CUST00629,2025-11-25 15:45:48.460399,US$,Refunded
ORD005411,CUST03272_DUP,2026-06-10 03:39:49.068072,US$,Cancelled
ORD005412,CUST01305,2025-11-08 09:49:20.348738,$,Completed
ORD005413,CUST02139,2025-11-29 20:06:05.247770,USD,Completed
ORD005414,CUST00634,2026-01-18 04:20:35.840043,USD,Completed
ORD005415,CUST02212,2025-11-15 09:34:48.779517,US$,Completed
ORD005416,CUST03301,2026-03-26 07:43:30.696916,USD,Cancelled
ORD005417,CUST02565,2025-09-25 18:46:56.710316,US$,Refunded
ORD005418,CUST02219,2026-05-16 02:03:47.273258,USD,Completed
ORD005419,CUST00340,2025-07-25 21:38:25.499685,US$,Completed
ORD005420,CUST00684,2025-11-24 05:21:30.309400,USD,Completed
ORD005421,CUST00254,2025-08-03 22:48:05.720567,USD ,Completed
ORD005422,CUST02481,2025-09-09 22:28:59.762438,USD,Completed
ORD005423,CUST02588,2025-12-12 18:40:23.263244,usd,Cancelled
ORD005424,CUST00922,2026-01-26 10:31:27.768291,USD,Completed
ORD005425,CUST03330,2026-04-28 06:31:48.382679,USD,Refunded
ORD005426,CUST03948,2026-04-11 05:27:22.268289,USD,Completed
ORD005427,CUST02245,2025-11-28 18:00:10.557504,usd,Refunded
ORD005428,CUST04051,2026-04-16 01:14:54.710139,USD ,Completed
ORD005429,CUST03418,2026-04-30 09:15:58.565272,USD,Completed
ORD005430,CUST04116,2026-05-19 16:03:14.052572,US$,Completed
ORD005431,CUST01227,2026-06-22 20:05:27.799527,USD,Completed
ORD005432,CUST02240,2026-01-29 23:09:33.104427,USD,Completed
ORD005433,CUST02138,2025-11-07 23:48:21.747648,usd,Completed
ORD005434,CUST02159,2026-02-04 03:34:03.118575,USD,Completed
ORD005435,CUST03400,2025-09-18 05:02:11.909394,usd,Completed
ORD005436,CUST04031,2026-01-19 07:12:30.222236,USD,Completed
ORD005437,CUST00868,2026-02-25 23:16:09.992230,usd,Completed
ORD005438,CUST04088,2025-11-25 13:56:24.101569,USD,Completed
ORD005439,CUST04602,2026-03-09 07:53:55.651846,USD,Completed
ORD005440,CUST03135,2025-08-13 22:29:38.329535,USD,Refunded
ORD005441,CUST00173,2025-08-14 15:32:10.367941,$,Completed
ORD005442,CUST02706,2026-02-06 00:11:53.213145,USD,Completed
ORD005443,CUST04561,2025-11-20 01:06:20.607808,USD,Completed
ORD005444,CUST04493,2026-01-23 19:31:50.928822,USD,Cancelled
ORD005445,CUST00383,2025-07-26 03:04:58.212458,USD,Completed
ORD005446,CUST00749,2026-02-03 07:58:17.227240,$,Cancelled
ORD005447,CUST02286,2026-02-19 16:27:53.446771,usd,Completed
ORD005448,CUST02135,2025-09-18 08:31:24.375187,usd,Completed
ORD005449,CUST04045,2026-01-13 20:38:43.770414,usd,Completed
ORD005450,CUST04414,2026-01-02 01:31:57.051424,USD,Completed
ORD005451,CUST00358,2025-10-08 17:49:07.735573,USD,Completed
ORD005452,CUST01863,2026-03-02 00:54:41.578293,USD,Completed
ORD005453,CUST03401,2026-02-26 05:34:32.212025,$,Cancelled
ORD005454,CUST03365,2025-11-13 11:05:18.268582,USD,Completed
ORD005455,CUST03640,2025-11-18 12:55:25.924352,USD,Completed
ORD005456,CUST00515,2025-11-26 19:58:06.810508,USD,Completed
ORD005457,CUST04137,2026-01-10 09:39:40.909737,USD,Completed
ORD005458,CUST00046,2026-01-04 20:46:55.721716,USD,Completed
ORD005459,CUST04416,2025-11-16 10:53:11.423792,USD,Completed
ORD005460,CUST00362,2025-08-29 18:43:56.694397,USD,Completed
ORD005461,CUST02169,2025-09-25 07:06:56.558078,USD,Completed
ORD005462,CUST03870,2025-08-16 12:23:47.485465,USD,Cancelled
ORD005463,CUST04883,2025-07-06 05:36:39.731450,usd,Completed
ORD005464,CUST03207,2026-03-31 23:07:51.272733,USD,Completed
ORD005465,CUST00389,2025-12-13 23:40:30.189542,USD,Completed
ORD005466,CUST03761,2025-12-20 17:01:02.540595,usd,Completed
ORD005467,CUST00240,2026-04-13 13:44:26.829335,usd,Completed
ORD005468,CUST00659,2025-09-01 23:46:02.690083,USD,Completed
ORD005469,CUST02850,2026-02-19 16:39:22.897568,usd,Completed
ORD005470,CUST04399,2025-10-21 15:36:41.194504,US$,Completed
ORD005471,CUST03677,2025-09-28 00:55:42.743552,$,Completed
ORD005472,CUST01467,2025-10-24 23:19:18.017340,USD,Refunded
ORD005473,CUST02971,2026-05-22 16:42:16.318556,USD,Completed
ORD005474,CUST03506,2026-06-26 07:31:42.925277,$,Completed
ORD005475,CUST00375,2026-01-04 16:21:38.560480,USD,Completed
ORD005476,CUST00757,2025-12-23 06:59:18.150902,USD,Completed
ORD005477,CUST01449,2026-01-25 00:28:39.818274,USD,Completed
ORD005478,CUST04803,2025-07-21 16:00:02.563374,US$,Completed
ORD005479,CUST00088,2025-08-18 03:11:58.214482,$,Completed
ORD005480,CUST01238,2026-01-26 01:50:32.980031,USD,Completed
ORD005481,CUST01448,2025-07-17 08:20:08.721357,usd,Completed
ORD005482,CUST04381,2025-10-31 07:53:25.356524,USD,Completed
ORD005483,CUST03800,2026-02-03 06:11:37.923373,$,Completed
ORD005484,CUST00446,2026-04-02 01:19:24.815540,US$,Completed
ORD005485,CUST00838,2025-11-19 21:56:20.371670,USD,Completed
ORD005486,CUST02829,2025-09-23 14:33:01.670038,USD,Completed
ORD005487,CUST02348,2026-01-17 18:31:49.112664,USD,Completed
ORD005488,CUST03204,2026-04-05 17:51:26.039288,USD,Completed
ORD005489,CUST04420,2025-09-14 14:39:29.216047,USD,Completed
ORD005490,CUST01354,2026-03-16 09:20:00.866162,USD,Completed
ORD005491,CUST01058,2025-08-28 12:59:18.321217,USD,Completed
ORD005492,CUST00787,2025-10-12 16:16:19.314806,usd,Completed
ORD005493,CUST04422,2025-11-24 09:19:22.055046,USD,Completed
ORD005494,CUST00316,2025-10-07 17:31:40.599809,usd,Completed
ORD005495,CUST01380,2026-01-12 10:28:04.665178,usd,Completed
ORD005496,CUST03263,2026-04-06 18:28:13.913049,usd,Completed
ORD005497,CUST01856,2025-08-29 18:26:51.252816,$,Cancelled
ORD005498,CUST04116_DUP,2026-04-28 07:58:58.514883,USD,Cancelled
ORD005499,CUST00866,2025-08-06 08:07:10.002450,USD,Completed
ORD005500,CUST03104,2026-03-23 19:57:45.964076,usd,Completed
ORD005501,CUST03387,2026-02-14 14:32:36.474812,USD,Completed
ORD005502,CUST02845,2026-05-22 15:19:42.508381,USD,Completed
ORD005503,CUST01580,2026-05-06 20:10:31.829962,USD,Refunded
ORD005504,CUST01088,2026-05-27 21:13:03.535990,usd,Completed
ORD005505,CUST03078,2025-07-01 16:20:37.664475,USD,Completed
ORD005506,CUST01183,2026-02-18 08:59:44.646874,US$,Completed
ORD005507,CUST01457,2026-06-10 22:42:48.587815,USD,Completed
ORD005508,CUST00377,2025-08-29 06:37:56.850167,US$,Refunded
ORD005509,CUST00161,2026-02-09 16:50:59.801733,USD,Completed
ORD005510,CUST03904_DUP,2026-06-14 16:59:18.318317,USD,Completed
ORD005511,CUST03794,2025-11-29 06:35:31.387188,US$,Completed
ORD005512,CUST04579,2026-02-09 23:18:43.089151,USD,Completed
ORD005513,CUST04390,2025-10-28 19:20:51.704617,$,Completed
ORD005514,CUST02356,2025-07-08 08:20:09.346050,US$,Completed
ORD005515,CUST00417,2026-02-07 04:26:04.890824,USD,Completed
ORD005516,CUST02643,2025-09-10 08:39:44.386743,USD,Completed
ORD005517,CUST01974,2026-02-22 04:53:23.380674,US$,Completed
ORD005518,CUST04617,2025-07-19 02:59:00.620729,USD,Completed
ORD005519,CUST00048,2026-04-02 05:02:01.271975,USD,Completed
ORD005520,CUST02566,2025-08-28 00:05:00.668221,US$,Completed
ORD005521,CUST00011,2025-07-14 15:05:03.362851,usd,Completed
ORD005522,CUST04068,2026-03-03 00:34:53.218836,US$,Completed
ORD005523,CUST04631,2025-08-31 08:20:44.147272,US$,Completed
ORD005524,CUST03853,2025-09-11 17:47:21.119915,USD,Completed
ORD005525,CUST02332,2026-06-27 00:42:59.298987,USD,Cancelled
ORD005526,CUST00418,2026-06-28 19:10:19.709316,USD,Cancelled
ORD005527,CUST04543,2026-06-25 13:51:55.509950,US$,Completed
ORD005528,CUST03850,2025-07-28 20:50:36.199127,USD,Completed
ORD005529,CUST04340,2025-11-16 16:59:33.999295,USD,Completed
ORD005530,CUST03732,2025-08-21 00:43:54.500099,USD,Completed
ORD005531,CUST01541,2025-09-19 19:03:52.103383,USD,Cancelled
ORD005532,CUST00392,2026-01-14 01:46:32.869813,USD,Completed
ORD005533,CUST00410,2026-04-06 10:29:34.324030,US$,Completed
ORD005534,CUST04469,2025-12-30 22:27:28.368123,$,Completed
ORD005535,CUST04022,2026-05-31 14:13:13.415038,USD,Completed
ORD005536,CUST04442,2026-03-09 21:56:44.379666,USD,Completed
ORD005537,CUST02317,2025-10-16 05:12:43.041384,USD,Completed
ORD005538,CUST03136,2025-07-31 03:05:40.050788,USD,Completed
ORD005539,CUST02667,2025-07-22 21:37:10.182989,usd,Completed
ORD005540,CUST02822,2026-01-21 17:51:59.321746,USD,Completed
ORD005541,CUST03035,2025-11-05 12:48:45.567100,USD,Refunded
ORD005542,CUST02956,2026-06-09 00:49:14.641657,USD,Completed
ORD005543,CUST00460,2025-09-20 16:11:43.557219,USD,Completed
ORD005544,CUST02072,2026-05-14 15:08:24.465084,USD,Completed
ORD005545,CUST03586,2025-11-28 10:25:40.011437,USD,Completed
ORD005546,CUST02831,2026-04-24 05:50:21.499573,USD,Completed
ORD005547,CUST01707,2026-01-02 06:22:55.915213,USD ,Completed
ORD005548,CUST00987,2026-03-16 04:05:26.600752,US$,Completed
ORD005549,CUST00720,2025-08-03 14:27:37.746605,USD,Completed
ORD005550,CUST00759,2026-01-16 14:11:03.463026,US$,Completed
ORD005551,CUST00181,2025-07-16 11:58:02.492641,$,Cancelled
ORD005552,CUST00027,2026-06-12 20:31:46.506033,USD,Completed
ORD005553,CUST00342,2025-07-12 14:22:18.418018,$,Completed
ORD005554,CUST03062,2026-06-16 07:00:31.170804,USD,Completed
ORD005555,CUST04946,2026-05-07 18:09:50.309738,$,Completed
ORD005556,CUST01262,2025-08-05 14:11:08.378789,USD,Completed
ORD005557,CUST01192,2026-02-04 12:22:50.086577,usd,Completed
ORD005558,CUST04684,2025-12-25 16:56:40.064903,US$,Completed
ORD005559,CUST03671,2025-10-31 03:11:33.002863,USD,Completed
ORD005560,CUST01186_DUP,2026-02-02 14:52:25.724778,USD,Completed
ORD005561,CUST01236,2025-08-12 18:02:10.658398,USD,Completed
ORD005562,CUST01669,2026-04-13 02:59:45.900070,USD,Completed
ORD005563,CUST00420,2025-07-14 15:47:53.588567,USD,Completed
ORD005564,CUST00372,2025-08-06 19:07:54.617372,USD,Completed
ORD005565,CUST01009,2025-12-27 15:51:55.383018,USD,Completed
ORD005566,CUST02434,2025-07-31 03:21:08.563468,USD,Completed
ORD005567,CUST02564,2025-07-30 18:48:09.832450,USD,Completed
ORD005568,CUST04649,2026-03-28 18:54:52.400457,USD,Completed
ORD005569,CUST04740,2026-02-24 11:22:30.259891,USD,Completed
ORD005570,CUST02437,2026-01-11 23:40:29.739241,USD,Completed
ORD005571,CUST01598,2025-12-25 16:58:35.241614,USD,Completed
ORD005572,CUST02582,2026-01-21 01:34:41.330629,USD,Completed
ORD005573,CUST02294,2025-08-21 10:57:17.095769,USD,Completed
ORD005574,CUST00962,2026-05-06 00:53:58.844127,USD,Completed
ORD005575,CUST04782,2026-01-04 00:30:48.585113,USD,Completed
ORD005576,CUST02405,2025-10-30 10:37:47.288870,USD,Completed
ORD005577,CUST00884,2026-05-01 05:51:28.405996,USD,Completed
ORD005578,CUST04743,2025-12-28 09:25:11.044355,USD,Completed
ORD005579,CUST01870,2026-02-24 19:14:20.885363,USD,Completed
ORD005580,CUST00380,2025-10-03 19:59:51.887878,USD,Completed
ORD005581,CUST01276,2026-06-22 07:21:10.072469,US$,Completed
ORD005582,CUST01819,2025-12-23 00:51:35.447296,USD,Completed
ORD005583,CUST01961,2026-05-12 05:25:06.030051,USD,Completed
ORD005584,CUST00034,2025-07-12 23:14:57.010098,usd,Completed
ORD005585,CUST04768_DUP,2026-02-17 19:04:39.900066,usd,Completed
ORD005586,CUST04061,2025-11-19 07:25:18.745939,USD,Completed
ORD005587,CUST02543,2025-09-11 07:23:14.059842,USD,Completed
ORD005588,CUST03568,2025-10-01 00:25:59.254828,$,Completed
ORD005589,CUST02484,2025-07-03 22:51:37.217112,USD,Completed
ORD005590,CUST01252,2025-10-07 22:36:30.241469,USD,Completed
ORD005591,CUST03802,2025-10-13 18:08:00.702040,USD,Completed
ORD005592,CUST04965,2025-09-03 22:50:42.046473,USD,Completed
ORD005593,CUST03386,2025-10-04 12:25:50.704104,USD,Completed
ORD005594,CUST03978,2025-12-22 04:39:42.913014,USD,Completed
ORD005595,CUST04545,2025-12-01 11:28:18.958037,usd,Refunded
ORD005596,CUST01207,2025-10-17 08:28:34.949963,USD,Cancelled
ORD005597,CUST00354,2025-08-12 15:32:04.653929,USD,Completed
ORD005598,CUST04987,2026-05-24 11:50:48.926672,usd,Completed
ORD005599,CUST01391,2025-08-14 07:56:33.472085,USD,Completed
ORD005600,CUST03824,2025-08-30 10:50:39.621430,USD,Completed
ORD005601,CUST03246,2026-06-26 08:02:49.082188,USD,Completed
ORD005602,CUST04154,2026-04-11 12:21:03.765298,USD,Completed
ORD005603,CUST03392,2026-06-28 12:46:41.349894,US$,Completed
ORD005604,CUST04321,2026-03-31 11:13:08.903085,$,Completed
ORD005605,CUST04141,2026-03-14 11:19:25.555682,USD,Completed
ORD005606,CUST03471,2025-08-21 14:38:18.074956,USD,Completed
ORD005607,CUST00093,2025-07-14 05:56:05.235855,USD,Completed
ORD005608,CUST03269,2026-03-16 21:00:25.024591,US$,Completed
ORD005609,CUST04290,2026-03-24 19:17:05.240356,USD,Cancelled
ORD005610,CUST03985,2025-12-27 18:03:28.597672,USD,Completed
ORD005611,CUST01339,2026-06-23 11:21:26.012470,USD,Completed
ORD005612,CUST02182,2025-12-12 08:08:45.948711,USD,Completed
ORD005613,CUST00191,2026-03-05 19:08:15.778606,USD,Completed
ORD005614,CUST03684,2026-03-23 11:34:16.423970,USD,Completed
ORD005615,CUST02339,2025-08-19 22:41:22.125294,USD,Completed
ORD005616,CUST03739,2026-03-23 15:36:41.879014,USD ,Completed
ORD005617,CUST01778,2026-01-02 05:36:52.776859,USD,Completed
ORD005618,CUST04352,2026-05-12 16:39:50.848028,USD,Completed
ORD005619,CUST00036,2026-04-04 18:16:50.727600,USD,Cancelled
ORD005620,CUST02833,2025-08-21 20:16:41.473990,US$,Completed
ORD005621,CUST04348,2025-09-27 07:43:06.724909,USD ,Completed
ORD005622,CUST00365,2025-08-09 12:14:36.833856,$,Completed
ORD005623,CUST02226,2025-12-31 06:25:27.425722,US$,Completed
ORD005624,CUST01577,2025-10-17 22:08:58.426765,USD,Cancelled
ORD005625,CUST02608,2025-11-10 19:03:41.782262,USD,Cancelled
ORD005626,CUST03751,2026-03-22 14:52:43.893327,$,Completed
ORD005627,CUST03170,2025-08-05 05:10:01.779198,USD,Completed
ORD005628,CUST00576,2026-05-29 15:29:05.134382,USD,Completed
ORD005629,CUST00243,2026-03-26 03:29:17.357798,USD,Completed
ORD005630,CUST03400,2026-03-27 18:44:09.756929,USD,Completed
ORD005631,CUST04964,2026-05-24 19:27:58.173892,US$,Completed
ORD005632,CUST02488,2026-06-09 22:12:41.946172,USD,Completed
ORD005633,CUST04086,2026-04-06 15:20:09.776339,usd,Completed
ORD005634,CUST01734,2025-09-24 08:48:24.233056,USD,Completed
ORD005635,CUST02740,2025-07-16 04:47:27.624648,usd,Completed
ORD005636,CUST03595,2026-02-11 10:34:25.604163,USD,Completed
ORD005637,CUST04309,2025-09-04 20:35:53.836339,USD,Completed
ORD005638,CUST00658,2026-05-20 16:56:47.044339,USD,Cancelled
ORD005639,CUST03987,2025-12-28 14:32:51.170418,USD,Completed
ORD005640,CUST01925,2026-03-04 18:16:56.773880,USD,Completed
ORD005641,CUST00638,2025-08-08 10:23:00.384467,USD,Completed
ORD005642,CUST00979,2025-12-12 17:10:38.788385,US$,Completed
ORD005643,CUST03177,2026-04-25 05:07:05.364856,USD ,Completed
ORD005644,CUST04868,2025-11-04 03:53:12.581159,USD,Refunded
ORD005645,CUST02065,2025-10-20 17:02:33.942902,USD,Completed
ORD005646,CUST04070,2025-12-28 03:04:30.090255,$,Completed
ORD005647,CUST01852,2026-06-20 21:46:00.547349,usd,Completed
ORD005648,CUST03272_DUP,2025-10-05 04:04:43.330444,USD,Completed
ORD005649,CUST00263,2025-09-25 22:38:29.355980,USD,Completed
ORD005650,CUST03609,2026-03-29 07:04:05.421081,USD,Completed
ORD005651,CUST03285,2025-12-10 05:06:41.240437,USD,Completed
ORD005652,CUST00942,2025-11-10 11:38:17.977365,USD,Completed
ORD005653,CUST03329,2025-08-19 09:52:01.672632,$,Completed
ORD005654,CUST04915,2026-01-28 08:10:58.856841,USD,Completed
ORD005655,CUST02594,2026-05-30 02:54:42.167694,US$,Completed
ORD005656,CUST01026,2026-01-03 19:30:12.835445,USD,Completed
ORD005657,CUST02464,2026-06-17 01:43:29.278466,USD,Completed
ORD005658,CUST03457,2026-03-18 09:16:32.164471,USD,Completed
ORD005659,CUST01464,2026-04-01 02:26:57.269681,USD,Completed
ORD005660,CUST03795,2025-12-27 20:19:20.826773,USD,Refunded
ORD005661,CUST03441,2026-04-25 07:46:39.519596,USD,Completed
ORD005662,CUST03551,2026-03-25 20:56:25.490188,USD,Completed
ORD005663,CUST02129,2026-01-03 04:33:15.957086,USD,Completed
ORD005664,CUST03591,2025-11-06 18:25:43.897449,usd,Cancelled
ORD005665,CUST04564,2026-02-25 22:50:46.909026,USD,Completed
ORD005666,CUST01792,2025-08-12 11:17:13.616324,USD ,Completed
ORD005667,CUST01663,2026-04-06 04:27:13.052829,US$,Completed
ORD005668,CUST04963,2025-12-13 08:20:49.243915,USD,Completed
ORD005669,CUST02934,2025-12-13 18:03:43.880538,USD,Completed
ORD005670,CUST04105,2025-07-29 17:02:23.702746,usd,Completed
ORD005671,CUST03378,2026-06-24 19:26:51.294835,US$,Refunded
ORD005672,CUST00495,2025-10-04 12:06:13.608746,USD,Completed
ORD005673,CUST04074,2026-03-13 04:59:40.023591,USD,Completed
ORD005674,CUST04584,2026-03-10 17:31:20.955350,$,Completed
ORD005675,CUST00649,2026-04-12 08:22:41.835584,usd,Completed
ORD005676,CUST04749,2026-06-27 20:17:38.883547,USD,Completed
ORD005677,CUST01900,2026-02-05 08:45:20.358561,USD,Completed
ORD005678,CUST03267,2026-04-30 12:50:24.923708,USD,Completed
ORD005679,CUST01218,2026-01-28 09:11:25.641521,US$,Completed
ORD005680,CUST02338,2026-05-07 12:50:03.036215,US$,Completed
ORD005681,CUST00298,2025-07-28 03:59:10.566366,USD,Completed
ORD005682,CUST02333,2025-07-03 08:21:06.646862,USD,Completed
ORD005683,CUST00685,2026-06-18 16:26:13.154245,USD,Completed
ORD005684,CUST03521,2025-11-21 14:01:00.778590,USD,Completed
ORD005685,CUST04857,2025-10-19 08:42:05.674722,US$,Completed
ORD005686,CUST02548,2026-02-15 07:28:51.285927,$,Completed
ORD005687,CUST00448,2025-08-06 04:40:37.268404,USD,Cancelled
ORD005688,CUST02202,2026-06-03 01:00:53.142694,US$,Completed
ORD005689,CUST04022,2026-01-31 13:36:15.115350,usd,Completed
ORD005690,CUST01281,2026-06-29 07:39:11.213306,US$,Completed
ORD005691,CUST02579,2025-10-28 14:14:59.059735,USD,Completed
ORD005692,CUST02785,2026-05-08 00:54:38.282937,USD,Completed
ORD005693,CUST04149,2026-01-12 17:05:52.418489,$,Completed
ORD005694,CUST01618,2026-01-07 10:36:04.482979,USD,Completed
ORD005695,CUST01625,2025-10-11 02:31:24.815011,USD,Completed
ORD005696,CUST03251,2025-11-15 06:53:29.492643,USD,Completed
ORD005697,CUST03276,2026-01-23 09:11:32.205031,USD,Completed
ORD005698,CUST03666,2026-06-25 09:40:44.080290,USD,Completed
ORD005699,CUST03310,2026-02-20 14:11:29.997360,usd,Completed
ORD005700,CUST00967,2025-09-16 01:53:09.486151,US$,Completed
ORD005701,CUST02072,2026-03-24 05:18:36.490198,USD,Completed
ORD005702,CUST00275,2025-08-04 18:30:41.846950,$,Completed
ORD005703,CUST01443,2025-10-24 14:37:23.811485,USD,Completed
ORD005704,CUST03445,2026-01-31 00:32:17.753321,$,Completed
ORD005705,CUST02541,2026-03-23 23:54:29.006490,US$,Completed
ORD005706,CUST03391,2026-04-16 13:16:24.334614,USD,Cancelled
ORD005707,CUST02918,2025-09-22 15:24:46.779459,USD,Completed
ORD005708,CUST01577,2025-09-08 07:01:05.732048,USD,Cancelled
ORD005709,CUST02158,2025-09-14 16:15:32.381550,USD,Refunded
ORD005710,CUST00122,2025-10-08 04:29:17.357906,USD,Completed
ORD005711,CUST04695,2025-08-15 04:56:05.922984,US$,Completed
ORD005712,CUST04501,2026-02-14 00:14:09.986382,USD,Completed
ORD005713,CUST02943,2025-09-03 18:10:59.620534,USD,Cancelled
ORD005714,CUST04044,2026-02-17 19:58:56.182471,$,Completed
ORD005715,CUST01535,2026-05-24 12:47:05.208157,USD,Completed
ORD005716,CUST02821,2026-04-29 02:13:11.878078,US$,Completed
ORD005717,CUST04337,2025-08-07 07:47:58.093047,usd,Completed
ORD005718,CUST01350,2026-06-25 13:46:19.274990,usd,Completed
ORD005719,CUST00811,2025-10-10 20:02:45.356903,USD,Cancelled
ORD005720,CUST01893,2026-01-11 07:14:02.109817,USD,Completed
ORD005721,CUST01097,2026-03-26 19:19:18.357372,USD,Completed
ORD005722,CUST02288,2025-09-30 03:17:08.133619,USD,Completed
ORD005723,CUST01862,2026-04-15 12:03:44.195723,USD,Completed
ORD005724,CUST01192,2025-08-30 19:44:29.442731,USD,Completed
ORD005725,CUST03741,2026-01-30 07:37:19.919674,USD,Cancelled
ORD005726,CUST04087,2026-02-20 05:46:07.903224,USD,Completed
ORD005727,CUST00441,2025-09-26 02:15:05.789414,USD,Completed
ORD005728,CUST03871,2026-03-09 20:20:19.909363,$,Completed
ORD005729,CUST03223,2025-08-24 13:46:37.518032,usd,Cancelled
ORD005730,CUST03939,2026-02-20 04:31:05.637235,USD,Completed
ORD005731,CUST04178,2025-07-04 04:07:32.155283,USD,Completed
ORD005732,CUST00842,2025-10-19 03:17:08.150843,USD,Completed
ORD005733,CUST03692,2025-12-07 09:24:12.282171,USD,Completed
ORD005734,CUST00611,2026-01-08 12:52:29.052660,USD,Completed
ORD005735,CUST03624,2025-10-21 04:13:42.971077,USD,Completed
ORD005736,CUST01424,2025-09-20 19:07:34.718203,USD,Completed
ORD005737,CUST04669,2026-02-10 01:54:56.441123,USD,Completed
ORD005738,CUST02128,2025-10-11 16:47:59.515613,USD,Completed
ORD005739,CUST01038,2026-03-09 02:18:11.529979,USD,Completed
ORD005740,CUST04952,2026-01-20 01:14:02.782816,USD,Completed
ORD005741,CUST01475,2025-11-20 00:27:20.629109,USD,Completed
ORD005742,CUST00015,2026-06-07 10:38:28.763834,USD,Completed
ORD005743,CUST04619,2025-08-12 21:49:50.960153,USD,Completed
ORD005744,CUST04332,2026-02-15 08:28:32.647653,usd,Completed
ORD005745,CUST02874,2026-05-28 10:50:28.264253,US$,Completed
ORD005746,CUST00959,2026-02-18 23:12:00.035200,USD,Refunded
ORD005747,CUST01827,2025-07-30 01:04:29.583413,USD,Cancelled
ORD005748,CUST02255,2026-03-19 11:07:47.830462,USD,Completed
ORD005749,CUST00220,2026-05-08 06:20:13.929930,USD,Completed
ORD005750,CUST01774,2026-03-21 21:01:07.935387,USD,Completed
ORD005751,CUST04841,2025-08-12 14:24:52.182367,USD,Completed
ORD005752,CUST01956,2025-12-10 00:08:24.585673,USD,Completed
ORD005753,CUST02208,2026-01-21 12:22:18.319122,US$,Completed
ORD005754,CUST03872,2026-01-22 07:06:30.325015,USD,Completed
ORD005755,CUST01012,2026-01-11 17:29:36.213997,USD,Completed
ORD005756,CUST00826,2026-04-30 19:27:08.613481,usd,Completed
ORD005757,CUST02528,2026-01-26 22:20:58.615875,USD,Completed
ORD005758,CUST04186,2025-11-06 04:48:21.587677,USD,Completed
ORD005759,CUST04062,2025-10-18 15:36:10.347581,$,Completed
ORD005760,CUST01782,2026-06-22 03:13:03.890453,usd,Completed
ORD005761,CUST03734,2026-04-09 13:08:10.484936,USD,Completed
ORD005762,CUST00232,2025-09-03 16:57:27.647378,USD,Completed
ORD005763,CUST00164,2025-09-09 13:22:42.556630,USD,Cancelled
ORD005764,CUST03153,2026-02-21 10:40:30.691734,USD,Completed
ORD005765,CUST03316,2025-10-30 09:17:17.490474,USD,Completed
ORD005766,CUST01657,2026-05-22 08:06:13.934265,USD,Completed
ORD005767,CUST01253,2025-09-10 22:00:33.606803,USD,Completed
ORD005768,CUST04968,2026-04-17 06:07:50.299056,USD,Completed
ORD005769,CUST04023,2025-12-06 22:22:34.854621,USD,Completed
ORD005770,CUST01980,2025-12-07 19:45:48.912454,USD,Cancelled
ORD005771,CUST04086,2026-02-19 23:26:02.179074,USD,Completed
ORD005772,CUST01564,2025-11-30 04:56:08.079621,USD,Completed
ORD005773,CUST01599,2025-07-24 13:26:19.581379,USD,Completed
ORD005774,CUST04254,2025-09-13 07:37:16.976382,USD,Completed
ORD005775,CUST00882,2026-06-05 21:32:41.816050,US$,Completed
ORD005776,CUST04468,2026-02-12 19:17:23.823415,USD,Refunded
ORD005777,CUST02969,2025-10-02 23:17:10.204563,USD,Completed
ORD005778,CUST04659,2025-08-31 10:17:13.236261,USD,Completed
ORD005779,CUST01203,2025-08-25 04:36:38.258295,usd,Completed
ORD005780,CUST03436,2025-07-12 14:34:40.013221,US$,Completed
ORD005781,CUST02587,2026-02-15 10:08:06.933171,USD,Completed
ORD005782,CUST01360,2025-12-01 22:11:25.623630,USD,Completed
ORD005783,CUST04452,2026-04-21 18:48:48.064003,US$,Refunded
ORD005784,CUST00810,2026-01-24 17:32:05.759137,USD,Completed
ORD005785,CUST01835,2026-05-13 18:07:53.751152,USD,Completed
ORD005786,CUST03654,2026-04-21 12:00:41.068236,USD,Completed
ORD005787,CUST00584,2025-09-19 00:58:04.423751,usd,Completed
ORD005788,CUST02448,2026-01-05 17:21:54.544065,US$,Completed
ORD005789,CUST03137,2025-11-14 08:27:03.861579,US$,Completed
ORD005790,CUST03466,2025-07-10 21:10:52.060411,usd,Completed
ORD005791,CUST03109,2025-11-07 19:51:39.185646,USD,Completed
ORD005792,CUST00923,2026-04-03 11:27:35.909240,US$,Completed
ORD005793,CUST00356,2025-12-13 18:49:57.061846,USD,Completed
ORD005794,CUST02521,2026-03-10 00:44:11.563488,USD,Completed
ORD005795,CUST02923,2026-04-29 18:39:03.610416,US$,Completed
ORD005796,CUST03802,2026-01-13 10:49:57.750663,USD,Completed
ORD005797,CUST00989,2025-10-13 12:52:53.958619,USD,Cancelled
ORD005798,CUST01863,2026-03-29 10:26:08.899901,USD,Completed
ORD005799,CUST03456,2026-03-07 18:12:47.613624,USD,Completed
ORD005800,CUST00023,2025-08-17 00:11:09.505359,USD,Completed
ORD005801,CUST04063,2026-03-17 21:30:10.529206,US$,Completed
ORD005802,CUST04900,2025-12-25 14:26:41.824258,USD,Completed
ORD005803,CUST03832,2026-01-19 03:36:32.798650,USD,Cancelled
ORD005804,CUST01375,2025-10-14 04:39:17.916326,usd,Cancelled
ORD005805,CUST04080,2025-07-20 16:16:53.093032,USD,Completed
ORD005806,CUST03153,2026-06-29 15:09:08.876664,usd,Completed
ORD005807,CUST04224,2026-04-15 23:17:28.373227,USD,Completed
ORD005808,CUST01593,2026-02-28 03:16:46.459766,USD,Completed
ORD005809,CUST02851,2025-10-31 16:39:16.767915,USD,Completed
ORD005810,CUST01691,2025-07-06 22:00:23.627294,USD,Completed
ORD005811,CUST00216,2026-02-18 21:57:40.154789,USD,Completed
ORD005812,CUST01580,2025-09-08 21:25:57.285380,usd,Completed
ORD005813,CUST02456,2025-09-08 22:29:20.732055,USD,Completed
ORD005814,CUST00943,2025-09-08 13:42:46.459357,USD,Completed
ORD005815,CUST02214,2025-10-02 03:01:34.198590,USD,Completed
ORD005816,CUST03149,2026-06-18 08:03:33.582595,USD,Completed
ORD005817,CUST01659,2026-02-08 16:16:11.541645,USD,Completed
ORD005818,CUST04708,2026-01-29 10:15:59.651208,$,Completed
ORD005819,CUST01156,2026-03-25 05:11:40.911976,usd,Completed
ORD005820,CUST00610,2025-11-01 18:24:54.347812,US$,Completed
ORD005821,CUST01873,2025-12-18 21:33:02.658833,USD,Completed
ORD005822,CUST02715,2026-04-18 20:38:24.791833,USD,Completed
ORD005823,CUST02626,2025-12-15 06:13:04.348736,USD,Cancelled
ORD005824,CUST01279,2025-11-18 09:37:31.513137,USD,Completed
ORD005825,CUST00972,2026-06-25 04:05:50.079273,usd,Cancelled
ORD005826,CUST00735,2025-08-11 09:41:06.774372,USD,Completed
ORD005827,CUST01070,2026-01-20 08:28:19.340782,USD ,Completed
ORD005828,CUST04744,2025-11-25 14:34:21.355411,USD,Completed
ORD005829,CUST03058,2025-07-21 05:18:30.905391,USD,Cancelled
ORD005830,CUST00633,2025-10-01 18:12:54.326406,USD,Completed
ORD005831,CUST03762,2026-03-28 04:37:57.153992,USD,Completed
ORD005832,CUST00756,2026-05-10 02:52:27.186044,usd,Completed
ORD005833,CUST02215,2025-08-30 17:32:34.745606,USD,Refunded
ORD005834,CUST00665,2025-11-18 11:50:21.479267,USD,Completed
ORD005835,CUST03048,2026-04-27 01:39:27.530619,USD,Completed
ORD005836,CUST02492,2026-06-04 01:30:03.487952,USD,Completed
ORD005837,CUST03235,2025-11-24 08:19:24.207346,USD,Completed
ORD005838,CUST01578,2026-03-22 01:11:34.972925,usd,Completed
ORD005839,CUST03905,2025-12-20 13:04:51.674125,USD,Completed
ORD005840,CUST00481,2025-07-29 10:14:03.841861,USD,Completed
ORD005841,CUST02658,2025-11-21 01:24:27.725306,USD,Completed
ORD005842,CUST01245,2026-05-06 20:17:27.668305,USD,Completed
ORD005843,CUST02433,2025-11-26 09:31:13.889983,US$,Completed
ORD005844,CUST01523,2025-07-01 15:13:14.332445,USD,Completed
ORD005845,CUST00192,2026-06-14 13:49:02.250097,US$,Completed
ORD005846,CUST03074,2025-12-28 09:03:28.295904,$,Completed
ORD005847,CUST03792,2025-08-24 10:58:54.781988,USD,Completed
ORD005848,CUST00104,2026-04-24 08:04:13.664440,USD,Completed
ORD005849,CUST02428,2025-12-02 20:25:18.088861,USD,Completed
ORD005850,CUST04021,2026-03-08 06:56:21.510972,usd,Completed
ORD005851,CUST03424,2026-03-24 16:52:52.168083,USD,Completed
ORD005852,CUST04715,2026-05-22 22:39:25.472697,US$,Completed
ORD005853,CUST02881,2025-10-10 11:28:52.238779,US$,Completed
ORD005854,CUST00414,2025-07-25 07:30:00.880031,USD,Completed
ORD005855,CUST04948,2026-03-25 17:23:14.434512,USD,Completed
ORD005856,CUST03766,2026-01-25 08:50:18.670020,USD,Completed
ORD005857,CUST02206,2025-07-25 09:41:55.024496,USD,Completed
ORD005858,CUST04704,2026-05-16 19:28:27.746526,USD,Completed
ORD005859,CUST03630,2025-12-05 18:52:48.227839,USD,Completed
ORD005860,CUST00852,2025-07-01 22:13:07.412612,USD,Refunded
ORD005861,CUST03379,2026-05-29 00:35:05.511827,USD,Completed
ORD005862,CUST03173,2026-02-15 03:14:01.672589,USD,Completed
ORD005863,CUST02222,2025-07-21 17:39:58.358630,USD,Completed
ORD005864,CUST01219,2026-01-11 04:02:30.773397,USD,Completed
ORD005865,CUST04189,2026-04-16 04:02:42.342956,USD,Completed
ORD005866,CUST04015,2026-04-07 12:14:10.284243,USD,Completed
ORD005867,CUST03843,2026-05-21 17:49:31.543520,USD,Completed
ORD005868,CUST04166,2025-09-08 17:36:19.659368,$,Completed
ORD005869,CUST01776,2026-03-04 22:17:18.371852,USD,Completed
ORD005870,CUST04351,2026-03-05 07:48:24.303685,usd,Completed
ORD005871,CUST03530,2025-11-18 07:40:47.463863,USD ,Completed
ORD005872,CUST02078,2026-04-04 16:51:45.420720,$,Completed
ORD005873,CUST01920,2025-11-20 13:10:46.953865,USD,Completed
ORD005874,CUST00293,2025-07-12 10:56:30.052626,USD,Completed
ORD005875,CUST02658,2026-06-01 12:33:51.357204,USD,Completed
ORD005876,CUST04837,2026-06-17 09:29:06.807403,USD ,Completed
ORD005877,CUST01593,2026-03-10 11:12:33.221842,US$,Completed
ORD005878,CUST01771,2026-01-16 23:22:27.398516,USD,Completed
ORD005879,CUST00720,2026-01-01 02:34:58.854524,USD,Completed
ORD005880,CUST03655,2026-03-13 17:46:59.271472,usd,Completed
ORD005881,CUST00542,2026-02-14 09:02:09.627554,USD,Completed
ORD005882,CUST04381,2025-12-20 04:31:47.367814,USD,Completed
ORD005883,CUST03324,2025-08-13 03:40:13.397385,USD,Completed
ORD005884,CUST00976,2025-07-17 16:22:28.930182,USD,Completed
ORD005885,CUST03442,2025-10-29 07:14:29.725536,usd,Completed
ORD005886,CUST02282,2025-10-28 14:39:59.515317,USD,Completed
ORD005887,CUST01775,2025-10-07 22:49:03.191547,USD,Completed
ORD005888,CUST04670,2025-09-14 19:59:38.275363,USD,Completed
ORD005889,CUST04413,2025-12-29 20:35:59.355483,USD,Completed
ORD005890,CUST01180_DUP,2026-02-15 03:37:48.965403,USD,Completed
ORD005891,CUST00611,2025-12-22 19:07:19.783104,usd,Completed
ORD005892,CUST04754,2025-09-24 21:17:19.116990,US$,Completed
ORD005893,CUST03606,2025-08-13 04:43:09.566930,USD,Completed
ORD005894,CUST02501,2025-10-21 16:38:47.603586,USD,Completed
ORD005895,CUST02844,2025-09-30 20:11:52.203794,USD,Completed
ORD005896,CUST02692,2025-07-31 07:58:16.024189,USD,Completed
ORD005897,CUST03989_DUP,2025-11-05 16:01:02.130532,USD,Completed
ORD005898,CUST04586,2026-02-02 12:08:46.132456,USD,Completed
ORD005899,CUST00596,2026-01-24 01:17:56.646170,USD,Completed
ORD005900,CUST03556,2025-08-20 19:03:04.485220,usd,Completed
ORD005901,CUST00446,2025-08-13 18:05:35.961555,USD,Completed
ORD005902,CUST03490,2026-04-29 05:50:13.894742,$,Completed
ORD005903,CUST03464,2026-03-13 20:54:49.756901,US$,Completed
ORD005904,CUST02388,2026-04-19 16:59:31.832836,USD,Completed
ORD005905,CUST03496,2025-12-31 06:10:48.827686,US$,Completed
ORD005906,CUST00843,2026-06-26 07:32:15.540854,USD,Completed
ORD005907,CUST01247,2026-06-18 23:24:37.109081,US$,Completed
ORD005908,CUST00017,2025-07-10 23:16:36.864938,USD,Completed
ORD005909,CUST00411,2025-10-01 02:39:52.075729,USD,Completed
ORD005910,CUST04251,2025-08-21 13:05:55.917693,usd,Completed
ORD005911,CUST01259,2026-05-10 01:36:05.425755,USD,Completed
ORD005912,CUST02089,2026-05-22 17:08:32.132762,USD,Completed
ORD005913,CUST04829,2025-07-07 19:19:39.628169,$,Completed
ORD005914,CUST03967,2025-10-05 14:01:49.508214,USD,Refunded
ORD005915,CUST00275,2026-04-24 12:42:23.344389,USD,Completed
ORD005916,CUST02995,2026-05-14 18:37:23.343718,USD,Completed
ORD005917,CUST03389,2026-01-05 08:44:27.642365,USD,Completed
ORD005918,CUST04575,2026-03-21 03:40:36.093091,USD,Completed
ORD005919,CUST01248,2026-02-10 03:11:44.566944,USD,Completed
ORD005920,CUST03836,2025-07-19 19:37:41.200984,USD,Completed
ORD005921,CUST00824,2026-01-27 23:12:18.330713,USD,Completed
ORD005922,CUST02837,2026-05-19 20:07:54.354425,US$,Cancelled
ORD005923,CUST01484,2026-05-17 09:29:32.085041,USD ,Completed
ORD005924,CUST04691,2026-06-12 16:53:50.541245,USD,Completed
ORD005925,CUST03306,2026-04-27 17:29:36.848859,USD,Completed
ORD005926,CUST01097,2025-10-27 13:01:22.497677,USD ,Completed
ORD005927,CUST03984,2025-12-22 08:19:35.087945,USD,Completed
ORD005928,CUST04355,2026-04-16 21:49:33.744707,USD,Completed
ORD005929,CUST01356,2025-09-10 09:57:21.525283,USD,Completed
ORD005930,CUST02001_DUP,2025-10-07 18:16:30.297085,USD,Completed
ORD005931,CUST03038,2026-02-22 14:13:07.825016,USD,Completed
ORD005932,CUST02098,2025-11-13 00:35:33.842855,USD,Completed
ORD005933,CUST01975,2025-12-30 10:14:21.860968,USD,Completed
ORD005934,CUST00989,2025-09-30 08:17:04.679926,USD,Completed
ORD005935,CUST03910,2026-03-29 06:51:54.607859,USD,Completed
ORD005936,CUST00817,2025-12-23 15:52:47.038584,USD,Completed
ORD005937,CUST00841,2026-04-09 04:21:37.534698,USD,Completed
ORD005938,CUST02970,2025-12-16 10:27:54.230155,USD ,Completed
ORD005939,CUST02036,2026-03-13 04:24:48.049979,USD,Cancelled
ORD005940,CUST03855,2025-10-16 13:38:45.916291,USD,Completed
ORD005941,CUST01768,2026-03-20 07:58:45.277797,USD,Completed
ORD005942,CUST03792,2025-12-03 06:21:51.168572,USD,Completed
ORD005943,CUST02620,2025-09-23 22:02:34.286701,USD,Refunded
ORD005944,CUST01806,2026-01-17 21:12:00.396750,USD,Completed
ORD005945,CUST01186,2025-10-29 00:43:35.309523,USD,Completed
ORD005946,CUST02863,2025-08-24 22:50:00.275205,usd,Completed
ORD005947,CUST04720,2025-07-03 21:09:54.698936,US$,Completed
ORD005948,CUST03582,2026-04-25 21:12:23.646058,USD,Completed
ORD005949,CUST01617,2025-10-26 16:10:19.442231,US$,Completed
ORD005950,CUST00101,2026-01-31 23:56:12.152942,USD,Completed
ORD005951,CUST02669,2025-11-22 21:15:52.704924,usd,Completed
ORD005952,CUST00363,2026-06-13 13:38:24.020724,USD ,Completed
ORD005953,CUST04248,2025-08-27 01:51:49.956443,USD,Cancelled
ORD005954,CUST00342,2026-02-22 21:40:52.377783,USD,Completed
ORD005955,CUST01305,2025-08-28 08:08:45.812225,USD,Completed
ORD005956,CUST02846,2026-04-13 21:26:23.195939,USD,Completed
ORD005957,CUST04724,2025-11-01 07:33:51.906883,USD,Completed
ORD005958,CUST03702,2025-12-06 05:42:04.748276,USD,Completed
ORD005959,CUST01289,2025-09-07 09:11:42.022160,USD,Completed
ORD005960,CUST04151,2025-12-15 00:52:35.021014,$,Completed
ORD005961,CUST03118,2025-07-28 02:47:58.759568,USD,Completed
ORD005962,CUST02885,2025-10-23 09:10:52.816415,USD,Completed
ORD005963,CUST01114,2025-07-03 10:52:40.348879,USD,Completed
ORD005964,CUST00678,2025-08-09 05:42:44.931473,$,Refunded
ORD005965,CUST03058,2025-09-07 03:05:27.518512,US$,Completed
ORD005966,CUST03032,2026-04-10 15:29:07.080312,USD,Completed
ORD005967,CUST03681,2025-07-01 22:15:05.303623,usd,Refunded
ORD005968,CUST01762,2025-10-14 18:55:08.664388,US$,Completed
ORD005969,CUST02340,2025-10-19 13:05:33.889271,$,Completed
ORD005970,CUST02765,2026-01-11 13:30:52.200944,usd,Completed
ORD005971,CUST04464,2025-09-02 02:24:55.274546,USD,Completed
ORD005972,CUST01733,2025-11-08 07:59:34.769436,usd,Completed
ORD005973,CUST03602,2026-05-09 23:31:27.294882,USD ,Completed
ORD005974,CUST03872,2026-01-05 18:02:42.933453,USD,Completed
ORD005975,CUST02727,2025-11-24 22:51:46.991387,USD,Completed
ORD005976,CUST04779,2026-04-28 22:43:34.598405,USD,Refunded
ORD005977,CUST01441,2026-05-11 10:19:26.842221,usd,Completed
ORD005978,CUST01827,2025-08-27 12:21:03.918303,USD ,Completed
ORD005979,CUST03198,2025-09-12 10:04:13.091196,US$,Completed
ORD005980,CUST02980,2026-01-26 04:49:44.134208,US$,Completed
ORD005981,CUST03988,2025-11-22 03:00:30.261760,usd,Completed
ORD005982,CUST02361,2025-10-23 22:12:20.141422,USD,Completed
ORD005983,CUST02685,2026-05-12 06:19:00.864275,$,Completed
ORD005984,CUST01385,2026-02-16 08:03:15.443529,USD,Completed
ORD005985,CUST01684,2025-08-30 08:07:33.615375,usd,Completed
ORD005986,CUST02101,2025-08-04 05:51:36.630795,USD,Completed
ORD005987,CUST01078,2026-04-19 11:27:45.157816,USD,Completed
ORD005988,CUST03168,2025-09-02 08:16:00.826969,USD,Completed
ORD005989,CUST03667,2026-05-23 00:14:20.786112,USD,Completed
ORD005990,CUST03081,2025-10-23 06:14:40.109884,USD,Completed
ORD005991,CUST04672,2025-08-15 15:27:53.801704,USD,Completed
ORD005992,CUST04958,2025-09-18 22:48:54.587360,USD,Completed
ORD005993,CUST00303,2025-12-20 23:23:03.590400,$,Completed
ORD005994,CUST04336,2025-07-07 08:20:59.356000,USD,Completed
ORD005995,CUST03706_DUP,2025-12-08 05:35:42.682410,USD,Completed
ORD005996,CUST04770,2026-04-21 00:12:26.442186,USD,Completed
ORD005997,CUST00121,2025-07-13 11:58:40.551015,USD,Completed
ORD005998,CUST04153,2025-07-23 05:40:56.334358,USD,Completed
ORD005999,CUST00867,2025-09-04 07:40:22.516171,usd,Completed
ORD006000,CUST01562,2026-02-15 16:29:28.189609,USD,Completed
ORD006001,CUST04903,2026-05-16 17:43:17.903722,USD,Cancelled
ORD006002,CUST03402,2025-12-16 03:50:55.649354,$,Completed
ORD006003,CUST00284,2026-03-15 15:41:42.584465,USD,Completed
ORD006004,CUST02459,2025-08-05 05:08:32.657039,USD,Completed
ORD006005,CUST01378,2025-11-21 12:03:59.257729,USD,Completed
ORD006006,CUST04772,2026-03-22 06:23:03.501851,USD,Completed
ORD006007,CUST04493,2026-04-14 20:22:51.184447,US$,Completed
ORD006008,CUST04252,2026-05-17 23:55:15.590478,$,Completed
ORD006009,CUST04304,2025-07-31 22:34:06.712996,USD,Cancelled
ORD006010,CUST00030,2025-12-30 20:11:49.983067,USD,Completed
ORD006011,CUST01429,2026-06-09 10:54:18.298018,$,Completed
ORD006012,CUST03279,2025-08-02 07:38:04.366700,USD,Completed
ORD006013,CUST03392,2026-04-06 12:37:51.418577,USD,Completed
ORD006014,CUST02734,2025-10-09 01:47:31.176246,USD ,Completed
ORD006015,CUST02345,2025-12-23 17:51:54.121911,USD,Completed
ORD006016,CUST01716,2026-05-05 21:58:01.525683,US$,Completed
ORD006017,CUST00926,2026-03-29 21:57:04.515743,US$,Completed
ORD006018,CUST04050,2026-05-05 17:07:14.487695,USD ,Completed
ORD006019,CUST01741,2026-03-22 04:03:52.326931,US$,Completed
ORD006020,CUST01833,2026-05-26 14:16:22.492531,usd,Completed
ORD006021,CUST04812,2026-06-10 13:47:51.948751,USD,Cancelled
ORD006022,CUST00450,2025-07-24 06:53:16.555399,US$,Completed
ORD006023,CUST02434,2025-11-07 16:00:02.879293,USD,Completed
ORD006024,CUST04844,2025-09-24 11:05:44.735316,USD ,Completed
ORD006025,CUST04000,2026-01-01 10:41:42.512760,USD,Completed
ORD006026,CUST04200,2025-08-26 06:15:40.548864,usd,Completed
ORD006027,CUST00961,2025-12-30 12:19:54.550636,USD,Completed
ORD006028,CUST00270,2026-03-18 11:20:31.978138,USD,Completed
ORD006029,CUST03871,2026-04-30 12:20:11.462270,USD,Completed
ORD006030,CUST00750,2026-04-19 17:08:57.940524,usd,Completed
ORD006031,CUST01872,2025-09-11 01:14:44.957345,USD,Completed
ORD006032,CUST03166,2025-08-17 05:48:27.403618,USD,Completed
ORD006033,CUST02533,2025-10-02 19:56:57.187508,USD,Completed
ORD006034,CUST01075,2026-05-24 16:00:52.254043,USD,Completed
ORD006035,CUST00592,2026-01-09 15:05:47.490445,USD,Completed
ORD006036,CUST00139,2026-04-13 09:40:54.949944,USD,Completed
ORD006037,CUST01152,2025-07-29 23:42:39.818557,USD,Completed
ORD006038,CUST04461,2025-11-22 11:22:28.072774,USD,Completed
ORD006039,CUST04367,2025-09-13 19:33:07.065362,USD,Completed
ORD006040,CUST00199,2025-10-12 19:20:26.067807,USD,Completed
ORD006041,CUST02144,2025-08-24 07:16:06.800217,USD,Completed
ORD006042,CUST03716,2026-01-12 05:16:21.840791,USD,Completed
ORD006043,CUST04533,2026-02-07 16:28:09.880848,US$,Completed
ORD006044,CUST04709,2026-03-20 06:58:57.163965,USD,Completed
ORD006045,CUST00349,2025-07-30 11:42:26.497446,USD,Cancelled
ORD006046,CUST00569,2025-08-23 08:55:32.800251,USD,Completed
ORD006047,CUST01482,2025-09-08 03:57:48.007164,usd,Completed
ORD006048,CUST03252,2025-12-23 18:21:33.857330,US$,Completed
ORD006049,CUST01598,2026-04-08 15:10:46.564638,USD,Completed
ORD006050,CUST01764,2026-01-28 23:44:38.846931,USD,Cancelled
ORD006051,CUST01447,2025-10-18 08:33:45.900393,USD,Completed
ORD006052,CUST04588,2026-03-04 19:05:06.234847,US$,Completed
ORD006053,CUST04889,2025-09-22 10:14:42.913178,USD,Completed
ORD006054,CUST02272,2025-11-04 00:00:27.941779,USD,Completed
ORD006055,CUST01936,2026-03-15 00:37:29.495084,US$,Completed
ORD006056,CUST03813,2026-02-22 22:33:39.604863,USD,Cancelled
ORD006057,CUST01284,2025-12-04 10:52:57.632519,USD,Completed
ORD006058,CUST02986,2026-03-31 18:08:14.949412,USD,Completed
ORD006059,CUST04518,2026-02-01 06:27:44.374822,USD,Completed
ORD006060,CUST01677,2025-08-18 08:04:19.336536,USD,Cancelled
ORD006061,CUST02875,2026-03-27 16:27:23.061736,USD,Refunded
ORD006062,CUST02969,2025-10-06 08:59:08.857077,USD,Cancelled
ORD006063,CUST01536,2026-04-18 07:45:03.989361,USD,Completed
ORD006064,CUST00559,2025-11-27 23:41:29.078435,USD,Completed
ORD006065,CUST04721,2025-09-24 03:03:08.130720,USD,Cancelled
ORD006066,CUST03976,2026-04-22 20:55:50.149663,USD,Completed
ORD006067,CUST02976,2025-08-02 11:20:26.143738,USD,Completed
ORD006068,CUST02769,2025-07-27 22:48:46.178536,USD,Completed
ORD006069,CUST01029,2026-06-16 03:05:18.456477,USD,Completed
ORD006070,CUST01664,2025-10-24 07:57:51.966052,USD,Completed
ORD006071,CUST04805,2026-06-06 15:32:15.591979,US$,Completed
ORD006072,CUST01228,2025-10-05 10:05:00.698936,USD,Completed
ORD006073,CUST02535,2026-03-14 17:37:48.495836,USD,Completed
ORD006074,CUST02769,2026-02-18 17:11:22.528958,USD,Completed
ORD006075,CUST03399,2026-01-27 07:58:00.239477,USD,Completed
ORD006076,CUST00409,2025-10-10 07:44:05.366977,USD,Completed
ORD006077,CUST04240,2025-12-17 05:14:17.467533,$,Completed
ORD006078,CUST02277,2025-12-28 01:44:14.549334,USD,Completed
ORD006079,CUST04818,2026-01-21 15:58:43.348991,USD,Completed
ORD006080,CUST00096,2025-12-09 11:38:28.562726,USD,Completed
ORD006081,CUST00836,2025-07-11 19:54:40.128021,USD,Completed
ORD006082,CUST03999,2025-08-16 09:43:24.133223,USD,Completed
ORD006083,CUST02541,2026-04-04 00:16:03.779001,USD,Completed
ORD006084,CUST00994,2026-01-24 22:08:28.565826,USD,Completed
ORD006085,CUST00146,2026-01-11 07:56:11.659305,USD,Completed
ORD006086,CUST03033,2025-11-27 23:03:51.908302,US$,Completed
ORD006087,CUST02380,2025-10-28 20:54:17.533217,USD,Completed
ORD006088,CUST01322,2025-08-14 01:00:14.687544,USD,Completed
ORD006089,CUST04898,2025-12-24 16:43:21.422141,USD,Completed
ORD006090,CUST00018,2026-01-17 10:28:56.673505,USD,Refunded
ORD006091,CUST00862,2025-11-11 18:06:21.775222,USD,Completed
ORD006092,CUST04948,2025-07-07 20:56:38.127854,USD,Completed
ORD006093,CUST04865,2026-04-21 15:56:59.152670,USD,Completed
ORD006094,CUST02860,2025-08-11 22:52:36.050109,USD,Refunded
ORD006095,CUST00983,2025-07-01 01:28:53.981735,$,Completed
ORD006096,CUST01324,2026-04-19 19:48:31.147318,USD,Cancelled
ORD006097,CUST03877,2026-05-16 08:29:09.047272,USD,Completed
ORD006098,CUST02299,2025-07-18 13:51:09.316951,USD,Cancelled
ORD006099,CUST01307,2025-09-18 15:12:31.371847,USD,Completed
ORD006100,CUST04221,2025-07-30 00:23:44.589841,USD,Completed
ORD006101,CUST01608,2026-06-09 00:23:25.084329,usd,Completed
ORD006102,CUST02833,2026-02-28 19:28:25.354279,USD,Completed
ORD006103,CUST04572,2026-05-23 00:37:46.704248,US$,Completed
ORD006104,CUST01349,2026-04-09 11:28:09.498283,USD,Cancelled
ORD006105,CUST02107,2026-06-08 14:23:23.974355,US$,Cancelled
ORD006106,CUST03983,2025-07-13 15:04:08.018019,USD,Completed
ORD006107,CUST01863,2025-12-02 19:25:26.699841,USD,Completed
ORD006108,CUST01864,2026-03-28 11:26:29.051686,USD,Completed
ORD006109,CUST02420,2025-12-11 15:21:36.790563,USD,Completed
ORD006110,CUST01169,2026-06-08 13:53:24.364849,usd,Completed
ORD006111,CUST03843,2025-12-20 12:47:33.172607,USD,Cancelled
ORD006112,CUST03587,2025-07-27 13:09:18.104432,$,Completed
ORD006113,CUST00528,2025-12-23 05:37:04.418310,US$,Completed
ORD006114,CUST03017,2026-03-11 08:14:40.321819,USD,Cancelled
ORD006115,CUST00418,2025-08-25 05:42:14.129139,USD,Completed
ORD006116,CUST00152,2025-09-06 15:37:38.690277,USD ,Completed
ORD006117,CUST02868,2025-09-09 05:38:14.203907,USD,Completed
ORD006118,CUST02582,2026-06-06 00:51:58.935716,USD,Cancelled
ORD006119,CUST01108,2026-06-18 13:47:43.066008,US$,Completed
ORD006120,CUST04862,2025-08-30 09:54:28.279829,USD,Completed
ORD006121,CUST00761,2026-03-10 17:38:47.221069,USD,Completed
ORD006122,CUST00204,2025-07-13 20:31:42.965875,USD,Cancelled
ORD006123,CUST02139,2026-06-07 11:57:35.690903,USD,Completed
ORD006124,CUST00954,2025-12-15 15:56:53.770993,USD,Completed
ORD006125,CUST02435,2026-02-16 06:01:24.704847,USD,Completed
ORD006126,CUST01623,2026-03-12 16:07:41.253173,USD,Completed
ORD006127,CUST00921,2026-03-15 17:17:38.827771,USD,Completed
ORD006128,CUST00105,2025-11-18 13:19:56.593008,USD,Completed
ORD006129,CUST02750,2026-03-31 17:49:07.023618,USD,Cancelled
ORD006130,CUST00658,2025-08-18 18:52:58.331533,USD,Completed
ORD006131,CUST03688,2025-08-06 23:30:46.230267,USD,Refunded
ORD006132,CUST04473,2025-09-12 01:42:57.943658,USD,Completed
ORD006133,CUST02451,2025-08-16 15:29:45.630985,$,Completed
ORD006134,CUST02179,2025-09-09 08:08:49.067588,USD,Completed
ORD006135,CUST02027,2025-09-30 21:59:12.767131,$,Completed
ORD006136,CUST00297,2026-03-15 10:36:40.728113,USD,Completed
ORD006137,CUST04543,2026-04-09 14:49:29.062551,USD,Completed
ORD006138,CUST01540,2025-11-29 03:13:06.170846,USD,Completed
ORD006139,CUST03923_DUP,2026-04-25 02:00:24.626100,usd,Completed
ORD006140,CUST00847,2026-04-27 21:26:05.334958,USD,Cancelled
ORD006141,CUST04450,2025-08-19 11:03:56.159241,USD,Completed
ORD006142,CUST02900,2026-05-26 06:01:04.167920,USD,Completed
ORD006143,CUST00499,2026-01-08 04:56:24.177434,usd,Cancelled
ORD006144,CUST02334,2025-09-06 22:52:16.692755,USD,Completed
ORD006145,CUST03929,2025-07-21 10:35:47.538681,USD,Completed
ORD006146,CUST02914,2025-11-18 10:35:44.672978,USD,Completed
ORD006147,CUST00392,2025-08-22 05:55:30.761010,USD,Cancelled
ORD006148,CUST00475,2025-10-09 07:43:46.405624,usd,Completed
ORD006149,CUST02505,2026-04-09 00:41:21.513006,USD,Refunded
ORD006150,CUST04699,2025-12-23 10:05:18.503012,USD,Completed
ORD006151,CUST03839,2025-08-31 08:11:29.253173,US$,Cancelled
ORD006152,CUST04743,2025-10-05 15:03:36.688219,US$,Completed
ORD006153,CUST00982,2025-09-05 13:28:53.770218,USD,Completed
ORD006154,CUST02744,2026-01-24 21:03:05.315038,usd,Completed
ORD006155,CUST01954,2026-05-27 11:03:50.049095,USD,Completed
ORD006156,CUST02641,2026-03-23 05:42:53.242000,USD,Completed
ORD006157,CUST02017,2025-08-27 06:21:24.741168,USD,Cancelled
ORD006158,CUST04437,2026-02-12 16:20:30.884794,usd,Completed
ORD006159,CUST04624,2025-12-20 18:34:13.572022,USD,Completed
ORD006160,CUST01001,2026-04-18 13:56:34.972532,US$,Completed
ORD006161,CUST04335,2025-08-25 18:00:33.142482,USD,Completed
ORD006162,CUST04343,2025-12-08 07:06:36.631362,US$,Completed
ORD006163,CUST00350,2025-11-02 13:33:55.166000,US$,Completed
ORD006164,CUST00124,2026-01-09 15:24:03.403392,$,Completed
ORD006165,CUST00123,2026-05-08 12:15:07.204436,usd,Completed
ORD006166,CUST00435,2025-12-12 06:39:14.193445,USD,Cancelled
ORD006167,CUST02372,2025-10-11 23:35:00.124813,USD,Completed
ORD006168,CUST03890,2026-03-08 08:36:05.774862,USD,Completed
ORD006169,CUST01166,2025-10-31 16:22:30.971724,USD,Completed
ORD006170,CUST04766,2026-03-03 13:27:23.840700,US$,Completed
ORD006171,CUST00143,2025-09-11 05:05:53.568035,USD,Completed
ORD006172,CUST00832,2025-12-16 13:03:39.356046,USD,Completed
ORD006173,CUST02900,2025-12-18 21:49:28.700331,$,Completed
ORD006174,CUST02512,2025-09-12 02:44:24.900525,USD,Completed
ORD006175,CUST00201,2026-01-06 21:17:04.113106,US$,Completed
ORD006176,CUST00954,2025-10-16 06:23:42.748342,US$,Completed
ORD006177,CUST03725,2025-07-18 17:49:09.622486,usd,Completed
ORD006178,CUST04525,2026-04-04 19:49:16.840627,USD,Completed
ORD006179,CUST02601,2025-12-04 09:51:18.628109,usd,Completed
ORD006180,CUST04058,2025-11-08 23:56:58.767794,USD,Completed
ORD006181,CUST03784,2025-11-02 06:10:30.159850,USD,Completed
ORD006182,CUST01476,2026-03-12 15:46:54.500036,usd,Completed
ORD006183,CUST03899,2026-01-13 23:31:50.171875,USD,Refunded
ORD006184,CUST01871,2025-09-27 00:12:04.282942,USD,Completed
ORD006185,CUST04378_DUP,2026-05-14 12:18:45.759091,USD,Completed
ORD006186,CUST00331,2026-03-28 04:47:08.930927,USD,Completed
ORD006187,CUST02631,2025-12-22 05:04:10.487190,USD,Refunded
ORD006188,CUST02176,2025-08-17 16:59:53.932983,USD,Completed
ORD006189,CUST01567,2026-05-13 01:15:05.724005,USD,Completed
ORD006190,CUST04247,2026-01-15 05:14:27.096879,USD,Completed
ORD006191,CUST04730,2026-03-21 02:21:53.822676,usd,Completed
ORD006192,CUST04484,2026-06-24 07:17:44.326302,USD,Completed
ORD006193,CUST03535,2025-11-24 14:07:40.290363,USD,Completed
ORD006194,CUST00711,2026-03-09 07:16:18.599896,USD,Completed
ORD006195,CUST00061,2026-03-15 06:47:57.414591,USD,Completed
ORD006196,CUST01948,2026-05-27 03:13:29.454538,USD,Completed
ORD006197,CUST02051,2025-12-20 16:51:59.752009,usd,Completed
ORD006198,CUST02043,2025-10-30 17:14:48.311427,USD,Completed
ORD006199,CUST00617,2026-04-20 23:57:04.990320,USD,Completed
ORD006200,CUST02354,2025-07-24 07:50:10.250117,USD,Completed
ORD006201,CUST03945,2026-01-19 09:59:28.740053,usd,Completed
ORD006202,CUST04601,2025-08-26 08:38:29.479612,USD,Completed
ORD006203,CUST00891,2025-12-03 00:32:09.437040,usd,Completed
ORD006204,CUST03128,2025-08-13 21:21:23.068079,$,Completed
ORD006205,CUST03648,2025-07-23 14:33:48.510704,USD,Completed
ORD006206,CUST03945,2026-02-17 19:11:54.875354,US$,Completed
ORD006207,CUST02817,2026-04-11 04:44:22.359554,USD,Completed
ORD006208,CUST02652,2025-09-24 10:07:19.916123,$,Completed
ORD006209,CUST03421,2025-11-04 11:08:52.181308,US$,Completed
ORD006210,CUST01590,2025-07-11 22:31:34.989249,USD,Completed
ORD006211,CUST03248,2026-06-10 04:31:15.173444,USD,Completed
ORD006212,CUST01443,2026-02-20 00:21:57.267944,USD,Completed
ORD006213,CUST00155,2025-12-05 05:35:20.845572,USD,Completed
ORD006214,CUST04282,2026-03-07 20:25:26.502046,US$,Completed
ORD006215,CUST04496,2025-08-27 13:56:18.858339,USD,Completed
ORD006216,CUST04482,2026-04-08 09:55:34.499724,USD,Completed
ORD006217,CUST00853,2025-12-10 02:50:34.990546,USD,Cancelled
ORD006218,CUST00081,2025-09-01 17:00:13.222475,USD,Refunded
ORD006219,CUST02168,2025-07-09 05:52:19.045413,US$,Completed
ORD006220,CUST00310,2026-06-13 18:22:41.895151,usd,Completed
ORD006221,CUST02305,2025-09-23 01:33:42.105698,USD,Completed
ORD006222,CUST01513,2026-05-02 12:31:08.248815,USD,Completed
ORD006223,CUST03541,2026-04-09 11:01:10.607297,USD,Completed
ORD006224,CUST03093,2026-06-24 19:40:23.439544,USD,Cancelled
ORD006225,CUST04466,2026-02-04 02:02:42.845742,USD,Completed
ORD006226,CUST03555,2026-01-02 16:58:16.979125,US$,Completed
ORD006227,CUST04621,2026-06-24 02:36:48.709654,USD,Completed
ORD006228,CUST00700,2025-07-27 20:30:40.840321,USD,Cancelled
ORD006229,CUST01243,2026-04-09 17:20:17.946640,USD,Completed
ORD006230,CUST00057,2026-02-20 08:46:08.653558,USD,Completed
ORD006231,CUST01878,2025-11-16 11:32:31.928439,USD,Cancelled
ORD006232,CUST04298,2026-05-04 12:03:22.068220,usd,Completed
ORD006233,CUST04651,2025-07-24 00:56:29.810853,USD,Completed
ORD006234,CUST02345,2025-09-22 05:24:54.002974,USD,Completed
ORD006235,CUST01515,2025-11-07 01:58:26.684894,usd,Completed
ORD006236,CUST03336,2026-06-19 17:09:24.906827,USD,Completed
ORD006237,CUST01916,2025-12-05 18:38:24.100835,$,Completed
ORD006238,CUST01078,2026-04-13 21:44:08.506993,US$,Completed
ORD006239,CUST03993,2026-01-03 19:45:51.572248,US$,Completed
ORD006240,CUST00846,2026-01-27 09:50:15.009341,USD,Completed
ORD006241,CUST01701,2025-09-22 15:08:30.156144,USD,Completed
ORD006242,CUST04128,2025-08-14 08:47:29.824177,USD,Completed
ORD006243,CUST01433,2025-10-17 09:25:09.999704,USD,Completed
ORD006244,CUST00520,2026-04-25 12:14:33.146117,USD,Completed
ORD006245,CUST02002,2025-12-23 04:21:47.256291,USD,Completed
ORD006246,CUST03880,2026-04-27 20:56:27.869265,usd,Completed
ORD006247,CUST00110,2026-01-21 15:59:46.756308,USD,Completed
ORD006248,CUST04898,2025-08-07 00:54:02.970917,USD ,Completed
ORD006249,CUST03389,2025-12-27 22:14:38.461815,$,Completed
ORD006250,CUST04348,2025-10-24 01:12:46.781842,USD,Completed
ORD006251,CUST00249,2026-03-08 21:41:41.565915,USD,Completed
ORD006252,CUST03939,2025-10-15 01:36:49.178134,USD,Completed
ORD006253,CUST04184,2025-09-19 02:19:19.922989,USD,Completed
ORD006254,CUST01814,2025-10-12 05:51:35.541004,USD,Completed
ORD006255,CUST04648,2025-12-20 20:40:00.142623,USD,Completed
ORD006256,CUST00475,2026-04-10 23:36:40.509063,usd,Cancelled
ORD006257,CUST01506,2026-06-28 01:32:42.635880,usd,Completed
ORD006258,CUST04235,2026-02-24 18:36:06.731236,USD,Completed
ORD006259,CUST02854,2026-01-27 13:02:54.916124,USD,Completed
ORD006260,CUST03455,2026-03-29 20:23:03.483507,USD,Completed
ORD006261,CUST01991,2026-03-31 00:18:09.542189,$,Completed
ORD006262,CUST00351,2026-05-09 22:41:01.260156,USD,Completed
ORD006263,CUST04192,2025-11-10 01:00:54.624658,USD,Completed
ORD006264,CUST00701,2025-09-20 09:07:13.836585,USD,Completed
ORD006265,CUST01305,2026-01-29 11:17:23.288282,USD,Completed
ORD006266,CUST03186,2025-08-22 04:21:21.363179,USD,Completed
ORD006267,CUST04719,2025-12-20 19:36:21.116380,USD,Completed
ORD006268,CUST00694,2025-08-07 04:23:42.980946,USD,Refunded
ORD006269,CUST01233,2025-09-26 13:16:17.076428,USD,Refunded
ORD006270,CUST02092,2025-07-01 18:06:20.369677,USD,Completed
ORD006271,CUST01299,2025-07-23 13:27:48.685486,USD,Completed
ORD006272,CUST03440,2025-11-13 21:52:00.333153,USD,Completed
ORD006273,CUST02520,2025-09-25 15:08:49.348260,USD,Completed
ORD006274,CUST01754,2025-12-12 17:04:40.456226,US$,Completed
ORD006275,CUST04557,2026-06-20 09:29:59.127476,USD,Completed
ORD006276,CUST01814,2026-04-13 20:34:17.870713,US$,Completed
ORD006277,CUST03704,2025-09-25 09:51:21.252421,USD,Completed
ORD006278,CUST03408,2026-05-11 17:20:29.758250,$,Completed
ORD006279,CUST02719,2025-08-25 19:56:29.660050,USD,Completed
ORD006280,CUST03340,2026-03-22 02:20:31.854607,USD,Completed
ORD006281,CUST00404,2025-08-20 01:55:11.726435,USD,Completed
ORD006282,CUST02391,2026-01-24 03:28:21.101352,USD,Completed
ORD006283,CUST04496,2025-12-19 21:15:12.904752,USD,Completed
ORD006284,CUST03402,2025-11-11 04:36:33.302765,USD,Completed
ORD006285,CUST02021,2025-11-06 00:11:19.517163,USD,Completed
ORD006286,CUST03044,2025-11-04 04:11:41.674977,USD,Completed
ORD006287,CUST04155,2025-07-07 13:06:12.809724,USD,Completed
ORD006288,CUST03948,2025-10-21 20:04:37.073757,USD,Completed
ORD006289,CUST04298,2026-05-01 23:24:00.110688,USD,Completed
ORD006290,CUST04993,2025-08-09 16:47:07.723587,USD,Completed
ORD006291,CUST01915,2025-10-23 13:58:44.439426,USD,Completed
ORD006292,CUST04203,2026-04-04 06:01:43.309005,$,Completed
ORD006293,CUST02390,2026-02-21 01:22:47.639091,USD,Completed
ORD006294,CUST01362,2026-04-14 07:44:14.199873,USD,Completed
ORD006295,CUST03092,2025-07-11 07:19:28.614780,USD,Completed
ORD006296,CUST02188,2025-10-10 20:42:37.641130,USD,Completed
ORD006297,CUST03195,2026-04-20 01:45:01.417281,USD,Completed
ORD006298,CUST00988,2026-05-24 18:23:30.517377,USD ,Completed
ORD006299,CUST01418,2025-07-15 10:21:10.227152,USD,Completed
ORD006300,CUST04815,2025-11-23 15:02:28.561603,USD,Cancelled
ORD006301,CUST03261,2026-04-24 01:38:28.587401,usd,Completed
ORD006302,CUST01919,2026-06-11 10:11:35.338974,USD,Completed
ORD006303,CUST01326,2026-06-26 13:52:38.147728,USD,Completed
ORD006304,CUST04161,2025-09-04 05:20:24.709266,USD ,Completed
ORD006305,CUST00254,2025-10-10 22:54:41.144521,USD,Completed
ORD006306,CUST00738,2025-10-04 00:25:00.223441,USD,Completed
ORD006307,CUST04497,2026-06-19 03:32:43.039748,$,Completed
ORD006308,CUST03075,2025-09-21 12:03:04.672534,USD,Completed
ORD006309,CUST00125,2026-02-07 21:06:45.018771,USD,Completed
ORD006310,CUST00833,2025-09-09 07:44:45.818823,USD,Completed
ORD006311,CUST00026,2026-01-19 01:06:39.030000,US$,Completed
ORD006312,CUST04116,2025-07-03 15:00:18.281891,USD,Completed
ORD006313,CUST00656,2026-05-17 23:14:20.778031,USD,Completed
ORD006314,CUST00265,2026-02-04 18:34:13.501063,USD,Completed
ORD006315,CUST03008,2025-10-18 02:22:20.541550,USD,Completed
ORD006316,CUST00351,2025-11-23 00:21:07.040210,USD,Cancelled
ORD006317,CUST03060,2026-05-17 03:05:40.568748,USD,Completed
ORD006318,CUST03890,2025-10-16 19:51:32.808462,USD,Completed
ORD006319,CUST01217,2025-07-17 03:53:13.558965,USD,Refunded
ORD006320,CUST04059,2026-06-11 00:55:08.549159,USD,Completed
ORD006321,CUST02793,2026-06-17 11:02:35.754999,USD,Completed
ORD006322,CUST02764,2026-05-31 16:14:22.575697,USD ,Completed
ORD006323,CUST04288,2025-10-16 01:02:00.132589,usd,Completed
ORD006324,CUST02326,2025-07-01 17:47:38.876904,USD,Completed
ORD006325,CUST00055,2025-10-02 21:24:02.944992,usd,Completed
ORD006326,CUST03110,2026-05-28 17:03:40.295543,US$,Completed
ORD006327,CUST00548,2026-06-29 06:44:24.282769,USD,Completed
ORD006328,CUST00650,2025-10-05 08:27:40.932730,USD,Completed
ORD006329,CUST01348,2026-04-22 21:09:46.266482,USD,Completed
ORD006330,CUST03086,2026-05-26 07:08:33.729249,USD,Completed
ORD006331,CUST00749,2026-05-09 11:16:37.194259,USD,Completed
ORD006332,CUST01886,2025-12-25 20:01:39.986727,usd,Cancelled
ORD006333,CUST03171,2026-04-07 06:12:36.396001,US$,Refunded
ORD006334,CUST02689,2025-12-24 13:18:13.546108,USD,Completed
ORD006335,CUST02966,2025-12-24 07:59:04.616697,USD,Completed
ORD006336,CUST03150,2025-08-24 19:04:14.226873,USD,Completed
ORD006337,CUST01480,2026-01-02 16:45:46.622836,USD,Completed
ORD006338,CUST01929,2025-12-02 16:36:13.006006,US$,Completed
ORD006339,CUST02542,2025-10-16 15:31:56.885385,USD,Completed
ORD006340,CUST03566,2026-05-31 23:17:55.109931,USD,Completed
ORD006341,CUST00412,2026-01-05 22:17:31.979559,USD,Completed
ORD006342,CUST00945,2025-07-27 06:48:59.424555,USD,Completed
ORD006343,CUST04240,2025-10-16 19:08:55.747921,USD,Completed
ORD006344,CUST02369,2026-01-27 05:38:39.921053,USD,Completed
ORD006345,CUST01828,2026-03-07 13:01:03.595027,$,Completed
ORD006346,CUST02131,2025-12-08 22:55:59.431234,USD,Completed
ORD006347,CUST03198,2025-10-07 06:37:33.158446,USD,Completed
ORD006348,CUST01976,2025-09-02 15:28:39.140804,US$,Completed
ORD006349,CUST01350,2025-07-13 13:12:44.804066,USD,Completed
ORD006350,CUST04976,2025-09-24 21:33:45.005619,USD,Completed
ORD006351,CUST02386,2026-05-24 21:48:14.449027,USD,Cancelled
ORD006352,CUST00575,2025-09-11 02:01:11.585266,USD,Completed
ORD006353,CUST01617,2025-11-08 23:40:52.167763,USD,Completed
ORD006354,CUST02651,2026-06-11 04:16:52.028189,USD,Completed
ORD006355,CUST03500_DUP,2026-01-31 11:23:18.119469,USD,Cancelled
ORD006356,CUST03895,2026-01-19 11:21:39.983835,USD,Completed
ORD006357,CUST04564,2026-06-13 12:28:43.314805,USD,Cancelled
ORD006358,CUST00471,2025-10-25 18:23:14.925600,USD,Completed
ORD006359,CUST03434,2025-09-22 13:25:23.492563,USD,Completed
ORD006360,CUST01623,2025-08-21 02:08:42.651960,USD,Completed
ORD006361,CUST03034,2026-02-12 06:10:03.592643,USD,Completed
ORD006362,CUST02334,2025-12-26 07:26:51.473173,USD,Completed
ORD006363,CUST03731,2025-10-27 01:07:28.181908,USD,Completed
ORD006364,CUST03987,2025-12-06 21:30:21.107423,USD,Completed
ORD006365,CUST01653,2026-03-24 21:24:31.309005,usd,Completed
ORD006366,CUST01087,2026-05-22 18:58:15.744758,USD,Completed
ORD006367,CUST03928,2026-02-24 12:56:59.504501,USD,Completed
ORD006368,CUST03455,2026-02-08 10:20:59.652088,USD,Completed
ORD006369,CUST03700,2026-03-31 19:30:21.495150,USD,Completed
ORD006370,CUST01083,2025-09-02 07:13:53.249979,USD,Completed
ORD006371,CUST02741,2026-06-01 07:54:51.468422,USD,Completed
ORD006372,CUST01338,2025-11-02 21:44:17.134061,USD,Completed
ORD006373,CUST02276,2025-10-04 18:31:53.666398,$,Completed
ORD006374,CUST04329,2026-06-11 06:02:22.924085,USD,Completed
ORD006375,CUST03661,2025-10-02 11:16:34.831271,USD,Completed
ORD006376,CUST00992,2025-08-09 20:42:17.624114,USD,Completed
ORD006377,CUST03989,2026-04-18 18:58:30.041059,USD,Completed
ORD006378,CUST03494,2026-01-15 05:05:51.523827,US$,Completed
ORD006379,CUST04777,2025-11-09 00:47:00.864517,USD,Completed
ORD006380,CUST04255,2026-03-29 21:38:40.978054,usd,Completed
ORD006381,CUST01901,2026-03-21 23:32:57.254913,USD,Completed
ORD006382,CUST02434,2025-08-28 04:54:21.919381,USD,Completed
ORD006383,CUST02651,2026-01-23 10:11:19.999689,USD,Completed
ORD006384,CUST02338,2025-09-10 14:47:44.897338,USD,Completed
ORD006385,CUST02385,2025-11-19 13:21:53.733751,USD,Completed
ORD006386,CUST03753,2025-12-09 06:09:45.621822,USD,Completed
ORD006387,CUST02459,2025-09-27 08:23:24.808886,USD,Completed
ORD006388,CUST03936,2026-03-03 03:18:42.901200,USD,Completed
ORD006389,CUST04929,2026-02-13 17:13:45.817974,USD,Completed
ORD006390,CUST01337,2026-04-25 05:55:56.755854,USD,Completed
ORD006391,CUST00450,2026-02-22 12:45:01.466062,USD,Refunded
ORD006392,CUST04704_DUP,2025-11-14 23:24:31.426148,USD,Completed
ORD006393,CUST02069,2025-12-08 10:43:20.469453,USD,Completed
ORD006394,CUST03677,2025-12-29 05:10:01.006985,USD,Refunded
ORD006395,CUST00254,2025-07-04 18:41:30.443221,USD,Completed
ORD006396,CUST04902,2026-06-03 19:50:51.464889,USD,Completed
ORD006397,CUST00153,2025-10-17 14:28:27.810315,USD,Completed
ORD006398,CUST04383,2025-08-31 18:10:43.229731,USD,Completed
ORD006399,CUST03848,2026-05-13 17:05:26.178100,USD,Completed
ORD006400,CUST04717,2025-12-23 16:53:05.632041,USD,Completed
ORD006401,CUST04921,2025-11-05 03:20:28.785376,USD,Refunded
ORD006402,CUST03226,2026-02-16 03:24:16.895310,$,Completed
ORD006403,CUST04081_DUP,2026-06-23 08:06:07.622094,$,Refunded
ORD006404,CUST03917,2026-02-05 18:18:50.933963,USD,Completed
ORD006405,CUST03232,2025-07-06 10:55:39.836321,US$,Completed
ORD006406,CUST03926,2025-09-20 20:02:11.079359,usd,Completed
ORD006407,CUST03304,2025-10-15 15:23:27.105681,USD,Completed
ORD006408,CUST03602,2026-03-30 01:22:29.787108,usd,Completed
ORD006409,CUST03369,2026-03-21 19:53:40.776907,USD,Cancelled
ORD006410,CUST01856,2026-01-30 11:45:02.001858,usd,Completed
ORD006411,CUST04376,2026-05-20 02:38:19.544075,USD,Completed
ORD006412,CUST01622,2025-10-14 03:04:45.114104,USD,Completed
ORD006413,CUST01064,2026-01-23 19:30:11.157187,USD,Completed
ORD006414,CUST04225,2025-10-02 14:45:46.393552,USD,Completed
ORD006415,CUST02072,2025-07-19 19:22:11.239387,USD,Completed
ORD006416,CUST02268,2025-10-18 15:10:19.623015,USD,Completed
ORD006417,CUST02563,2025-08-09 05:46:52.712155,USD,Completed
ORD006418,CUST02036,2025-12-12 13:29:15.615660,US$,Refunded
ORD006419,CUST02757,2026-03-09 21:16:06.714590,USD,Completed
ORD006420,CUST03810,2025-11-29 02:49:55.531024,USD,Completed
ORD006421,CUST04431,2025-12-14 23:14:43.821649,USD,Completed
ORD006422,CUST01447,2025-11-14 01:46:54.249977,US$,Completed
ORD006423,CUST02087,2026-05-17 15:20:38.073155,$,Completed
ORD006424,CUST00075,2025-07-02 22:24:56.984003,$,Completed
ORD006425,CUST04827,2025-10-20 21:25:44.240580,USD,Completed
ORD006426,CUST02017,2026-02-05 09:08:36.942941,US$,Completed
ORD006427,CUST02367,2025-10-05 08:43:34.254928,USD,Completed
ORD006428,CUST03493,2026-03-07 11:13:23.745344,USD,Completed
ORD006429,CUST00315,2025-07-24 22:37:17.208113,$,Completed
ORD006430,CUST01790,2025-08-10 13:39:56.760059,USD,Completed
ORD006431,CUST02590,2025-08-16 12:13:54.777186,USD,Completed
ORD006432,CUST02232,2026-01-25 05:37:03.636884,US$,Completed
ORD006433,CUST02567,2025-11-24 15:16:50.570403,USD,Completed
ORD006434,CUST02187,2025-10-20 14:57:41.365188,USD,Completed
ORD006435,CUST03467,2026-01-19 16:45:53.275756,USD,Refunded
ORD006436,CUST00764,2025-09-30 03:53:58.937839,USD,Completed
ORD006437,CUST03679,2025-07-07 14:52:26.028591,US$,Completed
ORD006438,CUST04675,2026-03-19 20:49:34.145186,usd,Completed
ORD006439,CUST01979,2025-11-14 12:30:48.021512,USD,Completed
ORD006440,CUST03571,2025-12-20 00:00:38.984450,$,Completed
ORD006441,CUST01268,2025-10-13 10:07:21.275292,USD,Completed
ORD006442,CUST02102,2026-03-01 00:38:58.697159,usd,Completed
ORD006443,CUST03099,2025-07-07 10:11:56.471612,USD,Completed
ORD006444,CUST01436,2026-03-09 14:18:19.801357,US$,Completed
ORD006445,CUST02982,2026-02-22 14:37:11.303320,USD,Completed
ORD006446,CUST00536,2025-12-03 12:55:32.454272,USD,Completed
ORD006447,CUST02515,2026-05-17 12:50:12.507569,USD,Completed
ORD006448,CUST03989,2026-02-27 04:42:34.812622,US$,Completed
ORD006449,CUST03342,2026-05-16 21:19:54.726706,USD,Completed
ORD006450,CUST02095,2025-12-08 17:26:50.583112,USD,Completed
ORD006451,CUST02966,2025-10-16 05:57:14.990154,USD,Completed
ORD006452,CUST01045,2026-04-24 19:33:35.118083,US$,Completed
ORD006453,CUST01806,2026-05-03 17:56:08.072256,usd,Completed
ORD006454,CUST03370,2025-12-05 04:03:18.009286,USD,Completed
ORD006455,CUST02133,2025-10-22 18:42:54.896104,USD,Completed
ORD006456,CUST04932,2025-08-01 03:39:05.434436,$,Completed
ORD006457,CUST04199_DUP,2025-09-26 18:45:31.768915,USD,Refunded
ORD006458,CUST04929,2026-03-20 18:52:35.527661,USD,Completed
ORD006459,CUST01722,2026-02-01 23:01:24.718524,US$,Refunded
ORD006460,CUST02783,2026-05-13 13:00:53.471276,US$,Completed
ORD006461,CUST01476,2025-12-06 12:11:19.687121,USD,Completed
ORD006462,CUST03521,2025-09-06 20:16:52.713845,USD,Refunded
ORD006463,CUST03464,2025-09-18 14:02:34.588628,US$,Completed
ORD006464,CUST04068,2025-07-29 08:32:15.054775,USD,Completed
ORD006465,CUST02033,2025-08-10 14:10:53.098286,usd,Refunded
ORD006466,CUST02325,2025-08-27 01:27:27.394335,$,Completed
ORD006467,CUST02729,2026-01-20 05:35:26.654896,US$,Completed
ORD006468,CUST02108,2026-02-20 00:13:41.384723,usd,Completed
ORD006469,CUST02239,2026-04-02 15:56:37.898872,USD,Completed
ORD006470,CUST02600,2026-01-06 02:03:04.543755,USD,Completed
ORD006471,CUST04389,2026-01-02 07:51:30.811605,US$,Completed
ORD006472,CUST02134,2026-04-05 11:11:30.845312,USD,Completed
ORD006473,CUST02583,2025-10-09 01:54:46.344670,usd,Completed
ORD006474,CUST02879,2025-11-26 01:42:54.355723,USD,Completed
ORD006475,CUST02514_DUP,2026-02-13 07:40:19.321321,USD,Completed
ORD006476,CUST03529,2025-12-14 08:25:40.239811,USD,Completed
ORD006477,CUST02858,2025-11-28 17:02:37.388110,usd,Completed
ORD006478,CUST03602,2026-02-09 17:32:24.081949,USD,Completed
ORD006479,CUST00009,2025-07-02 15:27:46.285145,USD,Completed
ORD006480,CUST02236,2025-12-05 01:40:55.423142,USD,Completed
ORD006481,CUST04882,2025-08-29 18:08:44.582088,usd,Completed
ORD006482,CUST01047,2025-11-07 14:11:32.185240,USD,Completed
ORD006483,CUST02083,2026-03-27 10:52:45.416487,USD,Completed
ORD006484,CUST01351,2025-10-28 23:40:39.170540,usd,Completed
ORD006485,CUST01727,2025-10-05 18:53:33.892268,USD,Completed
ORD006486,CUST00392,2025-09-18 15:35:39.350257,$,Completed
ORD006487,CUST01991,2026-04-27 10:36:14.581830,USD,Completed
ORD006488,CUST01548,2025-12-27 01:38:16.553248,USD,Completed
ORD006489,CUST01966,2025-10-11 20:18:18.478874,usd,Completed
ORD006490,CUST01714,2025-11-17 14:46:57.105578,$,Completed
ORD006491,CUST01304,2025-12-29 07:51:21.410483,US$,Completed
ORD006492,CUST02711,2026-05-16 04:23:48.861645,USD,Completed
ORD006493,CUST03013,2026-06-22 03:25:42.518859,usd,Cancelled
ORD006494,CUST03135,2026-05-02 09:05:52.366021,US$,Cancelled
ORD006495,CUST02471,2026-05-29 21:41:46.476280,USD,Completed
ORD006496,CUST02828,2026-04-19 13:57:15.553585,usd,Completed
ORD006497,CUST01800,2026-02-15 03:37:57.468103,US$,Completed
ORD006498,CUST04869,2026-02-13 23:40:56.407350,USD,Completed
ORD006499,CUST02370,2025-09-02 07:02:33.596534,USD,Completed
ORD006500,CUST02877,2026-05-27 09:11:59.153743,USD,Completed
ORD006501,CUST04166,2026-06-26 07:32:26.332371,USD,Completed
ORD006502,CUST03604,2025-09-27 02:20:06.638999,USD,Completed
ORD006503,CUST04337,2025-10-18 17:45:17.934668,$,Completed
ORD006504,CUST04636,2026-06-29 01:50:15.363082,USD,Completed
ORD006505,CUST04176,2026-05-10 10:03:51.054012,USD,Completed
ORD006506,CUST01627,2026-04-07 21:26:43.812963,USD,Completed
ORD006507,CUST04595,2025-08-22 16:04:46.739856,USD,Completed
ORD006508,CUST02961,2026-01-07 15:17:54.361700,USD,Completed
ORD006509,CUST04282,2025-10-30 22:13:45.742742,USD,Completed
ORD006510,CUST00146,2025-12-24 04:37:31.502296,US$,Completed
ORD006511,CUST02798,2026-01-18 21:09:12.215807,US$,Completed
ORD006512,CUST02617,2025-09-29 06:22:29.446672,USD,Completed
ORD006513,CUST03832,2026-02-16 19:16:22.126337,USD,Completed
ORD006514,CUST01283,2025-08-08 16:49:01.842326,USD,Cancelled
ORD006515,CUST04159,2026-04-14 22:57:49.184926,USD,Completed
ORD006516,CUST02689,2026-01-28 19:49:30.215067,USD,Completed
ORD006517,CUST00262,2026-03-10 17:10:17.449958,USD,Completed
ORD006518,CUST02797,2025-09-03 00:20:09.977694,US$,Completed
ORD006519,CUST01040,2026-02-13 18:26:59.086569,USD,Completed
ORD006520,CUST04796,2026-06-27 00:37:17.430913,$,Cancelled
ORD006521,CUST02356,2025-07-04 10:44:35.459012,USD,Completed
ORD006522,CUST03268,2026-03-30 03:26:17.315722,US$,Cancelled
ORD006523,CUST02060,2025-08-27 10:34:08.948149,USD,Completed
ORD006524,CUST02776_DUP,2025-11-16 04:24:08.838394,USD,Completed
ORD006525,CUST02093,2026-03-15 21:39:26.375304,US$,Completed
ORD006526,CUST00107,2026-04-12 05:46:48.862366,USD,Completed
ORD006527,CUST00830,2026-06-17 00:42:59.119968,USD,Completed
ORD006528,CUST04436,2025-12-12 02:27:37.094233,USD,Completed
ORD006529,CUST00004,2026-02-08 14:38:43.461753,USD,Completed
ORD006530,CUST01605,2025-10-09 13:10:51.614112,usd,Completed
ORD006531,CUST01473,2026-02-25 08:28:25.985150,USD,Refunded
ORD006532,CUST00590,2026-06-13 19:47:06.869698,usd,Completed
ORD006533,CUST02070,2026-02-05 22:48:44.194768,$,Cancelled
ORD006534,CUST00677,2026-01-10 16:53:11.914257,$,Completed
ORD006535,CUST03214,2025-08-15 21:31:09.280299,USD,Completed
ORD006536,CUST03961,2026-01-10 18:08:21.964571,USD,Completed
ORD006537,CUST04696,2025-08-18 02:52:37.916245,USD,Completed
ORD006538,CUST02799,2026-03-02 21:25:04.800216,USD,Completed
ORD006539,CUST00205,2025-09-05 21:07:25.753996,USD,Completed
ORD006540,CUST01580,2026-04-30 04:49:25.359367,USD,Completed
ORD006541,CUST03165,2026-04-28 22:15:15.976599,USD,Completed
ORD006542,CUST01813,2025-09-21 09:26:05.376660,USD,Completed
ORD006543,CUST04660,2025-08-29 01:39:32.384311,$,Completed
ORD006544,CUST04033,2026-05-10 07:06:01.863016,USD,Completed
ORD006545,CUST03140,2026-04-04 09:08:45.636342,US$,Completed
ORD006546,CUST02194,2026-05-26 02:51:41.951185,USD,Completed
ORD006547,CUST03095,2025-07-29 05:48:20.607796,USD,Completed
ORD006548,CUST04557,2026-05-24 05:55:35.323138,US$,Completed
ORD006549,CUST03259,2025-09-14 12:43:45.117008,USD,Completed
ORD006550,CUST02464,2026-03-22 10:39:54.736050,USD,Completed
ORD006551,CUST02301,2026-03-22 10:09:39.744135,USD,Completed
ORD006552,CUST00396,2026-01-05 21:04:41.221079,usd,Completed
ORD006553,CUST03721,2025-10-12 15:28:53.348305,$,Completed
ORD006554,CUST03713,2026-05-18 23:15:06.394218,USD,Cancelled
ORD006555,CUST01348,2025-08-11 05:32:54.875311,USD,Completed
ORD006556,CUST00966,2026-01-16 14:18:05.166578,USD,Completed
ORD006557,CUST04982,2025-09-04 10:08:06.878412,USD,Completed
ORD006558,CUST03858,2025-07-14 11:42:47.612563,USD,Cancelled
ORD006559,CUST04367,2026-03-11 05:01:07.619599,usd,Completed
ORD006560,CUST00779,2025-10-11 10:45:59.095884,USD,Completed
ORD006561,CUST03201,2025-07-05 12:21:42.393655,USD,Completed
ORD006562,CUST03511,2026-01-04 12:34:03.487577,usd,Completed
ORD006563,CUST03035,2025-12-28 04:41:58.146168,USD,Completed
ORD006564,CUST04855,2026-02-10 02:50:59.531889,USD,Completed
ORD006565,CUST01843,2025-07-25 06:03:00.717060,USD,Completed
ORD006566,CUST02624,2025-07-05 21:29:51.454067,USD,Completed
ORD006567,CUST02290,2026-06-10 23:52:41.950231,usd,Cancelled
ORD006568,CUST00681,2026-03-24 19:00:52.824804,US$,Completed
ORD006569,CUST04777,2026-03-08 04:16:48.484007,usd,Completed
ORD006570,CUST04784,2026-03-10 14:39:22.282955,US$,Completed
ORD006571,CUST03958,2025-07-22 00:28:29.321657,USD,Completed
ORD006572,CUST03295,2025-11-25 02:39:52.636837,USD,Completed
ORD006573,CUST00353,2025-09-25 22:26:28.695961,USD,Completed
ORD006574,CUST01754,2025-07-06 21:17:01.723297,USD,Completed
ORD006575,CUST00204,2025-07-12 06:34:02.611493,USD,Completed
ORD006576,CUST01427,2025-10-20 03:32:28.509647,USD,Completed
ORD006577,CUST00265,2025-11-10 21:45:02.038033,USD,Completed
ORD006578,CUST03839,2026-04-29 08:08:21.376738,USD,Completed
ORD006579,CUST02845,2026-05-31 08:53:38.073783,USD,Completed
ORD006580,CUST01442_DUP,2025-11-27 00:52:12.837717,USD,Completed
ORD006581,CUST00733,2025-10-10 06:27:04.212371,$,Completed
ORD006582,CUST01143,2026-06-05 23:33:28.181718,USD,Completed
ORD006583,CUST01156,2025-11-24 19:58:54.921178,US$,Completed
ORD006584,CUST00432,2026-02-05 22:46:59.978158,USD,Completed
ORD006585,CUST04153,2025-11-26 14:05:36.887458,USD,Completed
ORD006586,CUST01436,2026-01-16 07:30:40.068993,USD ,Cancelled
ORD006587,CUST02034,2026-05-23 16:55:32.011001,US$,Completed
ORD006588,CUST00434,2025-09-29 14:59:04.010702,usd,Completed
ORD006589,CUST02116,2026-03-13 18:09:39.527157,USD,Refunded
ORD006590,CUST00107,2026-01-08 15:25:11.223890,USD,Completed
ORD006591,CUST03517,2025-07-04 08:20:30.519743,US$,Completed
ORD006592,CUST01363,2025-12-05 14:20:23.315666,usd,Completed
ORD006593,CUST02479,2026-02-10 10:04:49.143114,USD,Completed
ORD006594,CUST00493,2025-09-26 11:15:24.577641,USD,Completed
ORD006595,CUST03805,2026-01-26 00:13:04.430892,$,Completed
ORD006596,CUST00819,2026-03-30 17:12:19.192241,USD,Completed
ORD006597,CUST03316,2026-05-04 02:48:50.196396,USD,Completed
ORD006598,CUST04349,2025-11-09 17:00:11.405790,US$,Refunded
ORD006599,CUST03719,2025-07-19 20:30:52.807395,USD ,Cancelled
ORD006600,CUST01909,2025-09-12 05:04:07.927822,$,Completed
ORD006601,CUST02735,2026-06-20 21:56:21.530553,USD,Completed
ORD006602,CUST01655,2026-04-16 11:27:48.293220,US$,Completed
ORD006603,CUST00596,2026-02-26 03:09:00.636327,USD,Completed
ORD006604,CUST03236,2026-05-26 07:28:34.592317,USD,Completed
ORD006605,CUST03549,2025-10-19 05:40:17.354875,USD,Refunded
ORD006606,CUST02517,2026-06-16 02:35:02.601557,USD,Completed
ORD006607,CUST01927,2026-01-03 22:51:22.678263,USD,Completed
ORD006608,CUST02547,2026-06-09 01:54:13.461227,USD,Completed
ORD006609,CUST01569,2025-09-22 00:17:15.022230,USD,Completed
ORD006610,CUST01522,2025-09-23 16:51:58.711572,USD,Completed
ORD006611,CUST03640,2025-07-06 08:21:32.705454,$,Completed
ORD006612,CUST04667,2025-12-22 08:39:48.042363,USD,Completed
ORD006613,CUST03952,2025-12-06 12:26:05.401781,US$,Completed
ORD006614,CUST04691,2026-06-24 02:40:43.266042,USD,Completed
ORD006615,CUST03161,2025-11-24 10:58:51.837472,USD,Completed
ORD006616,CUST02042,2025-08-08 06:22:10.170859,USD,Completed
ORD006617,CUST00247,2025-07-21 01:39:36.144309,USD,Completed
ORD006618,CUST00140,2025-10-29 13:58:46.122893,US$,Completed
ORD006619,CUST00507,2025-07-02 13:57:44.067922,USD,Completed
ORD006620,CUST00629,2026-06-04 22:49:01.554072,USD,Refunded
ORD006621,CUST00800,2026-03-24 22:53:37.457308,USD,Cancelled
ORD006622,CUST01823,2025-09-17 03:17:09.351007,USD,Completed
ORD006623,CUST02515,2025-11-11 04:36:15.540771,USD,Completed
ORD006624,CUST02759,2026-03-09 11:55:58.640786,usd,Completed
ORD006625,CUST00750,2025-12-28 00:29:23.576035,USD,Refunded
ORD006626,CUST04986,2025-11-22 01:36:31.873611,$,Completed
ORD006627,CUST01884,2026-05-20 07:37:48.840666,USD,Completed
ORD006628,CUST02386,2026-05-19 11:30:08.956547,USD,Completed
ORD006629,CUST04749,2025-07-27 21:22:48.255639,USD,Cancelled
ORD006630,CUST00142,2026-02-07 13:40:44.153018,USD,Completed
ORD006631,CUST04169,2026-03-08 08:03:37.431811,USD,Completed
ORD006632,CUST03348,2026-05-20 02:07:51.365548,USD,Completed
ORD006633,CUST01582,2026-02-21 10:37:20.869325,USD,Cancelled
ORD006634,CUST04384,2025-11-13 13:21:59.472177,USD,Cancelled
ORD006635,CUST04277,2026-06-19 23:09:28.974995,USD,Cancelled
ORD006636,CUST02246,2025-12-26 02:15:15.715655,US$,Completed
ORD006637,CUST02046,2025-12-08 22:02:21.280206,USD,Completed
ORD006638,CUST04279,2025-07-13 05:06:44.356062,USD,Completed
ORD006639,CUST02039,2025-10-01 16:51:10.510985,USD,Completed
ORD006640,CUST02135,2025-10-25 12:05:48.091730,USD,Completed
ORD006641,CUST03176,2025-07-04 15:27:49.296011,USD,Completed
ORD006642,CUST04021,2025-08-02 12:29:07.586488,usd,Completed
ORD006643,CUST04078_DUP,2025-09-03 09:02:56.604646,USD,Completed
ORD006644,CUST01069,2026-04-08 12:33:08.568372,USD,Completed
ORD006645,CUST03202,2026-02-23 18:22:13.493420,USD,Completed
ORD006646,CUST04281,2025-10-30 22:17:15.441765,USD,Completed
ORD006647,CUST01412,2026-06-28 17:30:16.979793,USD,Completed
ORD006648,CUST03446,2025-11-25 01:27:47.158888,USD,Completed
ORD006649,CUST04827,2025-07-23 10:20:11.732243,USD,Completed
ORD006650,CUST02170,2025-12-11 09:34:24.633794,USD,Completed
ORD006651,CUST01146,2026-02-04 10:08:56.335389,USD,Cancelled
ORD006652,CUST01829,2025-10-07 13:08:12.044271,USD,Cancelled
ORD006653,CUST02766,2026-03-15 03:29:01.970741,USD,Completed
ORD006654,CUST04591,2026-06-14 20:16:44.292426,$,Completed
ORD006655,CUST03297,2026-06-09 08:27:29.042091,USD,Completed
ORD006656,CUST00855,2025-07-24 06:28:04.906269,USD,Refunded
ORD006657,CUST02067,2026-04-26 15:55:24.061680,USD,Refunded
ORD006658,CUST03485,2025-10-15 16:51:58.338118,USD,Completed
ORD006659,CUST01058,2026-05-28 04:26:00.429546,USD,Completed
ORD006660,CUST03286,2026-01-13 21:54:00.437173,USD,Completed
ORD006661,CUST00941,2025-08-01 19:40:24.327102,USD,Completed
ORD006662,CUST03905,2025-11-01 13:21:42.187289,USD,Completed
ORD006663,CUST02028,2025-12-25 19:16:33.634115,USD,Completed
ORD006664,CUST04534,2026-01-24 03:59:28.678306,USD,Completed
ORD006665,CUST03722,2025-10-27 07:50:46.963462,USD,Completed
ORD006666,CUST02680,2025-07-17 12:18:14.494194,USD,Completed
ORD006667,CUST03602,2025-12-01 02:32:17.316281,USD,Completed
ORD006668,CUST04314,2025-07-12 21:34:34.993728,$,Completed
ORD006669,CUST03437,2025-09-26 22:38:33.193215,USD,Completed
ORD006670,CUST02443,2025-12-07 22:09:16.728681,USD,Completed
ORD006671,CUST02046,2026-06-12 20:08:52.215235,USD,Completed
ORD006672,CUST00381,2025-07-31 11:20:23.570530,USD,Completed
ORD006673,CUST01610,2025-08-13 14:21:00.172488,USD,Completed
ORD006674,CUST01446,2026-01-13 07:59:49.593501,USD,Completed
ORD006675,CUST01045,2025-09-04 16:46:31.475309,$,Completed
ORD006676,CUST02351,2025-09-30 18:00:06.176922,US$,Completed
ORD006677,CUST04433,2025-08-29 02:26:11.381900,USD,Completed
ORD006678,CUST00127,2025-07-11 05:00:14.263777,USD,Completed
ORD006679,CUST02035,2025-10-24 21:20:14.119833,USD,Completed
ORD006680,CUST02891,2026-05-16 23:45:57.414223,USD,Completed
ORD006681,CUST02147,2025-09-04 14:19:16.694014,USD,Completed
ORD006682,CUST04741,2026-03-15 14:03:52.929297,USD,Completed
ORD006683,CUST00818,2025-08-29 01:56:48.173171,USD,Completed
ORD006684,CUST01822,2025-07-04 04:17:38.725331,USD,Completed
ORD006685,CUST00652,2026-02-18 16:02:41.444875,USD,Completed
ORD006686,CUST04149,2026-05-26 08:12:44.892680,US$,Completed
ORD006687,CUST02568,2025-09-30 19:59:33.443315,USD,Completed
ORD006688,CUST00068,2026-03-26 14:13:07.238216,USD,Completed
ORD006689,CUST03890,2025-12-10 16:56:40.265818,USD,Cancelled
ORD006690,CUST04013,2026-05-13 09:51:46.708996,USD,Cancelled
ORD006691,CUST03156,2025-12-21 07:07:27.006735,USD,Refunded
ORD006692,CUST01595,2026-03-19 02:14:01.872452,US$,Completed
ORD006693,CUST04839,2026-05-27 10:19:39.592538,USD,Completed
ORD006694,CUST02224,2025-10-13 06:33:49.862204,USD,Cancelled
ORD006695,CUST02068,2025-10-02 02:22:59.696414,USD,Completed
ORD006696,CUST01576,2025-09-06 07:55:43.749215,USD,Completed
ORD006697,CUST04407,2025-08-11 08:37:50.159752,USD,Completed
ORD006698,CUST04639,2026-04-30 08:07:05.135834,USD,Completed
ORD006699,CUST02142,2025-08-26 22:26:49.128296,US$,Completed
ORD006700,CUST03188,2026-02-02 07:25:39.506722,USD,Completed
ORD006701,CUST00270,2025-07-24 07:23:12.770166,USD,Completed
ORD006702,CUST03806,2025-07-22 07:20:48.682266,USD,Completed
ORD006703,CUST03408,2025-08-17 04:09:31.643985,USD,Completed
ORD006704,CUST01061,2026-06-25 16:45:01.641085,USD,Cancelled
ORD006705,CUST01950,2025-12-30 11:30:36.345219,USD,Completed
ORD006706,CUST03439,2026-03-18 00:51:39.214780,USD,Completed
ORD006707,CUST00110,2026-06-17 23:47:44.658501,USD,Completed
ORD006708,CUST04455,2025-12-01 02:35:46.192352,USD,Completed
ORD006709,CUST04307,2026-03-08 04:17:56.071552,usd,Completed
ORD006710,CUST00057,2026-03-07 04:42:16.142460,USD,Completed
ORD006711,CUST02722,2025-11-13 12:40:38.156081,$,Completed
ORD006712,CUST01260,2026-05-22 03:35:40.503701,USD,Completed
ORD006713,CUST04292,2026-04-28 09:20:32.349032,usd,Completed
ORD006714,CUST01267,2026-06-24 15:52:32.429116,USD,Completed
ORD006715,CUST01562,2026-06-04 17:17:42.268944,USD,Completed
ORD006716,CUST04444,2025-12-27 10:28:02.003850,USD,Completed
ORD006717,CUST04679,2025-10-23 08:58:24.631775,usd,Cancelled
ORD006718,CUST01680,2025-09-07 12:59:42.365357,US$,Completed
ORD006719,CUST03101,2026-02-14 03:47:54.889339,$,Completed
ORD006720,CUST00925,2026-05-12 22:04:06.836586,USD,Completed
ORD006721,CUST00556,2025-09-04 07:48:17.864702,$,Refunded
ORD006722,CUST00488,2026-02-03 00:14:42.895209,USD,Completed
ORD006723,CUST01040,2025-10-24 23:38:55.471094,USD,Completed
ORD006724,CUST01366,2025-10-14 05:46:11.745436,US$,Completed
ORD006725,CUST02526,2026-03-18 06:36:31.677509,US$,Cancelled
ORD006726,CUST04577,2025-08-30 05:15:34.897156,USD,Completed
ORD006727,CUST01948,2026-06-03 07:31:58.155260,USD,Completed
ORD006728,CUST03199,2025-10-26 16:15:45.269248,USD,Completed
ORD006729,CUST04429,2025-09-02 21:44:10.589436,USD,Completed
ORD006730,CUST04378_DUP,2026-03-29 04:37:23.855332,USD,Completed
ORD006731,CUST00435,2026-06-13 01:06:36.549794,USD,Completed
ORD006732,CUST01882,2025-08-13 08:38:23.073544,$,Completed
ORD006733,CUST04297,2026-03-27 12:02:55.266074,USD,Completed
ORD006734,CUST01217,2026-06-07 13:30:55.899614,US$,Completed
ORD006735,CUST02151,2026-06-08 14:11:20.544680,USD,Completed
ORD006736,CUST04225,2026-01-29 03:36:06.011695,US$,Completed
ORD006737,CUST03561,2025-12-08 04:10:10.443560,USD,Completed
ORD006738,CUST02869,2026-06-17 20:10:56.899891,USD,Cancelled
ORD006739,CUST04000,2026-05-10 00:59:45.295539,USD,Completed
ORD006740,CUST01226,2025-11-21 23:39:27.778050,USD,Completed
ORD006741,CUST04794,2025-11-12 19:04:43.304203,USD,Completed
ORD006742,CUST04995,2025-07-02 06:53:18.019756,USD,Completed
ORD006743,CUST04640,2026-03-29 20:47:16.639738,USD,Completed
ORD006744,CUST00346,2026-02-19 14:22:53.865562,USD,Completed
ORD006745,CUST04162,2026-01-08 03:49:39.487132,USD,Completed
ORD006746,CUST00786,2025-07-16 14:27:43.687966,USD,Completed
ORD006747,CUST04436,2026-05-27 13:08:52.900444,USD,Completed
ORD006748,CUST01442_DUP,2025-09-10 18:42:09.093710,$,Completed
ORD006749,CUST01325,2025-11-21 16:03:49.305315,USD,Completed
ORD006750,CUST04228,2025-10-29 05:31:57.607835,USD,Completed
ORD006751,CUST02216,2025-11-26 07:10:35.316225,USD,Completed
ORD006752,CUST00362,2026-01-07 04:52:51.750399,USD,Completed
ORD006753,CUST01507,2025-07-31 21:00:17.133870,USD,Completed
ORD006754,CUST03260,2026-03-29 04:54:01.734289,USD,Completed
ORD006755,CUST00182,2025-12-04 10:06:15.618024,USD ,Completed
ORD006756,CUST01519,2026-03-20 19:25:24.699458,USD ,Completed
ORD006757,CUST04567,2025-07-10 23:34:56.639849,USD,Completed
ORD006758,CUST03743,2025-09-12 07:03:03.882307,US$,Completed
ORD006759,CUST04078,2025-07-15 12:00:38.575457,USD,Completed
ORD006760,CUST02637,2026-05-12 11:20:43.726481,USD,Completed
ORD006761,CUST02514_DUP,2026-02-12 15:10:22.528689,USD,Completed
ORD006762,CUST03061,2026-06-07 23:44:30.533183,US$,Completed
ORD006763,CUST00201,2026-06-23 20:24:00.233295,usd,Completed
ORD006764,CUST03477,2026-01-21 16:56:57.350778,US$,Completed
ORD006765,CUST00012,2025-10-09 18:10:26.616139,USD,Completed
ORD006766,CUST04605,2026-01-07 20:18:19.553114,USD,Completed
ORD006767,CUST03115,2025-08-03 15:32:28.177826,US$,Completed
ORD006768,CUST01534,2025-11-28 00:35:18.791483,USD,Completed
ORD006769,CUST02339,2026-04-01 05:14:52.251118,usd,Completed
ORD006770,CUST00039,2026-02-01 15:00:42.380780,USD,Cancelled
ORD006771,CUST00952,2025-11-03 18:39:32.035059,USD,Completed
ORD006772,CUST03674,2026-04-06 16:18:39.844617,$,Completed
ORD006773,CUST02207,2026-05-25 07:58:32.177213,usd,Completed
ORD006774,CUST02946,2025-11-03 00:48:14.109313,US$,Completed
ORD006775,CUST03970,2025-11-27 02:16:48.414624,US$,Completed
ORD006776,CUST04364,2025-11-22 00:21:35.560465,USD,Completed
ORD006777,CUST03165,2025-09-11 03:58:17.945008,USD,Cancelled
ORD006778,CUST00446,2026-03-09 07:27:04.802972,$,Completed
ORD006779,CUST02731,2026-01-18 04:39:23.232625,USD,Completed
ORD006780,CUST04942,2025-08-29 15:24:38.631899,USD,Completed
ORD006781,CUST00466,2025-10-29 18:39:57.797613,USD,Completed
ORD006782,CUST03421,2025-09-17 03:15:16.300014,USD,Completed
ORD006783,CUST02519,2025-09-14 15:34:45.004091,USD,Completed
ORD006784,CUST04137,2026-05-10 03:41:51.713087,USD,Completed
ORD006785,CUST01103,2025-12-11 07:21:45.286126,USD,Completed
ORD006786,CUST01596,2026-02-08 01:46:48.034082,USD,Completed
ORD006787,CUST04618,2025-12-16 02:42:43.230207,USD,Completed
ORD006788,CUST02042,2026-06-27 15:01:57.844764,USD,Completed
ORD006789,CUST03545,2026-03-27 02:53:46.383237,USD ,Completed
ORD006790,CUST01534,2026-03-16 23:31:13.097960,$,Completed
ORD006791,CUST03098,2026-04-05 02:25:08.232833,USD,Completed
ORD006792,CUST02927,2026-03-22 18:41:51.905087,USD,Completed
ORD006793,CUST03389,2025-10-04 12:18:39.304600,USD,Cancelled
ORD006794,CUST04429,2025-11-22 01:50:39.361042,USD,Completed
ORD006795,CUST03492,2026-03-12 05:55:29.776132,usd,Completed
ORD006796,CUST04104,2025-11-21 17:27:08.339139,USD,Completed
ORD006797,CUST03284,2026-05-29 10:12:12.596747,USD,Refunded
ORD006798,CUST03875,2026-03-17 15:28:40.060152,USD,Completed
ORD006799,CUST00441,2026-06-23 19:57:14.385789,USD,Completed
ORD006800,CUST03320,2025-07-12 11:01:41.404955,USD,Completed
ORD006801,CUST02043,2026-01-16 00:19:39.687533,USD,Completed
ORD006802,CUST04176,2026-06-10 19:13:41.130816,USD,Completed
ORD006803,CUST04168,2026-04-03 11:34:48.281797,USD,Completed
ORD006804,CUST02349,2025-07-20 07:59:18.912204,US$,Completed
ORD006805,CUST02551,2026-03-01 17:16:05.002621,USD,Completed
ORD006806,CUST03160,2026-03-30 08:31:28.203274,USD,Completed
ORD006807,CUST00331,2025-11-04 13:11:46.414982,USD,Cancelled
ORD006808,CUST00868,2025-12-05 12:11:00.574763,US$,Completed
ORD006809,CUST04838,2025-11-23 20:24:23.126627,USD,Completed
ORD006810,CUST04382,2025-09-03 21:26:40.683086,USD,Completed
ORD006811,CUST02982,2025-10-15 19:48:31.471184,USD,Completed
ORD006812,CUST04620,2026-01-12 04:53:55.994648,USD,Completed
ORD006813,CUST04297,2026-02-17 12:06:43.000192,$,Completed
ORD006814,CUST02017,2025-12-22 14:08:07.114448,US$,Completed
ORD006815,CUST02366,2026-06-07 13:29:12.319459,USD,Completed
ORD006816,CUST03771,2025-07-02 23:32:10.265746,US$,Cancelled
ORD006817,CUST00714,2025-09-06 06:31:07.332270,USD,Completed
ORD006818,CUST00885,2026-04-03 15:07:19.752138,usd,Completed
ORD006819,CUST03775,2026-04-28 01:45:58.703579,USD,Completed
ORD006820,CUST03105,2026-02-10 12:32:43.757010,USD,Completed
ORD006821,CUST00021,2026-04-14 15:15:09.620631,US$,Completed
ORD006822,CUST04945,2025-11-10 07:16:12.059893,USD,Completed
ORD006823,CUST02116,2026-05-13 22:50:16.356377,USD,Completed
ORD006824,CUST02223,2025-11-19 06:12:34.868095,USD,Refunded
ORD006825,CUST01684,2025-11-22 17:49:48.639247,$,Completed
ORD006826,CUST03932,2025-12-21 00:43:39.858518,USD,Cancelled
ORD006827,CUST04369,2025-11-02 17:53:08.913893,USD,Completed
ORD006828,CUST03424,2025-11-08 10:22:56.110777,USD,Completed
ORD006829,CUST00743,2026-03-11 09:04:20.343796,usd,Completed
ORD006830,CUST03937,2026-04-06 04:45:36.570403,US$,Completed
ORD006831,CUST02592,2025-11-27 02:25:55.285155,USD,Completed
ORD006832,CUST02400,2026-01-25 11:09:10.075429,USD,Completed
ORD006833,CUST03394,2026-02-21 23:53:20.945453,USD,Completed
ORD006834,CUST00552,2026-05-23 17:14:34.518306,$,Completed
ORD006835,CUST04624,2026-04-09 18:23:27.511974,usd,Completed
ORD006836,CUST00227,2025-12-23 17:15:50.584681,US$,Completed
ORD006837,CUST00531,2025-11-04 13:08:59.679927,USD,Completed
ORD006838,CUST03036,2026-05-07 01:17:54.567305,USD,Completed
ORD006839,CUST02451,2026-01-08 09:17:54.216563,USD,Cancelled
ORD006840,CUST04355,2026-02-25 07:38:47.365442,usd,Completed
ORD006841,CUST02753,2026-03-14 15:01:50.517812,USD,Completed
ORD006842,CUST03620,2025-08-11 04:01:31.809507,USD,Completed
ORD006843,CUST04631,2026-05-05 17:06:05.371252,US$,Completed
ORD006844,CUST01398,2025-08-31 08:40:38.077292,USD,Completed
ORD006845,CUST00285,2026-05-20 16:34:40.977953,USD,Completed
ORD006846,CUST01718,2026-02-19 02:54:01.337509,USD,Completed
ORD006847,CUST01981,2025-07-31 02:07:08.747151,USD,Cancelled
ORD006848,CUST00894,2025-09-18 12:11:21.508736,USD,Completed
ORD006849,CUST02144,2026-02-11 05:42:45.503315,USD,Completed
ORD006850,CUST01654,2026-01-30 11:25:03.747941,USD,Completed
ORD006851,CUST04230,2025-12-21 10:08:08.754487,USD,Completed
ORD006852,CUST02368,2026-04-01 06:01:09.116209,USD,Completed
ORD006853,CUST00636,2026-06-28 00:31:23.217180,$,Completed
ORD006854,CUST01468,2025-07-19 07:56:53.855099,US$,Completed
ORD006855,CUST01702,2026-01-25 21:32:48.396951,USD,Cancelled
ORD006856,CUST02319,2026-05-23 12:48:32.255197,USD,Completed
ORD006857,CUST03373,2025-10-05 14:43:55.242035,USD,Completed
ORD006858,CUST00449,2025-11-16 07:36:01.504956,USD,Completed
ORD006859,CUST02101,2026-06-20 16:16:32.616736,USD,Cancelled
ORD006860,CUST01063,2026-01-18 19:58:57.172940,USD,Completed
ORD006861,CUST03116,2025-07-23 13:12:21.766121,USD,Completed
ORD006862,CUST03970,2025-11-22 20:41:47.550359,USD,Completed
ORD006863,CUST02243,2025-07-26 16:36:38.438073,USD,Completed
ORD006864,CUST03401,2025-11-10 14:38:08.832319,USD,Completed
ORD006865,CUST03075,2026-03-06 11:03:50.446936,$,Completed
ORD006866,CUST03004,2026-04-24 19:48:04.364984,USD,Completed
ORD006867,CUST03306,2025-09-25 13:20:42.284196,USD,Completed
ORD006868,CUST04484,2025-11-28 07:08:30.467297,USD,Completed
ORD006869,CUST01402,2026-04-23 00:59:52.880335,USD,Completed
ORD006870,CUST00723,2026-02-05 09:54:03.703564,USD,Completed
ORD006871,CUST01866,2026-03-05 16:03:04.782550,$,Completed
ORD006872,CUST00781,2025-12-04 20:34:30.126433,USD,Completed
ORD006873,CUST03124,2026-06-22 12:10:02.385604,$,Completed
ORD006874,CUST02157,2026-01-13 19:39:10.585591,usd,Completed
ORD006875,CUST02556,2026-04-09 19:52:06.015055,USD,Completed
ORD006876,CUST00421,2025-07-06 00:39:13.938641,USD,Completed
ORD006877,CUST02014,2025-11-21 10:38:49.389784,USD,Completed
ORD006878,CUST01260,2025-10-24 14:52:29.950785,US$,Completed
ORD006879,CUST02618,2025-08-09 13:57:17.865678,$,Cancelled
ORD006880,CUST01943,2025-12-31 14:24:12.123121,USD,Completed
ORD006881,CUST00630,2025-07-04 22:17:04.292940,$,Refunded
ORD006882,CUST02417_DUP,2026-03-20 12:58:08.628919,USD,Completed
ORD006883,CUST04349,2025-08-04 09:55:38.033440,$,Completed
ORD006884,CUST02981,2026-06-11 01:11:05.170766,US$,Completed
ORD006885,CUST02196,2026-06-22 13:54:21.537390,USD,Completed
ORD006886,CUST03065,2026-05-25 01:47:33.722765,USD,Completed
ORD006887,CUST01848,2025-09-24 20:57:11.761868,USD,Completed
ORD006888,CUST02931,2026-05-13 03:39:25.969609,USD,Completed
ORD006889,CUST04834,2025-11-11 21:49:21.556735,USD,Completed
ORD006890,CUST01261,2026-02-19 21:35:09.257476,USD,Cancelled
ORD006891,CUST03904_DUP,2025-08-23 14:25:31.676954,USD,Completed
ORD006892,CUST04341,2025-08-14 17:31:14.836306,usd,Completed
ORD006893,CUST00347,2026-02-20 07:10:08.601354,USD,Completed
ORD006894,CUST02946,2025-08-26 12:07:25.012599,USD,Cancelled
ORD006895,CUST01659,2025-10-04 15:53:30.539125,$,Completed
ORD006896,CUST01031,2025-07-22 20:55:19.529394,USD,Completed
ORD006897,CUST04736,2025-07-16 01:26:36.725412,USD,Completed
ORD006898,CUST02064,2026-01-28 23:00:52.637000,USD,Cancelled
ORD006899,CUST00215,2025-08-31 01:32:58.009087,USD,Completed
ORD006900,CUST00128,2026-05-01 04:29:44.153487,USD,Completed
ORD006901,CUST03209,2025-07-10 02:19:14.467854,USD,Completed
ORD006902,CUST04877,2025-12-02 12:00:55.954211,usd,Completed
ORD006903,CUST00319,2026-06-15 13:26:12.931678,USD,Completed
ORD006904,CUST03252,2025-08-04 16:20:50.921061,US$,Completed
ORD006905,CUST01091,2026-02-27 16:53:07.834364,USD,Completed
ORD006906,CUST01489,2025-11-27 11:36:40.970889,USD,Completed
ORD006907,CUST00502,2026-05-09 13:46:57.873666,USD,Completed
ORD006908,CUST04704,2026-02-08 09:37:33.324652,USD,Completed
ORD006909,CUST03520,2025-11-30 02:39:52.016479,US$,Completed
ORD006910,CUST00826,2026-05-22 06:04:52.550648,usd,Completed
ORD006911,CUST01984,2025-07-05 06:01:39.839923,USD,Completed
ORD006912,CUST00745,2025-12-11 00:38:51.344639,US$,Refunded
ORD006913,CUST01205,2025-09-02 14:31:54.886347,US$,Refunded
ORD006914,CUST01262,2025-08-05 22:58:18.763308,USD,Completed
ORD006915,CUST01184,2025-09-10 09:39:01.689420,USD,Completed
ORD006916,CUST00989,2026-04-25 00:34:50.132545,USD,Completed
ORD006917,CUST01079,2026-05-07 13:57:45.546484,USD,Cancelled
ORD006918,CUST02441,2025-12-15 22:31:40.011396,USD,Completed
ORD006919,CUST04872,2025-08-13 03:40:01.892611,USD,Completed
ORD006920,CUST00184,2025-08-28 04:50:26.343109,USD,Completed
ORD006921,CUST00457,2026-04-16 13:03:57.085536,USD,Completed
ORD006922,CUST01061,2025-12-11 23:15:42.232106,USD,Cancelled
ORD006923,CUST01404,2026-01-07 02:31:59.661505,USD,Completed
ORD006924,CUST02169,2026-01-28 22:03:07.524653,USD,Completed
ORD006925,CUST04801,2026-06-13 20:44:19.993126,US$,Completed
ORD006926,CUST01912,2025-08-10 07:26:52.242919,USD,Completed
ORD006927,CUST04950,2026-02-17 22:54:49.056650,USD,Completed
ORD006928,CUST03971,2026-05-09 02:00:58.541381,USD ,Completed
ORD006929,CUST02300,2026-04-05 09:09:57.010903,US$,Completed
ORD006930,CUST02252,2026-06-25 01:14:57.018418,USD,Completed
ORD006931,CUST03079,2025-10-18 12:52:00.197867,USD,Cancelled
ORD006932,CUST04403,2026-06-27 13:23:28.081963,usd,Cancelled
ORD006933,CUST04884,2025-12-12 09:12:51.311574,US$,Completed
ORD006934,CUST02973,2026-06-09 02:12:24.933936,USD,Completed
ORD006935,CUST02254,2025-10-21 03:56:43.752373,USD,Completed
ORD006936,CUST03809,2026-04-27 21:39:14.956721,USD,Completed
ORD006937,CUST02016,2025-07-14 01:14:40.250443,US$,Completed
ORD006938,CUST00449,2026-01-10 21:44:07.032789,USD,Cancelled
ORD006939,CUST01000,2025-09-09 20:07:02.008834,usd,Completed
ORD006940,CUST03850,2025-12-17 23:26:12.957645,US$,Completed
ORD006941,CUST00565,2025-11-07 07:16:46.527045,USD,Cancelled
ORD006942,CUST01621,2025-12-14 04:40:31.979390,USD,Completed
ORD006943,CUST02388,2025-08-01 04:56:09.612841,USD,Completed
ORD006944,CUST04467,2026-03-19 03:23:24.570755,USD,Completed
ORD006945,CUST03727,2026-02-13 11:39:56.955131,USD,Completed
ORD006946,CUST01494,2025-11-14 03:47:54.400773,USD,Completed
ORD006947,CUST04117,2025-08-21 12:10:13.683158,USD,Completed
ORD006948,CUST01362,2026-03-31 17:24:55.212286,USD,Completed
ORD006949,CUST01316,2026-05-21 11:44:52.453498,$,Completed
ORD006950,CUST01613,2025-11-13 10:10:48.198985,USD,Completed
ORD006951,CUST01613,2025-12-29 03:35:06.095869,USD,Cancelled
ORD006952,CUST01447,2026-06-06 04:05:23.410793,usd,Completed
ORD006953,CUST04927,2026-05-02 11:17:42.576276,USD ,Completed
ORD006954,CUST03976,2025-10-27 18:04:04.134597,USD,Completed
ORD006955,CUST02387,2026-05-18 06:41:51.466018,$,Completed
ORD006956,CUST00348,2025-07-15 22:06:06.713822,US$,Completed
ORD006957,CUST02277,2026-03-26 14:44:45.061900,USD,Completed
ORD006958,CUST02773,2025-10-10 03:30:53.642339,$,Completed
ORD006959,CUST01269,2026-02-07 16:46:37.807212,USD,Completed
ORD006960,CUST03628,2025-10-12 21:06:58.052028,USD,Completed
ORD006961,CUST04648,2026-05-14 13:03:22.557549,USD,Completed
ORD006962,CUST02855,2025-09-21 17:37:24.075366,USD,Completed
ORD006963,CUST01281,2025-10-10 17:20:07.082516,USD,Completed
ORD006964,CUST01550,2026-06-08 00:45:28.295067,USD,Cancelled
ORD006965,CUST02281,2026-05-16 04:06:35.512678,USD,Cancelled
ORD006966,CUST02802,2026-01-29 00:37:15.227532,USD,Completed
ORD006967,CUST01920,2026-03-11 20:52:45.231123,USD,Completed
ORD006968,CUST04166,2025-07-21 05:42:17.461774,USD,Completed
ORD006969,CUST00653,2025-12-16 06:38:02.870783,usd,Completed
ORD006970,CUST04993,2025-10-01 03:09:35.448259,USD,Completed
ORD006971,CUST00265,2026-04-09 04:04:48.971083,USD,Completed
ORD006972,CUST02788,2026-02-11 14:32:01.022565,USD,Completed
ORD006973,CUST02831,2025-09-14 16:11:01.478624,USD,Completed
ORD006974,CUST01517,2025-09-03 14:22:58.257708,USD,Cancelled
ORD006975,CUST01058,2025-07-31 22:16:25.884679,USD,Completed
ORD006976,CUST01566,2025-11-04 00:02:11.339135,USD,Completed
ORD006977,CUST04584,2026-05-12 16:10:41.412856,USD,Cancelled
ORD006978,CUST04568,2025-07-16 04:40:12.362036,USD,Completed
ORD006979,CUST04121,2026-01-19 04:41:59.158654,US$,Completed
ORD006980,CUST03739,2025-10-03 01:43:47.865330,USD,Completed
ORD006981,CUST02868,2025-08-11 00:10:26.475243,USD,Completed
ORD006982,CUST02203,2025-08-20 09:10:05.371774,USD,Completed
ORD006983,CUST03120,2025-08-11 14:37:33.948052,US$,Completed
ORD006984,CUST03122,2026-02-07 17:37:07.632472,USD,Completed
ORD006985,CUST01142,2026-02-03 04:51:41.484647,USD,Cancelled
ORD006986,CUST00006,2026-05-28 18:28:25.865383,usd,Completed
ORD006987,CUST01067,2025-10-31 15:14:53.734864,USD,Completed
ORD006988,CUST02165,2026-06-16 05:03:42.592703,US$,Completed
ORD006989,CUST00906,2026-01-25 19:33:48.020504,usd,Completed
ORD006990,CUST03015,2026-05-21 17:49:59.425829,USD,Completed
ORD006991,CUST02485,2026-03-25 11:34:45.654953,$,Completed
ORD006992,CUST03344,2025-10-13 09:14:21.470424,USD,Cancelled
ORD006993,CUST04157,2026-01-04 17:55:22.294570,USD,Completed
ORD006994,CUST04667,2025-07-28 16:33:04.524481,US$,Cancelled
ORD006995,CUST02565,2025-07-05 01:54:28.526053,USD,Completed
ORD006996,CUST00291,2025-11-27 21:40:11.726032,USD,Completed
ORD006997,CUST02185,2025-11-01 19:22:20.705146,USD,Completed
ORD006998,CUST02662,2026-04-29 04:12:47.566280,usd,Refunded
ORD006999,CUST01277,2025-09-06 18:46:11.355008,USD,Completed
ORD007000,CUST01843,2026-05-02 04:16:03.817120,USD,Completed
ORD007001,CUST00551,2026-05-25 11:58:49.600343,USD,Completed
ORD007002,CUST00481,2025-07-28 21:58:36.860429,USD,Cancelled
ORD007003,CUST01702,2025-11-21 17:02:22.333812,USD,Completed
ORD007004,CUST02184,2026-04-05 02:57:01.489038,USD,Completed
ORD007005,CUST04987,2026-01-29 10:20:26.310453,USD,Completed
ORD007006,CUST03370,2025-09-06 11:01:44.493623,USD,Completed
ORD007007,CUST00248,2025-11-21 05:18:57.137654,USD,Cancelled
ORD007008,CUST02992,2026-04-19 04:08:51.010904,USD,Refunded
ORD007009,CUST00640,2026-04-15 15:01:40.709639,usd,Completed
ORD007010,CUST02978,2025-09-25 12:50:12.898829,USD,Completed
ORD007011,CUST03292,2025-12-07 10:07:25.549180,USD,Completed
ORD007012,CUST03589,2025-12-17 10:51:30.762372,USD,Completed
ORD007013,CUST03591,2025-08-14 11:01:07.552592,USD,Completed
ORD007014,CUST02380,2025-08-01 12:30:09.059878,USD,Completed
ORD007015,CUST01907,2025-07-11 06:57:52.359861,USD,Refunded
ORD007016,CUST00246,2025-11-14 20:35:32.084605,USD,Completed
ORD007017,CUST00326,2025-08-28 09:13:43.874650,usd,Completed
ORD007018,CUST00895,2025-09-03 06:00:32.921284,USD,Refunded
ORD007019,CUST02376,2026-01-01 02:17:14.909710,USD,Completed
ORD007020,CUST03210,2026-05-17 15:58:22.103149,USD,Completed
ORD007021,CUST01056,2025-08-28 10:40:52.939586,USD,Completed
ORD007022,CUST03952,2026-03-11 15:15:28.637983,USD,Completed
ORD007023,CUST00162,2026-04-07 04:18:08.863604,USD,Completed
ORD007024,CUST00570,2026-05-20 14:32:38.185140,US$,Completed
ORD007025,CUST00506,2026-04-04 16:45:03.402342,USD,Completed
ORD007026,CUST00585,2025-12-02 22:06:18.179338,usd,Completed
ORD007027,CUST04670,2026-03-05 06:49:50.154683,USD,Completed
ORD007028,CUST04657,2025-07-17 20:02:29.957493,USD,Completed
ORD007029,CUST03394,2026-05-31 15:41:19.566304,USD,Cancelled
ORD007030,CUST00702,2026-01-02 12:38:57.884263,USD,Completed
ORD007031,CUST00329,2026-04-01 04:30:56.416754,USD,Completed
ORD007032,CUST01696,2025-10-18 14:27:13.917320,USD,Completed
ORD007033,CUST03035,2026-03-26 06:50:31.647868,usd,Completed
ORD007034,CUST02986,2026-02-14 22:13:52.079254,usd,Completed
ORD007035,CUST04503,2026-02-21 14:47:48.197166,USD,Completed
ORD007036,CUST00127,2026-05-11 20:10:17.061056,usd,Completed
ORD007037,CUST02931,2026-05-28 03:40:34.026348,USD,Completed
ORD007038,CUST02170,2025-08-05 17:41:38.430183,USD,Completed
ORD007039,CUST00590,2025-07-11 10:37:15.210550,USD,Completed
ORD007040,CUST02877,2025-08-26 06:24:06.728583,USD,Completed
ORD007041,CUST03751,2026-05-25 02:26:48.375784,USD,Completed
ORD007042,CUST00533,2026-01-30 03:57:16.989868,USD,Completed
ORD007043,CUST03181,2025-09-14 03:37:32.379882,USD,Refunded
ORD007044,CUST01001,2025-11-21 07:41:13.014010,USD,Cancelled
ORD007045,CUST03559,2026-05-23 22:29:54.544002,USD,Completed
ORD007046,CUST00789,2025-07-03 04:01:27.811918,USD,Completed
ORD007047,CUST03706_DUP,2026-04-28 08:55:22.827138,USD,Completed
ORD007048,CUST03219,2025-10-21 20:42:29.527942,USD,Completed
ORD007049,CUST02668,2026-02-10 16:36:05.796969,USD,Completed
ORD007050,CUST04088,2026-03-27 11:49:41.339934,USD,Completed
ORD007051,CUST01765,2026-03-27 17:14:31.400423,USD,Completed
ORD007052,CUST04070,2025-09-26 00:51:11.343349,USD,Cancelled
ORD007053,CUST01532,2026-05-28 05:57:01.223657,USD,Completed
ORD007054,CUST02638,2025-12-08 09:29:40.485750,usd,Completed
ORD007055,CUST02509,2025-12-12 11:13:05.698591,USD,Completed
ORD007056,CUST01449,2026-04-11 04:53:32.965239,USD,Completed
ORD007057,CUST04240,2025-08-14 20:16:53.399914,USD,Completed
ORD007058,CUST04995,2026-01-10 05:22:33.298991,USD,Completed
ORD007059,CUST02602,2026-01-21 21:16:47.400349,usd,Completed
ORD007060,CUST01924,2025-12-07 17:48:06.157143,USD,Completed
ORD007061,CUST00123,2026-05-01 09:51:54.230726,$,Completed
ORD007062,CUST04839_DUP,2025-07-28 09:05:12.287833,USD,Completed
ORD007063,CUST04840,2026-04-29 19:43:28.029858,USD ,Cancelled
ORD007064,CUST02203,2025-09-06 10:05:09.964974,usd,Completed
ORD007065,CUST04875,2025-12-07 15:56:45.123544,USD,Completed
ORD007066,CUST01350,2026-01-18 04:53:18.301784,US$,Completed
ORD007067,CUST03701,2026-05-26 14:24:42.977208,$,Completed
ORD007068,CUST04811,2025-11-06 07:10:50.831281,USD,Completed
ORD007069,CUST01514,2026-01-17 16:30:25.397218,USD,Completed
ORD007070,CUST02506,2025-09-06 14:16:07.987655,usd,Completed
ORD007071,CUST04843,2025-07-12 20:56:57.680965,US$,Completed
ORD007072,CUST01229,2025-12-02 08:01:37.421750,US$,Completed
ORD007073,CUST01571,2025-11-26 09:05:46.103934,USD,Completed
ORD007074,CUST00361,2026-04-20 04:47:09.250523,USD,Completed
ORD007075,CUST01424,2025-08-16 14:49:57.829046,USD,Completed
ORD007076,CUST03552,2025-08-23 14:34:04.095688,USD,Completed
ORD007077,CUST03583,2025-07-08 09:10:43.574510,US$,Completed
ORD007078,CUST00681,2026-03-02 07:48:33.742955,USD,Completed
ORD007079,CUST01402,2026-05-02 00:51:14.124111,USD,Completed
ORD007080,CUST03837,2026-03-06 00:08:32.670615,USD,Completed
ORD007081,CUST00158,2026-06-26 23:05:32.178172,usd,Completed
ORD007082,CUST04078,2025-07-11 16:03:44.221916,USD,Completed
ORD007083,CUST03158,2026-04-27 13:34:29.595530,USD,Completed
ORD007084,CUST00095,2026-04-29 08:40:02.467133,USD,Completed
ORD007085,CUST01104,2025-11-24 10:31:27.418946,USD,Completed
ORD007086,CUST04995,2026-03-30 04:08:55.224154,usd,Completed
ORD007087,CUST00682,2025-10-16 03:41:13.535971,usd,Completed
ORD007088,CUST01794,2026-02-09 22:28:27.342306,USD,Completed
ORD007089,CUST02912,2026-05-24 03:20:16.859987,USD,Completed
ORD007090,CUST04604,2026-01-15 01:53:22.349073,USD,Completed
ORD007091,CUST03542,2026-04-12 21:46:24.386734,USD,Completed
ORD007092,CUST03174,2026-06-06 15:59:00.485829,USD,Completed
ORD007093,CUST03656,2026-04-25 12:10:39.302825,US$,Cancelled
ORD007094,CUST04831,2025-08-21 01:31:41.824777,US$,Completed
ORD007095,CUST00960,2026-01-31 10:14:54.181185,USD,Completed
ORD007096,CUST03287,2026-04-26 19:28:38.642384,USD,Completed
ORD007097,CUST03429,2025-07-21 05:09:51.941991,$,Completed
ORD007098,CUST00905,2026-02-07 07:12:01.382183,$,Completed
ORD007099,CUST00164,2025-11-09 12:39:54.803301,USD,Completed
ORD007100,CUST01961,2025-07-05 01:25:06.968499,USD,Completed
ORD007101,CUST01479,2025-07-18 06:23:16.009238,USD,Completed
ORD007102,CUST03912,2025-09-17 14:26:44.603738,USD,Completed
ORD007103,CUST03376,2025-07-24 14:22:11.782159,USD,Completed
ORD007104,CUST01873,2025-11-01 03:21:13.129672,US$,Completed
ORD007105,CUST04778,2025-08-12 20:54:41.454226,USD,Refunded
ORD007106,CUST00361,2026-01-23 03:32:07.738668,USD,Completed
ORD007107,CUST04041,2025-09-12 02:22:49.917008,USD,Completed
ORD007108,CUST02789,2025-11-07 03:46:03.764907,USD,Completed
ORD007109,CUST00218,2026-05-10 19:29:47.391877,USD,Completed
ORD007110,CUST00399,2025-12-15 02:39:53.883186,USD,Completed
ORD007111,CUST01787,2025-12-27 22:55:48.003350,USD,Completed
ORD007112,CUST01531,2025-07-04 20:08:36.461314,USD,Completed
ORD007113,CUST04838,2025-10-26 03:23:53.433862,usd,Completed
ORD007114,CUST02880,2026-05-05 19:56:36.095969,USD ,Refunded
ORD007115,CUST03532,2026-05-30 20:06:46.252974,$,Completed
ORD007116,CUST00638,2026-04-03 23:20:08.616878,USD,Completed
ORD007117,CUST00554,2026-05-17 11:00:09.003353,US$,Completed
ORD007118,CUST03423,2025-12-28 16:22:32.798914,USD,Completed
ORD007119,CUST00106,2025-08-11 00:47:10.346356,USD,Completed
ORD007120,CUST04788,2025-10-04 06:00:21.819777,USD,Completed
ORD007121,CUST03269,2026-06-12 06:59:49.960051,USD,Completed
ORD007122,CUST04135,2026-05-05 08:54:46.891890,USD,Cancelled
ORD007123,CUST02544,2025-10-01 11:34:01.147247,USD,Completed
ORD007124,CUST03384,2026-04-07 23:45:14.784450,USD,Completed
ORD007125,CUST00118,2026-02-17 23:55:50.710993,USD,Completed
ORD007126,CUST00768,2025-12-26 23:20:52.478168,USD,Completed
ORD007127,CUST00767,2025-07-23 02:06:57.273146,$,Completed
ORD007128,CUST03568,2026-02-27 02:28:13.684397,USD,Completed
ORD007129,CUST00333,2026-06-20 18:37:39.705377,USD,Completed
ORD007130,CUST02778,2026-05-22 06:58:22.057918,USD,Completed
ORD007131,CUST00862,2025-12-20 10:35:11.008250,USD,Completed
ORD007132,CUST01084,2026-05-30 01:02:56.619564,US$,Completed
ORD007133,CUST00430,2026-04-11 19:42:45.640792,usd,Completed
ORD007134,CUST04579,2025-09-26 05:07:24.394607,USD,Cancelled
ORD007135,CUST04778,2025-07-03 03:18:39.357393,USD,Completed
ORD007136,CUST02385,2025-11-24 14:32:29.674770,USD,Completed
ORD007137,CUST02950,2026-06-26 16:41:09.807216,US$,Completed
ORD007138,CUST03009,2025-12-01 00:50:22.126383,US$,Completed
ORD007139,CUST02663,2026-04-29 04:31:46.301877,$,Cancelled
ORD007140,CUST02035,2025-08-03 17:27:35.373117,USD,Completed
ORD007141,CUST04046,2025-11-16 11:41:20.676117,USD,Completed
ORD007142,CUST01120,2025-09-07 12:14:36.573629,USD,Completed
ORD007143,CUST01400,2025-07-31 09:55:11.139339,USD,Completed
ORD007144,CUST00212,2025-10-19 02:16:06.115430,USD,Completed
ORD007145,CUST00018,2025-09-29 01:09:46.128809,USD,Completed
ORD007146,CUST01174,2026-05-19 12:14:29.019744,US$,Completed
ORD007147,CUST01248,2026-04-12 17:50:44.312639,US$,Completed
ORD007148,CUST00794,2026-01-21 16:22:34.815083,US$,Completed
ORD007149,CUST04893,2026-02-13 15:43:05.576880,USD,Completed
ORD007150,CUST03802,2026-03-09 07:56:58.561673,USD,Completed
ORD007151,CUST04381,2025-11-04 06:35:08.903775,US$,Completed
ORD007152,CUST03282,2025-07-10 07:21:02.876026,USD,Completed
ORD007153,CUST04086,2026-04-20 21:12:43.323364,US$,Completed
ORD007154,CUST02178,2025-07-14 07:56:28.292361,US$,Completed
ORD007155,CUST01830,2025-12-17 03:32:55.791584,usd,Completed
ORD007156,CUST03266,2025-08-04 06:33:46.760612,usd,Completed
ORD007157,CUST01158,2026-05-11 11:38:54.571047,USD,Completed
ORD007158,CUST03820,2026-03-26 07:07:06.325165,USD,Cancelled
ORD007159,CUST01084,2026-05-11 05:44:50.771396,USD,Completed
ORD007160,CUST02201,2025-12-12 07:03:56.669672,usd,Completed
ORD007161,CUST00309,2026-06-01 19:23:24.652773,USD,Completed
ORD007162,CUST01476,2025-08-06 10:24:06.036041,USD,Completed
ORD007163,CUST03378,2025-12-07 17:09:44.284355,USD,Completed
ORD007164,CUST01165,2026-01-02 11:43:26.808174,$,Completed
ORD007165,CUST04815,2026-04-09 12:37:17.209905,USD,Completed
ORD007166,CUST03283,2025-08-03 07:35:58.997634,$,Completed
ORD007167,CUST04720,2026-02-19 18:00:09.856884,US$,Completed
ORD007168,CUST04793,2026-04-13 12:01:27.396629,USD,Completed
ORD007169,CUST01559,2026-01-17 21:07:21.987262,US$,Refunded
ORD007170,CUST04361,2026-03-24 01:55:35.655630,USD,Completed
ORD007171,CUST02409,2025-08-04 02:23:44.660190,USD,Completed
ORD007172,CUST02489,2026-02-25 15:10:35.073138,USD,Completed
ORD007173,CUST01840,2026-04-27 09:58:06.054101,USD,Completed
ORD007174,CUST01900,2025-12-03 06:42:31.697256,USD,Completed
ORD007175,CUST00304,2025-07-03 00:35:47.305444,USD,Completed
ORD007176,CUST04196,2025-07-19 00:55:54.225821,USD,Completed
ORD007177,CUST03833,2025-12-09 15:52:28.894115,USD,Completed
ORD007178,CUST01771,2025-12-25 09:30:05.928103,USD,Completed
ORD007179,CUST02089,2025-11-10 17:37:26.996773,USD,Completed
ORD007180,CUST00107,2025-07-28 06:23:30.053928,USD,Cancelled
ORD007181,CUST01360,2025-10-22 17:59:02.742695,USD,Completed
ORD007182,CUST02801,2025-09-24 22:32:32.237847,USD,Completed
ORD007183,CUST03273,2025-07-04 22:27:53.046349,usd,Completed
ORD007184,CUST02600,2026-04-25 08:03:13.903187,USD,Refunded
ORD007185,CUST01308,2026-05-10 20:40:07.131328,USD,Completed
ORD007186,CUST04030,2025-12-18 22:43:13.547036,USD,Completed
ORD007187,CUST04285,2025-07-24 05:33:46.110387,$,Completed
ORD007188,CUST00727,2025-07-15 13:19:14.090663,USD,Cancelled
ORD007189,CUST03500,2025-10-29 23:33:49.331404,US$,Completed
ORD007190,CUST03652,2025-09-07 09:09:29.456887,USD,Completed
ORD007191,CUST02544,2025-11-05 16:21:30.639515,USD,Completed
ORD007192,CUST03454,2025-08-20 16:01:45.521506,USD,Completed
ORD007193,CUST04724,2026-06-16 13:56:37.374306,USD,Completed
ORD007194,CUST02053,2026-02-28 23:03:00.554324,usd,Cancelled
ORD007195,CUST02463,2026-01-15 18:58:57.100891,usd,Completed
ORD007196,CUST00146,2026-06-01 07:25:02.655667,USD,Cancelled
ORD007197,CUST04510,2026-01-23 14:20:42.692169,USD,Completed
ORD007198,CUST01627,2026-04-13 21:50:18.882258,usd,Completed
ORD007199,CUST03196,2025-11-01 19:35:08.047140,USD,Completed
ORD007200,CUST00982,2026-02-13 15:21:17.414646,USD ,Completed
ORD007201,CUST04351,2025-11-11 17:12:08.990339,USD,Completed
ORD007202,CUST04957,2025-10-29 19:19:19.683372,usd,Completed
ORD007203,CUST01845,2026-03-23 01:03:48.356461,USD,Completed
ORD007204,CUST01827,2026-03-22 03:24:04.493063,US$,Completed
ORD007205,CUST01650,2025-08-29 15:15:22.312095,USD,Completed
ORD007206,CUST04923,2025-10-06 00:06:32.751920,usd,Completed
ORD007207,CUST00348,2026-02-07 13:10:55.775584,usd,Completed
ORD007208,CUST04065,2026-06-06 10:19:58.427954,USD,Cancelled
ORD007209,CUST00621,2026-03-08 11:20:32.687550,USD,Completed
ORD007210,CUST01851,2025-12-26 14:23:12.230339,$,Completed
ORD007211,CUST02271,2026-03-21 15:38:48.394763,US$,Completed
ORD007212,CUST04966,2026-03-12 22:20:30.048359,USD,Completed
ORD007213,CUST02061,2025-09-16 18:05:19.860701,USD,Completed
ORD007214,CUST04162,2025-11-25 02:59:44.183097,USD,Completed
ORD007215,CUST04589,2025-12-12 17:59:55.588632,USD,Completed
ORD007216,CUST04026,2026-02-18 22:58:03.394858,usd,Completed
ORD007217,CUST01186,2025-10-07 01:11:04.980578,US$,Completed
ORD007218,CUST02528,2026-01-01 12:30:19.999599,USD,Completed
ORD007219,CUST00376,2026-03-11 16:41:32.003191,US$,Completed
ORD007220,CUST00488,2025-12-06 15:08:08.753766,USD,Completed
ORD007221,CUST03632,2025-07-03 11:01:49.963349,USD,Completed
ORD007222,CUST02728,2025-09-11 07:35:08.816029,USD,Completed
ORD007223,CUST02629,2026-04-11 02:09:55.784462,USD,Completed
ORD007224,CUST03967,2026-02-27 23:41:51.107723,usd,Completed
ORD007225,CUST03144,2025-11-18 18:36:19.232809,usd,Completed
ORD007226,CUST03216,2025-11-24 08:11:25.134984,US$,Completed
ORD007227,CUST03188,2025-07-23 13:51:07.950434,USD,Completed
ORD007228,CUST02075,2025-12-11 21:57:31.356515,USD,Completed
ORD007229,CUST02919,2026-03-09 19:59:27.542845,usd,Completed
ORD007230,CUST03560,2026-04-23 19:04:36.142045,usd,Completed
ORD007231,CUST02589,2025-08-30 18:09:41.955523,USD,Completed
ORD007232,CUST02255,2026-01-15 18:54:43.163200,USD,Completed
ORD007233,CUST01281,2026-05-23 19:37:15.160061,$,Completed
ORD007234,CUST01984,2026-04-04 04:19:57.135619,USD,Completed
ORD007235,CUST00616,2026-03-21 14:19:59.184747,USD,Completed
ORD007236,CUST03684,2025-09-07 01:58:26.954474,USD,Completed
ORD007237,CUST03884,2025-12-16 06:24:06.371024,USD,Completed
ORD007238,CUST00560,2026-01-02 17:57:56.160097,USD,Cancelled
ORD007239,CUST00242,2025-11-16 08:42:25.880632,USD,Completed
ORD007240,CUST00705,2025-09-11 03:28:50.459274,USD,Completed
ORD007241,CUST00494,2025-08-07 10:00:10.559087,USD,Completed
ORD007242,CUST01271,2025-12-30 19:55:40.966304,USD,Completed
ORD007243,CUST01657,2026-02-19 02:30:21.571254,$,Completed
ORD007244,CUST04920,2025-08-07 22:48:44.165795,USD,Completed
ORD007245,CUST01036,2026-05-10 15:40:18.176347,USD,Completed
ORD007246,CUST04562,2026-02-02 21:55:16.618517,USD,Completed
ORD007247,CUST02691,2026-01-22 06:16:25.080348,USD,Completed
ORD007248,CUST02439,2026-04-18 04:35:04.575714,$,Completed
ORD007249,CUST00995,2026-03-07 14:58:59.477358,USD,Completed
ORD007250,CUST01584,2026-01-03 04:24:32.050381,USD,Completed
ORD007251,CUST00054,2025-10-27 05:03:45.431384,usd,Completed
ORD007252,CUST01339,2025-11-17 14:31:07.925870,USD,Completed
ORD007253,CUST03536,2025-12-13 19:54:30.903389,$,Completed
ORD007254,CUST01825,2025-07-14 07:00:33.385295,$,Completed
ORD007255,CUST02966,2025-12-11 23:13:11.256657,USD,Completed
ORD007256,CUST02063,2025-08-01 17:24:51.241612,USD,Completed
ORD007257,CUST00114,2026-04-28 05:30:11.140292,USD,Completed
ORD007258,CUST04180,2026-04-12 21:18:47.097874,usd,Refunded
ORD007259,CUST02022,2026-04-02 09:54:16.839990,USD,Completed
ORD007260,CUST02933,2025-12-31 06:25:41.437963,USD,Completed
ORD007261,CUST02445,2025-07-26 11:53:16.895800,USD,Completed
ORD007262,CUST00403,2025-09-28 14:38:01.837593,US$,Completed
ORD007263,CUST00276,2025-09-02 11:54:16.932465,USD,Cancelled
ORD007264,CUST04055,2025-08-11 11:31:31.332420,US$,Completed
ORD007265,CUST01646,2025-08-25 01:11:01.797881,USD,Refunded
ORD007266,CUST00092,2025-10-12 19:04:32.285427,USD,Completed
ORD007267,CUST03838,2025-12-02 16:01:42.304400,USD,Completed
ORD007268,CUST04970,2026-06-18 23:32:47.587062,USD,Completed
ORD007269,CUST02233,2026-03-21 09:08:44.559771,US$,Completed
ORD007270,CUST02713,2025-09-26 08:40:24.496621,$,Completed
ORD007271,CUST04256,2025-10-21 03:52:10.678089,USD,Completed
ORD007272,CUST02894,2026-04-02 00:18:23.243544,usd,Completed
ORD007273,CUST02224,2026-04-07 22:15:40.551873,USD,Completed
ORD007274,CUST02184,2025-09-08 01:56:45.603494,USD,Completed
ORD007275,CUST04776,2026-01-08 04:00:55.978139,USD,Completed
ORD007276,CUST01967,2026-01-23 08:58:56.377368,USD,Completed
ORD007277,CUST01448,2026-04-21 23:24:25.733843,US$,Completed
ORD007278,CUST01514_DUP,2026-01-29 08:04:09.517941,US$,Completed
ORD007279,CUST04388,2025-12-26 13:34:10.781324,usd,Completed
ORD007280,CUST03476,2025-12-14 14:18:39.490863,USD,Completed
ORD007281,CUST04571,2025-12-03 06:31:35.059343,USD,Completed
ORD007282,CUST03698,2025-10-13 22:18:50.761739,USD,Cancelled
ORD007283,CUST02089,2025-11-28 08:14:15.294593,$,Completed
ORD007284,CUST01357,2025-07-31 04:44:33.379242,USD,Completed
ORD007285,CUST00849,2026-01-23 10:15:06.500751,USD,Completed
ORD007286,CUST03737,2026-03-13 15:32:46.486651,USD,Completed
ORD007287,CUST04400,2026-04-03 15:34:10.888373,USD,Cancelled
ORD007288,CUST01005,2025-12-28 19:38:18.566190,US$,Completed
ORD007289,CUST00533,2025-08-03 03:14:27.717826,usd,Completed
ORD007290,CUST03881,2025-11-11 06:33:01.021524,US$,Completed
ORD007291,CUST04322,2026-04-19 23:22:26.472692,usd,Completed
ORD007292,CUST02391,2026-03-10 08:26:10.169740,USD,Completed
ORD007293,CUST01766,2025-09-27 11:44:02.805706,$,Completed
ORD007294,CUST00962,2025-12-19 21:29:23.600438,USD,Completed
ORD007295,CUST00986,2026-04-18 01:24:19.305753,USD,Completed
ORD007296,CUST03254,2026-02-05 18:26:30.496759,USD,Completed
ORD007297,CUST04729,2025-07-30 20:11:51.027813,USD,Completed
ORD007298,CUST03222,2025-11-26 07:12:08.780025,USD,Completed
ORD007299,CUST04115,2025-10-23 21:44:59.088444,USD,Completed
ORD007300,CUST04666,2026-04-16 08:53:53.473506,$,Completed
ORD007301,CUST01032,2025-12-21 05:25:47.650516,USD,Completed
ORD007302,CUST04523,2026-05-25 02:22:17.865095,USD,Completed
ORD007303,CUST03735,2025-10-12 05:00:31.023870,USD,Completed
ORD007304,CUST00754,2026-05-19 05:44:47.939303,USD,Completed
ORD007305,CUST04676,2026-01-20 04:40:30.539845,USD,Completed
ORD007306,CUST02736,2026-06-29 11:59:02.838300,USD,Completed
ORD007307,CUST01414,2025-11-21 21:18:23.682053,USD,Completed
ORD007308,CUST01240,2025-11-18 08:59:08.877812,USD,Completed
ORD007309,CUST00213,2025-09-13 19:06:52.829705,usd,Completed
ORD007310,CUST00575,2025-09-05 23:45:04.727139,USD,Completed
ORD007311,CUST02058,2026-04-12 06:42:06.641784,USD,Completed
ORD007312,CUST02343,2025-12-31 01:48:43.608702,USD,Completed
ORD007313,CUST00786,2026-05-21 15:19:19.831246,$,Completed
ORD007314,CUST02578,2026-01-26 06:53:31.504077,USD,Completed
ORD007315,CUST01481,2025-11-28 13:35:12.710314,$,Completed
ORD007316,CUST04635,2025-12-09 22:06:13.940722,USD,Completed
ORD007317,CUST04946,2025-11-11 20:08:43.171708,$,Completed
ORD007318,CUST00214,2026-04-25 14:24:05.681182,USD,Completed
ORD007319,CUST03502,2025-12-28 19:13:37.291590,$,Completed
ORD007320,CUST00959,2026-05-30 06:43:24.625800,USD,Completed
ORD007321,CUST03205,2026-01-13 03:17:14.828955,$,Completed
ORD007322,CUST01998,2025-11-08 12:40:52.608304,USD,Completed
ORD007323,CUST02425,2025-10-01 13:26:30.603445,USD,Completed
ORD007324,CUST00067,2025-12-17 02:28:38.825009,US$,Refunded
ORD007325,CUST02006,2025-08-10 06:08:16.499104,USD,Cancelled
ORD007326,CUST01433,2026-01-25 17:12:07.174098,US$,Completed
ORD007327,CUST00822,2026-01-30 19:55:57.020641,USD,Cancelled
ORD007328,CUST03306,2025-07-29 21:47:48.792580,USD,Completed
ORD007329,CUST04881,2026-02-06 19:29:05.802019,USD,Completed
ORD007330,CUST04959,2025-08-06 13:03:08.832292,USD,Completed
ORD007331,CUST03679,2025-08-27 17:07:50.293373,USD,Completed
ORD007332,CUST03933,2025-11-10 12:17:10.526338,USD,Completed
ORD007333,CUST01032,2025-08-25 20:24:13.870645,USD,Completed
ORD007334,CUST00337,2026-02-04 22:14:37.630870,USD,Completed
ORD007335,CUST01773,2025-09-25 00:48:58.024967,USD,Completed
ORD007336,CUST01581,2026-03-03 09:32:07.030767,usd,Completed
ORD007337,CUST01442_DUP,2025-09-20 22:36:24.894046,USD,Completed
ORD007338,CUST01888,2026-04-16 11:12:11.319087,USD,Completed
ORD007339,CUST03436,2026-05-05 23:47:26.242380,USD,Completed
ORD007340,CUST02556,2026-06-02 06:06:39.795447,usd,Cancelled
ORD007341,CUST04160,2025-10-22 09:43:06.562613,US$,Completed
ORD007342,CUST03308,2025-07-24 08:12:02.921598,$,Completed
ORD007343,CUST01084,2026-06-27 16:24:42.072937,usd,Completed
ORD007344,CUST01581,2025-10-13 21:26:27.641365,USD,Completed
ORD007345,CUST03089,2025-11-19 16:04:34.955019,US$,Completed
ORD007346,CUST02251,2025-12-10 20:22:02.613437,USD,Refunded
ORD007347,CUST02413,2026-05-23 02:30:44.944046,USD,Completed
ORD007348,CUST01149,2026-04-06 00:44:56.483899,usd,Completed
ORD007349,CUST01433,2025-11-29 05:04:54.307071,USD,Completed
ORD007350,CUST01741,2025-08-22 04:47:58.368968,USD,Completed
ORD007351,CUST02796,2025-07-03 05:49:08.905744,USD,Completed
ORD007352,CUST03960,2026-05-18 07:25:08.798866,USD,Completed
ORD007353,CUST04718,2025-12-04 06:13:23.659263,USD,Completed
ORD007354,CUST03934,2026-06-26 05:21:24.947583,USD,Completed
ORD007355,CUST01134,2025-07-28 01:15:54.745448,$,Completed
ORD007356,CUST01238,2025-10-25 20:20:41.837294,usd,Completed
ORD007357,CUST01573,2026-03-06 12:22:44.177039,USD,Completed
ORD007358,CUST04881,2025-11-22 16:38:55.014298,US$,Cancelled
ORD007359,CUST00859,2025-07-06 04:51:32.560523,USD,Completed
ORD007360,CUST03011,2026-06-26 03:23:34.224895,USD,Cancelled
ORD007361,CUST04015,2026-06-28 06:54:52.146406,USD ,Completed
ORD007362,CUST04578,2025-12-08 22:01:18.812119,USD ,Completed
ORD007363,CUST03181,2025-11-10 16:53:01.544113,USD,Cancelled
ORD007364,CUST00313,2025-11-01 14:57:59.576914,USD,Refunded
ORD007365,CUST00253,2025-11-03 12:39:09.758569,USD,Refunded
ORD007366,CUST02213,2025-12-07 02:37:02.282963,US$,Completed
ORD007367,CUST00650,2025-11-03 00:03:59.696457,US$,Completed
ORD007368,CUST00971,2025-12-16 09:21:07.584923,US$,Cancelled
ORD007369,CUST01731,2025-09-18 03:34:26.773871,$,Completed
ORD007370,CUST02931,2026-02-18 15:23:02.690636,USD,Completed
ORD007371,CUST00839,2026-06-14 02:07:24.811995,usd,Completed
ORD007372,CUST02819,2025-10-20 07:05:45.585705,USD,Completed
ORD007373,CUST01066,2025-09-27 04:44:10.149020,USD,Completed
ORD007374,CUST03883,2026-02-09 02:16:56.874463,USD,Refunded
ORD007375,CUST04886,2026-01-22 07:19:16.416557,USD,Refunded
ORD007376,CUST00387,2025-12-22 21:57:48.659578,USD,Completed
ORD007377,CUST03108,2025-12-01 14:59:55.982533,USD,Completed
ORD007378,CUST03411,2025-07-30 08:20:28.072452,USD,Completed
ORD007379,CUST01056,2025-10-18 00:12:10.907728,USD,Completed
ORD007380,CUST03020,2026-05-21 14:10:30.567484,$,Completed
ORD007381,CUST01672,2025-12-07 05:37:39.036401,usd,Completed
ORD007382,CUST04670,2025-09-11 16:12:02.337702,USD ,Cancelled
ORD007383,CUST00611,2025-08-08 17:35:20.227766,USD,Completed
ORD007384,CUST00880,2026-02-19 12:14:48.714664,usd,Completed
ORD007385,CUST01776,2026-04-11 03:57:46.078385,USD ,Completed
ORD007386,CUST03154,2026-04-05 09:30:44.231920,USD,Completed
ORD007387,CUST02982,2025-08-27 12:08:51.993223,USD,Refunded
ORD007388,CUST02186,2026-03-11 19:01:00.533676,US$,Completed
ORD007389,CUST01034,2025-09-01 03:37:24.214772,USD,Completed
ORD007390,CUST03392,2026-05-12 16:27:49.891167,USD,Completed
ORD007391,CUST01610,2026-01-17 11:28:02.086410,USD,Completed
ORD007392,CUST00238,2026-04-14 14:11:30.422330,USD,Completed
ORD007393,CUST02818,2026-01-11 13:42:07.373286,$,Completed
ORD007394,CUST02526,2026-02-02 10:26:06.299907,USD,Refunded
ORD007395,CUST04480,2026-06-13 03:39:43.817893,usd,Completed
ORD007396,CUST04420,2026-03-03 06:20:01.810654,USD,Completed
ORD007397,CUST04882,2026-05-22 04:06:31.084286,USD,Completed
ORD007398,CUST02264,2026-05-16 05:39:20.676190,USD,Completed
ORD007399,CUST02644,2025-12-15 10:54:40.901795,USD,Refunded
ORD007400,CUST03314,2026-05-04 17:01:58.228065,USD,Completed
ORD007401,CUST02317,2026-05-11 03:25:13.711855,USD,Completed
ORD007402,CUST03691,2025-07-28 09:39:27.311523,usd,Completed
ORD007403,CUST02370,2025-08-14 09:01:12.637714,USD,Cancelled
ORD007404,CUST04635,2025-12-11 11:00:24.273347,USD,Completed
ORD007405,CUST00805,2025-12-23 13:23:19.554943,USD,Completed
ORD007406,CUST04745,2026-06-11 07:23:48.332789,USD,Completed
ORD007407,CUST03280,2025-08-24 01:28:54.959203,USD,Completed
ORD007408,CUST02952,2026-04-09 04:15:07.080620,USD,Refunded
ORD007409,CUST02722,2025-11-09 01:58:40.260883,USD,Completed
ORD007410,CUST03103,2025-09-19 01:14:17.098477,USD,Completed
ORD007411,CUST02140,2025-09-11 08:23:03.081209,USD,Completed
ORD007412,CUST02134,2025-12-15 00:23:19.505501,USD,Completed
ORD007413,CUST04218,2026-01-31 19:34:22.504590,USD,Completed
ORD007414,CUST01171,2025-09-19 21:12:38.679588,USD,Cancelled
ORD007415,CUST04423,2025-07-29 21:33:42.931228,US$,Completed
ORD007416,CUST04211,2026-02-10 16:17:33.646175,usd,Completed
ORD007417,CUST04460,2025-10-12 13:27:00.077452,USD,Completed
ORD007418,CUST01756,2025-09-20 04:49:13.744311,USD,Completed
ORD007419,CUST00677,2025-07-23 15:09:58.415612,USD,Completed
ORD007420,CUST04521,2026-04-07 02:29:11.773818,usd,Completed
ORD007421,CUST02506,2026-03-19 15:56:52.480990,USD,Completed
ORD007422,CUST00505,2026-04-19 19:51:11.173271,USD,Completed
ORD007423,CUST04516,2026-06-20 08:57:52.611439,USD,Completed
ORD007424,CUST00184,2025-12-16 12:28:47.345482,usd,Completed
ORD007425,CUST00964,2025-10-23 04:20:18.582179,$,Completed
ORD007426,CUST00470,2026-02-25 11:52:57.064804,usd,Completed
ORD007427,CUST01989,2026-02-26 21:24:03.472232,usd,Completed
ORD007428,CUST00615,2025-09-28 21:33:50.585148,USD,Completed
ORD007429,CUST00305,2025-12-30 10:35:23.456327,$,Completed
ORD007430,CUST02932,2026-06-08 02:28:07.448671,USD,Completed
ORD007431,CUST01108,2025-10-22 19:37:08.696724,USD,Completed
ORD007432,CUST04148,2026-01-04 03:23:14.390685,$,Completed
ORD007433,CUST04774,2026-01-09 13:24:41.216048,USD,Completed
ORD007434,CUST02608,2026-04-19 07:49:18.895814,USD,Completed
ORD007435,CUST04688,2025-09-30 07:30:41.828289,USD,Completed
ORD007436,CUST02959,2025-12-16 07:08:07.163623,USD,Completed
ORD007437,CUST00829,2026-02-18 01:22:34.529039,$,Completed
ORD007438,CUST04621,2026-01-02 01:54:43.494550,USD,Completed
ORD007439,CUST00480,2025-11-28 12:57:49.293306,USD,Completed
ORD007440,CUST00993,2025-12-01 10:47:08.933937,USD,Completed
ORD007441,CUST00884,2026-06-14 16:10:53.089235,USD,Completed
ORD007442,CUST00907,2025-12-15 22:36:55.330672,USD,Completed
ORD007443,CUST04220,2025-10-01 12:16:58.388469,$,Completed
ORD007444,CUST00310,2025-09-07 14:19:34.531169,USD,Completed
ORD007445,CUST01111,2025-10-25 20:19:45.668060,$,Completed
ORD007446,CUST00626,2026-01-23 05:23:43.728944,USD,Completed
ORD007447,CUST03383,2026-03-23 00:58:24.352844,USD ,Completed
ORD007448,CUST04230,2025-10-09 03:35:19.099237,USD,Completed
ORD007449,CUST00495,2025-08-21 05:40:01.136877,USD,Completed
ORD007450,CUST01697,2025-07-28 00:55:54.659263,USD,Completed
ORD007451,CUST01005,2025-10-15 09:22:45.719475,USD,Completed
ORD007452,CUST03126,2026-05-14 06:24:26.962613,USD,Completed
ORD007453,CUST03197,2026-01-11 00:24:15.270831,USD,Cancelled
ORD007454,CUST01530,2025-07-24 15:49:55.212478,USD,Completed
ORD007455,CUST01575,2025-09-04 04:37:20.243177,USD,Completed
ORD007456,CUST02404,2026-04-22 03:57:36.945140,USD,Completed
ORD007457,CUST01392,2025-11-09 19:11:43.274153,USD,Completed
ORD007458,CUST03987,2025-07-22 10:02:23.843725,USD,Completed
ORD007459,CUST00457,2025-09-07 23:14:46.416690,USD,Completed
ORD007460,CUST04681,2026-01-28 02:25:47.803457,usd,Completed
ORD007461,CUST04495_DUP,2025-12-26 11:56:05.262636,USD,Completed
ORD007462,CUST02215,2025-12-22 04:48:39.288812,USD,Completed
ORD007463,CUST03572,2025-08-10 03:25:07.009689,USD,Completed
ORD007464,CUST02715,2025-11-25 23:53:56.254087,$,Completed
ORD007465,CUST00703,2026-06-09 14:42:12.537219,USD,Completed
ORD007466,CUST01516,2025-09-16 17:37:26.691422,USD,Cancelled
ORD007467,CUST01002,2025-11-26 16:48:46.523639,$,Completed
ORD007468,CUST03054,2025-10-16 09:02:42.958892,USD,Cancelled
ORD007469,CUST02866,2025-10-31 16:16:04.145633,usd,Cancelled
ORD007470,CUST04691,2026-02-04 10:55:24.164953,USD,Completed
ORD007471,CUST00689,2026-03-22 02:54:05.719802,USD,Completed
ORD007472,CUST04521,2025-12-17 18:33:17.110563,USD,Completed
ORD007473,CUST03016,2025-12-24 04:22:28.492443,USD,Completed
ORD007474,CUST02022,2025-12-31 14:56:29.810593,USD,Completed
ORD007475,CUST00787,2026-03-12 06:13:43.380353,USD,Completed
ORD007476,CUST02503,2025-07-31 01:46:14.508659,USD,Completed
ORD007477,CUST03929,2026-03-24 15:55:01.836594,$,Completed
ORD007478,CUST04641,2026-06-10 20:42:34.497117,USD,Completed
ORD007479,CUST00185,2025-08-18 15:15:39.574702,US$,Completed
ORD007480,CUST03760,2025-07-21 09:12:18.472282,USD ,Completed
ORD007481,CUST00872,2025-12-03 04:20:35.184441,USD,Completed
ORD007482,CUST02153,2026-03-18 02:00:56.588915,USD,Completed
ORD007483,CUST02750,2025-09-16 02:54:18.658558,US$,Completed
ORD007484,CUST00912,2025-11-24 09:09:56.533462,USD ,Completed
ORD007485,CUST02384,2025-07-11 11:21:42.320089,USD,Completed
ORD007486,CUST03111,2026-05-25 06:33:25.219154,USD,Completed
ORD007487,CUST00497,2025-07-14 10:03:48.082194,USD,Cancelled
ORD007488,CUST02299,2026-05-29 05:11:41.177860,US$,Completed
ORD007489,CUST00125,2025-11-02 00:00:49.177710,USD,Completed
ORD007490,CUST02308,2026-06-06 06:58:44.444737,USD,Completed
ORD007491,CUST01515,2026-05-28 09:30:50.361554,USD,Completed
ORD007492,CUST03917,2026-03-22 15:52:35.765295,USD,Completed
ORD007493,CUST00228,2026-06-03 15:23:00.992801,$,Completed
ORD007494,CUST04134_DUP,2025-10-05 09:34:28.074270,USD,Completed
ORD007495,CUST03920,2025-08-21 05:07:50.387230,$,Completed
ORD007496,CUST01040,2025-09-23 10:37:54.142103,USD,Completed
ORD007497,CUST04616,2025-09-28 16:42:12.194620,USD,Completed
ORD007498,CUST03876,2026-06-26 07:24:09.174189,USD,Completed
ORD007499,CUST04245,2026-03-22 00:52:48.842624,$,Completed
ORD007500,CUST02880,2026-01-28 03:42:27.963652,USD,Completed
ORD007501,CUST02505,2026-01-21 02:42:01.737374,USD,Completed
ORD007502,CUST00127,2026-04-01 12:32:19.749721,US$,Completed
ORD007503,CUST02376,2026-04-14 22:00:43.388846,USD,Completed
ORD007504,CUST01376,2025-09-28 16:36:01.831168,usd,Completed
ORD007505,CUST01557,2026-06-02 13:13:00.450958,USD,Completed
ORD007506,CUST00216,2026-04-24 00:32:10.334388,$,Completed
ORD007507,CUST00869,2026-01-16 10:18:21.240782,USD,Completed
ORD007508,CUST02574,2026-06-15 12:35:16.356019,USD,Cancelled
ORD007509,CUST02918,2025-08-01 06:53:47.082688,USD,Completed
ORD007510,CUST00780,2026-02-03 23:16:51.848094,USD,Cancelled
ORD007511,CUST03962,2025-12-21 12:46:32.857855,US$,Refunded
ORD007512,CUST02310,2026-06-09 09:19:29.089799,USD,Cancelled
ORD007513,CUST03026,2026-01-16 06:54:39.644974,$,Completed
ORD007514,CUST01929,2025-08-24 11:19:54.262308,USD,Cancelled
ORD007515,CUST01723,2025-07-09 11:08:53.312525,usd,Completed
ORD007516,CUST02495,2026-05-26 15:21:26.121900,USD,Completed
ORD007517,CUST00610,2025-10-22 07:07:16.440850,USD,Completed
ORD007518,CUST03864,2026-02-24 21:19:12.531111,USD,Completed
ORD007519,CUST03386,2026-02-06 23:59:40.468392,USD,Completed
ORD007520,CUST00938,2025-09-11 17:49:31.313329,USD,Refunded
ORD007521,CUST04752,2026-03-08 08:57:23.172876,USD,Completed
ORD007522,CUST00901,2026-06-15 05:09:30.546456,USD,Completed
ORD007523,CUST03717,2025-08-05 06:12:33.706729,USD,Completed
ORD007524,CUST01616,2026-06-15 03:59:58.595566,USD,Completed
ORD007525,CUST03023,2025-08-19 11:25:43.648932,$,Completed
ORD007526,CUST00086,2025-07-11 12:17:33.063967,USD,Completed
ORD007527,CUST01723,2025-09-07 23:01:46.416108,USD,Completed
ORD007528,CUST02477,2026-01-11 07:09:00.551853,USD,Completed
ORD007529,CUST02340,2025-07-22 09:02:13.615592,usd,Completed
ORD007530,CUST01692,2026-02-26 13:36:55.826151,USD,Completed
ORD007531,CUST03783,2025-08-01 20:31:44.217918,USD,Completed
ORD007532,CUST00212,2026-05-11 17:45:37.753248,USD,Completed
ORD007533,CUST03765,2025-09-07 00:30:30.861563,USD,Completed
ORD007534,CUST04078,2026-01-08 08:08:35.947408,USD,Completed
ORD007535,CUST02287,2025-11-15 01:07:53.751914,USD,Completed
ORD007536,CUST03993,2026-05-04 23:23:05.243046,US$,Completed
ORD007537,CUST04935,2025-12-18 18:35:20.001131,USD,Completed
ORD007538,CUST01893,2025-12-23 12:53:02.615780,USD,Completed
ORD007539,CUST03327,2025-08-18 22:40:53.377533,USD,Cancelled
ORD007540,CUST02348,2026-04-04 13:40:22.097155,USD,Completed
ORD007541,CUST03757,2026-06-22 23:55:38.998924,USD,Completed
ORD007542,CUST00623,2026-04-15 12:19:34.408604,USD,Completed
ORD007543,CUST04013,2026-02-15 18:22:43.236445,usd,Completed
ORD007544,CUST02424,2025-10-11 09:16:58.204027,US$,Completed
ORD007545,CUST04818,2026-05-09 16:30:08.475461,USD,Refunded
ORD007546,CUST02390,2026-05-02 19:41:22.557022,USD,Completed
ORD007547,CUST01926,2025-10-05 15:48:10.945242,USD,Completed
ORD007548,CUST00839,2026-05-31 04:12:05.216935,USD,Completed
ORD007549,CUST04260,2026-06-25 02:30:23.009921,USD,Completed
ORD007550,CUST02680,2025-09-30 22:41:16.368684,US$,Completed
ORD007551,CUST01750,2026-05-21 02:10:10.378401,usd,Completed
ORD007552,CUST02883,2026-06-23 19:48:41.919162,USD,Completed
ORD007553,CUST03742,2025-12-30 07:25:26.610111,USD,Completed
ORD007554,CUST03771,2025-11-17 09:05:11.966146,USD,Completed
ORD007555,CUST03901,2025-07-31 06:32:53.721119,US$,Completed
ORD007556,CUST02530,2026-03-19 03:10:16.091083,USD,Completed
ORD007557,CUST01725,2026-01-09 15:37:51.575287,USD,Completed
ORD007558,CUST03973,2026-06-29 13:20:49.121224,USD,Completed
ORD007559,CUST02148,2026-04-01 06:59:12.275059,USD,Completed
ORD007560,CUST02880,2026-02-28 17:20:18.752583,USD,Completed
ORD007561,CUST01503,2026-02-08 08:11:54.425319,USD,Completed
ORD007562,CUST03129,2025-09-21 19:32:57.939867,USD,Completed
ORD007563,CUST00429,2025-09-23 02:13:51.607803,USD,Completed
ORD007564,CUST01332,2025-08-14 07:11:53.207581,USD,Completed
ORD007565,CUST04081,2026-04-20 03:18:24.375242,USD,Completed
ORD007566,CUST02910,2026-04-25 16:09:43.801423,USD,Completed
ORD007567,CUST03306,2025-09-28 14:24:56.133828,USD,Completed
ORD007568,CUST02210,2025-12-08 22:41:54.526257,USD,Completed
ORD007569,CUST04140,2026-01-17 11:37:20.732855,usd,Completed
ORD007570,CUST00194,2025-08-06 03:21:11.255131,USD,Completed
ORD007571,CUST00597,2025-10-02 18:17:42.101091,USD,Completed
ORD007572,CUST04677,2025-11-04 09:48:24.705754,USD,Completed
ORD007573,CUST03081,2025-11-23 10:36:37.193480,USD,Completed
ORD007574,CUST00876,2026-02-09 12:29:47.637696,usd,Completed
ORD007575,CUST03436,2026-04-29 12:34:23.752078,USD,Completed
ORD007576,CUST01900,2026-05-10 08:07:04.819645,USD,Completed
ORD007577,CUST00451,2025-07-21 12:29:58.292846,USD,Refunded
ORD007578,CUST00961,2026-04-15 09:02:58.606680,usd,Completed
ORD007579,CUST01599,2025-09-14 15:10:59.682441,usd,Completed
ORD007580,CUST00009,2025-08-12 14:57:36.308130,USD,Completed
ORD007581,CUST03252,2025-12-01 15:56:15.970172,US$,Completed
ORD007582,CUST00930,2025-07-05 02:54:54.297554,USD,Completed
ORD007583,CUST02751,2025-07-19 19:47:42.229295,$,Completed
ORD007584,CUST02233,2026-04-16 00:03:54.344889,USD,Completed
ORD007585,CUST03252,2026-04-25 12:36:17.049025,USD,Cancelled
ORD007586,CUST00592,2026-05-22 01:56:33.815197,USD,Completed
ORD007587,CUST00273,2025-11-18 10:45:15.223991,usd,Completed
ORD007588,CUST00272,2026-01-04 01:32:00.398850,USD,Completed
ORD007589,CUST03309,2025-07-24 20:51:49.108061,usd,Completed
ORD007590,CUST03375,2026-01-22 06:35:44.110060,USD,Cancelled
ORD007591,CUST00792,2026-06-15 05:08:58.454495,US$,Completed
ORD007592,CUST03820,2025-11-10 13:24:59.170581,USD,Completed
ORD007593,CUST03873,2025-07-30 01:28:54.461447,USD,Completed
ORD007594,CUST04724,2025-07-01 04:43:52.961077,USD,Completed
ORD007595,CUST03526,2025-08-06 08:36:16.971410,USD,Completed
ORD007596,CUST02217,2025-10-08 20:14:35.500370,USD,Completed
ORD007597,CUST01460,2026-02-03 16:23:14.859613,USD,Completed
ORD007598,CUST00383,2026-05-23 13:02:20.424959,$,Completed
ORD007599,CUST00371,2026-05-09 23:48:45.079638,$,Completed
ORD007600,CUST01360,2025-09-07 08:43:07.327783,USD,Completed
ORD007601,CUST00609_DUP,2026-01-29 00:02:04.841793,$,Completed
ORD007602,CUST02724,2025-12-31 02:46:54.114506,$,Completed
ORD007603,CUST03279,2025-12-20 06:03:19.731914,USD,Completed
ORD007604,CUST04430,2025-07-11 02:20:10.309706,usd,Completed
ORD007605,CUST03983,2026-04-28 22:02:30.048801,usd,Refunded
ORD007606,CUST03860,2025-10-03 08:08:07.242138,USD,Completed
ORD007607,CUST01749,2025-07-21 04:33:13.682353,$,Completed
ORD007608,CUST04227,2025-12-07 06:37:47.157715,USD,Completed
ORD007609,CUST01693,2025-12-10 03:20:12.275084,USD,Completed
ORD007610,CUST04756,2026-03-18 23:48:42.144143,USD,Completed
ORD007611,CUST01823,2025-07-21 21:57:40.596293,USD,Refunded
ORD007612,CUST01212,2025-10-16 21:27:34.692179,USD,Completed
ORD007613,CUST00363,2025-08-22 18:11:07.605547,USD,Completed
ORD007614,CUST00246,2025-11-06 05:11:48.367041,USD,Completed
ORD007615,CUST01533,2025-08-26 11:57:07.828512,USD,Completed
ORD007616,CUST04993,2026-03-25 18:55:41.605418,USD,Completed
ORD007617,CUST00284,2026-02-11 01:35:08.081577,USD,Completed
ORD007618,CUST01388,2026-01-29 02:34:21.887566,USD,Completed
ORD007619,CUST03002,2026-05-28 14:53:35.539011,USD,Completed
ORD007620,CUST03827,2025-10-26 16:19:20.727296,USD,Completed
ORD007621,CUST04817,2026-03-25 06:23:45.458951,USD,Completed
ORD007622,CUST00990,2025-10-14 22:59:56.736901,US$,Completed
ORD007623,CUST03121,2026-03-14 04:25:59.266110,USD,Completed
ORD007624,CUST00286,2025-07-20 21:30:11.342142,USD,Completed
ORD007625,CUST00597,2026-04-08 10:08:07.286523,USD,Refunded
ORD007626,CUST03501,2025-10-20 02:34:05.191923,USD,Completed
ORD007627,CUST03005,2025-07-20 14:04:59.520014,USD,Completed
ORD007628,CUST00365,2026-04-23 01:22:53.191904,usd,Completed
ORD007629,CUST04009,2025-09-01 18:36:12.154088,USD,Completed
ORD007630,CUST01773_DUP,2025-07-08 13:57:41.725371,USD,Completed
ORD007631,CUST00270,2025-08-11 07:30:19.610996,USD,Completed
ORD007632,CUST03388,2025-10-03 22:00:23.067443,usd,Completed
ORD007633,CUST01947,2026-05-15 11:17:36.690548,$,Completed
ORD007634,CUST02247,2025-07-31 21:03:35.827119,USD,Completed
ORD007635,CUST02667,2025-10-10 21:32:49.000645,USD ,Completed
ORD007636,CUST00079,2026-06-24 05:42:30.533312,USD,Completed
ORD007637,CUST02927,2025-11-24 05:17:29.917925,US$,Completed
ORD007638,CUST04860,2026-05-23 22:01:33.637383,USD,Completed
ORD007639,CUST03219,2025-09-07 00:28:52.463350,usd,Completed
ORD007640,CUST01525,2025-09-11 13:19:46.721230,USD,Completed
ORD007641,CUST00584,2025-11-12 03:55:38.651006,usd,Completed
ORD007642,CUST04026,2026-06-26 19:35:50.157985,USD,Completed
ORD007643,CUST02848,2025-07-10 19:33:25.263246,USD,Completed
ORD007644,CUST03721,2026-06-11 23:35:29.093967,USD,Refunded
ORD007645,CUST00633,2026-03-10 15:40:33.164689,USD,Completed
ORD007646,CUST01144,2026-05-10 14:35:08.691024,usd,Completed
ORD007647,CUST04972,2026-05-14 00:36:10.890132,USD,Completed
ORD007648,CUST04476,2026-01-22 01:59:20.731186,USD,Completed
ORD007649,CUST02707,2026-04-08 08:20:56.764938,usd,Completed
ORD007650,CUST03198,2026-04-25 00:22:09.354220,USD,Completed
ORD007651,CUST03970,2026-05-28 09:24:47.010395,USD,Completed
ORD007652,CUST02983,2025-10-18 08:19:45.508442,US$,Cancelled
ORD007653,CUST04264,2026-01-03 09:51:36.457300,$,Completed
ORD007654,CUST03572,2025-12-26 20:39:32.951489,USD,Completed
ORD007655,CUST04585,2025-10-26 13:30:35.868817,USD,Refunded
ORD007656,CUST02316,2026-04-18 03:51:21.950639,USD,Completed
ORD007657,CUST01594,2025-08-30 05:49:18.003587,USD,Completed
ORD007658,CUST00921,2026-06-07 02:24:28.380650,USD,Completed
ORD007659,CUST01496,2025-10-14 07:11:38.490503,US$,Completed
ORD007660,CUST03325,2026-04-28 08:42:38.941679,USD,Completed
ORD007661,CUST04441,2025-08-11 04:44:46.277179,$,Completed
ORD007662,CUST03025,2025-11-29 07:57:30.844977,USD,Completed
ORD007663,CUST00207,2025-09-26 18:01:08.318928,USD,Completed
ORD007664,CUST03970,2026-04-13 02:04:51.528529,USD ,Completed
ORD007665,CUST01653,2025-10-11 17:16:33.308329,USD,Completed
ORD007666,CUST00130,2026-04-05 11:57:26.825827,USD,Completed
ORD007667,CUST02335_DUP,2026-06-03 14:42:44.968671,USD,Completed
ORD007668,CUST01820,2025-08-23 22:27:17.549128,USD,Completed
ORD007669,CUST01164,2025-09-16 19:51:49.986865,USD,Completed
ORD007670,CUST03869,2025-08-03 14:01:15.784092,USD,Completed
ORD007671,CUST04087,2025-10-14 23:11:56.415398,US$,Completed
ORD007672,CUST01438,2026-01-02 14:42:16.632500,USD,Completed
ORD007673,CUST04124,2026-05-04 20:25:00.756217,USD,Completed
ORD007674,CUST02685,2026-03-15 13:44:36.611238,USD,Completed
ORD007675,CUST03413,2026-06-10 00:50:08.837011,usd,Completed
ORD007676,CUST02019,2025-09-27 09:05:11.640112,usd,Completed
ORD007677,CUST03238,2025-08-03 16:29:59.613623,usd,Completed
ORD007678,CUST04185,2026-01-17 20:20:44.329535,USD,Completed
ORD007679,CUST00244,2026-02-01 17:54:51.565144,USD,Completed
ORD007680,CUST04220,2025-08-28 18:09:03.099847,USD,Refunded
ORD007681,CUST02832,2025-07-02 14:41:25.308084,USD,Completed
ORD007682,CUST03412,2025-10-26 16:14:26.083373,$,Completed
ORD007683,CUST00209,2025-09-30 02:21:14.406202,USD,Completed
ORD007684,CUST00253,2026-04-26 04:50:34.936256,USD,Completed
ORD007685,CUST00512,2025-07-11 21:31:25.105407,USD,Completed
ORD007686,CUST01894,2026-03-26 03:20:09.819297,USD,Completed
ORD007687,CUST01201,2025-07-05 14:57:10.764244,USD ,Completed
ORD007688,CUST02698,2025-10-29 13:09:12.226293,US$,Completed
ORD007689,CUST02945,2026-03-08 22:23:41.538848,USD,Completed
ORD007690,CUST04003,2026-04-17 14:50:54.201356,USD,Completed
ORD007691,CUST03968,2026-06-19 15:51:40.698449,USD,Cancelled
ORD007692,CUST00835,2026-03-10 05:47:34.872902,US$,Refunded
ORD007693,CUST01951,2025-09-16 19:39:59.902125,USD,Completed
ORD007694,CUST00790,2026-06-13 16:29:24.458967,USD,Completed
ORD007695,CUST01537,2026-03-03 04:50:31.267896,usd,Completed
ORD007696,CUST03626,2025-07-19 03:28:00.545337,USD,Completed
ORD007697,CUST03233,2025-11-23 00:15:53.308496,USD,Completed
ORD007698,CUST00562,2026-06-26 05:37:30.996752,USD,Completed
ORD007699,CUST01422,2026-05-12 05:01:45.375355,usd,Completed
ORD007700,CUST04857,2026-04-28 08:35:52.356304,usd,Completed
ORD007701,CUST01842,2026-03-12 02:40:23.786719,USD,Completed
ORD007702,CUST00039,2025-12-29 04:07:44.621091,$,Cancelled
ORD007703,CUST03804,2025-09-29 08:54:12.754381,USD,Completed
ORD007704,CUST04711,2025-08-04 14:27:23.132712,USD,Completed
ORD007705,CUST03924,2025-09-11 21:21:39.055649,USD,Completed
ORD007706,CUST04195,2026-01-13 15:38:03.534641,USD,Cancelled
ORD007707,CUST01103,2026-02-03 16:32:13.549880,USD,Completed
ORD007708,CUST01584,2026-06-12 19:08:20.600022,usd,Completed
ORD007709,CUST00715,2026-06-16 11:30:53.630449,USD,Refunded
ORD007710,CUST02701,2026-03-09 06:57:59.928714,$,Completed
ORD007711,CUST03366,2026-04-07 14:31:20.642115,$,Completed
ORD007712,CUST04167,2026-05-18 00:13:12.775094,USD,Cancelled
ORD007713,CUST00519,2025-12-19 16:46:02.340194,$,Completed
ORD007714,CUST03445,2025-08-29 17:04:51.678393,USD,Completed
ORD007715,CUST04080_DUP,2026-06-06 07:40:18.158839,$,Completed
ORD007716,CUST04891,2025-11-16 10:35:34.397481,USD,Completed
ORD007717,CUST04795,2025-07-31 04:49:56.315953,USD,Completed
ORD007718,CUST01506,2026-03-09 07:45:35.970753,USD,Completed
ORD007719,CUST02510,2026-05-25 13:43:59.837017,USD,Completed
ORD007720,CUST02847,2025-10-14 09:08:19.566976,USD,Completed
ORD007721,CUST01921,2025-10-01 02:47:05.126757,USD,Completed
ORD007722,CUST02204,2026-03-12 12:28:06.732860,USD,Completed
ORD007723,CUST01271,2025-12-12 08:48:58.646505,USD,Completed
ORD007724,CUST03426,2025-10-20 01:57:19.643398,USD,Completed
ORD007725,CUST04076,2025-07-22 14:44:25.701690,USD,Completed
ORD007726,CUST02240,2025-10-04 12:34:10.440278,USD,Completed
ORD007727,CUST01524,2026-02-26 11:04:50.061964,USD,Completed
ORD007728,CUST00883,2025-09-11 23:30:02.489310,US$,Completed
ORD007729,CUST03929,2026-06-11 03:14:26.249210,USD,Completed
ORD007730,CUST04722,2026-05-01 09:54:09.413086,USD,Completed
ORD007731,CUST03636,2026-03-24 10:07:59.585099,USD,Completed
ORD007732,CUST00827,2025-07-31 11:12:03.893532,USD,Completed
ORD007733,CUST02993,2026-03-21 19:25:18.530360,USD,Completed
ORD007734,CUST02679,2025-07-04 15:14:59.022470,USD,Completed
ORD007735,CUST01927,2026-02-04 06:23:22.568717,USD,Completed
ORD007736,CUST02445,2026-01-06 07:30:23.559819,USD,Completed
ORD007737,CUST02643,2025-10-19 13:25:55.330197,USD,Completed
ORD007738,CUST03494,2026-01-21 11:37:33.942131,usd,Refunded
ORD007739,CUST02415,2025-11-06 23:54:27.826217,USD ,Completed
ORD007740,CUST03601,2026-02-12 04:38:05.753386,$,Completed
ORD007741,CUST00529,2025-09-27 13:01:11.084625,US$,Completed
ORD007742,CUST01603,2025-09-17 21:08:40.926286,usd,Completed
ORD007743,CUST00698,2026-01-20 17:38:03.040810,usd,Completed
ORD007744,CUST01730,2025-10-23 19:42:08.898090,USD,Completed
ORD007745,CUST04145,2026-06-03 08:29:02.861641,$,Completed
ORD007746,CUST02480,2025-07-30 03:31:15.898873,USD,Completed
ORD007747,CUST04461,2025-12-17 22:16:31.965071,USD,Completed
ORD007748,CUST01206,2026-02-03 12:52:28.508162,USD,Cancelled
ORD007749,CUST01090,2025-10-19 21:37:53.128504,USD,Completed
ORD007750,CUST02087,2025-11-27 19:56:25.375512,USD,Completed
ORD007751,CUST00341,2025-10-27 22:16:08.694884,USD,Completed
ORD007752,CUST02488,2025-08-19 20:32:09.641820,USD,Completed
ORD007753,CUST04561,2025-08-24 08:53:07.483262,USD,Cancelled
ORD007754,CUST00820,2026-06-10 12:07:22.780365,usd,Completed
ORD007755,CUST04213,2025-09-09 22:04:35.182517,$,Completed
ORD007756,CUST01442,2026-02-04 07:01:23.902909,USD,Completed
ORD007757,CUST04957,2026-01-10 04:38:02.668881,USD,Cancelled
ORD007758,CUST02640,2026-06-20 17:41:32.118660,USD,Completed
ORD007759,CUST00818,2025-11-02 17:56:36.749171,USD,Cancelled
ORD007760,CUST03553,2025-07-17 05:29:10.945018,USD,Completed
ORD007761,CUST03818,2026-05-11 13:26:51.747371,USD,Completed
ORD007762,CUST00670,2026-03-24 05:52:17.530483,USD,Completed
ORD007763,CUST00089,2026-06-16 00:14:07.869751,USD,Completed
ORD007764,CUST03709,2025-12-03 17:56:07.198860,USD,Completed
ORD007765,CUST01941,2025-11-10 18:30:55.732061,USD,Completed
ORD007766,CUST04081,2026-01-13 12:05:04.222227,usd,Completed
ORD007767,CUST03422,2026-05-04 13:28:25.428397,USD,Cancelled
ORD007768,CUST03071,2025-08-31 20:48:06.196311,$,Completed
ORD007769,CUST01427,2025-11-24 12:22:08.362906,USD,Completed
ORD007770,CUST04873,2026-05-11 10:24:29.673076,USD,Completed
ORD007771,CUST03178,2025-08-07 09:19:51.664701,USD,Completed
ORD007772,CUST04867,2026-02-25 18:07:09.351997,USD,Refunded
ORD007773,CUST00432,2025-08-26 05:00:17.069727,USD,Completed
ORD007774,CUST01391,2025-08-23 19:06:57.747222,USD,Completed
ORD007775,CUST00867,2025-09-18 06:07:16.949497,USD,Cancelled
ORD007776,CUST04522,2026-03-31 23:42:03.061326,$,Completed
ORD007777,CUST02569,2026-02-15 11:57:40.866534,usd,Cancelled
ORD007778,CUST03155,2026-01-27 08:24:37.157479,USD,Completed
ORD007779,CUST02118,2026-02-18 23:55:34.110517,USD,Completed
ORD007780,CUST00959,2026-01-01 11:00:59.518776,USD,Completed
ORD007781,CUST02979,2025-12-05 08:48:52.365369,USD,Completed
ORD007782,CUST03712,2026-03-04 11:49:15.832243,$,Completed
ORD007783,CUST00010,2026-02-15 01:12:12.828350,USD,Completed
ORD007784,CUST03560,2026-03-01 23:05:50.093826,USD,Completed
ORD007785,CUST04436,2025-07-31 22:34:01.734264,US$,Cancelled
ORD007786,CUST02228,2025-09-07 08:35:35.719630,USD,Completed
ORD007787,CUST03818,2026-04-24 04:52:38.285629,USD,Completed
ORD007788,CUST02755,2026-03-22 06:57:32.591657,USD,Completed
ORD007789,CUST04825,2025-07-21 18:45:13.617837,USD,Completed
ORD007790,CUST00730,2026-04-27 21:58:51.523446,USD,Completed
ORD007791,CUST00507,2025-12-23 16:26:47.000640,USD,Completed
ORD007792,CUST03348,2025-07-15 06:07:17.876427,USD,Completed
ORD007793,CUST04174,2026-04-06 08:00:42.906874,USD,Completed
ORD007794,CUST04155,2025-08-23 19:27:46.215005,usd,Completed
ORD007795,CUST00950,2025-11-16 07:03:33.245140,$,Completed
ORD007796,CUST03503,2026-01-20 20:14:27.702891,USD,Completed
ORD007797,CUST02529,2026-06-07 01:42:04.518475,USD,Completed
ORD007798,CUST02989,2026-06-20 23:34:09.692975,USD,Completed
ORD007799,CUST04969,2025-10-11 17:44:52.726249,USD,Completed
ORD007800,CUST03353,2025-12-31 00:38:03.389055,USD,Completed
ORD007801,CUST03210,2026-01-06 00:34:23.765765,usd,Completed
ORD007802,CUST01213,2025-08-12 02:56:55.514242,USD,Completed
ORD007803,CUST02210,2026-06-20 00:14:47.261335,USD,Completed
ORD007804,CUST01607,2026-02-06 14:34:23.335182,USD,Completed
ORD007805,CUST04075,2026-04-29 01:35:04.184789,USD,Completed
ORD007806,CUST00950,2026-03-19 19:18:58.798289,$,Completed
ORD007807,CUST01739,2026-01-27 15:46:17.661731,$,Completed
ORD007808,CUST02727,2026-01-29 11:05:35.731169,USD,Completed
ORD007809,CUST02207,2025-08-26 10:27:18.353385,$,Completed
ORD007810,CUST03482,2025-09-01 20:55:43.642806,USD,Completed
ORD007811,CUST02760,2026-06-19 21:21:51.647972,USD,Completed
ORD007812,CUST04972,2025-08-29 23:27:24.636539,USD,Completed
ORD007813,CUST00501,2025-10-20 19:43:29.318660,USD,Completed
ORD007814,CUST01233,2025-10-09 11:24:52.893426,USD,Completed
ORD007815,CUST02267,2025-12-15 21:40:59.691848,USD,Completed
ORD007816,CUST03989_DUP,2026-04-04 22:24:57.480505,USD,Completed
ORD007817,CUST02558,2025-10-04 03:25:57.680401,US$,Completed
ORD007818,CUST02158,2025-12-17 11:25:05.933597,USD,Completed
ORD007819,CUST02068,2025-09-24 16:59:24.019616,USD,Completed
ORD007820,CUST00272,2026-06-10 00:52:09.480492,USD,Completed
ORD007821,CUST03190,2025-08-05 12:58:33.841402,USD,Cancelled
ORD007822,CUST04508,2025-07-22 18:42:00.914695,$,Completed
ORD007823,CUST02144,2026-02-13 12:48:28.241354,USD,Completed
ORD007824,CUST03032,2026-06-16 16:20:55.695092,USD,Completed
ORD007825,CUST03973,2025-12-24 11:42:51.265239,USD,Completed
ORD007826,CUST00162,2025-09-19 23:49:55.964640,USD,Completed
ORD007827,CUST03784,2025-10-20 14:44:13.754802,USD,Cancelled
ORD007828,CUST01897,2026-05-27 09:46:06.141775,USD,Completed
ORD007829,CUST03618,2026-01-18 11:43:07.765965,USD,Completed
ORD007830,CUST02626,2025-10-22 01:58:33.153687,USD,Completed
ORD007831,CUST04775,2025-09-05 15:00:24.260581,USD,Completed
ORD007832,CUST02897,2025-09-27 11:12:31.479354,usd,Refunded
ORD007833,CUST00807,2026-03-06 15:20:32.971309,USD,Completed
ORD007834,CUST03995,2025-10-23 18:52:59.404754,USD,Completed
ORD007835,CUST01872,2025-08-22 09:32:16.260659,USD,Completed
ORD007836,CUST00841,2026-06-15 04:59:50.581212,USD,Completed
ORD007837,CUST00970,2026-06-25 14:51:19.270118,usd,Completed
ORD007838,CUST00409,2025-11-23 22:04:38.323428,USD,Completed
ORD007839,CUST01140,2025-07-02 18:56:48.513368,USD,Completed
ORD007840,CUST02603,2025-12-25 18:03:25.612805,USD,Completed
ORD007841,CUST03636_DUP,2026-06-21 03:33:41.928145,USD,Completed
ORD007842,CUST02916,2026-01-17 19:28:34.396112,USD,Completed
ORD007843,CUST00768,2026-01-13 11:08:41.332361,USD,Completed
ORD007844,CUST03652,2026-05-19 08:16:22.221262,USD,Completed
ORD007845,CUST02847,2026-01-27 22:28:17.476316,USD ,Completed
ORD007846,CUST01972,2026-04-01 02:59:21.040914,USD,Completed
ORD007847,CUST01773_DUP,2025-07-14 22:21:28.277172,USD,Completed
ORD007848,CUST04052,2025-10-08 07:30:45.781184,USD,Completed
ORD007849,CUST02400,2025-07-04 06:03:47.750315,USD,Cancelled
ORD007850,CUST02320,2026-06-20 21:30:21.301405,USD,Completed
ORD007851,CUST01900,2025-09-10 00:37:42.014740,USD,Completed
ORD007852,CUST02013,2025-08-11 14:49:42.473062,usd,Completed
ORD007853,CUST04572,2025-12-21 07:28:05.283012,USD,Completed
ORD007854,CUST03395,2025-12-16 09:07:14.872005,USD,Completed
ORD007855,CUST00345,2025-07-26 08:43:27.893625,USD,Completed
ORD007856,CUST01638,2026-04-25 18:45:45.485214,usd,Completed
ORD007857,CUST02414,2026-03-07 10:27:14.465514,USD,Completed
ORD007858,CUST03459,2026-02-09 22:41:00.090265,usd,Completed
ORD007859,CUST02087,2025-10-09 18:06:45.525978,USD,Completed
ORD007860,CUST04765,2025-07-05 23:04:43.790946,USD,Completed
ORD007861,CUST04637,2025-11-24 21:33:58.722619,USD,Refunded
ORD007862,CUST00973,2026-03-29 09:38:03.384104,$,Completed
ORD007863,CUST01593,2025-08-22 06:00:54.490105,USD,Completed
ORD007864,CUST01915,2025-08-08 06:46:05.253687,$,Completed
ORD007865,CUST00348,2026-05-19 05:59:35.797060,$,Completed
ORD007866,CUST03719,2026-04-08 16:32:52.762660,USD,Completed
ORD007867,CUST01245,2025-12-10 07:19:16.268852,US$,Completed
ORD007868,CUST04353,2025-08-12 23:19:09.505689,USD,Completed
ORD007869,CUST00139,2025-08-10 21:32:16.262719,US$,Completed
ORD007870,CUST04662,2025-08-25 03:44:55.712532,USD,Completed
ORD007871,CUST04327,2026-06-25 06:31:26.443408,$,Completed
ORD007872,CUST04269,2025-11-07 04:40:55.942268,USD,Completed
ORD007873,CUST00224,2025-10-16 08:28:51.359500,USD,Cancelled
ORD007874,CUST00498,2025-11-25 05:00:58.648287,USD,Completed
ORD007875,CUST04438,2026-01-14 01:55:45.639962,USD,Cancelled
ORD007876,CUST04729,2026-05-09 18:26:42.158670,USD,Cancelled
ORD007877,CUST01151,2025-08-01 15:08:08.383885,usd,Completed
ORD007878,CUST02916,2026-05-04 20:44:48.088799,USD,Cancelled
ORD007879,CUST01965,2026-06-27 09:52:25.827553,usd,Completed
ORD007880,CUST02216,2025-12-02 20:12:49.546612,USD,Cancelled
ORD007881,CUST04963,2025-12-12 17:24:34.157222,USD,Completed
ORD007882,CUST02392,2025-07-23 18:47:49.334561,$,Completed
ORD007883,CUST01515,2026-04-29 10:16:52.606982,USD,Completed
ORD007884,CUST04634,2026-03-01 02:57:44.336847,usd,Completed
ORD007885,CUST00137,2026-05-10 19:17:21.934604,USD,Completed
ORD007886,CUST02150,2025-09-24 11:44:35.685084,$,Completed
ORD007887,CUST01848,2026-05-31 00:55:18.923388,USD,Completed
ORD007888,CUST00617,2026-04-06 12:56:27.585030,USD,Completed
ORD007889,CUST00364,2026-01-03 23:05:04.389754,USD,Completed
ORD007890,CUST01567,2025-10-08 12:04:33.633926,USD,Completed
ORD007891,CUST03927,2025-09-04 11:23:53.977619,USD,Cancelled
ORD007892,CUST01661_DUP,2026-05-11 01:24:50.592626,USD,Completed
ORD007893,CUST04722,2026-02-22 02:35:42.048579,$,Completed
ORD007894,CUST00735,2026-04-28 08:00:52.071445,USD,Completed
ORD007895,CUST03939,2025-12-10 19:35:43.308688,USD,Completed
ORD007896,CUST04258,2025-07-14 04:45:05.391184,USD,Completed
ORD007897,CUST02622,2025-11-16 02:54:06.266042,US$,Cancelled
ORD007898,CUST02421,2025-09-26 20:41:42.671926,USD,Completed
ORD007899,CUST01459,2026-05-19 11:38:29.425958,USD,Completed
ORD007900,CUST03205,2025-09-19 00:35:49.880391,USD,Completed
ORD007901,CUST01404,2025-11-20 22:46:49.180763,USD,Completed
ORD007902,CUST04488,2026-05-27 09:12:39.261400,USD,Completed
ORD007903,CUST01495,2025-08-07 03:12:35.443739,USD,Completed
ORD007904,CUST00917,2026-05-29 16:50:55.460599,USD ,Completed
ORD007905,CUST02984,2026-02-27 22:29:42.293336,USD,Completed
ORD007906,CUST02525,2025-12-19 16:02:46.959070,USD,Completed
ORD007907,CUST04872,2025-12-11 05:29:23.210495,USD,Completed
ORD007908,CUST00467,2025-07-26 01:47:55.618872,USD,Completed
ORD007909,CUST04501,2026-01-09 03:05:46.792714,US$,Completed
ORD007910,CUST01547,2025-10-13 18:03:30.937854,USD,Completed
ORD007911,CUST03704,2025-11-23 12:15:23.901077,USD,Completed
ORD007912,CUST00448,2025-08-07 15:18:59.082535,USD,Completed
ORD007913,CUST04891,2025-08-18 10:13:06.866784,$,Completed
ORD007914,CUST04704,2025-12-29 05:48:59.100679,USD,Refunded
ORD007915,CUST01711,2026-06-24 08:02:18.014713,USD,Completed
ORD007916,CUST00867,2025-09-27 23:26:17.555090,usd,Completed
ORD007917,CUST03988,2026-03-18 23:54:58.233868,USD,Completed
ORD007918,CUST00449,2026-01-14 00:29:05.141786,USD ,Cancelled
ORD007919,CUST04895,2026-01-14 02:20:15.412430,USD,Completed
ORD007920,CUST03671,2025-11-09 18:32:27.401191,USD,Completed
ORD007921,CUST00938,2025-11-24 17:38:06.142325,USD,Completed
ORD007922,CUST00458,2025-10-30 15:10:45.507105,USD,Completed
ORD007923,CUST04975,2025-10-21 16:58:50.207035,USD,Cancelled
ORD007924,CUST01734,2025-12-11 13:23:26.932587,USD,Completed
ORD007925,CUST01481,2025-08-05 22:30:34.820761,USD,Completed
ORD007926,CUST03172,2025-12-29 07:05:53.849334,USD,Completed
ORD007927,CUST02702_DUP,2025-08-31 19:12:19.926498,USD,Cancelled
ORD007928,CUST04007,2025-08-03 22:13:40.723829,USD,Completed
ORD007929,CUST01704,2025-10-08 00:10:03.295372,USD,Completed
ORD007930,CUST02848,2025-08-27 04:52:58.921796,USD,Completed
ORD007931,CUST03011,2025-09-05 07:04:56.021453,$,Cancelled
ORD007932,CUST03259,2025-12-08 01:40:03.475177,USD,Completed
ORD007933,CUST01402,2025-12-30 17:45:25.370241,USD,Completed
ORD007934,CUST04901,2025-09-01 21:14:04.421657,USD,Cancelled
ORD007935,CUST04644,2026-06-06 04:04:04.865431,USD,Completed
ORD007936,CUST02446,2026-04-26 13:14:51.787383,USD,Cancelled
ORD007937,CUST03597,2025-07-13 02:03:47.216965,USD,Completed
ORD007938,CUST03702,2026-05-12 06:30:34.174739,usd,Cancelled
ORD007939,CUST01437,2025-08-23 09:55:36.168023,USD,Completed
ORD007940,CUST02393,2025-07-14 12:37:14.491760,usd,Completed
ORD007941,CUST03510,2025-07-08 00:27:14.882722,$,Refunded
ORD007942,CUST03580,2025-09-11 19:38:55.539667,USD,Completed
ORD007943,CUST02649,2026-04-15 19:23:45.021592,USD,Completed
ORD007944,CUST00037,2025-07-03 01:49:42.160054,USD,Completed
ORD007945,CUST02993,2026-03-10 17:43:11.285289,$,Completed
ORD007946,CUST03801,2026-06-19 17:08:07.358700,USD,Completed
ORD007947,CUST03388,2026-04-16 23:20:23.749258,$,Completed
ORD007948,CUST00546,2025-10-11 17:28:08.874600,USD,Completed
ORD007949,CUST00043,2026-02-10 06:58:25.494128,USD,Completed
ORD007950,CUST02715,2025-11-15 20:17:18.915244,USD,Completed
ORD007951,CUST02543,2025-07-16 06:22:32.869792,US$,Completed
ORD007952,CUST03096,2025-07-09 04:44:22.002756,$,Completed
ORD007953,CUST02926,2026-03-07 12:00:24.845890,USD,Completed
ORD007954,CUST00386,2026-04-16 04:56:07.214719,usd,Completed
ORD007955,CUST03256,2025-10-28 18:52:39.767542,USD,Completed
ORD007956,CUST03193,2026-01-31 05:37:52.763498,USD,Completed
ORD007957,CUST01504,2025-10-17 07:52:39.543000,USD,Completed
ORD007958,CUST02423,2025-07-30 05:50:52.405018,USD,Completed
ORD007959,CUST03807,2025-08-01 15:01:15.641758,USD,Completed
ORD007960,CUST01334,2025-07-15 00:00:22.604198,USD,Completed
ORD007961,CUST01479,2026-05-01 04:13:32.914631,USD,Completed
ORD007962,CUST01837,2026-04-19 15:01:58.457799,USD,Completed
ORD007963,CUST02308,2025-08-14 11:57:18.165278,USD,Completed
ORD007964,CUST01102,2025-10-26 02:16:14.559310,US$,Completed
ORD007965,CUST02656,2026-01-18 08:19:58.246010,$,Completed
ORD007966,CUST02406,2025-08-10 04:16:17.455352,USD,Completed
ORD007967,CUST03861,2025-08-12 22:15:46.857276,USD,Completed
ORD007968,CUST00800,2025-09-26 17:14:27.934223,USD,Completed
ORD007969,CUST02694,2026-06-27 11:33:39.438244,USD,Completed
ORD007970,CUST04591,2026-04-29 13:49:30.596781,USD,Completed
ORD007971,CUST04475,2026-01-05 20:06:32.494429,USD,Cancelled
ORD007972,CUST01860,2025-07-18 03:43:44.895830,USD,Completed
ORD007973,CUST02403,2025-08-29 03:22:18.483865,USD,Completed
ORD007974,CUST04940,2025-08-28 13:34:56.012532,USD,Completed
ORD007975,CUST00546,2025-12-08 06:28:05.435831,USD,Completed
ORD007976,CUST02853,2026-04-09 07:59:33.635151,$,Completed
ORD007977,CUST04916,2025-12-22 07:54:37.056777,usd,Completed
ORD007978,CUST04507,2025-11-27 02:31:58.483453,usd,Completed
ORD007979,CUST02636,2025-10-05 20:26:33.749614,USD,Refunded
ORD007980,CUST04681,2026-05-26 10:02:13.200897,USD,Completed
ORD007981,CUST00736,2026-02-12 16:21:06.885656,USD,Completed
ORD007982,CUST04712,2026-02-15 11:21:14.805573,USD,Completed
ORD007983,CUST01004,2025-08-03 15:29:16.020850,USD,Cancelled
ORD007984,CUST03468,2025-07-03 04:07:02.633120,USD,Completed
ORD007985,CUST00209,2026-01-30 13:37:19.205416,USD,Completed
ORD007986,CUST00789,2026-02-20 21:36:33.462375,$,Completed
ORD007987,CUST00024,2026-05-07 00:33:35.674942,USD,Refunded
ORD007988,CUST02640,2025-09-21 14:25:18.462922,USD,Completed
ORD007989,CUST00836,2025-12-11 16:38:13.596755,USD,Completed
ORD007990,CUST02206,2026-04-12 04:59:53.640499,USD,Completed
ORD007991,CUST02967,2025-08-10 20:27:32.546889,USD,Completed
ORD007992,CUST04259,2026-04-30 09:33:25.204736,USD,Cancelled
ORD007993,CUST02383,2025-09-18 16:16:06.704615,USD,Completed
ORD007994,CUST01377,2025-10-11 16:21:33.963339,USD,Completed
ORD007995,CUST01335,2025-07-03 10:36:40.696049,USD,Completed
ORD007996,CUST02412,2025-07-26 22:04:07.410617,US$,Completed
ORD007997,CUST01532,2026-01-28 07:36:08.079346,USD,Cancelled
ORD007998,CUST03335,2026-02-01 20:51:40.842191,USD,Completed
ORD007999,CUST03812,2025-08-14 06:54:36.500184,USD,Completed
ORD008000,CUST02695,2025-11-22 14:07:16.093429,USD,Completed
ORD008001,CUST00979,2025-10-02 11:11:26.259441,USD,Cancelled
ORD008002,CUST04967,2025-12-22 08:48:16.999968,USD,Completed
ORD008003,CUST03029,2025-07-11 12:57:07.329676,US$,Completed
ORD008004,CUST00019,2025-10-25 04:36:09.343365,USD ,Completed
ORD008005,CUST04746,2025-07-15 13:19:31.812228,USD ,Completed
ORD008006,CUST00243,2026-06-11 16:03:18.867619,USD ,Completed
ORD008007,CUST00760,2026-04-02 21:48:55.513254,$,Completed
ORD008008,CUST02258,2026-02-24 06:40:00.632077,USD,Completed
ORD008009,CUST00824,2025-09-18 18:47:29.133435,USD,Completed
ORD008010,CUST04560,2025-11-10 04:45:57.405841,USD,Completed
ORD008011,CUST02566,2025-09-04 23:58:43.628533,$,Completed
ORD008012,CUST04817,2025-11-30 17:14:02.250465,US$,Completed
ORD008013,CUST01312,2025-08-01 18:51:59.957084,USD,Completed
ORD008014,CUST03353,2025-08-10 11:49:06.746576,USD,Completed
ORD008015,CUST01118,2025-09-14 18:06:37.341444,USD,Completed
ORD008016,CUST00905,2025-08-19 02:43:42.276039,US$,Completed
ORD008017,CUST02063,2026-03-05 12:26:31.351744,USD,Completed
ORD008018,CUST00171,2025-12-24 07:05:16.774389,US$,Completed
ORD008019,CUST04075,2025-10-19 16:15:28.088915,USD,Completed
ORD008020,CUST01391,2026-04-03 23:19:02.166573,usd,Completed
ORD008021,CUST00631,2026-02-03 20:32:59.356370,USD,Completed
ORD008022,CUST02121,2025-12-07 12:48:13.608749,USD,Completed
ORD008023,CUST03144,2026-01-18 15:51:53.663189,USD,Completed
ORD008024,CUST03845,2025-09-07 06:27:57.958717,USD,Completed
ORD008025,CUST02142,2026-05-22 17:46:59.377097,US$,Completed
ORD008026,CUST03467,2025-08-17 05:23:34.440411,USD,Completed
ORD008027,CUST04646,2026-04-02 01:00:23.202193,US$,Completed
ORD008028,CUST02201,2025-08-07 15:28:42.480676,USD,Completed
ORD008029,CUST04429,2025-07-18 11:27:57.713186,usd,Cancelled
ORD008030,CUST04332,2025-09-13 19:15:52.646038,USD,Completed
ORD008031,CUST04598,2026-05-01 17:56:49.563740,USD,Completed
ORD008032,CUST00717,2026-01-11 04:08:40.487581,USD,Completed
ORD008033,CUST03877,2026-05-29 02:57:47.502618,USD,Completed
ORD008034,CUST01310,2026-05-31 16:14:25.435977,USD,Completed
ORD008035,CUST01927,2025-09-04 20:12:09.257530,USD,Completed
ORD008036,CUST03623,2026-01-25 06:15:38.175023,USD,Completed
ORD008037,CUST00806,2025-11-10 02:21:35.539864,USD,Completed
ORD008038,CUST04930,2026-06-02 07:10:53.435786,USD,Completed
ORD008039,CUST04178,2026-03-08 09:17:43.600703,USD,Completed
ORD008040,CUST00336,2025-09-12 20:24:06.851932,US$,Completed
ORD008041,CUST01573,2026-01-28 23:10:00.457869,USD,Completed
ORD008042,CUST00414,2025-08-25 06:18:13.529572,US$,Cancelled
ORD008043,CUST01484,2025-09-16 09:53:14.509070,US$,Completed
ORD008044,CUST04253,2025-07-26 21:10:41.446792,USD,Completed
ORD008045,CUST01960,2025-09-05 16:10:27.608447,US$,Completed
ORD008046,CUST04021,2026-02-25 08:27:23.254205,USD,Completed
ORD008047,CUST04603,2026-05-24 10:48:12.120334,USD,Cancelled
ORD008048,CUST04802,2026-05-19 10:56:02.207321,USD,Completed
ORD008049,CUST00282,2026-02-01 04:33:27.430433,US$,Refunded
ORD008050,CUST02792,2025-09-05 13:22:22.034009,USD ,Completed
ORD008051,CUST00122,2025-12-23 19:26:36.532586,usd,Completed
ORD008052,CUST01527,2026-06-22 16:32:30.108751,USD,Completed
ORD008053,CUST02253,2026-06-23 15:20:51.097806,usd,Completed
ORD008054,CUST01020,2026-01-29 14:23:19.498556,USD,Completed
ORD008055,CUST01829,2026-03-31 00:09:29.044699,US$,Completed
ORD008056,CUST01955,2026-01-15 19:33:56.169827,USD,Completed
ORD008057,CUST01718,2025-10-12 12:13:12.981129,USD,Completed
ORD008058,CUST00486,2026-03-30 19:18:09.771439,US$,Completed
ORD008059,CUST03875,2026-02-17 16:22:16.827568,USD,Completed
ORD008060,CUST00745,2026-02-21 06:45:55.091259,USD,Completed
ORD008061,CUST02847,2025-10-01 16:44:29.012730,USD,Completed
ORD008062,CUST04103,2025-12-07 06:13:35.022885,USD,Completed
ORD008063,CUST00670,2026-04-02 00:24:24.333035,USD,Completed
ORD008064,CUST01278,2026-05-15 13:58:39.176147,USD,Cancelled
ORD008065,CUST03986,2026-03-28 19:20:44.921734,USD,Completed
ORD008066,CUST02358,2026-06-10 04:07:44.812687,USD,Completed
ORD008067,CUST03157,2026-04-27 09:24:38.804410,$,Completed
ORD008068,CUST00439,2026-04-08 08:25:02.365344,USD,Completed
ORD008069,CUST01122,2025-11-22 13:58:50.705057,$,Completed
ORD008070,CUST02195,2026-04-07 15:55:30.715216,USD,Completed
ORD008071,CUST03093,2026-06-17 20:34:07.771423,USD,Completed
ORD008072,CUST02768,2025-08-03 06:30:50.938642,USD,Completed
ORD008073,CUST01249,2026-02-09 12:52:40.464031,US$,Completed
ORD008074,CUST02009,2025-10-20 07:25:22.022314,US$,Completed
ORD008075,CUST00823,2025-10-04 18:07:24.113757,USD,Completed
ORD008076,CUST04963,2026-04-24 00:15:58.523195,USD,Cancelled
ORD008077,CUST04752,2026-04-08 00:02:02.087744,USD,Completed
ORD008078,CUST04616,2025-12-27 23:22:18.032335,USD,Completed
ORD008079,CUST02338,2026-05-21 20:04:20.227856,USD,Completed
ORD008080,CUST04862,2025-07-06 11:18:58.057510,USD,Completed
ORD008081,CUST04784,2026-01-11 17:52:47.871644,USD,Completed
ORD008082,CUST01154,2025-07-01 13:40:06.369882,USD,Completed
ORD008083,CUST01202,2026-03-07 16:19:13.618266,USD,Completed
ORD008084,CUST02367,2025-08-22 06:27:17.868814,USD,Completed
ORD008085,CUST02512,2026-04-06 12:42:14.070296,USD ,Completed
ORD008086,CUST03669,2026-03-20 20:57:18.246107,US$,Completed
ORD008087,CUST04662,2025-08-09 05:19:58.563183,USD,Completed
ORD008088,CUST02154,2025-08-23 13:38:22.638455,US$,Completed
ORD008089,CUST02323,2025-08-25 15:46:05.425230,USD,Completed
ORD008090,CUST02975,2026-04-05 08:57:22.893580,USD,Completed
ORD008091,CUST02396,2026-01-20 00:34:35.294272,usd,Completed
ORD008092,CUST01103,2025-10-23 12:38:50.424728,usd,Completed
ORD008093,CUST04185,2026-04-16 08:51:00.139094,USD,Completed
ORD008094,CUST02442,2026-04-23 05:15:49.864623,USD,Completed
ORD008095,CUST04590,2026-02-20 17:37:46.871171,USD,Cancelled
ORD008096,CUST02049,2026-05-15 01:54:57.788416,USD,Completed
ORD008097,CUST04572,2026-06-18 22:15:27.320282,USD,Completed
ORD008098,CUST04883,2026-03-04 20:11:42.188093,USD,Completed
ORD008099,CUST04992,2025-11-12 11:18:25.093397,USD,Completed
ORD008100,CUST02136,2025-09-27 15:01:13.131546,USD,Completed
ORD008101,CUST03996,2025-10-18 21:30:08.002236,USD,Cancelled
ORD008102,CUST01086,2026-04-10 22:49:00.998434,usd,Refunded
ORD008103,CUST01000,2025-09-05 23:09:00.430080,USD ,Completed
ORD008104,CUST01242,2026-03-14 04:00:49.724386,USD,Completed
ORD008105,CUST02600,2025-12-02 00:39:02.833757,$,Refunded
ORD008106,CUST00013,2026-03-14 07:45:09.112388,usd,Completed
ORD008107,CUST01725,2025-07-10 14:29:48.049985,USD,Completed
ORD008108,CUST02360,2025-07-22 21:27:55.894724,USD,Completed
ORD008109,CUST03730,2026-01-29 17:28:25.076970,$,Completed
ORD008110,CUST02438,2026-01-28 11:57:14.341736,$,Completed
ORD008111,CUST02831,2026-04-15 02:34:44.153257,USD,Completed
ORD008112,CUST00426,2026-06-22 21:16:37.015006,US$,Completed
ORD008113,CUST01923,2026-06-19 14:04:43.679654,USD,Cancelled
ORD008114,CUST04564,2026-05-16 06:02:51.082829,USD,Completed
ORD008115,CUST04011,2025-07-11 17:56:52.112001,$,Completed
ORD008116,CUST03055,2025-11-21 19:57:08.369651,USD,Refunded
ORD008117,CUST04350,2026-02-16 16:01:39.930691,USD,Completed
ORD008118,CUST03769,2026-02-27 07:28:02.022399,USD,Completed
ORD008119,CUST04474,2025-08-25 20:42:57.805164,US$,Completed
ORD008120,CUST03401,2025-12-15 08:18:57.649190,$,Completed
ORD008121,CUST00718,2025-07-08 11:02:46.506885,USD,Completed
ORD008122,CUST03028,2026-05-13 19:06:11.272179,US$,Completed
ORD008123,CUST04562,2025-12-23 02:27:58.194608,USD,Completed
ORD008124,CUST04620,2025-09-02 01:00:14.105182,usd,Completed
ORD008125,CUST00765,2026-01-27 01:27:41.839094,USD,Cancelled
ORD008126,CUST04929,2026-06-01 07:24:18.663557,USD,Completed
ORD008127,CUST00984,2025-11-26 07:59:17.803872,USD,Cancelled
ORD008128,CUST04590,2026-05-25 02:04:26.043827,USD,Completed
ORD008129,CUST00017,2025-10-10 20:25:40.958566,USD,Completed
ORD008130,CUST04819,2025-09-04 16:28:49.017414,usd,Cancelled
ORD008131,CUST02615,2026-06-01 23:28:18.439790,USD,Completed
ORD008132,CUST01602,2026-05-10 06:02:30.035626,USD,Completed
ORD008133,CUST03718,2025-10-12 05:38:43.529240,usd,Completed
ORD008134,CUST03644,2025-11-07 22:55:14.591139,USD,Completed
ORD008135,CUST00414,2026-02-05 13:24:27.465189,US$,Completed
ORD008136,CUST01768,2026-02-22 16:42:50.070061,USD,Completed
ORD008137,CUST01606,2025-11-27 22:55:21.195259,US$,Refunded
ORD008138,CUST00262,2025-12-27 14:02:45.168589,US$,Completed
ORD008139,CUST00664,2026-05-17 10:23:29.989778,USD,Refunded
ORD008140,CUST03765,2025-11-17 05:31:18.335067,USD,Completed
ORD008141,CUST01815,2026-03-20 18:25:03.946141,USD,Completed
ORD008142,CUST00032,2026-01-13 11:22:39.194425,USD,Completed
ORD008143,CUST04080,2025-11-22 14:19:25.854569,usd,Completed
ORD008144,CUST02085,2026-05-09 15:42:50.176812,USD,Completed
ORD008145,CUST04693,2025-09-12 21:49:54.552152,usd,Cancelled
ORD008146,CUST00974,2026-06-26 09:52:36.123365,US$,Completed
ORD008147,CUST01369,2026-02-02 19:25:44.783133,USD,Completed
ORD008148,CUST04422,2026-03-07 04:14:19.658717,$,Completed
ORD008149,CUST04917,2025-09-12 06:40:58.023968,USD ,Completed
ORD008150,CUST02485,2026-04-16 06:38:34.048323,US$,Completed
ORD008151,CUST04122,2025-09-02 13:35:53.998588,US$,Completed
ORD008152,CUST03857,2026-05-30 11:42:27.054980,usd,Refunded
ORD008153,CUST02383,2026-06-14 05:17:31.359575,USD,Completed
ORD008154,CUST00306,2025-11-16 07:51:37.937807,USD,Completed
ORD008155,CUST00632,2025-07-11 06:40:15.385218,USD,Completed
ORD008156,CUST04428,2026-02-07 11:40:27.025815,USD,Completed
ORD008157,CUST04633,2026-03-20 11:03:53.655600,USD,Completed
ORD008158,CUST02924,2025-12-24 22:58:47.540978,USD,Completed
ORD008159,CUST00462,2025-09-27 14:21:55.538292,$,Completed
ORD008160,CUST00396,2026-06-16 14:58:43.185548,USD,Completed
ORD008161,CUST00171,2026-05-10 05:07:22.676686,usd,Completed
ORD008162,CUST03194,2026-01-18 02:20:48.455292,USD,Completed
ORD008163,CUST01036,2025-08-29 07:15:11.828591,USD,Completed
ORD008164,CUST02782,2026-05-09 18:01:56.616654,US$,Completed
ORD008165,CUST00201,2026-02-26 09:17:16.825618,USD ,Completed
ORD008166,CUST03162,2026-05-21 01:54:36.288026,US$,Completed
ORD008167,CUST02858,2025-10-24 16:16:31.032214,USD,Completed
ORD008168,CUST04798,2025-11-05 13:09:13.256410,usd,Refunded
ORD008169,CUST01940,2025-07-18 19:54:22.827262,USD,Completed
ORD008170,CUST03695,2025-12-29 13:38:01.930364,$,Completed
ORD008171,CUST00747,2026-02-22 14:38:41.684415,usd,Completed
ORD008172,CUST03000,2025-08-30 19:41:21.058163,USD,Completed
ORD008173,CUST01859,2026-05-04 01:28:55.034430,US$,Cancelled
ORD008174,CUST00878,2026-03-19 11:01:10.012198,USD,Completed
ORD008175,CUST04391,2026-01-08 21:54:18.528437,USD,Completed
ORD008176,CUST03888,2025-07-15 03:48:54.520484,$,Completed
ORD008177,CUST00928,2026-02-24 17:30:18.106194,USD,Completed
ORD008178,CUST04271,2025-08-11 09:16:43.734300,$,Completed
ORD008179,CUST01685,2025-10-21 00:14:28.967341,$,Completed
ORD008180,CUST00432,2026-03-26 03:14:51.171097,USD,Completed
ORD008181,CUST03610,2025-10-25 02:01:58.847185,USD,Completed
ORD008182,CUST03723,2025-10-11 19:26:33.149350,USD,Completed
ORD008183,CUST01429,2026-02-04 15:35:30.162483,USD,Completed
ORD008184,CUST01249,2026-01-10 02:50:03.711539,USD,Completed
ORD008185,CUST03223,2026-05-12 00:51:27.012642,USD,Completed
ORD008186,CUST02283,2026-02-02 00:51:52.510136,USD,Completed
ORD008187,CUST00630,2026-03-09 00:35:00.395253,USD,Completed
ORD008188,CUST03036,2025-11-02 05:56:41.049033,USD,Completed
ORD008189,CUST00439,2025-08-31 01:02:02.871836,USD,Completed
ORD008190,CUST02909,2025-08-28 15:35:53.736206,USD ,Cancelled
ORD008191,CUST02312,2025-10-19 11:56:58.595329,USD,Cancelled
ORD008192,CUST03613,2026-06-23 00:07:35.438588,USD,Refunded
ORD008193,CUST03580,2026-02-28 02:35:18.971413,USD,Completed
ORD008194,CUST01030,2025-07-28 19:31:00.740230,USD,Cancelled
ORD008195,CUST03948,2025-10-15 15:03:53.965240,USD,Completed
ORD008196,CUST03607,2025-08-25 00:19:18.433706,USD,Completed
ORD008197,CUST02914,2025-10-10 00:31:40.716149,USD ,Completed
ORD008198,CUST01361,2026-06-28 20:58:21.267506,usd,Completed
ORD008199,CUST01399,2025-10-30 15:15:46.526100,USD,Completed
ORD008200,CUST03497,2025-11-29 17:27:31.051395,USD,Refunded
ORD008201,CUST03001,2025-10-09 16:05:11.320626,USD,Completed
ORD008202,CUST00431,2026-03-21 20:59:09.577999,USD,Completed
ORD008203,CUST00681,2025-12-21 03:06:14.818345,USD,Cancelled
ORD008204,CUST03262,2025-12-14 21:09:17.613515,USD,Completed
ORD008205,CUST02377,2025-07-18 18:00:13.851319,US$,Completed
ORD008206,CUST03980,2026-01-18 23:52:08.447702,$,Completed
ORD008207,CUST00890,2025-07-08 20:48:16.558680,USD,Completed
ORD008208,CUST03114,2025-11-13 23:30:55.979513,US$,Completed
ORD008209,CUST04638,2026-06-16 02:05:06.363554,USD,Completed
ORD008210,CUST00754,2026-01-04 14:41:27.616357,USD,Completed
ORD008211,CUST02605,2025-10-03 19:09:25.179735,USD,Completed
ORD008212,CUST00040,2026-01-12 01:27:17.550414,USD,Completed
ORD008213,CUST02140,2025-11-08 15:42:41.129880,USD,Completed
ORD008214,CUST03923_DUP,2025-08-25 16:08:43.999747,$,Completed
ORD008215,CUST04299,2025-10-31 04:05:11.993495,USD,Completed
ORD008216,CUST04352,2025-09-16 14:32:36.292812,US$,Completed
ORD008217,CUST04320,2025-10-27 10:15:55.415822,usd,Completed
ORD008218,CUST02886,2026-02-01 01:44:25.395571,USD ,Completed
ORD008219,CUST01839,2026-01-06 12:49:37.951454,USD,Completed
ORD008220,CUST04603,2026-03-03 03:45:30.152530,USD,Completed
ORD008221,CUST03678,2025-08-22 08:22:55.246227,USD,Completed
ORD008222,CUST03958,2026-05-12 04:49:44.795309,USD,Completed
ORD008223,CUST02396,2026-01-17 10:09:36.035914,$,Completed
ORD008224,CUST00474,2026-02-02 01:59:52.312405,usd,Completed
ORD008225,CUST01745,2025-09-15 13:26:57.988757,USD,Completed
ORD008226,CUST03912,2025-11-20 01:45:45.863955,USD,Completed
ORD008227,CUST04794,2025-11-22 14:46:39.719409,$,Cancelled
ORD008228,CUST04326,2025-11-28 23:26:13.490836,USD,Completed
ORD008229,CUST03712,2025-07-12 04:09:27.946570,USD,Completed
ORD008230,CUST03532,2026-05-08 21:53:58.606160,$,Completed
ORD008231,CUST01486,2025-12-18 11:06:28.176434,usd,Completed
ORD008232,CUST04191,2025-10-22 01:26:32.058663,USD,Completed
ORD008233,CUST04451,2026-03-22 01:27:52.979998,US$,Refunded
ORD008234,CUST04280,2026-06-14 14:22:09.014861,USD,Cancelled
ORD008235,CUST04878,2026-02-09 23:42:11.680586,USD,Completed
ORD008236,CUST04936,2026-01-15 09:21:50.943727,$,Completed
ORD008237,CUST01301,2025-11-06 14:42:11.084945,US$,Completed
ORD008238,CUST00582,2026-05-31 05:31:21.461203,USD,Completed
ORD008239,CUST02514_DUP,2026-01-30 11:02:33.747033,USD,Completed
ORD008240,CUST01402,2025-11-08 21:06:28.563655,USD,Cancelled
ORD008241,CUST00167,2025-12-19 16:29:49.213576,US$,Completed
ORD008242,CUST03016,2026-03-24 14:38:17.719924,US$,Completed
ORD008243,CUST01561,2025-11-25 13:59:44.313295,USD,Completed
ORD008244,CUST04584,2026-05-15 07:44:22.041804,US$,Completed
ORD008245,CUST00456,2026-06-26 10:21:23.627426,USD,Completed
ORD008246,CUST00341,2026-06-29 03:39:11.292047,USD,Completed
ORD008247,CUST00626,2025-10-26 17:16:28.247329,USD,Completed
ORD008248,CUST00534,2026-06-11 17:01:46.643256,USD,Completed
ORD008249,CUST02242,2025-09-06 06:14:37.550393,usd,Completed
ORD008250,CUST03952,2026-04-04 20:00:47.001619,USD,Completed
ORD008251,CUST02368,2026-05-17 07:03:36.856912,USD,Completed
ORD008252,CUST03502,2026-04-17 08:29:53.726351,USD,Completed
ORD008253,CUST00117,2026-05-05 01:39:20.751422,USD,Completed
ORD008254,CUST01820,2026-06-26 00:27:18.782723,USD,Completed
ORD008255,CUST04296,2026-02-06 16:43:06.731641,US$,Completed
ORD008256,CUST00581,2026-06-19 04:46:41.075037,$,Completed
ORD008257,CUST01554,2025-07-02 22:40:01.811671,US$,Completed
ORD008258,CUST03970,2025-08-26 16:06:09.158389,USD,Completed
ORD008259,CUST04334,2025-11-14 16:58:27.664178,USD,Completed
ORD008260,CUST04842,2025-11-23 12:54:07.519091,USD,Completed
ORD008261,CUST01918,2026-04-10 05:00:11.693132,USD,Refunded
ORD008262,CUST00865,2025-12-26 04:34:00.150718,$,Completed
ORD008263,CUST01174,2025-11-25 04:23:52.402974,USD,Completed
ORD008264,CUST04017,2025-10-10 06:08:24.603443,USD,Cancelled
ORD008265,CUST00691,2026-01-07 17:19:53.981336,USD,Refunded
ORD008266,CUST04992,2025-10-28 05:16:40.026059,$,Completed
ORD008267,CUST03856,2026-05-07 18:58:13.485466,USD,Completed
ORD008268,CUST03785,2025-07-14 23:27:55.317227,USD,Completed
ORD008269,CUST01084,2025-09-12 03:22:06.235987,USD,Completed
ORD008270,CUST03263,2025-09-12 17:47:02.332473,USD,Completed
ORD008271,CUST04458,2025-09-16 14:23:26.831912,USD,Completed
ORD008272,CUST04315,2025-11-14 20:10:51.012158,$,Completed
ORD008273,CUST03718,2026-02-21 16:18:06.220018,USD,Completed
ORD008274,CUST00170,2025-12-31 18:38:23.816115,USD,Cancelled
ORD008275,CUST01151,2025-09-07 00:20:16.338842,USD,Completed
ORD008276,CUST03243,2025-11-26 15:35:46.348439,USD,Completed
ORD008277,CUST01214_DUP,2026-01-11 09:41:35.508203,USD,Completed
ORD008278,CUST00293,2026-06-03 14:01:16.171038,USD,Refunded
ORD008279,CUST00628,2026-04-24 14:21:45.691485,usd,Cancelled
ORD008280,CUST00559,2025-07-05 15:51:31.453892,usd,Completed
ORD008281,CUST02201,2026-02-16 07:09:24.523442,usd,Completed
ORD008282,CUST03130,2025-12-30 10:02:26.563092,$,Completed
ORD008283,CUST04245,2025-11-07 08:03:46.165349,$,Completed
ORD008284,CUST00325,2026-05-08 06:25:22.528127,US$,Completed
ORD008285,CUST02776_DUP,2025-08-30 15:03:45.233039,USD,Completed
ORD008286,CUST03487,2026-02-04 08:46:10.063029,USD,Completed
ORD008287,CUST01228,2026-06-25 09:26:36.165811,usd,Completed
ORD008288,CUST04649,2025-07-20 05:26:47.119579,USD,Completed
ORD008289,CUST04834,2025-12-24 14:46:12.932029,$,Completed
ORD008290,CUST03164,2025-11-29 11:43:30.950362,USD,Completed
ORD008291,CUST00890,2026-05-31 17:23:38.192985,USD,Completed
ORD008292,CUST00162,2025-08-20 15:16:40.431322,US$,Completed
ORD008293,CUST02677,2026-01-11 06:03:07.051997,USD,Completed
ORD008294,CUST04875,2026-02-19 04:39:05.365230,USD,Completed
ORD008295,CUST01287,2026-03-30 12:03:58.103557,usd,Cancelled
ORD008296,CUST01284,2025-12-29 22:12:26.007653,$,Completed
ORD008297,CUST04246,2025-11-13 11:44:17.003560,USD,Completed
ORD008298,CUST02668,2025-12-05 02:31:40.666266,US$,Completed
ORD008299,CUST04300,2025-10-17 14:44:45.107196,USD,Completed
ORD008300,CUST02829,2026-01-05 01:39:29.667474,USD,Refunded
ORD008301,CUST00017,2025-07-13 20:07:48.503834,USD ,Completed
ORD008302,CUST01161,2026-05-27 18:21:07.324178,$,Completed
ORD008303,CUST01134,2026-05-02 20:19:51.459241,USD,Completed
ORD008304,CUST03071,2026-01-08 15:35:10.728291,USD,Completed
ORD008305,CUST03793,2026-01-23 08:30:35.310699,USD,Completed
ORD008306,CUST03627,2025-10-29 23:13:39.203929,USD,Completed
ORD008307,CUST01592,2026-05-04 16:03:31.131021,USD,Completed
ORD008308,CUST03282,2025-09-09 01:37:15.793330,USD,Completed
ORD008309,CUST01068,2026-01-23 19:47:57.185014,USD,Completed
ORD008310,CUST04293,2025-08-01 20:39:38.308333,USD,Completed
ORD008311,CUST03787,2025-09-24 19:04:07.049265,USD,Completed
ORD008312,CUST01370,2025-07-31 02:13:39.543517,USD,Completed
ORD008313,CUST04544,2026-05-06 07:14:25.598046,USD,Cancelled
ORD008314,CUST02972_DUP,2026-01-11 06:37:33.778405,USD,Cancelled
ORD008315,CUST02452,2025-12-27 09:41:39.448004,USD,Completed
ORD008316,CUST04740,2025-07-14 21:17:16.385170,$,Completed
ORD008317,CUST03680,2025-07-08 06:40:37.019946,usd,Completed
ORD008318,CUST04651,2025-12-26 05:01:20.207164,USD,Completed
ORD008319,CUST04987,2025-09-07 15:02:50.341024,US$,Cancelled
ORD008320,CUST02555,2026-05-18 17:49:32.932199,US$,Completed
ORD008321,CUST00341,2026-04-29 01:09:22.089739,USD,Completed
ORD008322,CUST01008,2026-04-12 16:13:11.099592,USD ,Completed
ORD008323,CUST04878,2026-02-17 05:51:56.136408,USD,Completed
ORD008324,CUST02628,2026-06-05 04:01:59.916375,USD,Completed
ORD008325,CUST02496,2025-11-02 13:04:27.403549,$,Completed
ORD008326,CUST03784,2026-01-15 21:47:53.176136,usd,Completed
ORD008327,CUST03689,2026-06-28 20:41:13.174948,USD,Completed
ORD008328,CUST01371,2026-01-27 20:53:29.837568,USD,Completed
ORD008329,CUST01736,2026-05-24 08:16:17.821220,USD,Completed
ORD008330,CUST03804,2026-03-05 03:37:39.622370,usd,Completed
ORD008331,CUST01422,2025-10-03 11:57:02.425331,US$,Completed
ORD008332,CUST03492,2025-12-16 11:04:54.350394,$,Completed
ORD008333,CUST04377,2025-10-31 10:25:29.955918,USD,Completed
ORD008334,CUST02500,2026-01-01 03:21:59.901471,usd,Completed
ORD008335,CUST02373,2026-01-28 16:36:38.281563,USD ,Completed
ORD008336,CUST02808,2026-04-09 06:06:38.806811,USD,Completed
ORD008337,CUST01550,2025-08-09 19:25:19.744699,US$,Completed
ORD008338,CUST00229,2026-02-01 19:43:04.793931,USD,Completed
ORD008339,CUST02460,2025-08-18 19:18:59.605072,USD,Completed
ORD008340,CUST04616,2026-01-02 12:54:51.810828,USD,Cancelled
ORD008341,CUST01649,2025-08-21 20:18:30.110261,USD,Completed
ORD008342,CUST01762,2026-01-15 14:05:45.338369,USD,Completed
ORD008343,CUST02728,2026-05-25 03:23:06.581051,usd,Completed
ORD008344,CUST03176,2025-10-30 12:13:40.128055,USD,Completed
ORD008345,CUST01086,2026-05-07 13:02:04.529716,usd,Completed
ORD008346,CUST03403,2026-06-10 13:31:50.998374,US$,Completed
ORD008347,CUST03020,2025-09-02 15:56:08.154818,USD,Cancelled
ORD008348,CUST01219,2025-12-22 17:34:47.849514,USD,Refunded
ORD008349,CUST01812,2025-10-09 05:31:28.549624,US$,Completed
ORD008350,CUST00006,2026-03-09 00:09:24.021442,USD,Completed
ORD008351,CUST03824,2026-04-22 14:15:19.291011,USD,Completed
ORD008352,CUST00793_DUP,2025-07-19 18:20:18.804087,USD,Completed
ORD008353,CUST03744,2026-03-14 03:15:22.008073,USD,Completed
ORD008354,CUST02546,2025-07-12 15:18:10.722748,US$,Completed
ORD008355,CUST00648,2025-12-11 06:45:05.609613,USD,Completed
ORD008356,CUST00885,2026-04-09 18:23:24.690298,USD,Completed
ORD008357,CUST01736,2025-09-25 04:40:10.560430,USD,Completed
ORD008358,CUST02240,2026-04-23 10:04:54.502609,USD,Completed
ORD008359,CUST02935,2025-07-17 01:22:27.356380,USD,Completed
ORD008360,CUST03318,2026-02-11 02:48:29.231250,USD,Completed
ORD008361,CUST00526,2026-04-14 06:16:44.940803,USD,Cancelled
ORD008362,CUST03675,2025-11-18 08:27:56.691470,US$,Completed
ORD008363,CUST03024,2026-01-19 08:20:20.572129,US$,Completed
ORD008364,CUST04961,2026-03-21 14:43:19.081534,usd,Completed
ORD008365,CUST00990,2026-06-07 04:48:40.864725,US$,Completed
ORD008366,CUST00316,2026-06-18 12:58:59.414942,USD,Completed
ORD008367,CUST00758,2025-12-14 18:51:16.312776,USD,Completed
ORD008368,CUST02170,2025-08-05 15:25:28.488006,USD,Completed
ORD008369,CUST01140,2025-08-23 06:54:48.304034,USD,Completed
ORD008370,CUST00116,2025-12-14 09:52:50.980232,USD,Completed
ORD008371,CUST04636,2026-01-25 15:42:50.537182,USD,Completed
ORD008372,CUST03384,2026-05-30 02:13:07.855485,USD,Completed
ORD008373,CUST04311,2025-07-14 05:21:47.064152,USD,Completed
ORD008374,CUST01352,2026-02-18 00:38:04.588120,US$,Completed
ORD008375,CUST03418,2025-12-17 21:24:50.363644,usd,Completed
ORD008376,CUST00823,2026-06-20 14:40:26.613653,USD,Completed
ORD008377,CUST00504,2025-07-09 11:34:11.754535,USD,Completed
ORD008378,CUST04889,2026-02-19 16:19:57.417217,USD,Completed
ORD008379,CUST03898,2026-04-18 12:14:39.234255,USD ,Completed
ORD008380,CUST02181,2025-12-21 09:51:28.658912,US$,Refunded
ORD008381,CUST03538,2025-08-18 20:49:26.420691,usd,Completed
ORD008382,CUST04850,2025-12-01 23:15:04.046953,USD,Completed
ORD008383,CUST02108,2025-12-03 04:11:26.933111,usd,Cancelled
ORD008384,CUST02305,2025-12-19 19:30:09.134487,$,Completed
ORD008385,CUST01653,2026-05-06 07:40:56.708746,US$,Completed
ORD008386,CUST00519,2025-07-14 11:48:25.167117,USD,Completed
ORD008387,CUST01101,2025-09-01 15:57:52.586915,USD,Completed
ORD008388,CUST02564,2026-01-07 07:49:54.020874,$,Completed
ORD008389,CUST02915,2025-12-15 18:13:44.181697,USD,Completed
ORD008390,CUST02127,2026-05-20 20:36:14.227305,USD,Completed
ORD008391,CUST02399,2025-08-28 13:20:49.832876,USD,Completed
ORD008392,CUST04164,2026-03-25 16:05:21.247568,$,Completed
ORD008393,CUST01327,2026-02-28 12:28:29.289667,USD,Completed
ORD008394,CUST04974,2025-11-23 08:00:55.962355,USD,Completed
ORD008395,CUST04831,2026-06-17 16:05:45.883278,USD,Completed
ORD008396,CUST02358,2025-10-20 21:29:11.427458,USD,Completed
ORD008397,CUST00217,2026-03-18 03:47:58.269724,usd,Cancelled
ORD008398,CUST01241,2025-07-15 02:25:41.650428,USD,Completed
ORD008399,CUST02460,2026-04-15 13:11:26.426967,USD,Completed
ORD008400,CUST00971,2026-02-22 01:06:50.249647,USD,Completed
ORD008401,CUST03877,2026-01-30 07:06:01.539442,USD,Completed
ORD008402,CUST02292,2025-08-29 15:48:45.783298,USD,Completed
ORD008403,CUST00257,2026-04-05 18:19:12.326090,usd,Completed
ORD008404,CUST04477,2026-05-04 11:44:23.332995,USD,Cancelled
ORD008405,CUST03532,2025-07-20 02:26:23.781244,USD,Completed
ORD008406,CUST01761,2025-09-22 21:20:27.444236,USD,Completed
ORD008407,CUST01977,2026-02-13 09:10:27.694225,$,Completed
ORD008408,CUST00069,2026-05-05 03:43:46.009640,USD,Completed
ORD008409,CUST01048,2025-11-09 20:20:24.657755,USD,Completed
ORD008410,CUST01601,2026-01-15 22:17:49.194993,USD,Completed
ORD008411,CUST01502,2025-09-11 05:44:09.553821,US$,Completed
ORD008412,CUST01689,2025-10-21 11:32:58.692772,USD,Completed
ORD008413,CUST01788,2025-10-10 11:50:32.646262,USD,Completed
ORD008414,CUST01296,2025-12-11 23:45:07.131169,USD,Completed
ORD008415,CUST04010,2026-04-22 00:20:23.883984,US$,Completed
ORD008416,CUST00779,2025-08-13 01:36:24.664587,usd,Completed
ORD008417,CUST03645,2025-10-23 17:42:02.286063,USD,Completed
ORD008418,CUST01690,2025-08-09 11:13:18.338601,USD,Completed
ORD008419,CUST01164,2026-01-31 16:55:22.540649,US$,Completed
ORD008420,CUST01445,2026-05-12 10:58:05.774982,USD,Completed
ORD008421,CUST03513,2026-06-28 10:18:14.150011,USD,Completed
ORD008422,CUST04532,2026-02-06 21:41:25.067241,USD,Completed
ORD008423,CUST00573,2026-04-28 17:32:27.909817,USD,Completed
ORD008424,CUST02652,2026-06-29 22:41:34.137085,$,Cancelled
ORD008425,CUST01768,2026-04-13 19:31:54.073215,USD,Completed
ORD008426,CUST04207,2025-11-17 11:27:54.489438,USD,Completed
ORD008427,CUST00463,2025-08-05 11:07:02.332798,$,Completed
ORD008428,CUST02283,2025-08-25 06:57:25.007984,USD,Completed
ORD008429,CUST01427,2025-08-26 08:10:48.403326,USD,Completed
ORD008430,CUST03965,2026-01-05 20:52:52.276900,USD,Completed
ORD008431,CUST02299,2026-05-17 14:18:35.662077,USD,Completed
ORD008432,CUST01022,2026-06-01 14:12:04.764828,USD,Completed
ORD008433,CUST00002,2026-03-15 00:52:08.275311,USD,Completed
ORD008434,CUST04501,2025-12-09 16:29:49.786635,USD,Completed
ORD008435,CUST03897,2025-08-03 19:09:07.215804,USD,Completed
ORD008436,CUST03868,2025-12-23 07:32:25.701035,USD,Completed
ORD008437,CUST01821,2025-08-03 12:34:57.630961,USD,Completed
ORD008438,CUST01121,2026-06-09 20:08:26.058727,USD,Completed
ORD008439,CUST02898,2025-07-08 18:43:52.732288,USD,Completed
ORD008440,CUST00805_DUP,2026-02-06 05:50:36.659916,USD,Completed
ORD008441,CUST01053,2026-06-28 23:37:58.162642,USD ,Completed
ORD008442,CUST03243,2025-10-17 10:46:39.852241,USD,Completed
ORD008443,CUST02256,2025-12-28 08:39:28.755188,USD,Completed
ORD008444,CUST04685,2025-08-10 06:56:16.696942,USD,Completed
ORD008445,CUST00687,2025-09-29 02:02:13.293607,USD,Completed
ORD008446,CUST04440,2025-08-05 06:19:31.164663,USD,Refunded
ORD008447,CUST01394,2025-09-22 06:57:04.322125,USD,Completed
ORD008448,CUST00815,2026-01-25 17:49:50.830354,USD,Completed
ORD008449,CUST00081,2025-12-26 22:54:41.706623,usd,Completed
ORD008450,CUST03350,2025-08-26 05:49:17.166571,USD,Completed
ORD008451,CUST03026,2026-04-03 01:57:28.723577,usd,Completed
ORD008452,CUST01407,2026-06-06 23:23:10.221410,USD,Completed
ORD008453,CUST03503,2025-10-13 20:27:39.779038,US$,Completed
ORD008454,CUST01633,2026-02-05 11:55:02.680678,USD,Completed
ORD008455,CUST03607,2025-09-09 02:09:48.831084,usd,Completed
ORD008456,CUST04224,2026-04-16 23:35:32.252842,$,Completed
ORD008457,CUST02384,2025-11-19 08:18:05.252012,USD,Completed
ORD008458,CUST02220,2026-05-21 15:16:48.692499,USD,Completed
ORD008459,CUST00243,2026-06-04 03:27:53.587870,USD,Completed
ORD008460,CUST02761,2026-03-20 18:33:40.036612,US$,Completed
ORD008461,CUST03693,2025-07-29 09:48:23.357211,usd,Completed
ORD008462,CUST02384,2026-01-14 08:12:48.804271,USD,Cancelled
ORD008463,CUST03442,2026-02-18 09:13:28.980503,US$,Completed
ORD008464,CUST02838,2025-12-04 23:04:30.718366,US$,Completed
ORD008465,CUST00796,2025-10-22 08:04:22.081033,USD,Completed
ORD008466,CUST01434,2026-01-28 22:38:44.532512,US$,Completed
ORD008467,CUST01985,2025-07-31 23:35:21.645130,usd,Completed
ORD008468,CUST02724,2025-11-22 00:55:04.157559,USD,Completed
ORD008469,CUST04143,2025-10-16 22:11:43.606708,US$,Completed
ORD008470,CUST00457,2026-02-21 22:03:31.105462,USD,Completed
ORD008471,CUST02758,2025-10-18 21:59:34.495196,USD,Completed
ORD008472,CUST03128,2025-12-11 14:27:07.893680,USD,Completed
ORD008473,CUST03167,2025-12-08 00:38:40.648818,USD,Completed
ORD008474,CUST00158,2026-01-12 18:32:56.549464,USD,Completed
ORD008475,CUST01213,2025-09-23 08:03:01.420058,USD,Cancelled
ORD008476,CUST03448,2025-12-03 10:50:47.166093,USD,Completed
ORD008477,CUST02836,2026-06-11 01:50:24.152436,US$,Completed
ORD008478,CUST01114,2026-06-09 01:04:45.195142,USD,Refunded
ORD008479,CUST04067,2025-10-07 04:32:37.795876,USD,Completed
ORD008480,CUST02128,2026-06-05 01:02:00.402793,USD,Completed
ORD008481,CUST00115,2026-04-24 18:41:24.503160,USD,Completed
ORD008482,CUST01602,2025-12-04 00:29:02.996013,USD,Completed
ORD008483,CUST04218,2025-07-31 17:57:02.763246,US$,Completed
ORD008484,CUST03177,2025-12-04 22:21:46.227598,USD,Completed
ORD008485,CUST00551,2025-07-17 03:52:30.486195,USD,Completed
ORD008486,CUST00064,2025-09-30 16:02:29.602739,$,Completed
ORD008487,CUST03175,2026-04-17 14:57:59.473630,USD,Completed
ORD008488,CUST04518,2025-09-11 10:25:14.705039,USD,Completed
ORD008489,CUST04766,2026-01-29 02:24:59.746485,USD,Completed
ORD008490,CUST00666,2026-05-25 05:30:56.107206,USD,Completed
ORD008491,CUST04717,2026-05-05 17:26:15.824573,US$,Completed
ORD008492,CUST00867,2025-11-16 23:58:42.882128,$,Completed
ORD008493,CUST04948,2026-01-20 23:09:14.472662,USD,Completed
ORD008494,CUST00023,2025-11-09 18:49:01.834360,USD,Completed
ORD008495,CUST00607,2026-03-31 14:13:55.374600,USD,Completed
ORD008496,CUST03449,2026-03-03 04:22:14.676641,usd,Completed
ORD008497,CUST00263,2025-09-22 12:25:37.710838,$,Completed
ORD008498,CUST03601,2026-03-14 18:50:46.555972,USD,Completed
ORD008499,CUST01026,2025-10-08 14:55:33.661146,USD,Completed
ORD008500,CUST04892,2025-08-01 03:10:02.054088,usd,Completed
ORD008501,CUST04247,2025-09-28 03:09:09.905541,USD,Completed
ORD008502,CUST00880,2025-10-22 21:23:15.816440,$,Refunded
ORD008503,CUST03308,2026-02-25 00:07:47.762708,US$,Completed
ORD008504,CUST00659,2025-12-04 15:34:13.689840,USD,Completed
ORD008505,CUST00637,2026-06-14 07:38:23.947189,USD,Completed
ORD008506,CUST03776,2025-12-17 01:40:05.201699,$,Completed
ORD008507,CUST00948,2025-11-14 08:26:49.111873,USD,Completed
ORD008508,CUST04006,2026-06-26 12:41:43.409580,USD,Completed
ORD008509,CUST01494,2026-02-02 07:30:56.883930,usd,Completed
ORD008510,CUST02514_DUP,2026-05-03 21:13:30.192916,USD,Completed
ORD008511,CUST03031,2026-03-18 08:00:55.321982,USD,Completed
ORD008512,CUST01045,2026-06-18 00:41:06.623066,USD,Completed
ORD008513,CUST03473,2025-07-24 17:04:11.048019,USD,Completed
ORD008514,CUST03141,2025-10-19 21:16:19.506465,USD,Completed
ORD008515,CUST01389,2026-05-06 19:37:13.880657,USD,Completed
ORD008516,CUST02064,2025-12-02 20:58:51.197641,USD,Completed
ORD008517,CUST01411,2025-11-04 10:35:37.165393,USD,Completed
ORD008518,CUST01600,2025-08-21 05:04:43.516834,USD,Completed
ORD008519,CUST02735,2025-11-24 13:13:27.178580,USD,Completed
ORD008520,CUST03296,2025-12-24 21:35:38.522048,USD,Completed
ORD008521,CUST04856,2026-01-31 08:18:14.101238,USD,Completed
ORD008522,CUST04138,2026-03-23 20:57:49.234879,USD,Completed
ORD008523,CUST02423,2026-05-05 19:02:13.231467,USD,Completed
ORD008524,CUST02073,2025-12-04 16:58:51.905957,USD,Completed
ORD008525,CUST04002,2026-05-05 05:24:01.787342,USD,Refunded
ORD008526,CUST01450,2026-05-25 06:08:57.074790,USD,Completed
ORD008527,CUST02703,2025-10-02 09:40:36.170094,$,Completed
ORD008528,CUST04011,2025-09-22 15:47:20.766182,$,Completed
ORD008529,CUST00328,2026-01-09 05:05:24.533924,US$,Completed
ORD008530,CUST01786,2025-09-09 05:39:35.793484,usd,Completed
ORD008531,CUST01704,2025-09-30 14:40:08.910654,USD,Completed
ORD008532,CUST03060,2026-03-17 17:11:10.078250,USD,Completed
ORD008533,CUST03407,2025-11-10 14:36:03.520298,USD,Completed
ORD008534,CUST04610,2025-10-28 07:15:01.490955,$,Completed
ORD008535,CUST01796,2026-04-25 06:27:02.112902,USD,Completed
ORD008536,CUST02402,2026-04-13 14:46:29.725105,USD,Completed
ORD008537,CUST01872,2026-05-05 05:55:44.827132,USD,Completed
ORD008538,CUST01953,2026-03-14 15:11:02.449544,USD,Completed
ORD008539,CUST02040,2026-02-27 09:29:18.045455,USD,Completed
ORD008540,CUST00209,2025-07-22 06:18:16.571448,USD,Completed
ORD008541,CUST01109,2026-06-17 04:37:53.874868,USD,Completed
ORD008542,CUST03650,2025-09-19 14:06:09.685527,USD,Completed
ORD008543,CUST03456,2026-02-15 22:55:28.673069,usd,Cancelled
ORD008544,CUST00350,2025-09-18 04:16:11.295321,US$,Completed
ORD008545,CUST00404,2025-08-21 13:26:04.863991,US$,Cancelled
ORD008546,CUST01910,2026-05-10 19:09:32.939328,USD,Completed
ORD008547,CUST03990,2025-10-25 12:27:24.413653,USD,Completed
ORD008548,CUST00778,2025-11-27 02:01:51.704935,USD,Completed
ORD008549,CUST04577,2026-01-11 00:38:49.742663,USD,Completed
ORD008550,CUST01000,2026-03-29 02:05:33.051754,usd,Completed
ORD008551,CUST04258,2026-05-04 03:23:35.806038,USD,Completed
ORD008552,CUST00101,2025-09-15 08:13:04.880982,USD,Cancelled
ORD008553,CUST02256,2025-08-04 00:12:47.307243,USD,Completed
ORD008554,CUST02748,2025-11-22 10:55:07.715190,usd,Completed
ORD008555,CUST03911,2025-12-29 16:23:38.908195,usd,Completed
ORD008556,CUST03979,2025-09-07 09:42:14.678404,USD,Completed
ORD008557,CUST01108,2025-12-03 18:32:20.729880,US$,Cancelled
ORD008558,CUST01730,2026-05-24 13:52:21.960445,USD,Completed
ORD008559,CUST03256,2025-12-13 10:15:45.719659,USD,Cancelled
ORD008560,CUST02947,2026-04-16 18:25:08.677523,USD,Cancelled
ORD008561,CUST02186,2026-01-03 11:53:42.615860,USD,Completed
ORD008562,CUST04083,2026-05-30 11:35:28.141987,usd,Completed
ORD008563,CUST03826,2025-11-27 05:08:17.149091,USD,Completed
ORD008564,CUST02495,2026-03-14 12:34:49.389874,USD,Completed
ORD008565,CUST04028,2026-03-14 14:45:20.842658,USD,Completed
ORD008566,CUST03812,2025-11-18 12:42:57.346396,usd,Completed
ORD008567,CUST00811,2025-08-08 11:13:17.033779,USD,Completed
ORD008568,CUST03753,2026-05-29 20:20:48.361580,$,Completed
ORD008569,CUST02407,2026-03-18 19:28:07.667856,USD,Completed
ORD008570,CUST03824_DUP,2026-06-12 10:31:17.352107,USD,Completed
ORD008571,CUST01450,2026-03-20 21:23:55.118049,usd,Completed
ORD008572,CUST04679,2025-09-06 09:58:47.134237,US$,Completed
ORD008573,CUST04415,2026-02-06 21:39:26.855248,US$,Refunded
ORD008574,CUST01673,2025-08-22 21:22:07.016527,$,Completed
ORD008575,CUST04234,2026-04-08 03:17:18.811286,$,Completed
ORD008576,CUST03487,2026-04-12 23:03:03.154650,USD,Completed
ORD008577,CUST04968,2026-06-10 07:23:10.483133,USD,Completed
ORD008578,CUST00146,2026-03-19 10:04:23.412162,USD,Completed
ORD008579,CUST03157,2025-12-25 19:54:33.578032,$,Completed
ORD008580,CUST01871,2025-12-20 09:33:07.806512,USD ,Completed
ORD008581,CUST01146,2026-06-28 01:54:36.809185,USD,Completed
ORD008582,CUST01380,2025-08-28 20:07:27.590799,USD,Completed
ORD008583,CUST03335,2026-03-04 22:30:18.417315,USD,Completed
ORD008584,CUST01827,2026-05-12 19:20:28.365721,USD,Completed
ORD008585,CUST04611,2025-08-23 23:40:58.412225,USD,Completed
ORD008586,CUST03582,2025-08-28 02:57:11.452168,USD,Completed
ORD008587,CUST04668,2026-05-06 01:14:52.194314,USD,Completed
ORD008588,CUST00249,2026-05-05 18:19:06.818530,USD,Completed
ORD008589,CUST04647,2026-05-05 23:42:59.978099,USD,Completed
ORD008590,CUST03915,2026-05-19 04:19:30.868603,USD,Completed
ORD008591,CUST01688,2025-12-15 19:54:42.651399,USD,Completed
ORD008592,CUST03640,2026-03-03 06:35:32.723675,USD,Completed
ORD008593,CUST04652,2025-12-05 08:59:15.554682,USD,Completed
ORD008594,CUST01248,2025-08-12 13:52:23.342696,USD,Completed
ORD008595,CUST01607,2026-04-22 23:52:49.102952,USD,Completed
ORD008596,CUST03310,2026-04-05 08:23:21.912614,usd,Refunded
ORD008597,CUST01857,2026-01-24 04:19:47.241644,USD ,Completed
ORD008598,CUST01617,2025-10-26 07:25:44.867522,$,Cancelled
ORD008599,CUST01567,2025-12-19 14:01:05.884199,USD,Completed
ORD008600,CUST04722,2025-10-11 16:39:52.762714,US$,Completed
ORD008601,CUST02972,2025-10-05 15:29:31.692829,USD,Cancelled
ORD008602,CUST01461,2025-11-18 04:31:46.319660,US$,Cancelled
ORD008603,CUST00262,2026-02-05 20:29:10.958746,USD,Completed
ORD008604,CUST00349,2025-08-06 16:19:56.177508,USD,Refunded
ORD008605,CUST00242,2026-02-12 22:32:15.359611,US$,Completed
ORD008606,CUST03696,2025-08-07 13:48:28.315104,USD,Completed
ORD008607,CUST02061,2026-02-07 09:15:01.551364,USD,Completed
ORD008608,CUST04022,2026-05-11 15:46:18.753768,usd,Completed
ORD008609,CUST01676,2025-07-09 21:48:16.558168,USD,Completed
ORD008610,CUST02551,2026-02-21 03:03:32.788655,USD,Cancelled
ORD008611,CUST03604,2025-09-26 11:38:46.436169,USD,Completed
ORD008612,CUST03952,2026-06-08 08:06:12.205380,US$,Completed
ORD008613,CUST00614,2025-07-22 19:09:29.361276,usd,Completed
ORD008614,CUST03843,2026-05-20 17:06:34.187824,USD,Cancelled
ORD008615,CUST02412,2025-10-14 10:26:28.450033,usd,Refunded
ORD008616,CUST04995,2026-06-07 18:52:37.513100,USD,Completed
ORD008617,CUST00849,2025-07-18 00:09:19.913676,USD,Completed
ORD008618,CUST02192,2025-07-02 12:44:26.600720,USD,Completed
ORD008619,CUST02791,2026-02-12 11:37:01.842208,US$,Cancelled
ORD008620,CUST02762,2026-01-10 16:07:24.085865,USD ,Completed
ORD008621,CUST04017,2026-05-09 21:32:45.517993,USD,Completed
ORD008622,CUST00657,2026-02-19 23:52:13.143641,USD,Completed
ORD008623,CUST00495,2025-07-19 17:51:53.933545,USD,Completed
ORD008624,CUST02249,2026-01-25 20:03:57.045103,USD,Completed
ORD008625,CUST03439,2025-12-06 08:05:30.905673,USD,Refunded
ORD008626,CUST02614,2025-08-06 03:04:09.161747,USD,Completed
ORD008627,CUST01407,2026-04-20 00:53:45.490250,USD,Completed
ORD008628,CUST03967,2026-04-04 11:14:46.137665,USD,Completed
ORD008629,CUST04353,2025-08-29 05:35:31.146752,$,Completed
ORD008630,CUST04157,2025-12-11 09:18:27.509825,USD,Completed
ORD008631,CUST01755,2026-02-18 20:30:13.839039,USD,Completed
ORD008632,CUST03675,2025-07-17 12:13:28.016121,USD,Completed
ORD008633,CUST03794,2025-09-03 15:47:48.924451,USD,Completed
ORD008634,CUST04840,2025-08-03 14:58:50.980234,USD,Completed
ORD008635,CUST04957,2025-12-07 02:20:36.395283,usd,Completed
ORD008636,CUST03919,2025-11-05 18:06:29.180073,USD,Completed
ORD008637,CUST04010,2026-04-04 10:15:47.745112,USD,Completed
ORD008638,CUST01403,2025-09-19 08:35:07.551320,USD,Completed
ORD008639,CUST03473,2026-02-12 12:18:24.190156,usd,Completed
ORD008640,CUST02508,2025-07-23 06:14:44.017275,USD,Completed
ORD008641,CUST02378,2025-11-19 17:35:10.920543,$,Completed
ORD008642,CUST00088,2025-10-03 09:45:19.859576,USD,Completed
ORD008643,CUST04102,2025-07-09 15:19:58.204951,USD,Completed
ORD008644,CUST02350,2026-04-22 14:16:49.228845,USD,Cancelled
ORD008645,CUST04621,2026-05-14 09:08:31.198064,USD,Completed
ORD008646,CUST04428,2026-04-19 19:42:51.794495,USD,Completed
ORD008647,CUST02491,2025-08-12 20:09:00.678194,USD,Completed
ORD008648,CUST02227,2025-12-06 16:23:26.731442,USD,Completed
ORD008649,CUST01462,2025-12-20 14:35:04.615546,USD,Completed
ORD008650,CUST01157,2026-01-13 01:20:08.577146,USD,Completed
ORD008651,CUST03299,2026-01-23 18:13:35.804521,USD,Completed
ORD008652,CUST01696,2026-01-12 07:41:01.820442,USD,Completed
ORD008653,CUST04024,2026-02-21 05:13:25.928542,USD,Completed
ORD008654,CUST02351,2025-10-27 10:26:51.499689,USD,Completed
ORD008655,CUST03167,2026-04-25 16:21:07.580545,US$,Completed
ORD008656,CUST04752,2025-07-18 05:03:22.416475,USD,Completed
ORD008657,CUST03429,2026-01-31 12:52:39.025550,USD,Completed
ORD008658,CUST04140,2026-05-18 13:00:33.134215,USD,Completed
ORD008659,CUST01420,2026-06-03 16:45:20.432890,USD,Completed
ORD008660,CUST00157,2025-11-30 23:56:16.997820,USD,Completed
ORD008661,CUST03454,2025-10-19 15:44:40.174021,USD,Completed
ORD008662,CUST03060,2026-05-13 00:55:52.101647,usd,Completed
ORD008663,CUST02304,2025-08-03 19:58:19.970001,US$,Completed
ORD008664,CUST03634,2025-11-29 02:21:08.960556,USD,Completed
ORD008665,CUST04671,2025-07-06 22:07:34.383598,USD,Cancelled
ORD008666,CUST03457,2025-12-20 04:32:32.320359,USD,Completed
ORD008667,CUST02075,2026-06-07 03:47:40.467688,USD,Completed
ORD008668,CUST01651,2025-11-11 01:57:51.117505,USD ,Completed
ORD008669,CUST04115,2025-12-23 00:00:06.801269,USD,Refunded
ORD008670,CUST00499,2025-09-25 22:29:49.983346,USD,Completed
ORD008671,CUST04306,2026-06-15 22:52:05.702044,usd,Completed
ORD008672,CUST03511,2025-11-05 18:33:17.360000,USD,Completed
ORD008673,CUST04814,2025-11-12 00:11:56.571934,USD,Completed
ORD008674,CUST03188,2026-05-30 07:07:16.269590,USD,Completed
ORD008675,CUST01834,2025-08-02 12:36:06.092781,usd,Completed
ORD008676,CUST01664,2025-10-12 12:34:10.534415,USD,Completed
ORD008677,CUST01605,2025-09-01 03:05:59.338585,USD,Completed
ORD008678,CUST04538,2025-10-21 19:31:46.957975,USD,Completed
ORD008679,CUST03265,2026-04-23 22:49:14.569811,USD,Completed
ORD008680,CUST01226,2026-03-30 02:14:11.788950,USD,Completed
ORD008681,CUST03666,2026-01-31 15:00:26.747081,USD,Completed
ORD008682,CUST03553,2026-02-20 17:18:03.441608,$,Completed
ORD008683,CUST03104,2025-07-21 07:00:57.457705,USD,Completed
ORD008684,CUST02044,2026-01-24 18:54:07.344377,USD,Completed
ORD008685,CUST04942,2025-07-08 19:59:56.123586,US$,Completed
ORD008686,CUST01931,2025-10-26 17:47:44.894923,USD,Refunded
ORD008687,CUST01908,2025-09-16 07:59:18.027514,usd,Completed
ORD008688,CUST00934,2026-04-28 12:02:06.858727,USD,Completed
ORD008689,CUST03088,2025-10-12 05:01:01.865476,$,Completed
ORD008690,CUST04890,2025-07-21 13:28:03.033617,USD,Completed
ORD008691,CUST01709,2025-10-06 16:51:02.201569,$,Completed
ORD008692,CUST01454_DUP,2025-10-14 15:13:31.603919,usd,Completed
ORD008693,CUST03233,2025-08-08 09:14:19.308333,USD,Refunded
ORD008694,CUST01264,2026-01-18 18:19:49.439113,USD,Completed
ORD008695,CUST01517,2026-04-12 08:44:10.288141,USD,Cancelled
ORD008696,CUST03683,2025-12-16 02:48:26.531361,USD,Completed
ORD008697,CUST03640,2026-06-10 15:17:55.223418,US$,Completed
ORD008698,CUST03386,2025-09-22 19:06:57.847619,$,Completed
ORD008699,CUST01876,2025-07-21 23:16:50.810274,usd,Completed
ORD008700,CUST04365,2026-04-06 22:26:25.761124,USD ,Refunded
ORD008701,CUST00372,2026-03-14 11:18:57.983982,USD,Completed
ORD008702,CUST02169,2026-06-03 23:01:57.617434,$,Completed
ORD008703,CUST04704,2025-07-12 12:01:11.184813,US$,Completed
ORD008704,CUST00271,2026-04-12 19:15:53.874791,USD,Completed
ORD008705,CUST02299,2025-10-23 03:45:46.849813,USD,Completed
ORD008706,CUST02100,2025-12-02 03:41:41.354612,USD,Completed
ORD008707,CUST01929,2026-01-01 23:19:30.034128,USD,Completed
ORD008708,CUST04556,2026-02-20 14:40:31.790772,USD,Completed
ORD008709,CUST03192,2026-01-30 10:30:55.091553,USD,Completed
ORD008710,CUST02243,2025-09-15 18:01:08.350274,usd,Completed
ORD008711,CUST04396,2026-03-25 03:40:49.956869,US$,Completed
ORD008712,CUST00665,2026-05-07 04:39:06.002582,USD,Completed
ORD008713,CUST00176,2026-04-13 01:10:24.735378,USD,Cancelled
ORD008714,CUST03872,2026-06-23 03:26:50.659718,USD,Completed
ORD008715,CUST01671,2026-05-06 23:53:29.549930,USD,Completed
ORD008716,CUST01208,2026-02-05 16:12:31.765022,US$,Completed
ORD008717,CUST04288,2025-07-07 04:53:37.480669,USD,Completed
ORD008718,CUST01146,2025-09-11 22:40:40.053033,USD,Completed
ORD008719,CUST02450,2025-07-10 11:12:34.273375,US$,Completed
ORD008720,CUST02908,2026-04-21 20:46:27.658458,USD,Completed
ORD008721,CUST00068,2026-01-29 22:42:04.359268,USD,Completed
ORD008722,CUST04824,2026-02-13 06:57:45.895943,$,Completed
ORD008723,CUST04657,2025-12-29 01:44:48.896502,USD,Completed
ORD008724,CUST02194,2026-02-03 13:04:56.997883,USD,Completed
ORD008725,CUST02565,2026-05-18 10:31:56.600539,USD,Cancelled
ORD008726,CUST00531,2025-11-14 12:33:19.262637,US$,Completed
ORD008727,CUST02544,2025-09-26 03:31:40.670913,USD,Completed
ORD008728,CUST01831,2026-02-18 13:24:16.265071,USD,Completed
ORD008729,CUST03070,2026-01-20 18:34:23.366231,USD,Completed
ORD008730,CUST02635,2026-02-28 08:30:42.573071,USD,Completed
ORD008731,CUST02406,2026-06-12 00:48:11.881184,USD,Completed
ORD008732,CUST00504,2025-08-26 11:21:11.883596,USD,Completed
ORD008733,CUST04702,2025-08-24 11:01:05.328262,USD,Completed
ORD008734,CUST01167,2026-02-01 22:01:24.718979,USD,Completed
ORD008735,CUST03517,2025-12-03 02:45:02.228490,USD,Cancelled
ORD008736,CUST00693,2026-01-30 08:20:52.999315,usd,Completed
ORD008737,CUST01983,2025-11-25 00:11:00.925339,USD,Completed
ORD008738,CUST01211,2026-03-19 09:14:35.736543,USD,Completed
ORD008739,CUST02977,2025-09-25 17:08:16.339574,usd,Completed
ORD008740,CUST03902,2026-04-06 04:23:27.173258,US$,Completed
ORD008741,CUST00793_DUP,2026-06-29 03:13:32.444862,USD,Cancelled
ORD008742,CUST03580,2026-05-07 03:08:10.821447,USD,Completed
ORD008743,CUST04404,2025-12-31 14:36:50.812622,USD,Cancelled
ORD008744,CUST00887,2026-01-04 03:37:24.080055,USD,Completed
ORD008745,CUST04540,2025-07-07 22:29:49.406703,USD,Completed
ORD008746,CUST00081,2025-08-18 04:27:14.230477,USD,Completed
ORD008747,CUST00577,2025-11-22 22:36:40.201242,USD,Cancelled
ORD008748,CUST00308,2025-09-11 11:45:07.216238,USD,Completed
ORD008749,CUST00448,2026-06-20 02:52:47.588460,USD,Completed
ORD008750,CUST01413_DUP,2025-09-28 07:40:12.225570,USD,Cancelled
ORD008751,CUST02998,2025-10-29 11:43:44.679512,USD,Cancelled
ORD008752,CUST04657,2026-04-27 17:21:40.500776,USD,Completed
ORD008753,CUST01285,2026-06-19 03:01:50.083808,US$,Completed
ORD008754,CUST02099,2026-02-21 21:38:13.472257,USD,Cancelled
ORD008755,CUST02775,2025-11-19 17:26:30.909646,USD,Completed
ORD008756,CUST00786,2026-06-27 06:30:56.127604,USD,Refunded
ORD008757,CUST01356_DUP,2026-01-24 22:46:53.693756,USD,Completed
ORD008758,CUST01553,2025-10-12 04:44:29.937459,USD,Completed
ORD008759,CUST04708,2025-08-18 12:19:55.547336,USD,Completed
ORD008760,CUST03664,2026-04-16 07:33:00.995154,USD,Completed
ORD008761,CUST01709,2025-10-28 18:48:34.485868,$,Completed
ORD008762,CUST00649,2025-08-21 21:20:30.270116,USD,Completed
ORD008763,CUST04811,2026-02-24 16:24:09.616911,$,Completed
ORD008764,CUST02861,2025-10-25 19:09:53.416504,usd,Completed
ORD008765,CUST03567,2026-03-04 09:28:00.160180,USD,Completed
ORD008766,CUST00107,2026-01-30 04:02:19.060313,US$,Completed
ORD008767,CUST01710,2026-04-15 06:40:22.343417,USD,Completed
ORD008768,CUST00522,2026-04-29 04:16:31.694376,US$,Completed
ORD008769,CUST03971,2026-01-06 11:27:47.061265,USD,Completed
ORD008770,CUST04117,2026-06-05 17:36:49.285483,USD,Completed
ORD008771,CUST01563,2025-11-02 13:02:09.926703,USD ,Completed
ORD008772,CUST04735,2026-03-03 16:14:58.570658,usd,Completed
ORD008773,CUST04345,2025-09-11 16:55:37.447729,USD,Completed
ORD008774,CUST01085,2026-03-03 17:58:24.552278,USD,Cancelled
ORD008775,CUST04256,2026-05-22 06:05:18.402205,USD,Completed
ORD008776,CUST04630,2025-11-24 00:21:47.285565,USD,Completed
ORD008777,CUST01922,2026-02-17 02:47:42.264491,USD,Completed
ORD008778,CUST04527,2025-12-22 09:17:37.895786,USD,Completed
ORD008779,CUST00613,2026-01-19 06:39:28.764683,USD,Completed
ORD008780,CUST03141,2025-10-02 20:14:10.799925,US$,Completed
ORD008781,CUST01555,2026-01-18 15:59:41.909623,usd,Completed
ORD008782,CUST01227,2025-10-04 23:40:18.801080,USD,Completed
ORD008783,CUST04476,2025-11-07 08:27:57.637792,USD,Refunded
ORD008784,CUST04647,2026-03-10 03:10:12.167222,USD,Completed
ORD008785,CUST04519,2026-01-21 16:41:38.228606,USD,Refunded
ORD008786,CUST02232,2026-01-30 02:43:11.790737,$,Completed
ORD008787,CUST01981,2025-11-20 04:07:02.774219,USD,Cancelled
ORD008788,CUST03506,2025-07-18 23:55:42.001117,USD,Completed
ORD008789,CUST00569,2026-06-11 18:24:12.364907,USD,Completed
ORD008790,CUST04093,2026-02-27 17:08:21.339536,USD,Cancelled
ORD008791,CUST03054,2025-09-08 21:17:54.383405,USD,Completed
ORD008792,CUST04338,2026-03-22 15:40:39.118279,USD,Completed
ORD008793,CUST03118,2025-08-28 05:38:29.878237,USD,Completed
ORD008794,CUST00388,2026-04-21 15:59:42.778713,US$,Completed
ORD008795,CUST00056,2026-01-25 20:01:45.094315,USD,Refunded
ORD008796,CUST02230,2026-05-25 08:39:02.969434,USD,Completed
ORD008797,CUST02955,2026-01-24 09:50:33.723810,USD,Completed
ORD008798,CUST01812,2025-07-07 00:08:17.861133,$,Completed
ORD008799,CUST03234,2025-12-17 09:04:55.538031,USD,Completed
ORD008800,CUST03546,2025-08-06 15:40:42.849560,US$,Completed
ORD008801,CUST02950,2025-08-15 15:20:19.671600,USD,Completed
ORD008802,CUST00171,2025-12-31 08:33:05.784654,US$,Completed
ORD008803,CUST03053,2026-05-02 06:18:28.127060,USD,Completed
ORD008804,CUST03971,2025-10-14 08:12:03.613561,USD,Completed
ORD008805,CUST03902,2025-10-07 06:02:39.450549,USD,Refunded
ORD008806,CUST04782,2026-01-25 00:50:06.407506,USD,Completed
ORD008807,CUST03994,2025-11-13 08:31:03.647022,USD,Completed
ORD008808,CUST04645,2026-06-28 10:28:21.468567,US$,Completed
ORD008809,CUST01563,2026-05-29 00:24:01.217782,USD,Completed
ORD008810,CUST04641,2026-01-07 23:00:24.634771,usd,Cancelled
ORD008811,CUST00150,2025-11-08 00:22:59.614492,USD,Completed
ORD008812,CUST03733,2026-01-04 22:18:09.644635,USD,Completed
ORD008813,CUST04073,2026-02-22 10:35:59.768971,USD,Completed
ORD008814,CUST02528,2026-03-24 00:21:37.176574,USD,Completed
ORD008815,CUST01867,2025-10-05 04:19:14.961865,USD,Completed
ORD008816,CUST04759,2026-06-16 21:42:14.216307,USD,Completed
ORD008817,CUST03413,2026-02-10 16:18:45.407344,usd,Completed
ORD008818,CUST03973,2025-10-29 00:20:41.947587,USD,Refunded
ORD008819,CUST04524,2025-09-03 23:42:14.054535,USD,Completed
ORD008820,CUST02043,2026-02-09 16:16:32.452321,USD,Cancelled
ORD008821,CUST04402,2026-04-21 09:13:00.568241,USD,Refunded
ORD008822,CUST03031,2025-08-28 18:21:39.663408,$,Completed
ORD008823,CUST04375,2026-01-30 06:25:14.207523,$,Completed
ORD008824,CUST01699,2025-08-02 10:57:36.980784,USD,Completed
ORD008825,CUST01607,2026-02-15 13:19:17.132851,usd,Completed
ORD008826,CUST03629,2026-04-28 11:55:23.165209,USD,Completed
ORD008827,CUST02986,2025-09-09 11:29:35.895453,USD,Completed
ORD008828,CUST04526,2026-04-06 12:41:25.268587,USD,Completed
ORD008829,CUST00280,2025-07-05 21:45:15.620248,usd,Cancelled
ORD008830,CUST04537,2025-07-17 15:19:45.625032,USD,Completed
ORD008831,CUST02952,2026-04-09 21:05:43.441174,$,Completed
ORD008832,CUST02865,2026-06-01 01:21:04.342583,$,Completed
ORD008833,CUST01764,2026-03-14 10:28:30.546460,USD,Completed
ORD008834,CUST03052,2025-09-20 03:35:48.525663,US$,Completed
ORD008835,CUST00759,2025-07-07 04:15:20.910283,US$,Completed
ORD008836,CUST04453,2025-08-30 13:09:17.739094,USD ,Completed
ORD008837,CUST02729,2026-01-07 14:36:04.176855,USD,Completed
ORD008838,CUST00405,2026-03-06 21:23:27.211425,$,Completed
ORD008839,CUST02243,2025-11-07 22:48:14.139104,USD,Completed
ORD008840,CUST00874,2026-04-01 11:05:50.756303,usd,Completed
ORD008841,CUST04257,2026-02-14 22:45:20.061293,US$,Completed
ORD008842,CUST00936,2026-02-26 16:30:49.531986,$,Completed
ORD008843,CUST03329,2026-03-23 09:57:49.734063,USD,Completed
ORD008844,CUST04866,2025-12-31 13:19:28.404128,USD,Completed
ORD008845,CUST00764,2026-06-23 19:57:44.441397,USD,Completed
ORD008846,CUST03332,2025-08-14 03:03:40.457532,$,Completed
ORD008847,CUST01160,2026-02-11 03:53:51.443712,$,Completed
ORD008848,CUST04394,2026-03-23 19:47:12.928113,USD,Completed
ORD008849,CUST02570,2026-05-04 23:44:04.425517,USD,Completed
ORD008850,CUST03269,2025-11-06 19:09:14.800610,USD,Cancelled
ORD008851,CUST04066,2026-05-09 18:21:24.876194,USD,Completed
ORD008852,CUST02886,2026-01-22 04:17:10.456138,USD,Completed
ORD008853,CUST01873,2025-12-10 10:18:04.359671,USD,Cancelled
ORD008854,CUST01088,2026-04-28 05:55:40.043753,USD,Completed
ORD008855,CUST00838,2026-06-20 12:40:34.929859,US$,Completed
ORD008856,CUST03123,2025-11-24 03:12:23.672031,USD,Completed
ORD008857,CUST02538,2026-01-03 17:52:40.407875,USD,Completed
ORD008858,CUST03212,2025-11-04 11:22:07.391407,USD,Completed
ORD008859,CUST01313,2025-11-19 16:00:30.561162,USD,Completed
ORD008860,CUST01786,2026-06-19 07:24:32.765921,usd,Completed
ORD008861,CUST00490,2025-09-26 11:20:03.340617,USD,Completed
ORD008862,CUST01645,2025-08-01 22:35:20.485217,USD,Completed
ORD008863,CUST01636,2026-03-27 17:30:04.463915,USD,Refunded
ORD008864,CUST02831,2026-03-09 03:25:09.514676,USD,Completed
ORD008865,CUST03640,2025-09-25 07:28:16.380943,US$,Completed
ORD008866,CUST04152,2025-11-04 07:24:48.127563,USD,Completed
ORD008867,CUST02513,2025-11-07 02:37:33.039113,USD,Completed
ORD008868,CUST01569,2025-12-02 23:47:36.099256,USD,Completed
ORD008869,CUST01857,2025-10-18 20:37:57.879358,usd,Cancelled
ORD008870,CUST00904,2026-04-22 09:49:59.484924,USD,Completed
ORD008871,CUST04999,2026-02-11 15:23:46.274964,USD,Completed
ORD008872,CUST04568,2025-12-20 02:11:43.583232,USD,Completed
ORD008873,CUST04279,2026-04-12 06:16:54.864043,USD,Completed
ORD008874,CUST04282,2026-02-25 09:23:14.763135,USD ,Cancelled
ORD008875,CUST02240,2026-01-11 08:37:40.207716,USD,Completed
ORD008876,CUST02574,2025-09-11 06:13:24.149270,USD,Completed
ORD008877,CUST02494,2026-05-30 18:06:22.070629,USD,Completed
ORD008878,CUST03662,2026-01-18 21:29:05.405729,USD,Completed
ORD008879,CUST01600,2026-05-23 19:00:53.540610,USD,Completed
ORD008880,CUST03440,2025-09-26 00:21:00.369965,USD,Completed
ORD008881,CUST03337,2025-07-29 17:24:27.975239,USD,Completed
ORD008882,CUST04684,2025-09-27 09:36:35.468423,US$,Completed
ORD008883,CUST01022,2025-08-17 18:08:25.998302,USD,Completed
ORD008884,CUST02369,2025-09-30 01:08:34.894367,USD,Completed
ORD008885,CUST00708,2026-04-17 11:39:31.220476,USD,Completed
ORD008886,CUST02136,2026-02-10 10:48:03.122114,USD,Completed
ORD008887,CUST01033,2026-05-25 15:49:02.417979,USD,Completed
ORD008888,CUST01060,2025-09-20 21:58:31.823498,USD,Completed
ORD008889,CUST02550,2026-03-24 07:28:33.215744,USD,Completed
ORD008890,CUST03490,2025-12-13 08:37:37.001697,US$,Completed
ORD008891,CUST03699,2026-04-14 10:05:09.101835,USD,Completed
ORD008892,CUST03119,2025-12-04 10:00:20.523752,USD,Cancelled
ORD008893,CUST02493,2025-10-03 19:45:15.174871,USD,Completed
ORD008894,CUST02011,2026-03-01 23:02:08.471136,USD,Refunded
ORD008895,CUST01469,2026-02-26 07:10:55.220460,USD,Completed
ORD008896,CUST03123,2026-01-04 20:27:17.441427,USD,Completed
ORD008897,CUST00895,2026-02-08 04:43:57.280261,USD,Cancelled
ORD008898,CUST00628,2025-07-16 09:53:41.117605,USD,Completed
ORD008899,CUST01539,2026-06-15 21:41:29.029646,USD,Cancelled
ORD008900,CUST04242,2025-07-06 00:57:29.922979,USD,Completed
ORD008901,CUST00727,2026-03-02 21:33:31.091875,USD,Completed
ORD008902,CUST04026,2025-07-16 07:33:10.071611,USD,Completed
ORD008903,CUST00048,2026-05-05 05:09:34.938594,USD,Completed
ORD008904,CUST03948,2025-08-23 19:45:52.601139,USD,Completed
ORD008905,CUST02451,2025-09-06 08:35:56.222571,$,Completed
ORD008906,CUST04775,2026-06-09 20:50:20.442940,USD,Completed
ORD008907,CUST02943,2026-05-14 05:10:46.402280,USD,Completed
ORD008908,CUST04446,2026-01-28 08:46:23.206460,USD,Completed
ORD008909,CUST04498,2026-02-09 18:36:09.030841,USD,Completed
ORD008910,CUST01433,2026-04-08 14:01:42.673727,USD,Completed
ORD008911,CUST00639,2026-04-15 09:01:09.756914,US$,Completed
ORD008912,CUST04384,2025-08-11 18:49:00.518239,USD,Cancelled
ORD008913,CUST04249,2026-04-28 12:41:08.848650,US$,Completed
ORD008914,CUST04431,2026-04-06 21:33:18.250066,USD,Completed
ORD008915,CUST03838,2026-03-26 22:22:28.635163,usd,Refunded
ORD008916,CUST00191,2025-10-21 06:32:54.210948,US$,Completed
ORD008917,CUST03733,2025-11-16 13:04:27.333705,$,Completed
ORD008918,CUST03156,2025-12-04 01:05:07.185125,USD,Completed
ORD008919,CUST01935,2025-10-26 04:16:25.449106,USD,Completed
ORD008920,CUST00022,2026-04-30 01:22:45.632192,USD,Completed
ORD008921,CUST01019,2025-09-02 01:55:51.095187,USD,Completed
ORD008922,CUST04192,2026-05-19 19:45:02.527374,USD,Completed
ORD008923,CUST01891,2025-11-08 16:08:16.339085,USD,Completed
ORD008924,CUST04039,2026-02-16 04:17:32.631113,USD,Completed
ORD008925,CUST01137,2025-10-19 04:27:58.260126,US$,Completed
ORD008926,CUST01363,2025-11-16 21:30:43.594248,USD,Completed
ORD008927,CUST03496,2026-05-07 16:03:13.562664,USD,Completed
ORD008928,CUST02145,2026-04-26 16:00:40.824930,US$,Completed
ORD008929,CUST03161,2026-05-21 12:37:12.276808,US$,Completed
ORD008930,CUST00394,2025-10-29 17:24:12.494082,USD,Completed
ORD008931,CUST01728,2026-02-21 22:13:52.370701,USD,Completed
ORD008932,CUST03427,2025-08-01 08:06:59.645699,usd,Completed
ORD008933,CUST02999,2026-05-30 07:42:55.530471,USD,Completed
ORD008934,CUST02818,2026-01-13 03:34:29.122231,US$,Refunded
ORD008935,CUST04615,2025-10-17 12:12:39.726197,USD,Completed
ORD008936,CUST02501,2025-10-02 10:44:15.868713,US$,Completed
ORD008937,CUST02841,2026-05-26 06:15:56.530504,US$,Completed
ORD008938,CUST02425,2025-10-20 05:07:30.651988,USD,Completed
ORD008939,CUST03112,2026-03-16 00:19:41.736217,US$,Completed
ORD008940,CUST04998,2026-03-21 11:20:40.809061,USD,Completed
ORD008941,CUST01281,2026-03-16 06:50:38.588236,USD,Cancelled
ORD008942,CUST02575,2026-06-22 21:16:07.676737,USD,Completed
ORD008943,CUST01986,2025-08-02 11:59:34.845031,USD,Completed
ORD008944,CUST02384,2025-08-31 13:23:05.664466,USD,Completed
ORD008945,CUST02972_DUP,2025-10-22 19:02:15.257003,US$,Completed
ORD008946,CUST03558,2025-11-28 04:56:28.723287,USD,Completed
ORD008947,CUST00405,2025-09-04 17:58:31.803385,$,Refunded
ORD008948,CUST01282,2026-01-05 01:17:22.346795,USD,Cancelled
ORD008949,CUST01420,2026-05-13 21:32:01.508558,USD,Completed
ORD008950,CUST01042,2025-11-08 17:02:39.891205,USD,Completed
ORD008951,CUST01501,2025-09-18 22:05:26.056202,USD,Completed
ORD008952,CUST01669,2025-07-17 20:03:13.032713,USD,Completed
ORD008953,CUST01442_DUP,2026-05-17 06:22:17.615081,USD,Completed
ORD008954,CUST02615,2025-11-26 10:19:45.113607,$,Completed
ORD008955,CUST04607,2025-09-09 21:11:52.486179,USD,Completed
ORD008956,CUST00523,2026-01-10 20:21:37.793633,USD,Completed
ORD008957,CUST03983,2025-07-02 02:09:47.851876,USD,Completed
ORD008958,CUST03648,2026-05-19 22:19:00.390055,USD,Completed
ORD008959,CUST02578,2025-11-27 07:11:27.235690,USD,Completed
ORD008960,CUST04204,2026-05-03 01:31:29.834235,USD,Completed
ORD008961,CUST02729,2025-12-20 06:51:25.850937,USD ,Completed
ORD008962,CUST01542,2026-01-14 00:11:20.065061,USD,Completed
ORD008963,CUST02844,2025-09-28 12:21:05.700622,usd,Completed
ORD008964,CUST00658,2025-07-20 21:58:12.716960,usd,Completed
ORD008965,CUST01046,2025-12-31 03:52:11.641694,USD,Completed
ORD008966,CUST04226,2026-03-13 03:32:51.300585,USD,Completed
ORD008967,CUST02145,2026-01-09 02:47:31.309903,USD,Completed
ORD008968,CUST04189,2026-03-28 17:52:15.307915,USD,Completed
ORD008969,CUST02364,2025-07-21 23:45:40.701764,USD,Completed
ORD008970,CUST03720,2026-03-09 02:17:32.969240,USD,Completed
ORD008971,CUST01893,2026-02-12 22:38:32.381009,USD,Cancelled
ORD008972,CUST01641,2025-08-05 00:12:59.172606,USD,Completed
ORD008973,CUST01235,2025-09-11 15:00:49.389292,USD,Completed
ORD008974,CUST00295,2025-10-17 00:34:38.220794,USD,Completed
ORD008975,CUST02799,2025-07-19 20:49:35.548383,USD,Cancelled
ORD008976,CUST02783,2025-09-04 07:44:54.444800,USD,Completed
ORD008977,CUST00518,2026-06-15 03:13:28.960079,USD,Completed
ORD008978,CUST02348,2025-10-30 11:26:29.302394,usd,Completed
ORD008979,CUST00175,2025-07-21 02:01:20.325790,$,Completed
ORD008980,CUST04363,2025-11-25 19:30:06.723430,usd,Completed
ORD008981,CUST01243,2026-05-05 04:07:53.966954,$,Completed
ORD008982,CUST00836,2026-01-19 14:15:56.895568,$,Completed
ORD008983,CUST02629,2026-06-04 07:41:53.357859,USD,Completed
ORD008984,CUST04470,2025-12-20 03:29:31.869570,USD,Cancelled
ORD008985,CUST00319,2025-08-20 18:41:32.323545,US$,Completed
ORD008986,CUST01330,2025-09-16 23:54:45.996642,USD,Completed
ORD008987,CUST01146,2026-02-16 06:43:16.661603,USD,Completed
ORD008988,CUST02977,2026-02-24 00:27:56.075805,USD,Completed
ORD008989,CUST03421,2026-03-27 18:47:43.039910,USD,Completed
ORD008990,CUST01565,2025-09-20 13:04:08.535890,USD,Completed
ORD008991,CUST02125,2025-11-27 13:35:50.672580,USD,Refunded
ORD008992,CUST01346,2026-01-27 23:24:36.356954,USD,Completed
ORD008993,CUST01091,2025-09-27 21:31:06.685165,USD,Refunded
ORD008994,CUST01046,2026-01-02 11:10:34.145073,USD,Completed
ORD008995,CUST01663,2026-01-23 16:34:10.608361,$,Completed
ORD008996,CUST00298,2025-08-06 04:03:42.506502,USD,Completed
ORD008997,CUST00609_DUP,2025-11-30 02:56:44.616637,USD,Completed
ORD008998,CUST03610,2025-07-30 16:56:56.934043,USD,Completed
ORD008999,CUST00265,2025-11-17 21:30:48.297019,usd,Refunded
ORD009000,CUST01022,2026-02-21 21:33:20.743292,USD,Completed
ORD009001,CUST00823,2026-04-21 17:43:23.242579,USD,Completed
ORD009002,CUST02446,2025-08-09 20:33:00.864290,USD,Cancelled
ORD009003,CUST03222,2026-03-30 00:41:44.518288,USD,Completed
ORD009004,CUST02202,2025-09-05 17:30:31.530248,USD,Completed
ORD009005,CUST01701,2025-10-20 18:21:18.114036,USD,Completed
ORD009006,CUST04610,2026-03-11 12:35:02.100470,usd,Completed
ORD009007,CUST02796,2025-09-09 01:33:55.854642,USD,Completed
ORD009008,CUST02027,2025-08-25 08:15:37.349322,USD,Completed
ORD009009,CUST00821,2026-03-29 05:08:06.483093,USD,Completed
ORD009010,CUST01128,2026-03-04 17:39:20.760773,USD,Refunded
ORD009011,CUST04581,2025-08-28 03:12:45.235509,usd,Completed
ORD009012,CUST01325,2025-10-26 01:05:27.027337,USD,Completed
ORD009013,CUST01493,2025-12-13 18:52:27.475641,US$,Completed
ORD009014,CUST02329,2026-05-28 02:42:49.415079,USD,Completed
ORD009015,CUST01907,2025-10-16 03:53:07.589475,USD,Completed
ORD009016,CUST00805_DUP,2025-10-31 01:35:04.688394,USD,Completed
ORD009017,CUST00642,2025-11-30 08:40:25.009113,USD,Completed
ORD009018,CUST03947,2025-09-25 10:51:46.578479,USD,Completed
ORD009019,CUST04662,2026-01-11 20:02:59.005749,USD ,Completed
ORD009020,CUST04971,2025-11-14 00:33:30.273502,USD,Completed
ORD009021,CUST00887,2025-07-29 07:13:11.335351,USD ,Refunded
ORD009022,CUST01011,2026-03-16 12:24:03.284207,US$,Completed
ORD009023,CUST02379,2025-08-30 06:11:42.463613,USD,Completed
ORD009024,CUST03770,2025-12-06 17:57:22.649347,USD,Completed
ORD009025,CUST01921,2026-01-18 08:32:17.602828,$,Completed
ORD009026,CUST00072,2026-05-03 00:40:23.250947,USD,Completed
ORD009027,CUST02968,2026-05-06 23:52:31.071371,USD,Completed
ORD009028,CUST02678,2026-02-04 07:10:26.888052,USD,Completed
ORD009029,CUST01784,2026-05-07 02:05:07.574430,US$,Cancelled
ORD009030,CUST01727,2026-03-14 02:24:45.643222,USD,Completed
ORD009031,CUST03880,2025-08-12 18:09:48.063805,USD,Completed
ORD009032,CUST04859,2025-09-25 06:09:17.349763,USD,Completed
ORD009033,CUST03560,2025-08-05 19:50:37.173569,USD,Completed
ORD009034,CUST04367,2025-09-30 15:00:07.034241,USD,Completed
ORD009035,CUST02201,2025-10-18 00:39:30.802391,USD,Completed
ORD009036,CUST01324,2025-08-11 19:26:52.037587,$,Completed
ORD009037,CUST03319,2025-07-18 14:34:38.731486,USD,Completed
ORD009038,CUST00691,2026-06-06 04:07:02.495054,USD,Completed
ORD009039,CUST03782,2026-05-16 23:15:11.135394,USD,Completed
ORD009040,CUST03298,2025-11-29 18:18:04.117121,usd,Completed
ORD009041,CUST02378,2026-02-11 15:30:44.718698,usd,Completed
ORD009042,CUST02785,2025-07-08 11:37:14.222924,USD,Completed
ORD009043,CUST00371,2025-09-19 18:54:13.076468,$,Completed
ORD009044,CUST01179,2026-05-04 19:45:18.410047,USD,Completed
ORD009045,CUST00340,2025-11-22 00:21:26.850921,USD,Completed
ORD009046,CUST04737,2026-03-23 15:56:32.664715,usd,Completed
ORD009047,CUST04996,2025-10-05 09:15:02.448340,USD,Completed
ORD009048,CUST02718,2026-06-09 09:02:00.818176,US$,Completed
ORD009049,CUST02096,2026-03-12 10:18:14.678741,$,Completed
ORD009050,CUST02145,2026-01-10 04:05:23.205731,USD,Completed
ORD009051,CUST01369,2025-07-20 15:21:31.959923,usd,Completed
ORD009052,CUST04491,2025-10-24 01:46:29.858220,USD,Completed
ORD009053,CUST00041,2025-09-22 11:27:53.115617,usd,Cancelled
ORD009054,CUST00881,2026-05-29 21:22:35.190078,USD,Completed
ORD009055,CUST00392,2025-09-21 06:19:11.092865,USD,Completed
ORD009056,CUST02335_DUP,2025-07-01 14:37:12.474440,USD,Completed
ORD009057,CUST02474,2025-09-16 09:57:35.117630,usd,Completed
ORD009058,CUST02935,2026-05-25 18:18:20.841717,usd,Completed
ORD009059,CUST00117,2026-03-06 23:41:10.223865,USD,Completed
ORD009060,CUST02182,2026-03-05 03:02:42.012007,USD,Completed
ORD009061,CUST01324,2025-07-22 21:03:08.415646,$,Completed
ORD009062,CUST01796,2026-03-19 04:45:39.419023,usd,Completed
ORD009063,CUST01497,2025-12-15 06:56:40.169502,USD,Completed
ORD009064,CUST03705,2025-12-04 19:45:29.818049,USD,Completed
ORD009065,CUST01796,2026-06-16 05:34:02.576452,USD,Completed
ORD009066,CUST01461,2026-03-23 00:00:14.476487,USD,Completed
ORD009067,CUST03260,2025-10-19 06:50:01.681533,USD,Completed
ORD009068,CUST02077,2026-01-22 09:08:51.578625,USD,Cancelled
ORD009069,CUST03716,2025-08-01 14:50:00.559832,USD,Completed
ORD009070,CUST01133,2026-01-08 11:16:47.174166,USD,Completed
ORD009071,CUST04680,2026-03-24 11:41:33.193023,USD,Completed
ORD009072,CUST03279,2026-05-19 15:29:30.839315,USD,Completed
ORD009073,CUST01522,2026-04-01 10:21:52.380686,USD,Completed
ORD009074,CUST03544,2026-01-21 04:22:24.737554,USD,Completed
ORD009075,CUST04657,2026-04-02 18:36:00.857974,USD,Completed
ORD009076,CUST00837,2025-10-17 22:05:00.338597,USD,Completed
ORD009077,CUST03148,2026-01-16 00:09:45.860183,USD,Cancelled
ORD009078,CUST01308,2025-10-11 17:48:21.660496,usd,Completed
ORD009079,CUST04960,2026-06-27 05:59:05.763141,US$,Completed
ORD009080,CUST00066,2026-05-17 20:15:50.143722,USD,Completed
ORD009081,CUST04809,2025-10-29 13:24:57.553046,usd,Completed
ORD009082,CUST02023,2025-11-20 07:31:23.997779,USD,Cancelled
ORD009083,CUST02607,2025-08-22 21:47:57.403727,USD,Completed
ORD009084,CUST02799,2026-03-31 06:41:15.002176,USD,Completed
ORD009085,CUST03604,2026-01-07 17:34:03.848554,USD,Completed
ORD009086,CUST02870,2025-10-29 07:41:47.760149,US$,Completed
ORD009087,CUST04904,2026-03-07 13:33:41.354736,USD,Completed
ORD009088,CUST00422,2025-07-08 19:40:35.550308,USD,Completed
ORD009089,CUST03832,2025-12-04 10:53:38.311395,usd,Cancelled
ORD009090,CUST04509,2025-10-24 05:10:57.543369,USD,Completed
ORD009091,CUST01625,2025-07-03 11:27:39.768062,USD,Completed
ORD009092,CUST00291,2025-08-24 23:00:48.594911,USD,Completed
ORD009093,CUST01968,2025-08-26 02:36:38.969495,USD,Completed
ORD009094,CUST01527,2025-10-31 04:44:17.836193,USD,Completed
ORD009095,CUST03406,2025-11-03 18:13:29.073491,USD,Completed
ORD009096,CUST00551,2025-12-13 16:55:11.813402,USD,Cancelled
ORD009097,CUST00574,2026-04-10 05:56:43.266275,$,Completed
ORD009098,CUST04873,2026-04-23 14:24:49.140472,USD,Completed
ORD009099,CUST02382,2025-07-05 21:00:21.039916,USD ,Completed
ORD009100,CUST02467,2025-11-05 15:46:19.445456,USD,Completed
ORD009101,CUST03542,2026-02-08 14:39:36.535074,USD,Completed
ORD009102,CUST01739,2025-12-19 03:11:40.707673,USD,Cancelled
ORD009103,CUST02972_DUP,2025-08-09 14:55:44.761965,USD,Completed
ORD009104,CUST02550,2026-01-14 05:28:13.548509,USD,Completed
ORD009105,CUST00624,2026-03-30 03:39:05.475684,USD,Completed
ORD009106,CUST02807,2025-08-11 19:45:00.324463,USD,Completed
ORD009107,CUST03107,2026-02-27 14:32:26.375546,USD,Completed
ORD009108,CUST03285,2025-08-15 04:35:51.017328,USD,Cancelled
ORD009109,CUST01604,2025-09-15 04:42:22.937459,USD,Completed
ORD009110,CUST02470,2025-10-15 15:42:06.486992,USD,Completed
ORD009111,CUST01112,2026-06-03 22:26:12.312455,USD,Cancelled
ORD009112,CUST01773,2025-08-31 18:02:56.286592,US$,Completed
ORD009113,CUST02630,2026-06-25 11:01:03.868356,usd,Completed
ORD009114,CUST04880,2026-03-10 18:41:17.443907,USD,Completed
ORD009115,CUST01735,2025-11-08 16:48:11.991891,usd,Completed
ORD009116,CUST03329,2026-03-04 05:25:17.365111,USD,Completed
ORD009117,CUST02583,2025-09-14 14:09:31.287055,USD,Refunded
ORD009118,CUST01813,2025-12-20 11:02:09.061973,USD,Completed
ORD009119,CUST04977,2026-02-19 05:09:34.924395,USD,Refunded
ORD009120,CUST03175,2025-12-24 01:29:42.465932,USD,Cancelled
ORD009121,CUST02363,2026-03-07 02:12:58.137058,USD,Completed
ORD009122,CUST00626,2026-04-16 17:36:04.660085,USD,Completed
ORD009123,CUST02525,2026-05-20 15:15:13.691521,USD,Completed
ORD009124,CUST01675,2026-04-15 23:45:56.014865,USD,Cancelled
ORD009125,CUST02737,2026-05-18 13:41:31.978605,USD,Completed
ORD009126,CUST01162,2025-10-17 04:55:11.748795,USD,Completed
ORD009127,CUST01553,2026-05-29 18:00:19.680571,USD,Completed
ORD009128,CUST02071,2025-12-06 09:17:42.453654,USD,Completed
ORD009129,CUST02837,2026-06-17 18:36:40.479767,USD,Cancelled
ORD009130,CUST03252,2026-03-27 19:24:54.089536,USD,Cancelled
ORD009131,CUST02438,2026-02-06 20:13:33.917021,USD,Cancelled
ORD009132,CUST00608,2026-03-21 12:29:16.499828,USD,Completed
ORD009133,CUST02143,2025-07-04 00:08:17.921045,USD,Cancelled
ORD009134,CUST01661,2025-09-09 20:35:56.009718,USD,Completed
ORD009135,CUST03941,2025-08-15 18:56:04.926558,USD,Completed
ORD009136,CUST02505,2025-11-14 16:05:47.819512,USD,Completed
ORD009137,CUST01524,2026-05-22 15:06:09.946352,USD,Completed
ORD009138,CUST01594,2025-07-28 14:00:59.681294,USD,Completed
ORD009139,CUST01905,2026-04-21 19:01:00.196243,USD,Completed
ORD009140,CUST01356_DUP,2026-05-02 14:50:18.620152,usd,Completed
ORD009141,CUST04507,2026-03-13 15:29:23.852235,$,Completed
ORD009142,CUST03705,2026-04-18 19:59:57.251561,USD,Completed
ORD009143,CUST03417,2025-12-17 20:03:30.928714,USD,Completed
ORD009144,CUST04940,2025-08-11 06:26:02.262369,USD,Completed
ORD009145,CUST04940,2025-08-18 06:25:11.402797,USD,Completed
ORD009146,CUST04425,2025-08-25 11:21:38.705477,USD,Completed
ORD009147,CUST03766,2026-05-15 05:25:33.384575,USD,Cancelled
ORD009148,CUST03407,2026-01-18 02:48:31.663261,usd,Completed
ORD009149,CUST04463,2025-10-17 02:52:40.673809,USD,Cancelled
ORD009150,CUST01231,2025-10-12 11:19:03.611812,USD,Completed
ORD009151,CUST04223,2025-10-10 19:59:24.525484,US$,Completed
ORD009152,CUST04111,2026-05-19 07:30:52.465968,USD,Completed
ORD009153,CUST03310,2025-11-16 18:59:31.441649,USD,Completed
ORD009154,CUST00089,2026-05-07 10:27:08.635118,USD,Completed
ORD009155,CUST00573,2026-04-14 19:15:42.978179,USD,Completed
ORD009156,CUST01391,2025-07-16 20:42:29.003373,USD,Completed
ORD009157,CUST02764,2026-06-07 05:34:44.855824,$,Completed
ORD009158,CUST04908,2025-12-25 07:54:47.952901,USD,Completed
ORD009159,CUST02745,2026-02-03 04:04:38.852060,usd,Completed
ORD009160,CUST04657,2026-03-19 14:52:32.364230,USD,Completed
ORD009161,CUST01824,2026-04-30 20:56:51.863003,USD,Completed
ORD009162,CUST03954,2026-04-11 15:12:33.351303,usd,Completed
ORD009163,CUST00584,2025-11-06 12:58:33.715904,USD,Completed
ORD009164,CUST03841,2025-09-09 01:49:30.791611,USD,Completed
ORD009165,CUST01139,2025-10-13 01:18:12.457894,$,Completed
ORD009166,CUST02971,2025-12-25 20:58:33.229298,USD,Completed
ORD009167,CUST00798,2025-11-22 16:46:16.513415,USD,Completed
ORD009168,CUST01263,2026-04-27 07:35:30.872946,USD ,Completed
ORD009169,CUST01249,2025-09-21 05:29:09.589691,USD,Completed
ORD009170,CUST01677,2026-04-27 00:07:35.966998,USD,Completed
ORD009171,CUST01230,2025-09-04 12:38:45.887074,USD,Completed
ORD009172,CUST04078_DUP,2025-08-21 22:03:52.632069,USD,Completed
ORD009173,CUST00983,2025-12-21 19:03:39.040109,$,Completed
ORD009174,CUST04773,2026-01-08 20:01:38.597022,USD,Completed
ORD009175,CUST01996,2026-02-03 23:27:33.618084,USD,Completed
ORD009176,CUST04929,2025-10-03 01:13:38.018130,USD,Completed
ORD009177,CUST03833,2026-01-08 01:40:01.593839,USD,Completed
ORD009178,CUST04371,2026-02-18 09:21:55.547074,US$,Completed
ORD009179,CUST00063,2025-09-11 19:05:08.370272,USD,Completed
ORD009180,CUST01494,2025-09-17 23:48:35.899436,USD,Completed
ORD009181,CUST03344,2025-11-24 12:11:34.500466,USD,Completed
ORD009182,CUST02132,2026-06-09 10:00:59.099564,usd,Completed
ORD009183,CUST03765,2026-06-07 19:54:46.074668,USD,Completed
ORD009184,CUST03301,2026-01-02 01:16:45.493903,USD,Completed
ORD009185,CUST04325,2026-01-25 08:58:03.462524,USD,Completed
ORD009186,CUST04564,2025-07-19 13:48:41.623323,USD,Completed
ORD009187,CUST01217_DUP,2025-07-02 16:47:14.069632,USD,Completed
ORD009188,CUST03597,2026-04-26 17:06:46.719816,USD,Completed
ORD009189,CUST04835,2026-06-11 21:37:34.194096,USD,Completed
ORD009190,CUST00083,2025-07-11 12:02:13.876491,usd,Completed
ORD009191,CUST01947,2026-06-06 11:28:24.069703,$,Completed
ORD009192,CUST00981,2026-01-19 22:13:00.398809,USD ,Cancelled
ORD009193,CUST04745,2026-04-21 06:56:47.609122,usd,Completed
ORD009194,CUST00619,2025-11-26 04:44:15.621510,usd,Completed
ORD009195,CUST04841,2026-02-26 06:43:33.315772,USD,Cancelled
ORD009196,CUST00174,2025-07-31 12:06:31.769411,USD,Refunded
ORD009197,CUST03724,2026-02-26 23:29:45.316058,usd,Completed
ORD009198,CUST02784,2025-10-21 19:07:30.296807,USD,Completed
ORD009199,CUST01959,2025-09-08 13:28:51.296614,US$,Completed
ORD009200,CUST00794,2025-09-14 22:36:50.791538,US$,Completed
ORD009201,CUST04673,2026-06-28 06:27:40.470605,USD,Completed
ORD009202,CUST00049,2026-03-13 01:11:33.995422,USD,Completed
ORD009203,CUST02161,2025-07-23 05:53:41.736175,usd,Completed
ORD009204,CUST03354,2025-11-23 13:02:12.809890,USD,Completed
ORD009205,CUST01746,2026-03-02 02:45:13.947136,$,Refunded
ORD009206,CUST01466,2026-02-17 20:24:58.492420,USD,Completed
ORD009207,CUST04311,2026-06-02 06:47:53.598819,usd,Refunded
ORD009208,CUST00940,2026-02-08 01:43:14.775099,$,Completed
ORD009209,CUST03505,2026-02-26 03:06:20.227190,USD,Completed
ORD009210,CUST00851,2025-10-11 05:22:28.524308,USD,Completed
ORD009211,CUST02623,2025-07-03 13:14:53.788711,USD,Completed
ORD009212,CUST00627,2026-04-15 11:34:51.812489,USD,Completed
ORD009213,CUST01301,2026-04-10 13:41:12.466597,USD,Completed
ORD009214,CUST02742,2026-03-29 16:29:47.677847,USD,Completed
ORD009215,CUST02674,2026-03-19 16:31:41.986395,USD,Cancelled
ORD009216,CUST04376,2025-11-07 15:21:29.661126,USD,Completed
ORD009217,CUST03536,2025-11-05 04:38:21.975499,USD,Completed
ORD009218,CUST00601,2026-03-10 02:16:43.508283,USD ,Completed
ORD009219,CUST02318,2026-06-02 04:50:35.811054,usd,Completed
ORD009220,CUST03554,2025-07-21 07:20:48.775748,USD,Completed
ORD009221,CUST03923,2025-10-04 19:56:04.234724,USD,Completed
ORD009222,CUST00481,2025-10-31 16:36:59.577148,usd,Completed
ORD009223,CUST00483,2025-07-21 13:24:56.230461,US$,Completed
ORD009224,CUST00828,2026-04-17 08:47:23.236474,$,Completed
ORD009225,CUST02793,2026-02-27 09:53:55.388599,USD,Completed
ORD009226,CUST04514,2026-02-23 04:23:14.523509,USD,Completed
ORD009227,CUST00990,2025-09-18 11:21:40.460298,US$,Completed
ORD009228,CUST02337,2026-04-01 05:33:32.385520,USD,Completed
ORD009229,CUST03037,2025-07-11 20:03:28.059258,USD,Completed
ORD009230,CUST04851,2025-08-18 21:33:48.257831,$,Completed
ORD009231,CUST04180,2026-04-19 19:09:41.554945,USD,Completed
ORD009232,CUST02218,2025-07-02 06:12:56.886959,$,Completed
ORD009233,CUST01152,2026-03-02 10:54:27.226104,USD,Completed
ORD009234,CUST01867,2025-12-08 11:16:20.494758,US$,Completed
ORD009235,CUST03134,2025-12-22 13:01:22.262748,USD,Completed
ORD009236,CUST00779,2026-02-26 01:22:13.449112,USD,Completed
ORD009237,CUST03795,2025-12-05 19:42:47.094184,USD,Completed
ORD009238,CUST04555,2025-11-13 20:34:14.119550,USD,Completed
ORD009239,CUST03768,2025-07-14 01:42:30.952750,$,Completed
ORD009240,CUST01661_DUP,2025-10-13 21:12:51.100564,USD,Cancelled
ORD009241,CUST01881,2025-10-20 08:44:03.639815,USD,Completed
ORD009242,CUST03635,2026-05-07 18:54:36.577395,usd,Completed
ORD009243,CUST00727,2026-06-07 03:09:29.309279,USD,Completed
ORD009244,CUST02094,2026-04-05 02:54:58.860044,USD,Refunded
ORD009245,CUST04545,2025-09-01 21:38:09.229432,USD,Refunded
ORD009246,CUST01349,2026-04-25 21:59:30.228220,$,Completed
ORD009247,CUST00645,2026-04-03 20:30:25.240417,USD,Completed
ORD009248,CUST01415,2025-09-09 07:37:56.070349,USD,Cancelled
ORD009249,CUST00757,2026-02-05 05:10:27.510791,US$,Completed
ORD009250,CUST01918,2026-06-08 15:01:59.457901,USD,Completed
ORD009251,CUST02533,2025-10-30 21:31:43.842588,USD,Completed
ORD009252,CUST04823,2026-03-18 20:48:55.442722,USD,Completed
ORD009253,CUST04609,2025-09-28 07:45:23.855862,USD,Completed
ORD009254,CUST00129,2026-01-04 22:18:56.772544,usd,Cancelled
ORD009255,CUST04840,2026-06-03 04:40:28.054912,USD,Completed
ORD009256,CUST04990,2025-09-04 03:04:10.937245,USD,Completed
ORD009257,CUST00060,2026-01-29 17:00:24.003245,USD,Completed
ORD009258,CUST02983,2026-06-12 00:20:48.676809,USD,Completed
ORD009259,CUST00359,2025-08-07 21:59:57.278972,USD,Completed
ORD009260,CUST03187,2026-04-13 20:13:08.844200,US$,Completed
ORD009261,CUST00035,2026-03-15 21:42:05.891362,USD,Cancelled
ORD009262,CUST03177,2026-02-16 19:00:55.228504,USD,Completed
ORD009263,CUST02193,2025-08-17 10:03:32.990107,US$,Completed
ORD009264,CUST04412,2026-05-09 13:57:48.473142,USD,Completed
ORD009265,CUST00254,2025-08-28 13:41:09.248877,$,Completed
ORD009266,CUST01037,2025-09-22 11:14:40.821120,USD,Completed
ORD009267,CUST00581,2026-03-07 03:48:26.871126,USD,Completed
ORD009268,CUST04703,2025-10-08 19:07:01.598736,USD,Completed
ORD009269,CUST02301,2025-07-03 12:27:58.658458,USD,Completed
ORD009270,CUST02676,2026-03-22 02:14:55.750591,USD,Completed
ORD009271,CUST02533,2025-11-21 05:56:44.645540,USD,Completed
ORD009272,CUST00680,2025-11-29 20:24:27.954628,usd,Completed
ORD009273,CUST03359,2026-01-04 00:29:12.581729,US$,Completed
ORD009274,CUST03308,2026-04-08 22:45:00.150307,USD,Completed
ORD009275,CUST04776,2025-12-09 00:37:17.742748,USD,Completed
ORD009276,CUST02233,2026-02-21 08:01:55.638815,USD,Cancelled
ORD009277,CUST00898,2025-09-27 00:34:34.597034,USD,Completed
ORD009278,CUST01587,2025-07-23 17:49:57.091173,USD,Completed
ORD009279,CUST00513,2026-06-16 08:09:09.906238,USD,Completed
ORD009280,CUST03198,2025-08-03 23:19:10.922161,USD,Completed
ORD009281,CUST03080,2026-04-18 20:45:38.533690,USD,Completed
ORD009282,CUST00819,2025-11-08 02:43:58.788844,USD,Completed
ORD009283,CUST04545,2025-10-28 08:27:03.290500,USD,Completed
ORD009284,CUST04208,2025-07-12 10:11:02.115843,$,Completed
ORD009285,CUST00418,2026-01-18 22:41:07.600637,US$,Completed
ORD009286,CUST00323,2026-04-07 17:11:53.850412,usd,Cancelled
ORD009287,CUST03741,2025-08-04 23:43:50.163105,USD,Cancelled
ORD009288,CUST01302,2026-03-19 00:32:02.931747,US$,Completed
ORD009289,CUST02839,2026-03-05 05:01:29.946452,USD,Cancelled
ORD009290,CUST02280,2026-01-09 23:28:57.896548,USD,Completed
ORD009291,CUST03237,2026-01-03 22:52:58.309286,USD,Completed
ORD009292,CUST02746,2026-03-30 17:58:15.552267,USD,Completed
ORD009293,CUST00919,2025-11-09 08:35:31.385930,$,Completed
ORD009294,CUST01150,2026-03-02 14:08:48.897002,USD,Completed
ORD009295,CUST00857,2025-08-11 23:28:43.059068,USD,Completed
ORD009296,CUST02766,2026-05-17 21:45:40.966159,USD,Completed
ORD009297,CUST01571,2025-12-03 00:51:10.623277,usd,Completed
ORD009298,CUST04019,2026-03-20 18:27:59.191664,USD,Completed
ORD009299,CUST03353,2025-08-31 22:58:33.845512,USD,Completed
ORD009300,CUST02778,2025-07-12 22:10:34.516849,USD,Completed
ORD009301,CUST00641,2026-05-12 14:59:07.371437,USD,Completed
ORD009302,CUST01947,2026-02-11 13:46:59.570314,USD,Completed
ORD009303,CUST04976,2026-03-30 20:55:11.390180,usd,Completed
ORD009304,CUST02115,2025-12-16 12:04:18.559012,USD,Completed
ORD009305,CUST03423,2026-05-24 01:36:15.362823,USD,Completed
ORD009306,CUST04232,2025-12-15 02:41:26.518930,usd,Completed
ORD009307,CUST00083,2026-05-24 05:56:29.548218,US$,Completed
ORD009308,CUST01189,2026-06-01 12:54:54.420887,USD,Completed
ORD009309,CUST04064,2026-05-25 14:07:50.253115,USD,Completed
ORD009310,CUST01015,2026-03-24 20:59:26.819979,USD,Completed
ORD009311,CUST01970,2026-04-24 10:31:30.384068,USD,Completed
ORD009312,CUST04631,2026-01-01 20:34:21.233411,US$,Completed
ORD009313,CUST00113,2025-11-09 22:33:22.591182,USD,Completed
ORD009314,CUST04014,2025-08-21 15:50:55.259482,$,Completed
ORD009315,CUST02824,2026-05-13 14:36:21.572702,USD,Completed
ORD009316,CUST04647,2026-01-22 13:30:31.198447,USD,Completed
ORD009317,CUST02491,2025-11-27 11:22:44.353438,USD,Completed
ORD009318,CUST02727,2025-07-14 04:58:11.438235,usd,Completed
ORD009319,CUST02884,2026-01-09 18:42:04.575614,USD,Completed
ORD009320,CUST04898,2026-01-25 17:53:00.783230,USD,Completed
ORD009321,CUST00462,2025-12-03 20:46:47.333158,USD,Cancelled
ORD009322,CUST04931,2025-12-06 16:18:56.695659,USD,Completed
ORD009323,CUST01581,2025-11-15 06:00:34.132547,USD,Completed
ORD009324,CUST04874,2026-05-07 07:33:35.184294,usd,Cancelled
ORD009325,CUST04230,2026-05-05 15:26:21.212747,usd,Completed
ORD009326,CUST03441,2026-04-05 08:58:56.127087,US$,Completed
ORD009327,CUST04431,2025-08-10 05:19:33.605059,USD,Completed
ORD009328,CUST04807,2025-10-05 06:56:35.500278,$,Completed
ORD009329,CUST03384,2026-06-16 06:05:40.315062,usd,Completed
ORD009330,CUST03647,2026-02-06 12:54:52.376119,USD,Completed
ORD009331,CUST00545,2025-08-22 21:47:37.982680,USD,Completed
ORD009332,CUST02608,2025-10-31 06:38:14.011050,USD,Completed
ORD009333,CUST04674,2025-10-15 09:07:23.680255,usd,Cancelled
ORD009334,CUST01474,2025-11-07 03:01:19.645167,USD,Completed
ORD009335,CUST02929,2026-01-24 17:14:41.516436,US$,Completed
ORD009336,CUST01214_DUP,2026-05-12 03:10:09.929217,USD,Completed
ORD009337,CUST00721,2026-01-21 13:25:53.195834,USD,Completed
ORD009338,CUST01133,2026-02-10 12:11:36.125886,USD,Completed
ORD009339,CUST03643,2025-08-26 19:24:19.235861,usd,Completed
ORD009340,CUST02963,2025-12-04 10:30:43.093796,USD,Completed
ORD009341,CUST03871,2025-12-26 03:05:18.899479,USD,Completed
ORD009342,CUST02639,2025-08-17 09:21:41.656049,USD,Completed
ORD009343,CUST04377,2026-03-13 21:20:50.640554,USD,Completed
ORD009344,CUST04397,2025-09-28 12:43:38.345792,USD,Completed
ORD009345,CUST03158,2025-07-12 06:54:26.490791,USD,Refunded
ORD009346,CUST03015,2026-04-16 14:23:57.526301,US$,Completed
ORD009347,CUST04703,2026-01-16 08:06:59.212645,USD,Completed
ORD009348,CUST04306,2026-01-31 10:27:24.078063,USD,Completed
ORD009349,CUST02281,2026-06-23 18:36:08.141926,US$,Completed
ORD009350,CUST01379,2025-12-14 18:57:49.080692,USD,Completed
ORD009351,CUST04407,2025-12-02 15:55:02.768543,US$,Completed
ORD009352,CUST01430,2025-09-26 00:46:41.945236,USD,Completed
ORD009353,CUST00616,2026-02-18 18:17:08.237696,$,Completed
ORD009354,CUST02400,2025-12-14 00:42:15.474128,USD,Completed
ORD009355,CUST04366,2026-02-06 03:38:16.661566,USD,Completed
ORD009356,CUST02931,2025-10-27 04:13:36.977827,US$,Cancelled
ORD009357,CUST01516,2025-08-18 15:12:03.327628,USD,Completed
ORD009358,CUST03945,2026-03-31 19:49:40.633173,$,Completed
ORD009359,CUST04109,2025-11-17 05:52:54.906300,USD,Completed
ORD009360,CUST02506,2026-01-17 18:11:09.135952,USD,Completed
ORD009361,CUST03251,2026-04-17 00:10:01.500417,USD,Completed
ORD009362,CUST02040,2025-12-27 18:51:20.090890,$,Completed
ORD009363,CUST00515,2026-03-11 01:07:06.563429,$,Cancelled
ORD009364,CUST00345,2025-07-27 11:14:08.707691,US$,Completed
ORD009365,CUST02425,2025-09-17 17:57:08.051969,$,Completed
ORD009366,CUST03430,2025-07-31 06:04:00.947212,USD,Completed
ORD009367,CUST01542,2025-09-21 11:41:59.231145,USD,Cancelled
ORD009368,CUST04639,2026-04-06 01:47:41.240036,$,Completed
ORD009369,CUST00623,2026-01-23 03:25:24.220873,USD,Completed
ORD009370,CUST03500_DUP,2025-11-26 16:44:09.681774,USD,Refunded
ORD009371,CUST04104,2025-10-01 18:56:18.046181,US$,Completed
ORD009372,CUST02285,2026-02-15 07:29:01.838599,USD,Completed
ORD009373,CUST03813,2025-09-12 00:48:14.929920,USD,Completed
ORD009374,CUST00968,2025-12-04 14:39:47.890636,USD,Completed
ORD009375,CUST02877,2026-05-20 08:47:26.433818,USD,Refunded
ORD009376,CUST02610,2026-01-04 00:51:38.934284,USD,Completed
ORD009377,CUST00565,2026-03-31 06:03:17.950148,USD,Refunded
ORD009378,CUST04875,2026-03-18 22:02:27.830972,USD,Completed
ORD009379,CUST02839,2026-02-10 08:08:47.457237,USD,Cancelled
ORD009380,CUST04837,2025-07-29 04:50:24.461507,$,Completed
ORD009381,CUST00191,2026-01-28 16:52:10.968869,USD,Completed
ORD009382,CUST02104,2026-04-05 20:59:03.370445,USD,Completed
ORD009383,CUST03494,2025-07-07 04:36:19.191925,US$,Completed
ORD009384,CUST03132,2025-09-11 01:24:35.206846,USD,Completed
ORD009385,CUST03067,2025-07-30 14:33:30.101974,usd,Cancelled
ORD009386,CUST04071,2026-03-09 06:58:04.588780,USD,Completed
ORD009387,CUST01536,2025-07-12 23:20:36.580592,USD,Completed
ORD009388,CUST02616,2026-06-22 15:07:25.673474,USD,Completed
ORD009389,CUST04599,2026-06-26 02:55:11.784606,USD,Completed
ORD009390,CUST02625,2026-04-07 23:56:43.617342,USD,Completed
ORD009391,CUST01859,2026-04-15 05:46:04.200990,USD,Completed
ORD009392,CUST00237,2025-11-07 10:36:46.809484,$,Completed
ORD009393,CUST01514,2026-06-01 23:00:49.537192,USD,Completed
ORD009394,CUST01251,2025-07-13 21:23:19.131030,US$,Completed
ORD009395,CUST04980,2025-12-20 07:34:59.392510,USD,Completed
ORD009396,CUST01864,2026-04-10 19:57:15.352493,USD,Cancelled
ORD009397,CUST03946,2026-05-11 16:38:08.639720,$,Completed
ORD009398,CUST03899,2025-08-20 07:07:14.886766,USD,Completed
ORD009399,CUST03080,2026-04-27 16:41:58.486743,USD,Completed
ORD009400,CUST01676,2026-05-08 18:04:20.417113,US$,Completed
ORD009401,CUST02405,2025-12-04 06:55:22.972899,USD,Completed
ORD009402,CUST04601,2026-02-23 06:36:13.362752,USD,Refunded
ORD009403,CUST00289,2025-10-07 16:30:51.323213,US$,Completed
ORD009404,CUST03902,2026-01-08 15:25:25.178379,US$,Cancelled
ORD009405,CUST03582,2026-06-22 00:47:28.383621,usd,Completed
ORD009406,CUST03597,2026-04-13 21:10:27.251170,USD,Completed
ORD009407,CUST02452,2025-10-05 15:33:47.031181,USD,Completed
ORD009408,CUST04766,2026-02-05 15:27:33.392457,USD,Completed
ORD009409,CUST04652,2026-03-17 08:49:08.680778,USD,Completed
ORD009410,CUST01044,2026-04-15 08:49:35.706699,US$,Completed
ORD009411,CUST04584,2026-06-11 21:08:13.988471,$,Completed
ORD009412,CUST02834,2026-04-13 20:50:26.801339,USD,Completed
ORD009413,CUST04019,2026-01-16 16:19:56.532200,$,Completed
ORD009414,CUST00884,2025-07-12 15:58:31.222425,USD,Completed
ORD009415,CUST04345,2025-10-11 03:51:20.374955,USD,Completed
ORD009416,CUST00557,2026-04-04 23:10:26.893703,USD,Completed
ORD009417,CUST03920,2026-03-04 02:13:09.435307,USD,Completed
ORD009418,CUST03645,2026-04-08 12:53:30.354994,$,Completed
ORD009419,CUST04786,2025-11-21 01:05:34.752349,USD,Completed
ORD009420,CUST00150,2026-04-05 04:13:39.225183,USD,Completed
ORD009421,CUST03595,2026-01-15 23:29:48.403877,US$,Refunded
ORD009422,CUST01467,2026-05-18 14:56:17.478667,USD,Completed
ORD009423,CUST03426,2026-02-15 13:29:27.506881,$,Completed
ORD009424,CUST04419,2025-11-17 12:18:52.868662,USD,Completed
ORD009425,CUST03130,2026-03-10 05:36:15.008636,USD,Completed
ORD009426,CUST02317,2026-05-13 15:50:11.534934,usd,Completed
ORD009427,CUST00076,2026-04-02 20:35:43.749109,USD,Completed
ORD009428,CUST02658,2025-10-06 08:13:38.026141,USD,Refunded
ORD009429,CUST03305,2026-05-28 18:51:06.401629,USD,Completed
ORD009430,CUST03320,2026-02-18 10:49:47.312527,USD,Completed
ORD009431,CUST02708,2026-05-13 11:55:35.904253,USD,Completed
ORD009432,CUST02605,2026-06-25 03:59:51.205697,usd,Completed
ORD009433,CUST00704,2026-02-05 06:52:28.184925,USD,Completed
ORD009434,CUST00588,2025-12-23 22:58:48.879557,USD,Completed
ORD009435,CUST04271,2025-11-07 02:09:47.008086,USD,Completed
ORD009436,CUST03968,2026-04-06 20:12:55.127125,USD,Completed
ORD009437,CUST03524,2026-03-03 11:49:01.436777,USD,Completed
ORD009438,CUST00886,2025-09-26 13:15:16.762738,$,Completed
ORD009439,CUST03358,2026-04-27 01:29:06.828174,US$,Completed
ORD009440,CUST00840,2025-12-19 03:03:28.303677,USD,Completed
ORD009441,CUST02867,2025-07-26 01:45:06.790301,USD,Completed
ORD009442,CUST03794,2026-06-02 09:02:03.984352,USD,Refunded
ORD009443,CUST02743,2025-12-06 22:18:39.132893,USD,Completed
ORD009444,CUST01508,2026-02-15 15:47:18.883523,USD,Completed
ORD009445,CUST01096,2026-04-29 23:42:32.549763,USD,Completed
ORD009446,CUST03065,2025-12-20 17:23:23.000816,USD,Completed
ORD009447,CUST04925,2026-04-29 10:06:45.555734,USD,Completed
ORD009448,CUST03706,2025-07-01 06:46:54.634647,$,Refunded
ORD009449,CUST01603,2026-03-03 06:32:21.126119,$,Completed
ORD009450,CUST04449,2025-12-14 16:35:40.958043,USD,Completed
ORD009451,CUST01474,2026-02-01 06:07:50.411176,USD,Cancelled
ORD009452,CUST01019,2025-10-17 06:11:46.858882,USD,Completed
ORD009453,CUST04100,2026-04-17 08:39:35.001914,USD,Completed
ORD009454,CUST02278,2025-10-25 06:13:47.357952,USD,Completed
ORD009455,CUST04372,2025-11-12 11:58:30.780531,USD,Refunded
ORD009456,CUST02581,2026-06-24 19:15:21.199448,US$,Completed
ORD009457,CUST03659,2025-07-29 13:53:10.854555,USD,Completed
ORD009458,CUST01775,2025-11-21 18:50:37.407978,USD,Completed
ORD009459,CUST04968,2026-05-24 16:13:30.082171,USD,Completed
ORD009460,CUST00544,2025-08-01 09:51:32.230297,USD,Completed
ORD009461,CUST01975,2026-01-18 15:44:47.416277,USD,Completed
ORD009462,CUST02152,2025-08-08 01:41:54.997723,USD,Completed
ORD009463,CUST04814,2025-11-16 04:14:28.672090,USD,Completed
ORD009464,CUST02225,2025-08-14 12:01:41.985351,USD,Completed
ORD009465,CUST04074,2025-09-05 22:49:12.614852,USD,Completed
ORD009466,CUST03713,2026-03-10 21:27:39.577528,US$,Completed
ORD009467,CUST02744,2025-07-10 21:26:15.224876,USD,Completed
ORD009468,CUST01553,2026-03-11 12:55:47.723772,USD,Completed
ORD009469,CUST02126,2026-04-22 03:36:37.352593,$,Completed
ORD009470,CUST04999,2025-09-13 10:14:14.728042,USD,Completed
ORD009471,CUST04439,2026-05-22 23:27:58.235266,$,Completed
ORD009472,CUST04931,2026-04-10 08:12:57.956797,USD,Completed
ORD009473,CUST00231,2026-01-14 20:12:53.157917,USD,Completed
ORD009474,CUST01626,2026-04-24 12:37:16.832555,$,Completed
ORD009475,CUST01205,2026-04-04 17:24:17.363505,$,Completed
ORD009476,CUST03322,2026-06-17 05:06:18.727344,usd,Completed
ORD009477,CUST04358,2026-01-26 04:30:04.142748,$,Completed
ORD009478,CUST04094,2026-04-30 00:54:10.318958,USD,Completed
ORD009479,CUST02462,2025-08-21 21:57:40.106806,USD,Cancelled
ORD009480,CUST01987,2025-10-28 16:23:55.192781,USD,Completed
ORD009481,CUST02295,2025-08-01 20:35:49.222118,usd,Completed
ORD009482,CUST00352,2025-12-02 19:04:18.303009,USD,Completed
ORD009483,CUST02505,2026-05-01 08:25:03.979331,USD,Completed
ORD009484,CUST00363,2026-05-01 03:43:26.304536,USD,Completed
ORD009485,CUST00656,2026-01-23 20:54:18.903294,USD,Completed
ORD009486,CUST00607,2026-06-08 01:00:14.593561,USD,Completed
ORD009487,CUST01135,2026-04-23 06:29:41.654784,USD,Completed
ORD009488,CUST00642,2026-02-28 06:34:44.425261,USD,Completed
ORD009489,CUST00263,2026-02-02 13:18:29.340745,USD,Completed
ORD009490,CUST03177,2025-07-10 22:32:43.499837,USD,Completed
ORD009491,CUST01884,2026-02-20 01:28:55.421182,USD,Completed
ORD009492,CUST04403,2025-08-06 18:33:10.302306,US$,Completed
ORD009493,CUST03901,2026-06-27 14:36:58.681630,USD,Completed
ORD009494,CUST00379,2025-11-13 09:43:45.764515,USD,Completed
ORD009495,CUST03531,2026-05-15 23:51:12.425022,USD,Completed
ORD009496,CUST03804,2026-05-16 10:09:49.388116,USD,Completed
ORD009497,CUST01317,2025-10-16 22:13:50.478546,USD,Cancelled
ORD009498,CUST04358,2026-02-08 17:59:49.874451,USD,Completed
ORD009499,CUST01796,2025-08-24 18:41:16.781848,USD,Completed
ORD009500,CUST01711,2026-04-12 10:47:55.781656,USD,Refunded
ORD009501,CUST04463,2026-05-24 15:15:46.205365,$,Completed
ORD009502,CUST02110,2025-07-30 17:50:18.695060,USD,Completed
ORD009503,CUST03942,2025-09-10 10:03:59.877038,USD,Completed
ORD009504,CUST04490,2025-10-06 03:40:34.852384,USD,Completed
ORD009505,CUST03464,2025-12-05 21:42:55.589432,US$,Completed
ORD009506,CUST02796,2026-02-09 11:34:10.966206,USD,Completed
ORD009507,CUST04469,2026-02-02 05:17:28.874966,USD,Completed
ORD009508,CUST00764,2026-01-12 08:38:03.086267,$,Completed
ORD009509,CUST00655,2025-12-11 10:56:37.241115,USD,Cancelled
ORD009510,CUST02996,2025-12-14 08:41:10.470131,$,Completed
ORD009511,CUST04258,2026-05-25 03:27:05.665715,USD,Completed
ORD009512,CUST01688,2026-01-20 06:55:49.611403,USD,Completed
ORD009513,CUST02190,2026-06-07 02:21:46.510578,USD,Cancelled
ORD009514,CUST02703,2025-12-10 08:11:01.391562,USD,Completed
ORD009515,CUST03691,2025-10-30 19:19:05.054864,$,Completed
ORD009516,CUST01528,2025-11-27 22:38:19.450409,US$,Completed
ORD009517,CUST02815,2025-09-13 12:09:11.943982,USD,Completed
ORD009518,CUST03842,2025-11-19 07:41:53.001137,USD,Completed
ORD009519,CUST03589,2025-07-12 16:52:13.942514,USD,Completed
ORD009520,CUST00903,2025-09-05 03:12:03.284037,USD,Completed
ORD009521,CUST03402,2026-05-06 19:08:12.295453,US$,Completed
ORD009522,CUST01728,2025-09-12 02:41:42.751767,USD,Completed
ORD009523,CUST02446,2026-03-09 11:27:42.276025,USD,Completed
ORD009524,CUST02600,2025-10-20 02:00:04.876947,USD,Completed
ORD009525,CUST01891,2025-10-18 08:49:04.049808,USD,Completed
ORD009526,CUST03502,2025-08-27 09:20:24.857128,USD,Completed
ORD009527,CUST01751,2026-04-04 19:59:02.498473,usd,Completed
ORD009528,CUST04691,2025-08-10 00:19:33.505038,USD,Completed
ORD009529,CUST04545,2026-03-27 02:06:01.689582,USD,Completed
ORD009530,CUST03902,2025-08-09 20:27:13.147905,USD,Completed
ORD009531,CUST01536,2026-05-12 19:59:22.777666,USD,Completed
ORD009532,CUST00283,2025-07-17 03:21:06.067992,US$,Completed
ORD009533,CUST00582,2026-02-04 21:25:44.902892,USD,Completed
ORD009534,CUST01510,2025-07-04 10:01:10.107128,USD,Completed
ORD009535,CUST01928,2025-07-02 02:32:26.325522,USD,Completed
ORD009536,CUST01331,2025-11-10 18:47:42.845245,$,Completed
ORD009537,CUST04484,2026-02-13 16:48:54.338175,USD,Completed
ORD009538,CUST03393,2025-12-08 00:42:39.109160,$,Cancelled
ORD009539,CUST02520,2026-04-19 08:30:32.490837,USD,Completed
ORD009540,CUST03103,2026-02-26 06:34:28.081125,USD,Completed
ORD009541,CUST04742,2026-01-22 13:05:06.075735,usd,Completed
ORD009542,CUST00959,2026-03-01 05:07:31.128830,USD,Completed
ORD009543,CUST02189,2026-03-03 20:52:53.020954,USD,Completed
ORD009544,CUST01964,2026-02-25 06:46:26.357463,USD,Completed
ORD009545,CUST04761,2026-04-06 07:21:17.990457,USD,Completed
ORD009546,CUST00600,2025-08-16 16:54:44.125860,US$,Completed
ORD009547,CUST04168,2026-02-05 08:55:35.597586,USD,Completed
ORD009548,CUST00034,2026-05-27 01:02:48.939956,USD,Completed
ORD009549,CUST01465,2026-04-08 20:18:49.259537,USD,Completed
ORD009550,CUST01932,2026-01-04 16:55:37.174748,USD,Completed
ORD009551,CUST04439,2025-08-20 04:46:03.081926,USD,Completed
ORD009552,CUST02944,2026-02-23 18:06:03.392649,USD,Completed
ORD009553,CUST04335,2026-06-23 21:24:08.167657,USD,Completed
ORD009554,CUST03479,2026-06-14 14:49:24.909163,USD,Completed
ORD009555,CUST00955,2025-09-29 21:48:52.489639,US$,Completed
ORD009556,CUST00755,2025-12-25 19:50:06.563816,USD,Completed
ORD009557,CUST01486,2025-11-30 23:25:19.191319,USD,Completed
ORD009558,CUST02888,2025-09-01 14:24:43.300485,US$,Completed
ORD009559,CUST00817,2025-07-09 21:03:00.779990,usd,Cancelled
ORD009560,CUST01569,2025-07-20 10:43:15.426948,USD,Completed
ORD009561,CUST03431,2025-09-13 13:06:06.867712,USD,Completed
ORD009562,CUST04219,2026-06-03 10:43:38.432467,USD,Completed
ORD009563,CUST02991,2025-12-25 20:32:17.844629,USD,Completed
ORD009564,CUST00318,2025-12-22 00:44:46.804681,USD,Cancelled
ORD009565,CUST01613,2026-03-14 15:53:51.377168,USD,Completed
ORD009566,CUST02854,2025-11-22 10:51:18.586197,USD,Completed
ORD009567,CUST02788,2026-01-04 08:49:01.414175,USD,Completed
ORD009568,CUST01633,2025-12-07 21:18:03.330841,USD,Completed
ORD009569,CUST00499,2026-05-12 14:01:27.387022,$,Completed
ORD009570,CUST02863,2025-12-28 05:08:52.287984,USD,Cancelled
ORD009571,CUST00722,2026-06-01 16:45:22.893891,USD,Cancelled
ORD009572,CUST04985,2025-11-16 19:21:51.968557,US$,Completed
ORD009573,CUST02572,2025-09-19 05:21:00.908134,USD,Completed
ORD009574,CUST04398,2025-12-13 10:22:09.345524,USD,Completed
ORD009575,CUST02084,2025-09-24 19:19:16.967251,USD,Completed
ORD009576,CUST00984,2026-05-09 02:45:06.039981,USD,Completed
ORD009577,CUST02499,2025-12-12 04:04:00.548705,USD,Completed
ORD009578,CUST00111,2026-04-11 06:10:50.571028,US$,Completed
ORD009579,CUST03634,2026-05-14 18:52:22.041875,USD,Completed
ORD009580,CUST02222,2026-05-06 20:21:10.359685,USD,Completed
ORD009581,CUST03889,2026-06-17 00:28:45.876883,USD,Completed
ORD009582,CUST01561,2026-05-27 15:15:20.856793,$,Completed
ORD009583,CUST04442,2025-08-21 11:55:56.223057,USD,Completed
ORD009584,CUST03503,2026-03-25 19:39:58.978928,usd,Cancelled
ORD009585,CUST01158,2025-07-12 03:08:05.874720,US$,Completed
ORD009586,CUST01928,2026-01-08 13:26:23.200741,USD,Completed
ORD009587,CUST02805,2025-07-25 05:35:12.158933,USD,Completed
ORD009588,CUST03317,2026-02-12 22:40:37.191477,USD,Completed
ORD009589,CUST03454,2026-02-11 00:42:57.766081,USD ,Completed
ORD009590,CUST00347,2025-07-04 03:16:51.698832,USD,Completed
ORD009591,CUST00156,2026-01-19 18:24:08.723646,US$,Completed
ORD009592,CUST01005,2025-10-31 16:03:03.170844,USD,Completed
ORD009593,CUST02197,2026-03-29 15:32:20.509554,USD,Completed
ORD009594,CUST01764,2026-05-27 15:25:55.194957,USD,Completed
ORD009595,CUST02469,2026-01-11 14:25:23.533946,USD,Completed
ORD009596,CUST02337,2026-01-04 17:04:10.604286,USD,Completed
ORD009597,CUST04824,2026-05-31 19:12:02.285765,USD,Completed
ORD009598,CUST01846,2025-10-29 00:00:14.339761,USD,Completed
ORD009599,CUST02848,2026-06-05 16:17:17.771249,USD,Completed
ORD009600,CUST00392,2025-11-12 10:59:19.132969,USD,Completed
ORD009601,CUST03036,2025-09-09 08:33:54.293121,USD,Completed
ORD009602,CUST02692,2026-06-06 02:49:43.826335,USD,Completed
ORD009603,CUST00899,2026-03-30 07:42:21.820956,USD,Completed
ORD009604,CUST04519,2025-09-25 08:20:45.967475,USD,Completed
ORD009605,CUST00445,2026-03-04 02:34:41.403051,USD,Completed
ORD009606,CUST02250,2026-01-24 19:11:16.556746,USD,Completed
ORD009607,CUST02619,2026-05-15 06:26:49.149825,USD,Completed
ORD009608,CUST04438,2025-07-22 16:27:41.074973,USD,Completed
ORD009609,CUST02444,2025-11-22 06:18:39.041729,US$,Completed
ORD009610,CUST02529,2025-12-25 07:31:02.696857,USD,Completed
ORD009611,CUST03301,2026-01-06 09:17:00.402694,usd,Refunded
ORD009612,CUST03716,2026-01-06 21:20:24.943345,USD,Completed
ORD009613,CUST03677,2026-05-21 06:13:56.975006,USD,Completed
ORD009614,CUST03991,2026-05-17 11:53:31.820690,USD,Completed
ORD009615,CUST03459,2026-01-01 21:50:45.297709,USD,Completed
ORD009616,CUST02835,2025-08-18 08:55:54.668588,USD,Completed
ORD009617,CUST04629,2026-05-17 14:50:00.192753,USD,Completed
ORD009618,CUST04732,2025-10-28 15:50:34.384611,USD,Completed
ORD009619,CUST04375,2026-05-31 09:05:38.696815,USD,Completed
ORD009620,CUST03937,2026-04-13 19:06:59.602117,USD,Completed
ORD009621,CUST04898,2026-03-03 21:40:03.040679,USD,Completed
ORD009622,CUST00003,2025-11-19 06:49:21.582654,USD,Completed
ORD009623,CUST00949,2025-11-20 21:36:13.940444,USD,Completed
ORD009624,CUST03181,2025-08-16 09:53:52.514030,USD,Refunded
ORD009625,CUST03148,2025-10-19 14:17:00.064029,USD,Completed
ORD009626,CUST00696,2026-02-03 21:36:59.892962,US$,Completed
ORD009627,CUST01531,2026-04-19 16:42:30.187804,USD,Completed
ORD009628,CUST00713,2025-09-05 07:52:23.205726,usd,Refunded
ORD009629,CUST02566,2025-08-18 12:56:10.285003,USD,Completed
ORD009630,CUST02958,2026-01-15 04:59:21.188734,USD,Completed
ORD009631,CUST04794,2025-11-19 01:09:30.800319,USD,Completed
ORD009632,CUST01624,2025-07-30 21:08:51.987106,USD,Completed
ORD009633,CUST02146,2026-01-06 12:49:00.344526,USD,Refunded
ORD009634,CUST01103,2025-12-23 03:52:56.155959,USD,Completed
ORD009635,CUST04743,2025-11-05 17:06:12.312294,USD,Completed
ORD009636,CUST00984,2025-07-11 23:28:14.594132,USD,Completed
ORD009637,CUST03234,2026-05-22 03:25:18.314649,USD,Completed
ORD009638,CUST02599,2025-07-23 04:21:54.075709,USD,Completed
ORD009639,CUST03130,2025-07-28 08:34:42.524289,$,Completed
ORD009640,CUST01390,2025-10-19 07:11:49.775578,USD,Completed
ORD009641,CUST04652,2025-09-11 11:30:54.851432,US$,Completed
ORD009642,CUST01255,2025-10-19 10:25:57.795300,USD,Completed
ORD009643,CUST01972,2026-01-29 22:08:05.562468,USD,Completed
ORD009644,CUST02865,2025-11-30 19:52:51.186877,USD,Completed
ORD009645,CUST04521,2025-09-16 02:22:51.672860,usd,Completed
ORD009646,CUST02013,2025-08-25 20:03:56.869458,USD,Completed
ORD009647,CUST00794,2025-12-31 03:48:08.520778,usd,Completed
ORD009648,CUST04153,2026-01-14 22:22:57.665302,USD,Completed
ORD009649,CUST02378,2025-08-10 21:09:31.004047,USD ,Cancelled
ORD009650,CUST01967,2025-08-25 09:16:45.720004,$,Cancelled
ORD009651,CUST01528,2026-03-27 16:55:15.533269,USD,Refunded
ORD009652,CUST03710,2025-11-24 23:55:22.809975,US$,Completed
ORD009653,CUST03625,2026-04-05 23:31:10.738320,USD,Completed
ORD009654,CUST00386,2025-07-18 17:37:24.925405,USD,Completed
ORD009655,CUST01540,2025-07-05 02:35:14.826127,USD,Cancelled
ORD009656,CUST00648,2026-02-06 03:35:56.395076,$,Completed
ORD009657,CUST03882,2025-07-01 15:13:40.512203,USD,Refunded
ORD009658,CUST03703,2026-01-31 01:56:18.647906,USD,Completed
ORD009659,CUST01851,2025-12-10 08:01:26.721992,USD,Completed
ORD009660,CUST04026,2026-03-03 05:36:50.647550,US$,Completed
ORD009661,CUST04081,2025-11-16 12:33:12.345986,USD,Completed
ORD009662,CUST02144,2026-02-04 04:49:32.003816,USD,Completed
ORD009663,CUST00544,2025-08-27 14:53:22.601968,USD,Completed
ORD009664,CUST00048,2026-04-18 04:15:07.654442,USD,Completed
ORD009665,CUST00126,2026-02-08 03:13:34.220961,US$,Completed
ORD009666,CUST01957,2026-02-02 04:16:10.454617,USD,Completed
ORD009667,CUST01381,2025-12-12 06:16:16.127124,usd,Completed
ORD009668,CUST04486,2026-01-09 05:16:43.046527,USD,Completed
ORD009669,CUST00066,2025-08-11 07:27:00.452729,USD,Completed
ORD009670,CUST02026,2026-03-25 21:30:19.047159,US$,Completed
ORD009671,CUST04676,2026-06-25 10:35:25.642323,USD,Completed
ORD009672,CUST04576,2025-08-06 04:13:50.675056,US$,Completed
ORD009673,CUST04754,2025-07-01 12:48:26.062175,USD,Completed
ORD009674,CUST01207,2026-06-25 13:22:48.818253,USD,Completed
ORD009675,CUST03673,2025-09-29 07:53:33.822515,usd,Cancelled
ORD009676,CUST02641,2025-07-23 15:12:59.227243,USD,Completed
ORD009677,CUST02542,2026-01-08 15:20:54.021060,USD,Completed
ORD009678,CUST00809,2025-12-22 17:53:10.428680,USD,Completed
ORD009679,CUST04468,2026-02-01 18:01:41.285417,usd,Completed
ORD009680,CUST03254,2026-04-23 14:11:34.031224,$,Completed
ORD009681,CUST03631,2026-05-01 01:53:09.832974,USD,Cancelled
ORD009682,CUST04838,2025-09-08 02:52:30.538955,USD,Completed
ORD009683,CUST00973,2025-12-23 11:05:45.622994,USD,Completed
ORD009684,CUST04989,2026-05-08 06:59:33.252062,usd,Completed
ORD009685,CUST01837,2025-11-25 05:50:01.916884,USD,Completed
ORD009686,CUST01076,2025-12-24 14:23:44.708206,US$,Completed
ORD009687,CUST03458,2026-04-15 22:15:44.036341,USD,Completed
ORD009688,CUST04757,2026-02-09 23:36:21.460294,USD,Cancelled
ORD009689,CUST01111,2026-02-12 17:31:53.617103,USD,Completed
ORD009690,CUST02001_DUP,2025-10-12 18:19:04.727103,USD,Completed
ORD009691,CUST04703,2026-03-13 21:57:39.780870,US$,Completed
ORD009692,CUST03749,2025-08-21 06:09:17.821220,US$,Completed
ORD009693,CUST04116,2026-05-16 04:50:30.044401,US$,Completed
ORD009694,CUST03087,2025-07-14 03:33:20.517836,USD,Cancelled
ORD009695,CUST02429,2026-01-24 03:05:11.482803,$,Completed
ORD009696,CUST03041,2025-09-09 15:13:58.113909,US$,Completed
ORD009697,CUST02620,2026-02-13 04:48:42.700078,USD,Cancelled
ORD009698,CUST04018,2026-02-23 11:52:02.334545,USD,Completed
ORD009699,CUST04154,2025-07-23 17:45:54.156567,USD,Cancelled
ORD009700,CUST02606,2026-04-17 11:45:46.237064,USD,Completed
ORD009701,CUST04297,2025-09-18 00:34:18.444753,USD,Completed
ORD009702,CUST02034,2025-08-28 10:25:05.708477,usd,Completed
ORD009703,CUST01835,2026-04-23 09:23:29.961684,USD,Completed
ORD009704,CUST02315,2025-07-25 23:53:05.667055,USD,Cancelled
ORD009705,CUST01440,2026-01-23 16:01:14.017786,USD,Completed
ORD009706,CUST03313,2025-12-16 19:51:32.590602,US$,Completed
ORD009707,CUST03660,2026-05-29 15:08:15.266693,USD,Completed
ORD009708,CUST03016,2026-06-13 03:46:40.146342,USD,Completed
ORD009709,CUST02945,2025-07-16 01:49:00.060644,USD,Refunded
ORD009710,CUST01722,2025-07-09 03:33:35.269827,USD,Completed
ORD009711,CUST00025,2026-04-26 08:02:11.218757,USD,Completed
ORD009712,CUST03595,2026-04-15 23:14:49.989563,USD,Completed
ORD009713,CUST04161,2025-11-22 08:13:31.438679,USD,Completed
ORD009714,CUST01347,2025-08-02 08:17:09.744979,USD ,Completed
ORD009715,CUST01282,2026-01-29 02:51:20.536592,USD,Completed
ORD009716,CUST02734,2026-02-24 01:15:09.541648,usd,Completed
ORD009717,CUST04096,2025-10-07 18:16:34.464862,USD,Completed
ORD009718,CUST00452,2026-01-13 13:48:25.532040,USD,Completed
ORD009719,CUST04081,2025-10-25 17:25:12.568793,US$,Completed
ORD009720,CUST04903,2025-12-06 08:30:10.646846,usd,Completed
ORD009721,CUST04926,2026-06-29 06:12:38.774586,usd,Completed
ORD009722,CUST01044,2026-03-07 13:54:16.002852,USD,Completed
ORD009723,CUST00681,2026-01-30 20:55:55.291531,USD,Completed
ORD009724,CUST02512,2026-02-23 14:22:04.421114,USD,Completed
ORD009725,CUST04031,2026-02-10 06:32:04.426906,USD,Completed
ORD009726,CUST00026,2025-11-15 17:55:21.328963,USD,Refunded
ORD009727,CUST02337,2026-01-25 14:44:23.180456,USD,Completed
ORD009728,CUST01017,2026-04-17 23:52:17.324200,USD,Completed
ORD009729,CUST01298,2025-09-11 22:54:01.952756,USD,Completed
ORD009730,CUST02591,2026-02-17 11:05:56.276413,US$,Completed
ORD009731,CUST02098,2025-12-30 19:39:22.717233,USD,Completed
ORD009732,CUST00386,2025-11-27 10:13:25.246557,$,Completed
ORD009733,CUST03421,2025-08-08 23:28:05.748784,$,Completed
ORD009734,CUST03210,2025-07-13 15:22:26.560848,$,Completed
ORD009735,CUST00089,2026-04-29 09:22:12.437657,USD,Completed
ORD009736,CUST04585,2026-01-11 01:25:06.104671,USD,Completed
ORD009737,CUST02021,2025-11-24 23:15:31.904805,USD,Completed
ORD009738,CUST03262,2026-04-01 15:12:56.488731,USD,Completed
ORD009739,CUST00628,2025-08-28 17:40:03.765893,USD,Completed
ORD009740,CUST00911,2025-07-19 19:54:27.506500,USD,Completed
ORD009741,CUST04999,2025-10-28 22:50:41.646221,USD,Completed
ORD009742,CUST00370,2026-06-07 17:40:56.924717,USD,Completed
ORD009743,CUST04225,2026-01-13 02:02:08.023941,US$,Completed
ORD009744,CUST00184,2026-01-14 00:12:12.911037,USD,Completed
ORD009745,CUST00858,2025-08-10 20:30:18.587452,USD ,Completed
ORD009746,CUST03258,2026-06-06 05:14:48.531785,USD,Completed
ORD009747,CUST02560,2025-11-06 08:31:47.848198,USD,Completed
ORD009748,CUST00737,2026-02-12 21:15:02.682557,USD,Completed
ORD009749,CUST03953,2026-02-15 03:54:46.567572,US$,Completed
ORD009750,CUST00721,2025-08-08 09:16:52.159173,USD,Completed
ORD009751,CUST02830,2025-11-25 10:56:52.625266,USD,Completed
ORD009752,CUST01502,2026-04-07 02:49:43.027080,$,Completed
ORD009753,CUST02788,2025-12-26 02:48:18.417550,USD,Completed
ORD009754,CUST02472,2026-06-03 07:34:09.966558,usd,Completed
ORD009755,CUST03365,2026-04-04 12:22:40.328254,USD,Completed
ORD009756,CUST01609,2026-05-24 05:05:18.676855,USD,Completed
ORD009757,CUST03376,2025-10-14 12:17:37.095875,usd,Completed
ORD009758,CUST02727,2026-01-16 14:58:36.473507,USD,Completed
ORD009759,CUST02414,2026-03-08 08:58:06.948477,USD,Completed
ORD009760,CUST02598,2026-02-04 03:06:30.402106,US$,Completed
ORD009761,CUST04643,2026-02-08 19:03:02.856171,USD,Completed
ORD009762,CUST03258,2025-10-02 08:50:14.826804,USD,Completed
ORD009763,CUST03219,2026-01-17 08:33:59.687366,USD,Completed
ORD009764,CUST03932,2025-11-02 13:57:22.484831,USD,Completed
ORD009765,CUST01704,2025-08-08 07:29:48.856054,USD,Completed
ORD009766,CUST02804,2026-06-06 05:10:34.850969,USD,Cancelled
ORD009767,CUST02257,2025-09-21 10:34:21.596235,USD,Completed
ORD009768,CUST04784,2026-03-03 07:08:52.419993,USD,Completed
ORD009769,CUST01771,2025-09-26 21:28:54.073638,USD,Completed
ORD009770,CUST00142,2026-06-19 00:30:33.078551,USD,Completed
ORD009771,CUST02877,2026-02-21 20:10:07.878403,usd,Completed
ORD009772,CUST04266,2025-08-06 22:31:49.692382,USD,Cancelled
ORD009773,CUST03102,2026-01-22 19:26:29.207171,$,Completed
ORD009774,CUST04924,2026-06-12 13:51:03.384001,usd,Completed
ORD009775,CUST03310,2025-12-15 08:07:41.489551,USD,Completed
ORD009776,CUST01675,2025-12-07 04:11:57.361017,USD,Completed
ORD009777,CUST00403,2025-12-02 00:16:37.610997,USD,Completed
ORD009778,CUST04775,2026-02-20 23:24:18.214442,USD,Completed
ORD009779,CUST02296,2026-03-16 14:16:36.506819,$,Completed
ORD009780,CUST04231,2026-02-28 19:47:10.126468,USD,Completed
ORD009781,CUST00212,2026-03-19 21:14:50.401298,usd,Completed
ORD009782,CUST04718,2025-07-26 13:29:55.835041,US$,Completed
ORD009783,CUST02969,2025-08-19 16:53:12.012484,USD,Completed
ORD009784,CUST03140,2026-05-02 13:36:48.175520,US$,Completed
ORD009785,CUST01241,2025-11-18 13:51:57.671726,USD,Completed
ORD009786,CUST03204,2025-11-15 13:06:50.079816,USD,Completed
ORD009787,CUST01803,2025-12-05 18:54:30.087507,USD,Completed
ORD009788,CUST02960,2025-11-07 17:05:09.036844,USD,Completed
ORD009789,CUST00911,2026-06-01 10:10:33.750545,USD ,Completed
ORD009790,CUST04977,2026-05-12 04:51:07.261027,USD,Completed
ORD009791,CUST04702,2025-11-18 13:35:50.927075,usd,Completed
ORD009792,CUST01736,2025-12-15 13:31:55.395914,USD,Completed
ORD009793,CUST01419,2025-10-11 13:18:00.859579,US$,Completed
ORD009794,CUST00924,2026-06-24 04:37:26.288118,USD,Cancelled
ORD009795,CUST01393,2026-04-18 02:52:04.870464,USD,Completed
ORD009796,CUST04046,2026-01-03 13:27:53.069276,USD,Completed
ORD009797,CUST03277,2025-08-23 05:25:09.611841,USD,Completed
ORD009798,CUST03578,2026-02-19 05:12:48.153298,USD,Completed
ORD009799,CUST00700,2026-04-29 02:35:07.017756,USD,Completed
ORD009800,CUST01224,2025-07-17 18:58:32.859736,USD,Cancelled
ORD009801,CUST02673,2026-05-01 07:26:37.038892,USD,Completed
ORD009802,CUST01717,2025-08-19 21:09:37.790419,USD,Completed
ORD009803,CUST03059,2026-03-24 13:33:02.444038,USD,Completed
ORD009804,CUST04452,2025-07-12 15:48:45.124034,US$,Completed
ORD009805,CUST02549,2026-05-28 07:18:23.182409,USD ,Completed
ORD009806,CUST00181,2026-04-07 02:08:06.449329,usd,Completed
ORD009807,CUST00230,2025-09-02 20:49:41.878278,USD,Completed
ORD009808,CUST03657,2026-03-21 23:17:42.962505,USD,Completed
ORD009809,CUST03516,2025-07-18 07:32:12.072039,USD,Completed
ORD009810,CUST04997,2026-05-24 00:39:02.295220,USD,Completed
ORD009811,CUST01054,2026-06-13 04:29:44.039621,USD,Completed
ORD009812,CUST01320,2026-01-25 08:02:02.101874,US$,Completed
ORD009813,CUST01595,2025-08-08 01:31:46.709704,USD,Completed
ORD009814,CUST00033,2026-02-03 19:09:25.163149,USD,Completed
ORD009815,CUST02334,2026-05-15 21:53:14.000828,USD,Completed
ORD009816,CUST03598,2025-08-12 00:18:14.836275,US$,Completed
ORD009817,CUST01331,2025-12-25 04:27:12.322234,USD,Completed
ORD009818,CUST01132,2025-11-20 02:54:57.253619,USD,Completed
ORD009819,CUST01639,2025-08-27 16:15:58.518452,USD,Completed
ORD009820,CUST01760,2026-02-27 16:25:34.858355,USD,Completed
ORD009821,CUST01299,2026-03-20 03:58:26.747664,USD,Completed
ORD009822,CUST02805,2026-05-05 13:59:24.309339,USD ,Cancelled
ORD009823,CUST03975,2025-08-05 00:25:54.445546,$,Completed
ORD009824,CUST03907,2025-09-14 11:33:32.444591,USD,Completed
ORD009825,CUST02115,2025-11-03 08:38:22.858382,USD,Completed
ORD009826,CUST03628,2026-03-11 17:12:53.872540,USD,Completed
ORD009827,CUST02203,2026-05-05 00:39:34.902272,USD,Completed
ORD009828,CUST04803,2026-03-25 18:43:11.291953,USD,Completed
ORD009829,CUST03168,2025-09-14 23:45:44.013187,USD,Completed
ORD009830,CUST02866,2026-06-26 14:30:55.437271,USD,Completed
ORD009831,CUST01051,2025-10-17 08:38:34.784086,USD,Completed
ORD009832,CUST04405,2026-06-26 17:01:15.944224,usd,Completed
ORD009833,CUST03066,2026-06-01 04:07:59.874909,USD,Cancelled
ORD009834,CUST03024,2025-12-03 15:08:46.815686,USD,Completed
ORD009835,CUST04507,2026-02-20 17:23:07.778343,USD,Completed
ORD009836,CUST03956,2026-02-24 08:06:14.677717,USD,Completed
ORD009837,CUST04048,2026-03-15 07:43:24.937744,USD,Completed
ORD009838,CUST00991,2026-06-23 08:37:26.447886,usd,Completed
ORD009839,CUST00227,2025-11-24 11:05:36.783939,$,Completed
ORD009840,CUST02837,2026-03-14 20:25:08.807120,usd,Completed
ORD009841,CUST03513,2026-06-21 04:17:09.348740,$,Completed
ORD009842,CUST02464,2025-11-03 03:24:30.275213,USD,Completed
ORD009843,CUST03634,2026-01-13 04:39:32.483674,USD ,Completed
ORD009844,CUST02337,2025-07-28 20:04:52.129782,USD,Completed
ORD009845,CUST02309,2026-04-28 19:15:29.216193,USD,Completed
ORD009846,CUST01060,2025-09-30 03:13:44.919218,USD,Completed
ORD009847,CUST04251,2025-09-22 19:44:10.192658,US$,Completed
ORD009848,CUST01948,2026-01-20 18:05:35.036992,USD,Completed
ORD009849,CUST04502,2026-02-23 12:19:09.672449,USD,Completed
ORD009850,CUST04585,2025-08-12 15:48:33.301147,US$,Completed
ORD009851,CUST00175,2026-05-31 19:04:41.962688,usd,Completed
ORD009852,CUST00036,2026-06-27 13:32:10.291724,USD,Completed
ORD009853,CUST01495,2026-05-05 05:18:02.440081,USD,Completed
ORD009854,CUST01060,2026-03-05 12:59:52.809604,USD,Completed
ORD009855,CUST00033,2026-04-16 18:37:19.061349,USD,Completed
ORD009856,CUST02243,2026-02-17 04:31:49.470294,usd,Completed
ORD009857,CUST02831,2025-10-16 02:56:14.258512,USD,Completed
ORD009858,CUST00672,2026-05-31 18:25:15.468763,USD,Completed
ORD009859,CUST04014,2026-04-16 23:11:44.386283,US$,Completed
ORD009860,CUST04813,2026-05-06 03:01:55.907806,US$,Completed
ORD009861,CUST01373,2026-05-15 11:55:51.971047,USD,Completed
ORD009862,CUST01375,2025-11-07 09:06:09.073207,USD,Completed
ORD009863,CUST01116,2026-06-11 14:58:32.090327,US$,Completed
ORD009864,CUST04688,2026-01-19 01:06:50.488288,$,Completed
ORD009865,CUST04199,2025-07-16 23:28:15.818506,$,Completed
ORD009866,CUST02722_DUP,2025-11-19 17:17:20.264990,USD,Completed
ORD009867,CUST02054,2025-08-27 05:30:20.920765,$,Completed
ORD009868,CUST00279,2025-12-25 15:31:50.238632,USD,Completed
ORD009869,CUST02455,2025-08-01 05:59:20.986844,USD,Completed
ORD009870,CUST03833,2025-08-26 10:52:11.274428,USD,Completed
ORD009871,CUST01909,2025-07-04 20:01:12.188923,USD,Completed
ORD009872,CUST04020,2026-05-27 06:00:45.291395,USD,Completed
ORD009873,CUST03112,2026-02-22 00:34:30.034037,USD,Completed
ORD009874,CUST03124,2025-10-19 17:49:16.636165,USD,Completed
ORD009875,CUST04605,2026-03-14 05:51:14.189649,usd,Completed
ORD009876,CUST04718,2026-04-11 16:16:20.082912,USD,Completed
ORD009877,CUST04435,2025-08-02 15:52:01.602213,USD,Cancelled
ORD009878,CUST00691,2025-11-02 10:12:39.236178,usd,Completed
ORD009879,CUST04180,2026-02-09 07:26:37.003953,USD,Completed
ORD009880,CUST00373,2025-07-12 10:41:08.564041,USD,Completed
ORD009881,CUST03742,2026-06-21 16:18:34.251803,$,Completed
ORD009882,CUST02300,2026-04-10 08:28:27.524271,$,Completed
ORD009883,CUST03622,2025-08-08 03:41:01.346845,USD,Refunded
ORD009884,CUST00512,2026-05-15 02:52:43.940441,USD,Completed
ORD009885,CUST04103,2025-11-12 14:18:23.124587,usd,Completed
ORD009886,CUST01031,2025-10-14 18:08:06.278298,USD,Completed
ORD009887,CUST00176,2025-08-04 06:34:10.387809,usd,Completed
ORD009888,CUST04934,2025-09-04 01:44:14.537106,USD,Completed
ORD009889,CUST04270,2026-04-04 06:16:51.165045,USD,Completed
ORD009890,CUST01879,2025-10-31 11:43:22.129244,USD,Refunded
ORD009891,CUST03618,2025-12-11 01:50:33.450188,USD,Completed
ORD009892,CUST04017,2026-04-12 00:56:45.730751,USD,Completed
ORD009893,CUST01509,2026-05-18 17:19:39.304876,US$,Completed
ORD009894,CUST04645,2026-06-23 11:40:38.453259,USD,Cancelled
ORD009895,CUST04874,2026-04-07 08:24:43.314834,usd,Completed
ORD009896,CUST03973,2026-02-20 21:18:27.705857,USD,Completed
ORD009897,CUST03599,2025-07-31 20:20:53.592538,USD,Completed
ORD009898,CUST00423,2025-12-26 14:48:19.202099,USD,Refunded
ORD009899,CUST04917,2025-07-11 19:55:37.428138,US$,Completed
ORD009900,CUST00386,2025-09-07 02:20:46.097508,USD,Completed
ORD009901,CUST03291,2026-04-18 07:33:49.072699,US$,Cancelled
ORD009902,CUST01217,2025-12-23 17:32:53.276340,USD,Cancelled
ORD009903,CUST01471,2026-01-15 06:09:26.432000,USD,Completed
ORD009904,CUST02773,2026-02-28 01:16:45.231225,usd,Completed
ORD009905,CUST02626,2025-08-14 02:32:54.342896,USD,Completed
ORD009906,CUST04451,2026-01-26 03:22:45.251422,USD,Completed
ORD009907,CUST02029,2025-08-23 06:54:33.320491,US$,Completed
ORD009908,CUST02229,2026-06-06 13:52:26.684093,USD,Completed
ORD009909,CUST00463,2026-03-24 14:41:40.955409,USD,Completed
ORD009910,CUST02490,2026-02-05 13:28:25.167410,USD,Cancelled
ORD009911,CUST00950,2026-03-16 12:18:34.769839,USD,Cancelled
ORD009912,CUST04276,2026-01-22 00:59:40.531579,usd,Completed
ORD009913,CUST02769,2026-02-24 17:07:09.076624,USD,Completed
ORD009914,CUST00940,2025-07-21 00:48:29.322612,USD,Completed
ORD009915,CUST03166,2025-07-21 09:40:19.750892,USD,Completed
ORD009916,CUST00964,2025-09-21 01:11:25.522108,USD,Completed
ORD009917,CUST03195,2026-05-05 15:15:26.783912,USD,Completed
ORD009918,CUST02283,2025-07-23 15:01:46.846693,USD,Completed
ORD009919,CUST03691,2025-07-11 02:36:16.749034,$,Completed
ORD009920,CUST00006,2025-08-29 23:48:16.898198,USD,Completed
ORD009921,CUST00476,2026-06-24 00:48:28.326726,US$,Completed
ORD009922,CUST00040,2026-02-28 06:40:51.499014,US$,Completed
ORD009923,CUST01349,2025-08-18 08:24:32.462280,USD,Completed
ORD009924,CUST01927,2026-01-05 17:22:32.251649,USD,Completed
ORD009925,CUST02176,2025-12-12 06:42:44.711093,$,Completed
ORD009926,CUST02575,2026-06-26 12:02:29.453892,USD,Completed
ORD009927,CUST04105,2026-06-18 10:52:56.520940,USD,Completed
ORD009928,CUST04101,2026-06-21 14:34:53.278485,USD,Completed
ORD009929,CUST02669,2025-10-26 02:16:51.601066,USD,Completed
ORD009930,CUST00924,2026-02-20 23:12:10.312273,USD,Completed
ORD009931,CUST03283,2025-12-22 03:20:46.787125,USD,Cancelled
ORD009932,CUST00335,2025-09-02 22:58:06.910294,US$,Cancelled
ORD009933,CUST02210,2026-01-31 10:07:47.154372,USD,Completed
ORD009934,CUST04374,2026-06-09 14:22:13.216078,$,Completed
ORD009935,CUST02324,2025-10-18 01:37:14.261774,USD,Completed
ORD009936,CUST00383,2025-11-02 11:29:46.314140,USD,Completed
ORD009937,CUST00048,2025-10-01 01:46:23.443219,USD,Completed
ORD009938,CUST03091_DUP,2025-12-02 14:04:13.133390,USD,Completed
ORD009939,CUST01770,2026-05-15 13:03:59.441696,USD,Refunded
ORD009940,CUST01562,2026-01-23 11:25:54.014084,USD,Completed
ORD009941,CUST01380,2025-07-08 15:24:20.349494,USD,Completed
ORD009942,CUST00141,2026-06-15 20:29:03.465427,usd,Completed
ORD009943,CUST01947,2026-04-04 15:49:09.566440,usd,Completed
ORD009944,CUST00024,2026-03-20 06:24:55.875947,USD,Completed
ORD009945,CUST04644,2025-08-11 04:09:47.614641,USD,Cancelled
ORD009946,CUST02279,2025-12-02 22:15:52.888920,USD,Completed
ORD009947,CUST03077,2025-08-22 20:03:20.544818,USD,Completed
ORD009948,CUST00857,2025-12-14 09:36:29.473282,USD,Completed
ORD009949,CUST00803,2026-01-07 02:08:32.614864,USD,Completed
ORD009950,CUST02671,2025-08-29 20:46:13.498930,USD,Completed
ORD009951,CUST00209,2025-12-11 23:09:16.382589,USD,Completed
ORD009952,CUST04087,2025-09-29 12:24:03.431490,USD,Completed
ORD009953,CUST02928,2026-03-28 10:56:11.737745,usd,Completed
ORD009954,CUST01542,2025-11-20 13:07:42.721309,USD,Completed
ORD009955,CUST03561,2025-08-06 03:43:15.721236,USD,Completed
ORD009956,CUST02098,2025-09-09 22:08:10.717772,US$,Refunded
ORD009957,CUST02096,2026-05-02 18:25:38.975838,$,Cancelled
ORD009958,CUST00869,2026-05-28 07:15:08.268812,usd,Completed
ORD009959,CUST03362,2026-02-06 13:11:45.898043,USD,Completed
ORD009960,CUST01018,2026-03-14 14:51:31.897730,USD,Completed
ORD009961,CUST04571,2025-08-09 08:08:19.407765,US$,Refunded
ORD009962,CUST01953,2025-09-19 03:48:59.646665,USD,Completed
ORD009963,CUST03804,2025-12-13 05:11:24.742361,USD,Completed
ORD009964,CUST00188,2025-10-03 11:06:53.918355,USD,Completed
ORD009965,CUST00989,2025-11-01 07:39:36.702221,USD,Completed
ORD009966,CUST02045,2025-08-29 03:44:10.267277,$,Completed
ORD009967,CUST02748,2026-05-24 13:11:18.664258,$,Completed
ORD009968,CUST00696,2025-11-09 01:24:50.403203,USD,Completed
ORD009969,CUST00953,2025-08-08 19:16:07.963894,USD,Completed
ORD009970,CUST03430,2025-11-12 01:38:43.699317,USD,Completed
ORD009971,CUST00782,2025-12-20 09:57:08.012606,USD,Completed
ORD009972,CUST04120,2026-02-09 06:10:55.870523,US$,Completed
ORD009973,CUST02157,2026-01-19 06:12:27.636141,USD,Completed
ORD009974,CUST00160,2025-12-06 12:42:32.964841,USD,Completed
ORD009975,CUST01139,2026-03-08 14:11:18.497715,US$,Completed
ORD009976,CUST03636,2025-11-29 02:51:05.845242,US$,Completed
ORD009977,CUST00758,2025-10-11 22:57:07.234279,USD,Completed
ORD009978,CUST02868,2026-02-08 17:06:16.890909,USD,Completed
ORD009979,CUST03609,2025-09-16 16:22:51.574022,USD,Refunded
ORD009980,CUST02891,2026-04-22 03:07:13.409249,USD,Completed
ORD009981,CUST02083,2025-07-26 15:01:13.218337,USD,Cancelled
ORD009982,CUST00147,2025-11-11 08:30:43.004602,$,Completed
ORD009983,CUST02168,2025-07-21 06:04:21.183403,USD,Completed
ORD009984,CUST00176,2025-09-01 12:06:46.292895,USD,Cancelled
ORD009985,CUST02464,2025-10-09 15:32:04.084227,USD,Completed
ORD009986,CUST01393,2026-06-23 22:07:20.666661,USD,Cancelled
ORD009987,CUST01186,2026-01-08 12:14:27.379884,US$,Completed
ORD009988,CUST02017,2025-09-23 06:13:01.203662,USD,Completed
ORD009989,CUST03742,2026-05-23 00:15:15.522629,US$,Cancelled
ORD009990,CUST01779,2025-07-28 10:41:32.214426,usd,Refunded
ORD009991,CUST00395,2026-01-21 21:27:03.550795,USD,Completed
ORD009992,CUST03296,2026-02-23 07:09:58.952974,USD,Completed
ORD009993,CUST02104,2026-06-24 19:32:05.666967,USD,Completed
ORD009994,CUST01972,2026-05-06 01:41:51.417654,USD,Refunded
ORD009995,CUST02628,2026-02-18 15:59:53.991793,USD,Completed
ORD009996,CUST00075,2025-07-17 22:19:04.345922,USD,Cancelled
ORD009997,CUST04567,2025-11-01 17:20:53.530543,USD,Refunded
ORD009998,CUST02273,2025-12-04 22:12:52.138093,USD,Completed
ORD009999,CUST03874,2025-11-15 14:59:32.234153,USD,Completed
ORD010000,CUST01833,2026-02-20 09:19:37.747478,USD,Completed
ORD010001,CUST03454,2025-12-09 05:15:51.559778,usd,Completed
ORD010002,CUST00844,2025-09-03 09:02:30.894503,USD,Refunded
ORD010003,CUST03765,2025-10-26 09:25:43.037081,USD,Completed
ORD010004,CUST03401,2025-10-23 16:16:57.805088,USD,Completed
ORD010005,CUST04975,2026-01-26 19:08:03.059132,USD,Completed
ORD010006,CUST03437,2025-09-26 19:42:49.462812,USD,Completed
ORD010007,CUST03666,2025-11-02 06:14:19.898161,USD,Completed
ORD010008,CUST02751,2025-08-26 14:39:15.422364,USD,Completed
ORD010009,CUST01672,2026-01-28 07:51:16.752548,USD,Refunded
ORD010010,CUST00808,2026-01-09 23:52:48.312399,USD,Completed
ORD010011,CUST02130,2025-09-17 11:42:15.483876,$,Completed
ORD010012,CUST00045,2026-05-26 04:26:01.126050,USD,Refunded
ORD010013,CUST04513,2026-04-27 12:39:23.501171,USD,Completed
ORD010014,CUST01087,2025-10-29 00:24:08.984223,USD,Cancelled
ORD010015,CUST00423,2026-05-04 10:21:16.503645,USD,Completed
ORD010016,CUST01825,2026-02-15 12:56:03.276366,USD,Completed
ORD010017,CUST03270,2026-05-20 05:57:09.197785,USD,Completed
ORD010018,CUST03713,2025-12-10 07:22:24.068839,USD,Cancelled
ORD010019,CUST03050,2026-04-21 09:12:05.223689,USD,Completed
ORD010020,CUST00636,2025-12-12 17:33:26.004370,USD,Completed
ORD010021,CUST04155,2026-05-26 01:11:07.417919,USD,Completed
ORD010022,CUST01456,2026-06-12 18:40:37.143293,$,Cancelled
ORD010023,CUST04552,2026-01-08 05:15:50.028844,US$,Completed
ORD010024,CUST00873,2026-01-18 22:08:51.027686,usd,Completed
ORD010025,CUST01940,2026-03-07 00:58:08.774536,USD,Completed
ORD010026,CUST01235,2026-05-16 11:57:03.848638,USD,Completed
ORD010027,CUST04809,2025-09-12 12:04:34.279029,USD,Completed
ORD010028,CUST04268,2026-06-12 18:06:07.446137,USD,Completed
ORD010029,CUST03146,2025-12-22 05:46:18.125252,USD,Completed
ORD010030,CUST00387,2026-02-19 05:13:11.037730,USD,Completed
ORD010031,CUST00788,2025-12-01 16:21:37.350407,USD,Refunded
ORD010032,CUST04207,2026-05-31 10:23:27.597877,USD,Completed
ORD010033,CUST04194,2025-10-22 01:08:45.572914,USD,Refunded
ORD010034,CUST02740,2025-10-04 20:07:35.306367,USD,Completed
ORD010035,CUST00718,2026-01-03 00:41:56.603806,US$,Cancelled
ORD010036,CUST03013,2025-09-25 14:20:07.197966,USD,Completed
ORD010037,CUST04475,2025-07-10 13:33:42.267303,USD,Cancelled
ORD010038,CUST01598,2026-01-07 22:10:43.406718,USD,Completed
ORD010039,CUST00639,2025-12-22 16:14:56.227095,USD,Completed
ORD010040,CUST04857,2026-02-24 18:24:11.255080,$,Completed
ORD010041,CUST02801,2025-10-16 10:15:49.646125,USD,Cancelled
ORD010042,CUST03580,2025-10-01 00:40:15.676178,usd,Cancelled
ORD010043,CUST03087,2026-04-29 23:17:21.460915,USD,Completed
ORD010044,CUST03698,2026-03-01 14:26:13.892566,US$,Completed
ORD010045,CUST01007,2025-12-14 13:30:20.816374,usd,Completed
ORD010046,CUST02500,2025-12-11 06:42:46.058131,$,Completed
ORD010047,CUST03929,2026-02-06 13:54:39.139207,USD,Completed
ORD010048,CUST03641,2026-02-09 16:21:57.511626,USD,Completed
ORD010049,CUST04080_DUP,2026-06-22 18:18:33.474448,usd,Completed
ORD010050,CUST00048,2026-05-08 09:38:45.538830,USD,Completed
ORD010051,CUST02397,2025-08-27 14:33:21.740904,$,Completed
ORD010052,CUST03688,2026-06-15 02:03:56.098326,USD,Refunded
ORD010053,CUST02549,2026-01-14 17:50:51.499594,USD,Completed
ORD010054,CUST01578,2025-12-11 15:57:12.812962,usd,Completed
ORD010055,CUST02914,2025-12-25 17:51:22.742576,$,Completed
ORD010056,CUST03700,2026-06-06 05:45:36.923862,USD,Completed
ORD010057,CUST00537,2025-12-01 15:36:55.727344,USD,Completed
ORD010058,CUST04704_DUP,2025-11-09 20:26:39.290897,USD,Completed
ORD010059,CUST00072,2025-09-04 18:55:29.449289,US$,Refunded
ORD010060,CUST04739,2025-12-07 12:36:17.546616,USD,Completed
ORD010061,CUST03860,2025-07-02 04:21:22.319030,USD,Completed
ORD010062,CUST00389,2025-08-11 18:40:10.354522,USD,Completed
ORD010063,CUST00956,2025-12-27 20:32:30.187433,usd,Completed
ORD010064,CUST02012,2025-12-20 02:36:19.709722,USD,Completed
ORD010065,CUST01866_DUP,2026-05-25 04:39:07.005116,US$,Completed
ORD010066,CUST02150,2025-11-26 03:11:31.997075,USD,Completed
ORD010067,CUST02717,2026-05-06 06:18:09.430988,USD,Cancelled
ORD010068,CUST02551,2025-10-14 02:42:17.144568,USD,Completed
ORD010069,CUST03421,2026-04-30 10:48:59.466968,USD,Completed
ORD010070,CUST02838,2026-03-09 16:30:07.571126,USD,Completed
ORD010071,CUST04893,2025-11-21 13:42:51.498393,USD,Completed
ORD010072,CUST01488,2026-03-23 22:25:21.433517,USD,Completed
ORD010073,CUST04337,2026-03-26 21:09:24.393319,USD,Completed
ORD010074,CUST01497,2026-01-07 00:13:16.325847,usd,Completed
ORD010075,CUST02790,2026-01-03 18:31:22.745591,usd,Completed
ORD010076,CUST02195,2026-04-11 16:04:59.098605,USD,Completed
ORD010077,CUST00183,2025-10-19 00:29:24.690944,USD,Refunded
ORD010078,CUST04904,2025-08-21 13:18:39.615326,US$,Completed
ORD010079,CUST02924,2026-03-03 05:53:06.293645,USD,Completed
ORD010080,CUST02577,2025-12-28 03:10:36.914212,USD,Completed
ORD010081,CUST04884,2026-01-13 02:30:51.933192,$,Completed
ORD010082,CUST00820,2025-12-09 15:31:56.545227,USD,Completed
ORD010083,CUST00598,2026-06-13 11:14:51.794412,USD,Completed
ORD010084,CUST02421,2026-06-02 17:45:14.272967,USD,Completed
ORD010085,CUST03716,2026-03-22 18:57:07.350407,USD,Completed
ORD010086,CUST00540,2025-07-11 11:49:25.782600,$,Completed
ORD010087,CUST04173,2026-04-06 22:06:14.660761,USD,Completed
ORD010088,CUST04458,2026-02-28 15:16:31.201401,USD,Completed
ORD010089,CUST01296,2026-06-29 04:39:11.121107,USD,Completed
ORD010090,CUST02184,2026-03-22 16:59:27.099627,USD,Completed
ORD010091,CUST02373,2025-11-22 07:31:45.438021,USD,Completed
ORD010092,CUST02475,2026-02-18 15:44:15.721862,USD,Completed
ORD010093,CUST03237,2026-05-07 09:11:04.953306,usd,Completed
ORD010094,CUST02543,2026-02-10 13:20:50.546345,USD,Completed
ORD010095,CUST02151,2025-07-14 06:33:30.759951,USD,Completed
ORD010096,CUST03797,2026-03-18 16:59:20.374820,USD,Completed
ORD010097,CUST00763,2026-04-18 03:54:28.767718,USD,Completed
ORD010098,CUST00455,2026-01-04 20:28:15.801006,USD,Completed
ORD010099,CUST04746,2026-04-10 00:31:34.484786,USD,Completed
ORD010100,CUST04384,2026-05-16 03:10:40.740706,USD,Completed
ORD010101,CUST02308,2025-09-04 18:29:44.659392,USD,Completed
ORD010102,CUST01084,2025-07-23 18:43:53.964064,USD,Completed
ORD010103,CUST02643,2025-11-27 22:44:36.453255,USD,Completed
ORD010104,CUST01207,2025-08-22 09:39:55.177253,US$,Completed
ORD010105,CUST00916,2026-01-28 20:21:36.523060,US$,Completed
ORD010106,CUST00086,2026-06-17 20:50:24.477309,US$,Completed
ORD010107,CUST03616,2026-05-19 09:09:21.061581,USD,Completed
ORD010108,CUST00494,2025-07-11 05:21:48.222938,$,Refunded
ORD010109,CUST03776,2025-12-12 08:05:08.829801,USD,Completed
ORD010110,CUST00793_DUP,2026-03-14 07:20:51.136652,USD,Completed
ORD010111,CUST03280,2025-11-09 17:27:50.281496,USD,Completed
ORD010112,CUST03923,2026-01-23 11:13:30.208476,USD,Cancelled
ORD010113,CUST01738,2026-04-27 11:19:24.274780,USD,Completed
ORD010114,CUST00715,2026-03-27 08:22:47.639423,usd,Completed
ORD010115,CUST04770,2026-01-21 13:49:47.784601,$,Completed
ORD010116,CUST01296,2025-10-01 19:17:38.110468,USD,Completed
ORD010117,CUST00687,2025-09-09 06:30:27.780810,USD,Completed
ORD010118,CUST02626,2025-07-17 03:35:06.415222,USD,Completed
ORD010119,CUST04099,2025-10-13 12:28:21.514714,USD,Completed
ORD010120,CUST02637,2025-07-25 22:00:23.196774,USD,Completed
ORD010121,CUST03205,2025-11-05 15:31:51.825426,USD,Completed
ORD010122,CUST00710,2026-01-01 09:45:18.813827,USD,Completed
ORD010123,CUST04115,2025-09-25 09:55:33.103919,USD,Completed
ORD010124,CUST03334,2026-02-09 04:12:56.179732,USD,Completed
ORD010125,CUST03217,2026-03-20 19:09:57.561126,$,Completed
ORD010126,CUST01452,2025-09-12 14:42:21.162736,USD,Completed
ORD010127,CUST01009,2025-07-18 10:17:19.675110,$,Completed
ORD010128,CUST02971,2026-04-12 00:35:05.805993,USD,Completed
ORD010129,CUST02875,2026-06-15 07:00:02.324889,USD,Completed
ORD010130,CUST02200,2025-12-08 11:43:51.194313,USD,Completed
ORD010131,CUST01668,2025-10-04 15:08:58.407471,USD,Completed
ORD010132,CUST02127,2025-12-29 15:10:50.684902,USD,Completed
ORD010133,CUST04458,2026-06-26 21:40:04.132406,USD,Completed
ORD010134,CUST02734,2025-12-22 07:18:26.402018,usd,Completed
ORD010135,CUST01166,2026-06-29 08:09:51.205108,USD,Cancelled
ORD010136,CUST04270,2025-09-30 05:45:25.138526,USD,Completed
ORD010137,CUST04587,2026-04-03 10:35:42.111104,USD,Completed
ORD010138,CUST00440,2025-12-15 10:47:34.077399,$,Completed
ORD010139,CUST02008,2025-07-11 12:16:41.564743,USD,Completed
ORD010140,CUST04199_DUP,2025-11-20 11:00:07.411756,usd,Completed
ORD010141,CUST04636,2025-09-06 17:54:14.313077,usd,Completed
ORD010142,CUST01519,2026-05-14 22:04:21.799906,USD,Completed
ORD010143,CUST02530,2025-07-19 00:19:13.002636,US$,Completed
ORD010144,CUST03496,2025-11-07 15:24:29.749196,USD,Completed
ORD010145,CUST03594,2025-08-09 19:17:22.632843,USD,Completed
ORD010146,CUST03309,2025-09-06 15:39:42.284350,US$,Completed
ORD010147,CUST04486,2026-01-04 17:49:37.929363,USD,Completed
ORD010148,CUST03349,2025-12-19 09:16:20.979743,USD,Completed
ORD010149,CUST00151,2025-10-15 18:19:23.294034,USD,Completed
ORD010150,CUST03940,2026-06-14 13:50:14.392997,USD,Completed
ORD010151,CUST02406,2026-01-27 05:34:45.272346,USD,Completed
ORD010152,CUST02993,2026-03-04 12:59:32.590110,USD,Completed
ORD010153,CUST04844,2025-08-16 13:33:43.626480,USD,Completed
ORD010154,CUST00744,2026-03-10 22:54:11.383480,USD,Completed
ORD010155,CUST01548,2026-05-06 21:47:42.091164,USD,Completed
ORD010156,CUST01817,2026-03-25 03:59:59.158578,USD,Refunded
ORD010157,CUST03537,2025-08-26 13:24:06.076737,usd,Completed
ORD010158,CUST04764,2026-02-17 07:38:11.733270,USD,Completed
ORD010159,CUST03896,2026-04-08 14:47:08.687080,USD,Cancelled
ORD010160,CUST02445,2025-09-13 18:32:07.211737,USD,Completed
ORD010161,CUST00708,2025-11-21 17:21:51.555560,USD,Completed
ORD010162,CUST00980,2026-05-26 13:33:25.804195,USD,Completed
ORD010163,CUST02708,2025-11-22 23:23:26.055604,$,Completed
ORD010164,CUST04046,2026-05-30 00:12:47.550010,USD,Cancelled
ORD010165,CUST02843,2026-01-04 18:55:12.468985,USD,Refunded
ORD010166,CUST01334,2025-12-15 12:32:53.601260,USD,Completed
ORD010167,CUST04519,2026-03-30 13:59:03.831797,US$,Completed
ORD010168,CUST02882,2026-06-27 09:25:02.285840,USD,Completed
ORD010169,CUST04881,2025-11-16 18:48:10.086291,USD,Completed
ORD010170,CUST02889,2026-04-18 02:35:15.599212,$,Completed
ORD010171,CUST03210,2025-09-26 02:48:18.295924,USD,Completed
ORD010172,CUST04592,2025-08-07 06:18:09.196289,USD,Completed
ORD010173,CUST04724,2026-03-20 07:39:32.151643,USD,Cancelled
ORD010174,CUST01228,2025-08-31 12:21:01.039964,usd,Completed
ORD010175,CUST04580,2026-01-16 06:20:36.574944,usd,Completed
ORD010176,CUST03180,2026-05-05 16:50:31.962742,USD,Completed
ORD010177,CUST00803,2026-04-13 00:44:46.088223,USD,Completed
ORD010178,CUST02790,2026-04-07 04:33:58.231202,$,Cancelled
ORD010179,CUST01475,2025-09-12 23:54:16.001235,USD,Completed
ORD010180,CUST02553,2025-10-10 10:42:55.711322,usd,Completed
ORD010181,CUST01431,2025-09-02 08:39:59.190903,USD,Completed
ORD010182,CUST03484,2025-09-19 05:05:07.567602,USD,Completed
ORD010183,CUST00784,2025-07-10 14:59:51.553496,USD,Completed
ORD010184,CUST01914,2026-03-28 22:37:41.574194,USD,Completed
ORD010185,CUST01327,2026-01-21 09:09:19.489434,USD,Completed
ORD010186,CUST01142,2026-06-10 02:01:28.579519,US$,Completed
ORD010187,CUST02864,2026-04-05 17:38:59.535254,USD,Completed
ORD010188,CUST02407,2025-08-15 10:19:39.794617,US$,Completed
ORD010189,CUST03626,2026-04-10 00:14:08.883425,USD,Refunded
ORD010190,CUST04933,2026-03-16 01:04:08.692909,$,Completed
ORD010191,CUST04596,2026-04-27 19:55:06.087286,USD,Completed
ORD010192,CUST02152,2026-01-31 06:23:46.473863,USD,Completed
ORD010193,CUST02852,2026-05-31 08:11:25.738904,usd,Completed
ORD010194,CUST02940,2026-03-04 06:11:33.793179,US$,Completed
ORD010195,CUST02425,2025-12-04 22:18:53.223332,USD,Completed
ORD010196,CUST02315,2025-12-20 03:45:46.777895,USD,Completed
ORD010197,CUST02518,2025-07-16 01:24:35.636366,USD,Completed
ORD010198,CUST00052,2025-08-31 06:36:47.894662,USD,Completed
ORD010199,CUST04246,2026-06-20 10:17:09.066936,USD,Completed
ORD010200,CUST02862,2025-07-11 15:29:40.615650,US$,Completed
ORD010201,CUST03282,2025-09-02 13:59:04.752593,USD,Completed
ORD010202,CUST01097,2026-04-08 23:53:09.621372,USD,Cancelled
ORD010203,CUST01635,2025-07-02 21:40:08.842166,USD,Completed
ORD010204,CUST00278,2026-02-26 10:17:45.493057,USD,Completed
ORD010205,CUST04289,2026-03-31 00:53:49.681799,USD,Completed
ORD010206,CUST03914,2026-01-16 19:56:34.418547,US$,Completed
ORD010207,CUST01883,2026-01-29 13:11:06.677721,USD,Completed
ORD010208,CUST04767,2026-04-22 18:57:37.717493,USD,Completed
ORD010209,CUST04886,2026-06-13 15:26:18.795087,USD,Completed
ORD010210,CUST02576,2026-06-09 01:49:10.970272,USD,Completed
ORD010211,CUST01524,2026-06-29 10:31:20.611434,usd,Cancelled
ORD010212,CUST02474,2026-03-28 10:15:54.076433,USD,Completed
ORD010213,CUST03114,2025-12-03 19:10:50.872273,USD,Completed
ORD010214,CUST02279,2026-03-31 19:18:24.116144,USD,Completed
ORD010215,CUST03643,2025-11-29 07:08:11.661517,USD,Completed
ORD010216,CUST03073,2026-01-19 02:20:18.005797,usd,Completed
ORD010217,CUST02815,2026-05-11 07:34:04.686750,US$,Completed
ORD010218,CUST03632,2026-05-24 08:21:16.317428,USD,Completed
ORD010219,CUST03253,2026-01-15 07:08:13.883283,USD,Refunded
ORD010220,CUST00931,2025-07-05 12:53:11.666470,USD,Completed
ORD010221,CUST04243,2026-01-11 01:16:21.446501,USD,Completed
ORD010222,CUST01133,2026-03-25 00:43:46.116678,USD,Cancelled
ORD010223,CUST00964,2026-05-11 10:27:48.196754,USD,Completed
ORD010224,CUST04020,2025-09-20 19:56:01.613539,USD,Completed
ORD010225,CUST02032,2025-12-19 17:14:06.677165,USD,Completed
ORD010226,CUST01420,2026-04-16 09:55:38.518714,USD,Completed
ORD010227,CUST00671,2025-07-26 18:48:41.799794,USD,Completed
ORD010228,CUST04561,2025-11-19 19:34:10.503673,USD,Completed
ORD010229,CUST02195,2025-09-15 17:48:32.661494,USD,Completed
ORD010230,CUST02211,2025-10-07 21:47:40.446421,USD,Completed
ORD010231,CUST01059,2025-09-21 23:48:24.004290,USD,Completed
ORD010232,CUST03714,2025-09-27 13:38:08.504072,US$,Completed
ORD010233,CUST04589,2025-09-03 16:06:24.336032,USD,Completed
ORD010234,CUST03892,2025-08-08 12:55:59.158523,USD,Completed
ORD010235,CUST04818,2026-05-04 03:22:56.451920,US$,Completed
ORD010236,CUST01061,2026-02-17 12:38:37.632221,USD,Completed
ORD010237,CUST01525,2026-05-04 11:22:11.622773,usd,Completed
ORD010238,CUST02639,2026-01-08 12:32:29.625193,US$,Completed
ORD010239,CUST02152,2025-07-12 09:16:30.178609,US$,Completed
ORD010240,CUST00072,2026-02-24 18:47:17.372530,USD,Completed
ORD010241,CUST04081,2025-10-03 06:11:37.826654,USD,Completed
ORD010242,CUST04239,2026-04-15 08:13:35.455309,USD,Completed
ORD010243,CUST02206,2025-08-08 17:42:41.073053,usd,Completed
ORD010244,CUST02361,2026-01-13 20:57:43.897051,USD,Completed
ORD010245,CUST02537,2025-07-09 20:54:40.158629,USD,Completed
ORD010246,CUST01411,2026-05-18 22:02:13.480903,USD,Completed
ORD010247,CUST02609,2026-03-15 22:24:11.954879,US$,Completed
ORD010248,CUST03265,2025-08-07 15:09:22.821157,USD,Completed
ORD010249,CUST01079,2025-08-08 11:39:08.563185,$,Completed
ORD010250,CUST01428,2026-04-11 04:05:42.929718,USD,Completed
ORD010251,CUST01930,2026-04-30 01:38:02.666933,usd,Completed
ORD010252,CUST04287,2025-12-16 12:13:17.045391,USD,Refunded
ORD010253,CUST04168,2025-12-27 20:59:05.715946,US$,Cancelled
ORD010254,CUST01973,2026-02-26 13:49:48.319722,USD,Refunded
ORD010255,CUST02267,2025-10-14 10:45:34.779045,USD,Completed
ORD010256,CUST02949,2026-03-02 02:26:46.186979,US$,Completed
ORD010257,CUST01413,2026-04-21 05:03:23.460588,USD,Completed
ORD010258,CUST01648,2025-10-27 18:16:31.755291,$,Completed
ORD010259,CUST02640,2026-03-22 18:07:43.263872,USD,Completed
ORD010260,CUST04110,2025-12-14 13:05:16.476405,USD,Completed
ORD010261,CUST02484,2025-11-16 07:30:13.958521,USD,Cancelled
ORD010262,CUST01259,2025-09-06 13:19:40.692107,USD,Completed
ORD010263,CUST01081,2025-11-13 12:01:50.896894,USD,Completed
ORD010264,CUST02261,2025-09-30 13:08:25.336876,USD,Completed
ORD010265,CUST02403,2026-05-02 08:44:26.541054,US$,Completed
ORD010266,CUST00453,2026-05-29 21:02:56.260237,USD,Completed
ORD010267,CUST00672,2026-05-09 08:39:25.649575,USD,Cancelled
ORD010268,CUST04962,2026-06-11 01:12:48.952706,USD,Cancelled
ORD010269,CUST00147,2025-12-21 18:52:15.942282,US$,Completed
ORD010270,CUST04423,2026-04-04 13:14:47.624860,usd,Completed
ORD010271,CUST02041,2025-12-17 18:48:16.559923,USD,Completed
ORD010272,CUST00134,2026-04-17 05:08:57.588576,USD,Completed
ORD010273,CUST04867,2025-08-08 12:31:00.178300,USD,Completed
ORD010274,CUST03947,2025-10-24 09:50:05.170814,usd,Completed
ORD010275,CUST02197,2026-02-15 23:26:55.618271,USD,Completed
ORD010276,CUST01660,2025-09-27 00:57:46.630925,USD,Completed
ORD010277,CUST01483,2026-05-22 04:43:07.170396,$,Completed
ORD010278,CUST04211,2025-11-27 00:11:50.138375,USD,Completed
ORD010279,CUST00172,2025-08-16 14:31:42.387227,USD,Cancelled
ORD010280,CUST04396,2025-07-19 02:07:24.330673,US$,Completed
ORD010281,CUST01430,2026-04-04 21:52:20.775462,usd,Completed
ORD010282,CUST01364,2025-12-30 10:32:10.490476,USD,Completed
ORD010283,CUST02123,2026-04-04 12:45:00.096253,USD,Completed
ORD010284,CUST03211,2025-08-01 15:35:01.268339,US$,Completed
ORD010285,CUST04557,2026-02-19 08:51:52.121859,USD,Completed
ORD010286,CUST00668,2025-07-31 01:58:09.248092,USD,Completed
ORD010287,CUST04874,2025-11-02 05:04:12.907640,USD,Cancelled
ORD010288,CUST01367,2025-09-26 07:41:24.786818,USD ,Completed
ORD010289,CUST01570,2025-07-25 11:35:18.201319,USD,Completed
ORD010290,CUST02467,2025-09-03 22:59:01.323981,USD,Completed
ORD010291,CUST03238,2025-09-27 21:26:46.215144,USD,Completed
ORD010292,CUST03644,2026-03-08 03:07:53.834081,USD,Completed
ORD010293,CUST00769,2025-09-12 01:23:38.965739,usd,Completed
ORD010294,CUST01202,2026-04-25 10:21:18.682850,$,Cancelled
ORD010295,CUST01966,2025-10-07 10:04:40.582334,USD,Completed
ORD010296,CUST02606,2025-07-02 07:38:26.568912,usd,Completed
ORD010297,CUST01463,2026-02-04 16:47:29.511400,USD,Completed
ORD010298,CUST02927,2025-11-03 14:45:40.628907,US$,Completed
ORD010299,CUST01076,2026-01-10 00:02:18.696777,USD,Completed
ORD010300,CUST00421,2026-03-19 22:36:18.059709,US$,Refunded
ORD010301,CUST02765_DUP,2026-05-06 14:54:44.423764,$,Completed
ORD010302,CUST04034,2026-03-29 15:40:38.417747,US$,Completed
ORD010303,CUST01355,2025-08-02 09:12:50.959434,$,Completed
ORD010304,CUST01547_DUP,2026-05-30 02:51:04.881428,USD,Completed
ORD010305,CUST00261,2026-04-15 03:10:52.887133,USD,Completed
ORD010306,CUST02988,2026-04-22 14:10:29.322269,USD,Completed
ORD010307,CUST03588,2026-04-29 16:00:05.166569,US$,Completed
ORD010308,CUST01189,2026-02-11 16:14:29.469983,usd,Completed
ORD010309,CUST00428,2025-12-18 15:21:35.872373,USD,Completed
ORD010310,CUST04512,2025-10-24 20:50:41.479692,USD,Completed
ORD010311,CUST03725,2025-09-24 14:53:06.129599,USD,Cancelled
ORD010312,CUST03128,2025-07-20 04:34:52.513051,USD,Completed
ORD010313,CUST04160,2026-06-27 19:24:00.599682,USD,Completed
ORD010314,CUST03986,2026-01-07 19:04:14.832355,$,Completed
ORD010315,CUST02599,2025-08-29 15:07:30.802597,USD,Completed
ORD010316,CUST01906,2026-03-10 09:35:55.217492,USD,Completed
ORD010317,CUST01736,2025-08-02 14:47:57.919232,USD,Refunded
ORD010318,CUST00306,2025-11-04 23:23:32.469110,USD,Completed
ORD010319,CUST04851,2026-04-04 00:39:00.155570,$,Completed
ORD010320,CUST00459,2026-01-31 20:15:07.727420,USD,Completed
ORD010321,CUST02372,2025-12-05 18:05:31.028816,USD,Completed
ORD010322,CUST00859,2025-12-31 02:00:52.999693,$,Completed
ORD010323,CUST04297,2025-07-10 21:26:08.559912,USD,Completed
ORD010324,CUST00360,2025-07-26 11:51:39.227473,USD,Completed
ORD010325,CUST01268,2026-01-19 05:36:13.520658,USD,Completed
ORD010326,CUST04706,2025-07-28 14:48:38.529691,usd,Completed
ORD010327,CUST01310,2026-05-29 05:34:06.732824,USD,Completed
ORD010328,CUST03724,2025-12-13 06:34:28.351691,USD,Completed
ORD010329,CUST03686,2025-07-14 04:52:36.162941,usd,Cancelled
ORD010330,CUST03659,2025-11-19 13:47:19.902433,USD,Completed
ORD010331,CUST00187,2026-05-14 23:02:46.838846,USD,Completed
ORD010332,CUST02705,2026-01-24 00:11:31.379191,USD,Completed
ORD010333,CUST03766,2026-03-21 18:55:58.915400,US$,Completed
ORD010334,CUST03018,2025-07-15 06:08:06.124619,USD,Cancelled
ORD010335,CUST03714,2025-09-29 07:07:40.798273,usd,Completed
ORD010336,CUST02134,2025-11-13 22:42:28.948932,USD,Completed
ORD010337,CUST04163,2026-02-15 23:56:28.484875,USD,Completed
ORD010338,CUST04022,2025-11-21 00:31:25.517589,$,Completed
ORD010339,CUST04000,2025-08-16 09:32:00.531443,USD,Completed
ORD010340,CUST04221,2025-08-17 18:00:02.140883,USD,Completed
ORD010341,CUST01358,2026-02-23 06:12:04.804729,$,Refunded
ORD010342,CUST04716,2025-08-16 03:19:17.605287,US$,Completed
ORD010343,CUST00016,2025-09-30 16:49:30.578114,$,Completed
ORD010344,CUST01757,2025-10-11 17:48:33.935806,USD,Completed
ORD010345,CUST04370,2025-11-12 17:33:28.397567,USD,Refunded
ORD010346,CUST02623,2025-08-04 21:01:43.024155,usd,Completed
ORD010347,CUST00150,2026-02-16 03:33:51.245400,USD ,Completed
ORD010348,CUST01591,2026-06-10 04:43:46.241984,USD,Completed
ORD010349,CUST04175,2026-06-07 00:00:26.723464,$,Cancelled
ORD010350,CUST01560,2026-04-21 20:51:26.457214,usd,Completed
ORD010351,CUST00864,2025-10-08 21:42:39.387416,US$,Completed
ORD010352,CUST01803,2026-02-18 02:05:32.745422,USD,Cancelled
ORD010353,CUST04680,2026-01-08 09:20:29.417171,USD,Completed
ORD010354,CUST02217,2025-10-21 12:33:42.931599,USD,Completed
ORD010355,CUST04469,2026-05-18 19:42:45.687955,USD,Completed
ORD010356,CUST04085,2025-12-23 03:47:09.102015,usd,Completed
ORD010357,CUST04638,2026-02-14 12:47:51.723030,USD,Completed
ORD010358,CUST01454,2026-03-04 16:19:42.265411,USD,Completed
ORD010359,CUST03941,2026-05-17 11:57:17.529285,USD,Completed
ORD010360,CUST01174,2025-07-16 07:18:47.565479,$,Completed
ORD010361,CUST04711,2025-12-19 06:01:37.898378,US$,Completed
ORD010362,CUST04735,2026-03-14 21:40:47.472538,USD,Completed
ORD010363,CUST01463,2025-09-26 13:34:24.134790,USD,Cancelled
ORD010364,CUST03769,2025-07-07 14:54:02.963141,USD,Cancelled
ORD010365,CUST00331,2025-09-05 12:26:31.632665,usd,Completed
ORD010366,CUST03175,2025-11-07 17:34:21.013081,USD,Cancelled
ORD010367,CUST02109,2026-03-20 08:53:41.931426,USD,Completed
ORD010368,CUST03832,2026-06-26 16:47:23.956523,USD,Completed
ORD010369,CUST04406,2025-09-13 14:36:50.695327,usd,Completed
ORD010370,CUST02101,2026-01-30 17:54:12.832999,USD,Completed
ORD010371,CUST00527,2025-10-01 21:01:43.123088,USD,Completed
ORD010372,CUST00347,2026-04-25 09:13:12.330871,USD,Completed
ORD010373,CUST01364,2025-12-19 23:11:28.044877,USD,Refunded
ORD010374,CUST02646,2025-11-01 02:38:27.656267,USD,Completed
ORD010375,CUST00121,2026-01-02 12:37:29.966560,usd,Refunded
ORD010376,CUST00381,2025-11-05 12:26:28.360240,USD,Completed
ORD010377,CUST04122,2025-11-23 21:18:47.819372,USD,Completed
ORD010378,CUST00136,2025-07-25 15:29:02.834941,USD,Completed
ORD010379,CUST03895,2026-02-13 21:47:22.575817,$,Cancelled
ORD010380,CUST01473,2026-02-23 21:54:30.920830,USD,Cancelled
ORD010381,CUST03051,2025-08-27 18:10:26.618464,USD,Completed
ORD010382,CUST01377,2025-07-12 04:23:49.382402,USD,Cancelled
ORD010383,CUST01206,2026-01-12 03:56:10.328955,USD,Completed
ORD010384,CUST02183,2026-05-08 13:25:29.021000,USD,Completed
ORD010385,CUST03163,2026-06-04 12:30:56.814756,USD,Completed
ORD010386,CUST04442,2026-03-16 23:07:04.695653,USD,Completed
ORD010387,CUST02994,2026-01-31 14:45:51.969432,usd,Completed
ORD010388,CUST03811,2025-12-01 07:05:52.761766,USD,Completed
ORD010389,CUST04685,2025-09-09 21:24:10.952483,USD,Completed
ORD010390,CUST00218,2026-04-23 19:43:42.407061,USD,Completed
ORD010391,CUST02468,2026-04-07 19:14:24.122442,$,Cancelled
ORD010392,CUST02715,2026-03-04 10:17:39.346283,USD,Completed
ORD010393,CUST00500,2026-03-20 19:30:33.917808,USD,Completed
ORD010394,CUST01903,2025-10-13 09:28:04.084300,USD,Completed
ORD010395,CUST03578,2025-10-26 18:21:03.135939,usd,Completed
ORD010396,CUST04012,2025-12-22 09:34:36.587795,USD,Completed
ORD010397,CUST03282,2025-07-29 05:10:20.784191,usd,Completed
ORD010398,CUST04628,2025-08-03 18:47:02.252479,USD,Completed
ORD010399,CUST01582,2026-05-14 20:32:15.459798,USD,Completed
ORD010400,CUST01978,2026-05-25 05:41:07.145319,usd,Completed
ORD010401,CUST04455,2026-03-19 03:00:36.351126,$,Completed
ORD010402,CUST00106,2026-03-30 15:24:50.663640,USD,Completed
ORD010403,CUST03858,2025-09-22 05:05:12.751714,USD,Refunded
ORD010404,CUST00958,2025-12-07 11:49:36.469226,USD ,Completed
ORD010405,CUST01282,2026-03-08 08:06:33.079317,usd,Completed
ORD010406,CUST02050,2025-10-11 02:55:06.394062,USD,Completed
ORD010407,CUST00391,2026-03-20 16:38:04.449032,USD,Completed
ORD010408,CUST02603,2026-02-27 20:50:52.752267,USD,Completed
ORD010409,CUST01630,2025-07-19 07:06:59.228487,USD,Completed
ORD010410,CUST01319,2025-08-29 09:41:24.738116,USD,Completed
ORD010411,CUST02385,2026-04-13 01:04:38.013732,US$,Completed
ORD010412,CUST02868,2026-06-23 15:52:08.478043,usd,Completed
ORD010413,CUST02320,2026-04-29 06:50:00.158329,$,Cancelled
ORD010414,CUST03635,2025-08-05 05:06:19.858337,USD,Completed
ORD010415,CUST04913,2025-09-17 20:06:19.321583,US$,Completed
ORD010416,CUST03588,2026-06-14 13:13:03.864938,US$,Completed
ORD010417,CUST03766,2025-09-17 15:21:38.464341,$,Completed
ORD010418,CUST02555,2025-08-18 15:40:07.907178,USD,Cancelled
ORD010419,CUST04572,2026-06-28 14:50:10.076845,USD,Completed
ORD010420,CUST04734,2026-01-15 03:02:05.714164,usd,Completed
ORD010421,CUST00048,2026-01-20 00:01:32.562349,USD,Completed
ORD010422,CUST01792,2025-11-21 03:31:35.362294,USD,Completed
ORD010423,CUST04358,2025-08-30 12:51:42.492841,US$,Completed
ORD010424,CUST03079,2025-08-24 05:34:19.879039,USD,Completed
ORD010425,CUST02599,2026-05-28 16:04:07.524750,$,Completed
ORD010426,CUST01674,2025-08-06 18:43:14.260677,$,Completed
ORD010427,CUST04242,2025-07-19 04:58:49.792419,US$,Completed
ORD010428,CUST00239,2026-06-04 01:55:39.863268,USD,Completed
ORD010429,CUST00629,2025-08-01 23:18:16.819435,USD,Completed
ORD010430,CUST01322,2026-05-03 06:26:03.017007,US$,Completed
ORD010431,CUST04550,2025-10-10 10:35:45.697581,USD,Completed
ORD010432,CUST00615,2025-10-04 12:18:40.729276,USD,Refunded
ORD010433,CUST03185,2026-04-29 17:16:26.522859,USD,Completed
ORD010434,CUST00837,2026-04-26 12:39:25.117330,USD,Completed
ORD010435,CUST03435,2026-05-20 03:43:32.331685,USD,Refunded
ORD010436,CUST04158,2025-11-28 05:50:43.755295,US$,Completed
ORD010437,CUST03992,2026-04-13 20:30:53.843148,USD,Completed
ORD010438,CUST01505,2026-01-24 05:12:52.228282,US$,Completed
ORD010439,CUST00230,2026-03-08 04:58:14.093737,usd,Completed
ORD010440,CUST01375,2026-01-15 08:58:32.614352,USD,Completed
ORD010441,CUST00479,2026-04-13 11:02:03.704995,USD,Completed
ORD010442,CUST00382,2026-04-03 23:05:49.553491,USD,Completed
ORD010443,CUST01284,2026-02-28 05:56:58.229719,USD,Completed
ORD010444,CUST01258,2025-10-01 19:42:35.595471,USD,Cancelled
ORD010445,CUST03255,2026-01-01 11:00:03.510798,USD,Completed
ORD010446,CUST03822,2025-11-19 04:52:07.706069,USD,Completed
ORD010447,CUST00799,2025-10-15 09:07:30.900006,USD,Completed
ORD010448,CUST02184,2025-09-02 18:24:35.627949,USD,Completed
ORD010449,CUST03896,2026-04-12 08:41:11.866155,USD,Completed
ORD010450,CUST03407,2025-08-02 19:27:49.815061,US$,Completed
ORD010451,CUST02113,2026-04-09 02:00:10.846620,USD,Completed
ORD010452,CUST00834,2025-08-27 00:53:19.632401,usd,Completed
ORD010453,CUST04053,2025-10-18 22:38:20.763211,USD,Completed
ORD010454,CUST00817,2026-06-27 06:49:59.111388,USD,Completed
ORD010455,CUST00560,2025-11-18 16:14:21.256073,USD,Completed
ORD010456,CUST02227,2026-05-05 04:35:09.814682,USD ,Completed
ORD010457,CUST02870,2026-05-08 02:52:32.020865,USD,Completed
ORD010458,CUST00747,2025-09-23 02:15:11.192314,$,Completed
ORD010459,CUST03058,2025-12-28 00:24:21.948653,$,Completed
ORD010460,CUST02843,2025-12-19 13:29:27.490448,USD,Cancelled
ORD010461,CUST01754,2025-09-16 11:30:11.969529,USD,Completed
ORD010462,CUST00813,2025-07-25 01:41:33.576075,USD,Completed
ORD010463,CUST01431,2026-03-27 21:41:09.499997,USD,Completed
ORD010464,CUST04984,2025-11-02 12:38:52.328227,USD,Completed
ORD010465,CUST02783,2026-01-23 23:53:06.502496,USD,Completed
ORD010466,CUST02629,2026-06-07 17:12:40.951367,USD,Cancelled
ORD010467,CUST02756,2025-11-19 20:33:52.300924,USD,Cancelled
ORD010468,CUST00964,2025-08-04 14:44:50.542475,USD,Cancelled
ORD010469,CUST01513,2025-10-13 00:01:07.170635,$,Completed
ORD010470,CUST02205,2025-11-20 07:13:39.061504,US$,Completed
ORD010471,CUST04671,2026-05-19 15:50:08.936791,US$,Cancelled
ORD010472,CUST00098,2026-05-22 07:17:08.644916,USD,Completed
ORD010473,CUST04724,2025-11-20 05:54:20.118374,USD,Completed
ORD010474,CUST02060,2025-10-02 20:03:52.887344,usd,Completed
ORD010475,CUST03608,2025-08-29 22:19:51.075816,USD,Completed
ORD010476,CUST03619,2026-03-05 09:36:14.751500,USD,Completed
ORD010477,CUST04617,2026-04-21 14:47:55.650941,USD,Completed
ORD010478,CUST00660,2026-02-20 16:09:58.113251,USD,Completed
ORD010479,CUST03283,2026-02-16 10:44:33.115725,USD,Completed
ORD010480,CUST03956,2025-07-23 11:21:18.006197,USD,Completed
ORD010481,CUST04988,2025-10-23 09:36:18.210039,USD,Completed
ORD010482,CUST00316,2025-09-07 13:09:28.100571,USD,Completed
ORD010483,CUST01116,2026-01-23 19:53:24.383531,USD,Refunded
ORD010484,CUST00913,2026-03-20 18:24:26.766924,USD,Completed
ORD010485,CUST00124,2025-09-14 14:28:35.688671,USD,Completed
ORD010486,CUST02916,2026-03-20 04:33:13.864744,USD,Completed
ORD010487,CUST01494,2025-07-02 16:26:30.075581,USD,Cancelled
ORD010488,CUST00933_DUP,2026-02-03 19:41:59.266792,USD,Completed
ORD010489,CUST02662,2026-06-20 08:03:00.379453,usd,Completed
ORD010490,CUST02464,2026-04-13 01:59:06.573817,USD,Completed
ORD010491,CUST04675,2026-01-12 04:03:00.266711,USD,Completed
ORD010492,CUST01835,2025-09-13 20:34:00.894865,US$,Completed
ORD010493,CUST00279,2025-11-25 06:04:48.927788,usd,Completed
ORD010494,CUST04861,2025-08-11 07:18:07.411648,USD,Completed
ORD010495,CUST00525,2025-10-29 11:20:32.883698,USD,Completed
ORD010496,CUST02459,2025-10-22 01:36:54.784551,US$,Refunded
ORD010497,CUST03328,2025-09-20 06:37:49.474364,USD,Completed
ORD010498,CUST04427,2025-10-04 22:36:08.732613,usd,Completed
ORD010499,CUST02075,2026-01-17 19:31:32.084486,USD,Completed
ORD010500,CUST00049,2025-08-04 11:22:31.989533,USD,Completed
ORD010501,CUST02154,2026-05-12 15:28:22.191805,USD,Completed
ORD010502,CUST00860,2026-04-28 12:50:14.299083,USD,Completed
ORD010503,CUST00659,2025-08-14 19:01:57.692061,USD,Completed
ORD010504,CUST00537,2025-10-21 06:02:01.355388,US$,Completed
ORD010505,CUST02153,2025-11-23 08:03:08.538481,USD,Completed
ORD010506,CUST00626,2026-06-15 02:34:27.976089,usd,Completed
ORD010507,CUST04847,2026-03-06 14:58:18.415245,$,Completed
ORD010508,CUST01471,2026-01-30 00:22:01.276543,USD,Completed
ORD010509,CUST04387,2026-03-13 10:51:30.327080,usd,Completed
ORD010510,CUST02951,2026-02-24 01:41:23.579432,USD ,Completed
ORD010511,CUST02622,2025-07-06 03:15:39.555403,USD,Completed
ORD010512,CUST04925,2025-07-19 11:25:39.050751,USD,Refunded
ORD010513,CUST04191,2025-12-26 14:11:12.656270,US$,Completed
ORD010514,CUST03435,2025-09-04 00:05:57.623119,USD,Completed
ORD010515,CUST03315,2026-01-12 04:26:14.891036,USD,Completed
ORD010516,CUST04499,2025-08-12 00:56:55.140947,$,Cancelled
ORD010517,CUST04536,2026-04-08 13:45:13.901789,USD,Completed
ORD010518,CUST03890,2026-06-25 00:47:03.183351,USD,Completed
ORD010519,CUST03889,2025-10-13 02:51:30.463736,USD,Refunded
ORD010520,CUST02646,2026-01-10 06:09:25.120273,USD,Completed
ORD010521,CUST03908,2026-02-24 11:10:03.198149,$,Completed
ORD010522,CUST03251,2025-12-25 00:48:18.431179,USD,Completed
ORD010523,CUST02801,2026-03-05 05:47:11.595398,usd,Completed
ORD010524,CUST04158,2026-01-10 09:15:19.658912,USD,Completed
ORD010525,CUST03058,2025-09-23 20:39:23.413850,US$,Completed
ORD010526,CUST01898,2026-02-21 02:21:13.240735,$,Completed
ORD010527,CUST02992,2025-09-21 17:20:04.909607,USD,Refunded
ORD010528,CUST00582,2026-06-12 00:37:19.276031,usd,Completed
ORD010529,CUST02981,2025-07-12 07:48:39.203508,USD,Completed
ORD010530,CUST00692,2025-09-05 00:37:15.135679,$,Completed
ORD010531,CUST03137,2025-09-15 11:38:18.201598,USD,Completed
ORD010532,CUST04625,2025-10-29 17:07:51.641424,USD,Completed
ORD010533,CUST03011,2026-02-09 18:53:14.343279,USD,Refunded
ORD010534,CUST04816,2026-05-19 05:40:15.250034,USD,Completed
ORD010535,CUST02669,2025-10-23 21:03:48.102602,USD,Completed
ORD010536,CUST00836,2026-02-27 19:30:50.254003,USD,Completed
ORD010537,CUST02274,2025-10-11 09:30:29.320379,$,Cancelled
ORD010538,CUST00321,2025-09-02 06:07:40.389612,USD,Completed
ORD010539,CUST02532,2025-12-18 00:17:00.959594,USD,Completed
ORD010540,CUST01317,2026-01-11 00:56:01.557535,USD,Completed
ORD010541,CUST04414,2026-04-26 12:46:48.828724,USD,Completed
ORD010542,CUST01843,2025-10-28 20:14:57.916821,USD,Completed
ORD010543,CUST04764,2026-06-13 14:44:14.498553,USD,Completed
ORD010544,CUST02340,2025-11-29 12:49:32.956488,USD,Cancelled
ORD010545,CUST01349,2025-12-27 19:00:28.135622,USD,Cancelled
ORD010546,CUST01425,2025-07-27 21:52:01.833926,usd,Cancelled
ORD010547,CUST03227,2026-01-11 23:58:38.126096,USD,Completed
ORD010548,CUST02120,2026-01-06 09:09:54.504679,USD,Completed
ORD010549,CUST00719,2026-02-16 07:06:16.727843,USD,Completed
ORD010550,CUST01243,2025-09-22 15:52:19.089337,US$,Cancelled
ORD010551,CUST00001,2025-10-13 08:12:42.863547,USD,Completed
ORD010552,CUST01375,2025-11-27 01:49:46.271775,usd,Completed
ORD010553,CUST00738,2026-01-05 11:57:39.205795,USD,Completed
ORD010554,CUST04190,2025-08-02 09:27:23.073491,US$,Completed
ORD010555,CUST02527,2026-06-23 09:06:09.789882,USD,Cancelled
ORD010556,CUST04755,2026-04-29 11:56:25.108606,US$,Completed
ORD010557,CUST01177,2026-04-21 20:00:17.442585,$,Completed
ORD010558,CUST03392,2025-10-31 17:09:09.222342,USD,Completed
ORD010559,CUST04989,2026-05-28 12:12:38.231376,usd,Cancelled
ORD010560,CUST01326,2026-01-09 10:19:18.430459,USD,Completed
ORD010561,CUST01263,2025-09-22 07:36:40.180360,USD,Completed
ORD010562,CUST00954,2025-08-05 20:50:36.099010,USD,Completed
ORD010563,CUST01662,2026-03-03 09:12:03.259868,USD,Refunded
ORD010564,CUST01281,2026-02-22 05:31:14.670493,$,Completed
ORD010565,CUST04853,2025-11-02 16:17:56.971243,USD,Completed
ORD010566,CUST03231,2026-02-17 22:51:24.666887,$,Completed
ORD010567,CUST02365,2026-02-15 11:09:19.227010,USD,Completed
ORD010568,CUST01556,2025-07-05 17:46:24.161854,USD,Completed
ORD010569,CUST00397,2026-03-26 02:43:30.578579,usd,Completed
ORD010570,CUST00365,2025-10-30 14:39:30.179749,USD,Completed
ORD010571,CUST02406,2026-02-16 00:46:40.571545,USD,Completed
ORD010572,CUST01811,2026-05-12 04:40:42.137568,USD,Completed
ORD010573,CUST03075,2026-01-20 11:19:05.131467,USD,Completed
ORD010574,CUST02650,2026-01-11 01:07:25.908409,USD,Completed
ORD010575,CUST01657,2026-06-21 22:20:20.875510,USD,Completed
ORD010576,CUST01679,2025-07-28 03:55:23.268688,USD,Completed
ORD010577,CUST01854,2025-09-16 04:30:26.255940,USD,Completed
ORD010578,CUST01418,2025-10-08 13:46:35.004609,USD,Completed
ORD010579,CUST00586,2025-10-14 07:23:40.441344,USD,Completed
ORD010580,CUST01813,2025-09-25 23:00:40.155002,USD,Completed
ORD010581,CUST00873,2026-03-28 11:16:24.731012,USD,Completed
ORD010582,CUST03346,2025-12-21 21:08:39.330074,USD,Completed
ORD010583,CUST04733,2025-07-30 03:25:16.350806,USD,Cancelled
ORD010584,CUST01554,2026-03-31 15:03:38.381464,USD,Completed
ORD010585,CUST01579,2025-10-17 20:19:05.310123,$,Completed
ORD010586,CUST04335,2026-01-22 13:59:37.762779,USD,Completed
ORD010587,CUST04307,2025-11-02 08:09:42.497382,USD,Completed
ORD010588,CUST03385,2026-04-09 15:53:44.243944,USD,Completed
ORD010589,CUST02915,2025-09-16 05:42:15.365443,USD,Refunded
ORD010590,CUST00558,2026-04-30 20:47:51.501315,USD,Completed
ORD010591,CUST04643,2025-12-29 14:26:09.193764,US$,Completed
ORD010592,CUST04851,2025-09-24 00:19:08.036552,usd,Completed
ORD010593,CUST02635,2026-02-11 16:39:10.278148,USD,Cancelled
ORD010594,CUST04725,2026-06-07 08:01:28.322701,USD,Cancelled
ORD010595,CUST00688,2025-10-20 02:04:29.788155,usd,Completed
ORD010596,CUST02225,2025-12-22 00:20:22.326152,USD,Completed
ORD010597,CUST02759,2025-09-05 11:11:02.649015,usd,Completed
ORD010598,CUST02376,2025-12-04 03:47:09.396950,$,Completed
ORD010599,CUST04813,2025-08-27 17:01:19.403687,USD,Completed
ORD010600,CUST01211,2026-04-18 05:53:06.165403,usd,Completed
ORD010601,CUST01121,2025-08-13 17:45:53.269722,USD,Completed
ORD010602,CUST04132,2026-04-01 19:13:22.151666,USD,Completed
ORD010603,CUST03704,2026-02-15 23:37:14.663124,USD,Completed
ORD010604,CUST03519,2026-05-30 16:10:55.123839,USD,Completed
ORD010605,CUST01077,2026-04-04 21:49:47.796045,USD,Cancelled
ORD010606,CUST00814,2026-01-18 20:20:48.499905,US$,Completed
ORD010607,CUST02346,2026-04-28 23:39:24.640280,USD,Completed
ORD010608,CUST03863,2026-03-31 00:44:59.252836,USD,Completed
ORD010609,CUST00496,2026-06-22 20:16:22.626007,USD,Completed
ORD010610,CUST02570,2025-07-03 14:52:38.741201,USD,Completed
ORD010611,CUST02713,2025-07-05 01:47:18.635597,usd,Cancelled
ORD010612,CUST04238,2025-08-12 04:13:53.795523,USD,Completed
ORD010613,CUST01355,2025-10-31 07:34:09.039741,USD,Cancelled
ORD010614,CUST02640,2026-01-07 19:17:13.061504,US$,Completed
ORD010615,CUST00776,2026-04-02 17:59:12.783015,USD,Completed
ORD010616,CUST03136,2025-08-10 19:09:18.970660,USD,Completed
ORD010617,CUST01177,2026-02-04 17:27:40.445887,USD,Completed
ORD010618,CUST03371,2025-08-05 03:46:07.685484,usd,Completed
ORD010619,CUST03815,2026-04-12 17:01:58.985837,USD ,Completed
ORD010620,CUST02058,2025-11-28 08:39:47.930743,USD,Completed
ORD010621,CUST01161,2026-04-19 11:29:17.634905,usd,Completed
ORD010622,CUST04297,2025-12-07 03:58:07.697768,$,Refunded
ORD010623,CUST01540,2025-08-15 11:45:36.113512,$,Completed
ORD010624,CUST04717,2025-07-24 07:39:41.366960,USD,Completed
ORD010625,CUST02735,2025-08-24 12:22:31.858005,USD,Completed
ORD010626,CUST01137,2025-09-29 12:10:31.173858,USD,Completed
ORD010627,CUST00191,2026-05-03 03:50:36.581468,USD,Completed
ORD010628,CUST00060,2026-05-22 11:25:03.224303,USD,Completed
ORD010629,CUST01063,2026-06-27 04:30:54.658726,USD,Completed
ORD010630,CUST01394,2026-06-18 06:05:22.833533,USD,Completed
ORD010631,CUST01292,2026-03-14 22:52:15.281114,USD,Completed
ORD010632,CUST01770,2026-06-24 18:36:02.391573,USD,Completed
ORD010633,CUST03234,2025-07-18 23:45:54.640261,usd,Completed
ORD010634,CUST01045,2025-11-21 20:52:26.099792,USD,Completed
ORD010635,CUST01706,2026-05-25 04:49:15.538180,USD,Completed
ORD010636,CUST01931,2025-08-23 22:22:24.726634,$,Completed
ORD010637,CUST01122,2025-10-23 09:22:32.647012,US$,Completed
ORD010638,CUST00024,2025-08-12 07:37:47.483966,USD,Cancelled
ORD010639,CUST03366,2026-06-02 18:59:25.317709,USD,Completed
ORD010640,CUST00245,2025-10-07 04:25:34.201314,USD,Completed
ORD010641,CUST04934,2026-02-22 06:12:28.860343,$,Completed
ORD010642,CUST00698,2025-07-05 17:27:41.251997,USD,Completed
ORD010643,CUST00506,2025-09-03 18:34:47.937804,USD,Completed
ORD010644,CUST00358,2026-06-18 05:28:57.978855,US$,Completed
ORD010645,CUST00161,2025-07-25 17:36:32.565224,USD,Completed
ORD010646,CUST01785,2026-05-24 03:29:39.213742,USD,Completed
ORD010647,CUST04784,2026-06-07 11:16:11.720282,USD,Completed
ORD010648,CUST04813,2026-04-13 18:51:45.704129,US$,Completed
ORD010649,CUST02083,2025-07-23 14:00:52.175599,USD,Completed
ORD010650,CUST03350,2025-07-11 10:35:41.161654,USD,Completed
ORD010651,CUST04334,2025-07-25 08:22:51.159733,$,Completed
ORD010652,CUST03312,2026-04-08 00:01:04.426518,USD,Completed
ORD010653,CUST03214,2025-11-13 16:28:35.437530,USD,Completed
ORD010654,CUST02484,2025-09-08 12:57:06.088248,USD,Completed
ORD010655,CUST03805,2026-04-18 20:02:34.342665,USD,Completed
ORD010656,CUST03831,2025-08-24 07:53:29.313002,USD,Completed
ORD010657,CUST02403,2026-01-31 04:18:03.254351,USD,Completed
ORD010658,CUST01437,2025-07-18 19:01:26.241162,USD,Completed
ORD010659,CUST00709,2025-10-02 02:55:23.778335,USD,Completed
ORD010660,CUST02946,2026-05-22 16:34:08.999300,USD,Completed
ORD010661,CUST03615,2025-08-31 15:59:01.778830,USD,Completed
ORD010662,CUST01533,2026-04-09 04:07:06.285710,usd,Completed
ORD010663,CUST03477,2026-03-22 10:22:26.320023,USD,Completed
ORD010664,CUST02911,2025-07-05 19:38:10.194583,USD,Completed
ORD010665,CUST00839,2026-03-10 00:21:00.188147,$,Completed
ORD010666,CUST03688,2026-06-09 23:48:04.009662,USD,Completed
ORD010667,CUST00179,2025-08-07 14:44:53.356395,usd,Completed
ORD010668,CUST02607,2026-04-02 19:08:46.557914,USD,Completed
ORD010669,CUST01806,2025-11-08 04:21:31.140767,USD,Completed
ORD010670,CUST02375,2025-09-08 20:56:41.901797,USD,Completed
ORD010671,CUST01747,2025-09-01 09:04:18.275065,USD,Completed
ORD010672,CUST00557,2026-03-01 06:32:30.002449,$,Completed
ORD010673,CUST02878,2025-07-10 12:05:40.139203,USD,Completed
ORD010674,CUST01640,2025-11-10 01:55:15.266129,USD,Cancelled
ORD010675,CUST03834,2026-05-07 00:36:29.750705,USD,Completed
ORD010676,CUST03559,2025-09-19 03:39:47.287388,USD,Completed
ORD010677,CUST04173,2025-11-24 19:46:58.810088,USD,Cancelled
ORD010678,CUST03532,2026-01-03 13:46:35.052740,USD ,Completed
ORD010679,CUST03182,2025-11-10 16:07:08.437524,US$,Cancelled
ORD010680,CUST04807,2026-03-30 07:31:42.142337,USD ,Completed
ORD010681,CUST04541,2026-04-04 02:43:35.278861,USD,Completed
ORD010682,CUST00234,2025-09-04 06:07:15.571027,USD,Completed
ORD010683,CUST04180,2025-10-11 18:08:59.979442,$,Refunded
ORD010684,CUST00843,2026-03-25 04:30:16.797801,$,Completed
ORD010685,CUST02556,2025-07-13 02:04:49.978167,USD,Completed
ORD010686,CUST04643,2025-08-07 04:39:33.237192,USD,Completed
ORD010687,CUST03345,2026-04-25 14:23:18.636052,USD,Completed
ORD010688,CUST00173,2025-09-28 05:10:26.034225,USD,Completed
ORD010689,CUST03243,2026-04-26 23:34:08.131075,USD,Cancelled
ORD010690,CUST02844,2025-09-30 22:01:55.640776,$,Completed
ORD010691,CUST00794,2026-01-21 15:50:39.026800,USD,Cancelled
ORD010692,CUST04876,2026-04-10 22:37:38.365984,USD,Completed
ORD010693,CUST04270,2025-07-18 22:20:32.489705,USD,Completed
ORD010694,CUST03123,2026-04-06 09:25:55.863277,US$,Completed
ORD010695,CUST04545,2025-07-18 16:12:25.811827,USD,Completed
ORD010696,CUST03998,2026-02-17 10:31:03.121598,USD,Completed
ORD010697,CUST01033,2025-10-27 15:58:13.506110,USD,Cancelled
ORD010698,CUST00649,2025-08-20 08:04:58.951532,usd,Cancelled
ORD010699,CUST04154,2025-11-18 18:45:19.097035,USD,Completed
ORD010700,CUST03326,2026-03-15 09:45:57.689618,USD,Completed
ORD010701,CUST01525,2025-10-06 09:35:46.281708,USD,Completed
ORD010702,CUST00567,2026-06-24 06:38:47.269211,usd,Completed
ORD010703,CUST03945,2026-06-26 12:23:37.536366,USD,Completed
ORD010704,CUST02177,2026-03-15 14:15:10.819239,USD,Completed
ORD010705,CUST03322,2025-10-19 15:03:28.592308,US$,Completed
ORD010706,CUST00551,2026-03-04 06:54:05.086762,USD,Cancelled
ORD010707,CUST03666,2025-09-19 15:58:00.898541,USD,Completed
ORD010708,CUST01074,2026-03-21 22:01:31.872133,USD,Completed
ORD010709,CUST00864,2026-05-05 09:22:23.950403,USD,Completed
ORD010710,CUST03882,2025-07-13 19:49:23.897245,usd,Completed
ORD010711,CUST03701,2026-04-09 03:29:34.417848,USD,Completed
ORD010712,CUST00987,2025-11-10 07:27:59.266457,$,Completed
ORD010713,CUST00293,2026-01-23 13:06:34.354184,US$,Completed
ORD010714,CUST02452,2025-10-13 01:25:48.450553,USD,Completed
ORD010715,CUST00504,2025-08-27 01:45:53.123588,USD,Completed
ORD010716,CUST01675,2026-04-21 02:43:06.277802,USD ,Completed
ORD010717,CUST03628,2026-04-30 22:51:23.014506,USD,Cancelled
ORD010718,CUST00471,2026-03-03 21:00:13.704124,USD,Completed
ORD010719,CUST03237,2026-04-26 09:34:48.656862,USD,Completed
ORD010720,CUST00583,2025-10-06 21:23:49.718425,USD,Completed
ORD010721,CUST03727,2026-01-05 08:35:56.176527,US$,Completed
ORD010722,CUST04640,2026-02-26 20:05:01.430817,USD,Completed
ORD010723,CUST01715,2026-05-16 23:44:28.282877,USD,Completed
ORD010724,CUST02466,2025-09-14 18:47:14.573362,$,Completed
ORD010725,CUST01553,2026-04-12 11:26:03.699973,USD,Completed
ORD010726,CUST00780,2026-06-14 20:22:02.589650,USD,Completed
ORD010727,CUST03632,2025-11-13 23:41:36.011284,USD,Cancelled
ORD010728,CUST04753,2026-03-22 09:42:39.929380,USD,Completed
ORD010729,CUST00847,2025-08-06 18:37:37.488943,USD,Completed
ORD010730,CUST00176,2026-05-14 05:13:58.487012,$,Completed
ORD010731,CUST00052,2026-01-31 22:58:23.251545,USD,Completed
ORD010732,CUST02083,2025-09-02 18:40:43.822447,usd,Completed
ORD010733,CUST04560,2026-01-19 11:52:05.463769,US$,Completed
ORD010734,CUST01065,2025-12-26 06:18:47.369029,USD,Completed
ORD010735,CUST03351,2025-08-10 00:39:11.498016,USD,Completed
ORD010736,CUST00723,2026-02-15 15:36:50.833850,USD,Completed
ORD010737,CUST01917,2025-08-07 18:02:40.447690,usd,Completed
ORD010738,CUST00069,2025-07-14 21:13:43.623627,usd,Completed
ORD010739,CUST00185,2025-12-12 07:03:19.112552,US$,Completed
ORD010740,CUST04358,2026-01-21 06:40:30.898512,US$,Completed
ORD010741,CUST02841,2025-07-28 22:13:22.486984,USD,Completed
ORD010742,CUST02698,2026-01-26 17:02:43.980073,USD,Completed
ORD010743,CUST01083,2026-04-05 16:30:35.350279,USD,Completed
ORD010744,CUST03104,2026-05-28 18:49:58.061016,USD,Completed
ORD010745,CUST04539,2025-08-07 17:49:15.206109,USD ,Completed
ORD010746,CUST03554,2025-07-22 08:32:40.489980,US$,Completed
ORD010747,CUST01449,2026-05-07 06:22:10.437615,USD,Completed
ORD010748,CUST02325,2026-01-28 05:01:41.786864,USD,Completed
ORD010749,CUST01007,2026-02-01 05:49:17.783016,usd,Completed
ORD010750,CUST03323,2026-01-29 03:18:36.113008,USD,Completed
ORD010751,CUST01178,2026-02-15 22:59:30.988064,USD,Completed
ORD010752,CUST04561,2026-04-21 19:42:06.505695,USD,Completed
ORD010753,CUST02267,2025-12-10 07:03:22.361257,USD,Completed
ORD010754,CUST04014,2026-01-27 14:37:31.107047,USD,Completed
ORD010755,CUST04251,2025-10-02 12:30:39.198242,USD,Completed
ORD010756,CUST02834,2025-08-10 21:03:51.092279,USD ,Completed
ORD010757,CUST01877,2025-12-22 02:32:49.216527,USD,Completed
ORD010758,CUST01727,2025-08-21 20:59:08.997107,USD,Completed
ORD010759,CUST03738,2026-06-22 15:08:31.971227,USD,Completed
ORD010760,CUST04273,2025-09-12 04:03:31.851108,USD,Completed
ORD010761,CUST04176,2026-06-01 23:57:13.162550,US$,Completed
ORD010762,CUST01588,2026-03-01 20:18:44.442884,USD,Cancelled
ORD010763,CUST01812,2026-06-28 19:53:03.486585,USD,Completed
ORD010764,CUST01491,2026-03-11 07:38:42.133998,USD,Completed
ORD010765,CUST03241,2025-09-06 16:03:06.147194,USD,Completed
ORD010766,CUST01885,2026-04-12 08:08:45.341078,USD,Completed
ORD010767,CUST00907,2025-12-31 07:48:07.533705,USD,Completed
ORD010768,CUST00078,2026-02-06 11:45:09.952231,USD,Cancelled
ORD010769,CUST04023,2025-11-25 22:47:27.936202,usd,Completed
ORD010770,CUST01495,2025-09-25 19:22:01.435863,usd,Completed
ORD010771,CUST01313,2025-11-04 06:04:00.557553,$,Cancelled
ORD010772,CUST00275,2025-12-28 16:44:09.718146,usd,Completed
ORD010773,CUST01232,2026-04-02 03:05:29.454266,USD,Refunded
ORD010774,CUST01089,2026-04-09 05:25:52.772479,$,Refunded
ORD010775,CUST01538,2025-11-30 11:37:57.695814,USD,Completed
ORD010776,CUST03921,2025-09-24 02:35:56.851521,USD,Completed
ORD010777,CUST03056,2026-04-11 10:31:39.431763,$,Completed
ORD010778,CUST02941,2026-05-19 03:33:31.230102,US$,Completed
ORD010779,CUST01027,2026-03-30 19:48:41.202499,USD,Completed
ORD010780,CUST03370,2025-11-22 04:53:09.617945,USD,Completed
ORD010781,CUST03094,2026-06-10 14:32:16.100029,USD,Completed
ORD010782,CUST01547,2025-08-31 15:18:37.153082,USD,Completed
ORD010783,CUST03075,2026-06-01 04:25:06.758248,usd,Cancelled
ORD010784,CUST03989_DUP,2025-08-05 13:37:10.717644,USD,Completed
ORD010785,CUST04441,2025-12-08 11:22:09.414290,USD,Completed
ORD010786,CUST00936,2025-09-29 17:37:59.084637,US$,Completed
ORD010787,CUST02537,2026-05-16 02:00:06.238495,USD,Completed
ORD010788,CUST02628,2026-01-20 02:36:42.544824,USD,Completed
ORD010789,CUST03194,2026-04-25 22:25:17.657512,USD,Completed
ORD010790,CUST02583,2026-06-10 19:06:29.307585,USD,Completed
ORD010791,CUST01280,2025-07-12 22:46:13.578235,USD,Completed
ORD010792,CUST04454,2026-06-10 05:49:09.335933,USD,Completed
ORD010793,CUST03257,2026-06-15 23:39:17.860314,$,Completed
ORD010794,CUST01998,2026-03-22 08:00:56.341193,US$,Completed
ORD010795,CUST04196,2025-08-22 06:03:37.479621,US$,Completed
ORD010796,CUST00798,2025-09-27 13:56:37.998550,USD,Completed
ORD010797,CUST03106,2026-04-25 18:20:06.025048,USD,Completed
ORD010798,CUST03805,2025-09-15 10:48:01.183187,USD,Completed
ORD010799,CUST02123,2025-09-07 13:55:04.153837,USD,Completed
ORD010800,CUST02136,2025-10-27 13:13:51.484645,US$,Cancelled
ORD010801,CUST03512,2026-05-09 06:20:16.588438,USD,Completed
ORD010802,CUST04048,2025-10-09 04:21:56.605440,USD,Completed
ORD010803,CUST01487,2026-01-13 18:28:56.774580,$,Completed
ORD010804,CUST02241,2026-05-18 06:18:44.154529,$,Cancelled
ORD010805,CUST03753,2025-11-17 20:11:46.911752,USD,Completed
ORD010806,CUST00831,2025-08-26 00:33:58.090492,USD,Completed
ORD010807,CUST02996,2025-07-02 20:01:40.963893,USD,Completed
ORD010808,CUST01771,2026-02-02 09:42:37.030196,USD,Completed
ORD010809,CUST02665,2025-12-12 11:39:27.353863,USD,Completed
ORD010810,CUST02742,2025-12-29 07:43:05.527191,USD,Completed
ORD010811,CUST01751,2026-05-23 19:12:31.270421,US$,Completed
ORD010812,CUST02453,2026-04-28 23:12:16.177233,USD,Completed
ORD010813,CUST04650,2026-02-23 15:44:04.724993,USD,Completed
ORD010814,CUST02983,2026-01-10 10:43:34.481582,USD,Completed
ORD010815,CUST01375,2025-07-30 14:01:40.028622,USD,Cancelled
ORD010816,CUST01790,2026-04-10 00:33:11.341136,USD,Cancelled
ORD010817,CUST02116,2025-07-04 18:24:20.263114,USD,Completed
ORD010818,CUST04752,2026-04-13 22:28:30.205501,US$,Completed
ORD010819,CUST01677,2025-08-28 06:19:44.669240,USD,Completed
ORD010820,CUST01352,2026-04-03 10:41:05.399051,US$,Completed
ORD010821,CUST02346,2025-10-02 15:21:49.244754,USD,Completed
ORD010822,CUST03879,2025-08-18 13:45:07.486104,$,Completed
ORD010823,CUST01308,2026-01-26 08:38:04.125454,USD,Completed
ORD010824,CUST01841,2026-03-18 00:28:33.878317,USD,Completed
ORD010825,CUST03202,2026-05-18 01:01:52.720266,USD,Completed
ORD010826,CUST03668,2026-04-19 15:44:54.349391,USD,Cancelled
ORD010827,CUST02160,2025-09-12 04:46:02.868557,usd,Completed
ORD010828,CUST03579,2026-04-18 17:32:55.450156,US$,Cancelled
ORD010829,CUST01634,2026-01-25 00:49:26.757850,USD,Completed
ORD010830,CUST04358,2025-11-30 17:15:58.918088,USD,Completed
ORD010831,CUST04134_DUP,2025-12-12 17:09:27.952087,USD,Completed
ORD010832,CUST04494,2026-02-03 17:00:55.141344,USD ,Completed
ORD010833,CUST04939,2025-09-03 14:08:50.464297,USD,Cancelled
ORD010834,CUST00673,2026-02-22 07:59:20.641390,USD,Completed
ORD010835,CUST00466,2026-02-23 18:38:05.818895,usd,Completed
ORD010836,CUST04682,2026-04-27 00:09:16.127487,USD,Completed
ORD010837,CUST00172,2025-09-05 12:04:41.926139,USD,Completed
ORD010838,CUST04733,2025-10-30 14:13:38.224848,USD,Completed
ORD010839,CUST04799,2025-08-14 23:42:23.737273,USD,Completed
ORD010840,CUST04929,2025-11-29 00:35:17.403324,USD,Completed
ORD010841,CUST00995,2025-12-31 11:44:25.457067,US$,Cancelled
ORD010842,CUST02365,2025-09-16 11:56:17.758324,USD,Completed
ORD010843,CUST01074,2026-04-12 01:07:38.109518,USD,Completed
ORD010844,CUST00234,2026-05-14 21:56:17.387959,USD,Completed
ORD010845,CUST01375,2026-04-18 11:52:49.158279,US$,Completed
ORD010846,CUST02696,2025-10-11 15:37:05.719774,US$,Completed
ORD010847,CUST04108,2025-07-17 00:54:40.152500,USD,Completed
ORD010848,CUST01792,2025-12-25 13:37:53.918352,USD,Completed
ORD010849,CUST00945,2026-04-20 22:17:42.373570,USD,Completed
ORD010850,CUST03711,2026-04-26 21:12:55.879651,USD,Completed
ORD010851,CUST00716,2026-02-03 00:56:21.461064,USD,Refunded
ORD010852,CUST00304,2026-03-20 01:47:14.204895,USD,Completed
ORD010853,CUST04771,2026-05-02 06:57:37.554634,$,Completed
ORD010854,CUST00300,2025-11-26 04:07:06.708086,US$,Completed
ORD010855,CUST01235,2025-07-24 09:52:21.610396,USD,Completed
ORD010856,CUST04666,2026-03-12 01:05:39.324107,USD,Completed
ORD010857,CUST03749,2026-03-23 17:08:56.879885,$,Completed
ORD010858,CUST01868,2025-10-19 02:21:18.067828,USD,Completed
ORD010859,CUST04195,2026-05-01 10:17:54.029019,USD,Completed
ORD010860,CUST03584,2026-01-18 10:44:00.085023,USD,Completed
ORD010861,CUST01060,2026-02-09 22:16:14.378173,usd,Completed
ORD010862,CUST03678,2026-02-07 11:48:53.507079,USD,Refunded
ORD010863,CUST02640,2025-10-18 03:44:50.488522,USD,Completed
ORD010864,CUST03174,2026-05-25 00:28:45.486956,USD,Completed
ORD010865,CUST04328,2026-05-20 14:35:42.791967,USD,Completed
ORD010866,CUST04658,2025-10-12 05:03:00.125375,US$,Completed
ORD010867,CUST04365,2026-02-08 03:04:10.730223,USD,Completed
ORD010868,CUST00645,2025-12-11 10:04:42.150298,USD,Completed
ORD010869,CUST02315,2025-07-09 17:46:06.449589,$,Cancelled
ORD010870,CUST02314,2026-06-06 21:06:39.770130,USD,Completed
ORD010871,CUST01218,2026-01-29 16:06:03.552489,USD,Completed
ORD010872,CUST00287,2026-06-23 00:23:07.458608,USD,Cancelled
ORD010873,CUST01674,2026-02-09 06:18:01.817147,usd,Completed
ORD010874,CUST03211,2026-06-24 09:40:58.344952,USD,Completed
ORD010875,CUST02737,2026-05-27 07:19:53.008710,USD,Completed
ORD010876,CUST01719,2025-11-27 14:24:07.209592,USD,Completed
ORD010877,CUST04246,2026-02-16 09:49:46.692470,usd,Completed
ORD010878,CUST00474,2025-08-07 16:34:38.099991,usd,Completed
ORD010879,CUST03543,2025-08-04 07:50:16.307677,USD,Completed
ORD010880,CUST02296,2025-09-04 02:56:30.498412,USD,Completed
ORD010881,CUST02477,2026-01-30 11:21:47.123606,USD,Refunded
ORD010882,CUST00432,2026-02-24 03:11:10.613187,USD,Completed
ORD010883,CUST00966,2026-05-10 15:37:33.052465,USD,Completed
ORD010884,CUST02291,2025-11-07 06:17:06.360940,USD,Refunded
ORD010885,CUST04199,2026-02-09 08:26:39.454998,US$,Completed
ORD010886,CUST03318,2025-07-03 01:11:42.541199,usd,Completed
ORD010887,CUST03463,2026-03-06 15:19:51.121767,USD,Completed
ORD010888,CUST03389,2025-12-01 11:53:29.410767,USD,Completed
ORD010889,CUST04315,2026-01-21 03:24:34.627321,USD,Completed
ORD010890,CUST01124,2026-06-14 18:23:46.679780,USD,Completed
ORD010891,CUST02754,2025-12-08 01:23:11.364286,usd,Completed
ORD010892,CUST00338,2026-02-07 06:05:14.683208,USD,Completed
ORD010893,CUST00622,2026-06-11 05:04:59.004450,US$,Completed
ORD010894,CUST01709,2026-02-16 15:52:34.722845,USD,Completed
ORD010895,CUST02031,2025-08-23 06:59:58.079353,usd,Cancelled
ORD010896,CUST03253,2026-04-02 06:41:11.183817,USD ,Completed
ORD010897,CUST03592,2026-04-07 21:30:22.668529,US$,Completed
ORD010898,CUST02338,2025-08-05 00:49:35.603849,USD ,Completed
ORD010899,CUST01551,2025-08-30 16:08:01.671403,US$,Completed
ORD010900,CUST03682,2025-12-18 20:44:42.704525,usd,Completed
ORD010901,CUST01791,2026-03-06 09:19:05.013763,USD,Completed
ORD010902,CUST04505,2025-12-28 12:29:20.798573,USD,Completed
ORD010903,CUST04461,2025-10-05 17:28:23.277186,USD,Completed
ORD010904,CUST03304,2026-04-14 07:58:33.474735,usd,Completed
ORD010905,CUST00323,2025-08-10 13:39:36.760462,USD,Completed
ORD010906,CUST02478,2025-11-22 23:51:42.679359,USD,Completed
ORD010907,CUST03194,2026-03-27 23:38:21.323092,USD,Completed
ORD010908,CUST01719,2026-06-11 11:54:49.273389,USD,Refunded
ORD010909,CUST04522,2026-03-11 09:22:25.053719,USD,Completed
ORD010910,CUST04438_DUP,2026-05-05 14:45:56.795984,USD,Completed
ORD010911,CUST01152,2026-05-23 16:46:38.917623,US$,Completed
ORD010912,CUST00477,2026-03-07 17:33:38.774815,$,Refunded
ORD010913,CUST01500,2025-12-10 15:13:26.166943,USD,Completed
ORD010914,CUST04870,2026-01-12 17:40:52.909944,usd,Refunded
ORD010915,CUST04498,2025-11-16 14:44:22.443851,US$,Cancelled
ORD010916,CUST02476,2025-09-19 07:13:10.910115,USD,Completed
ORD010917,CUST01761,2025-11-17 21:16:24.447779,USD,Completed
ORD010918,CUST00758,2025-11-27 20:29:45.474097,USD,Completed
ORD010919,CUST03665,2026-01-21 11:09:26.275492,US$,Completed
ORD010920,CUST01784,2025-09-08 00:09:04.268289,usd,Completed
ORD010921,CUST02843,2026-05-27 02:08:48.275818,USD,Completed
ORD010922,CUST04919,2026-01-13 05:17:28.432529,USD,Completed
ORD010923,CUST01064,2025-11-20 21:23:30.333861,USD,Cancelled
ORD010924,CUST00557,2025-08-17 19:24:45.524894,USD,Completed
ORD010925,CUST02342,2026-01-22 18:03:58.274239,USD,Completed
ORD010926,CUST02189,2026-06-15 02:55:45.473073,usd,Completed
ORD010927,CUST02637,2026-01-07 12:41:45.781508,USD,Completed
ORD010928,CUST03871,2026-04-08 09:51:52.476084,usd,Completed
ORD010929,CUST00642,2025-07-31 05:28:35.736234,$,Completed
ORD010930,CUST01851,2026-06-15 08:47:12.309775,USD,Completed
ORD010931,CUST01609,2025-08-06 08:38:42.251985,US$,Completed
ORD010932,CUST03462,2026-05-03 03:15:07.870545,usd,Completed
ORD010933,CUST04474,2026-06-07 20:24:04.762028,US$,Completed
ORD010934,CUST04596,2026-01-31 11:10:09.402620,USD,Completed
ORD010935,CUST00114,2025-07-04 18:22:33.907748,USD,Completed
ORD010936,CUST01787,2026-03-12 22:08:28.234567,$,Completed
ORD010937,CUST01927,2025-08-18 14:46:12.512848,$,Completed
ORD010938,CUST01628,2025-11-25 06:19:32.743539,$,Completed
ORD010939,CUST02451,2025-07-04 23:52:49.572069,usd,Completed
ORD010940,CUST04088,2025-10-24 21:27:20.674683,USD,Completed
ORD010941,CUST02364,2025-08-27 10:56:46.285608,US$,Cancelled
ORD010942,CUST03446,2025-10-06 21:49:31.871085,USD,Completed
ORD010943,CUST02618,2026-01-18 00:21:29.655016,USD,Completed
ORD010944,CUST00613,2025-07-06 20:14:04.298991,USD,Completed
ORD010945,CUST04994,2026-01-30 01:49:07.324652,USD,Completed
ORD010946,CUST01239,2026-01-31 15:11:01.922299,usd,Cancelled
ORD010947,CUST04740,2025-08-13 09:29:12.826324,USD,Cancelled
ORD010948,CUST00521,2025-12-29 09:01:08.222141,usd,Completed
ORD010949,CUST04134,2025-07-11 01:05:20.223976,USD,Cancelled
ORD010950,CUST02810,2026-06-08 19:05:56.158711,usd,Completed
ORD010951,CUST04759,2025-08-24 08:49:44.868422,USD,Completed
ORD010952,CUST00344,2025-11-22 15:14:15.846035,USD,Completed
ORD010953,CUST04584,2025-11-14 06:04:26.550751,USD,Completed
ORD010954,CUST00615,2025-11-15 11:58:06.415584,$,Completed
ORD010955,CUST01882,2026-04-07 03:38:09.081969,USD,Completed
ORD010956,CUST04078,2026-04-25 08:49:05.219049,USD,Completed
ORD010957,CUST04251,2025-08-24 02:20:14.292145,USD,Completed
ORD010958,CUST02532,2025-09-11 20:43:10.634563,USD,Completed
ORD010959,CUST04391,2025-12-27 11:32:23.762366,USD,Completed
ORD010960,CUST02208,2025-11-14 17:31:53.987299,USD,Completed
ORD010961,CUST03980,2026-06-15 05:09:45.194272,USD,Completed
ORD010962,CUST02459,2026-03-09 12:18:37.389686,USD,Completed
ORD010963,CUST02717,2025-11-13 12:08:38.665699,USD,Completed
ORD010964,CUST04092,2026-01-05 05:21:26.707859,USD,Completed
ORD010965,CUST01070,2025-11-26 13:09:37.294026,USD,Completed
ORD010966,CUST00669,2026-06-12 19:02:13.142574,USD,Completed
ORD010967,CUST03598,2026-03-10 03:26:15.352564,$,Completed
ORD010968,CUST00768,2026-06-21 18:14:14.678205,USD,Completed
ORD010969,CUST04856,2026-01-20 13:54:46.534318,USD,Completed
ORD010970,CUST01434,2025-08-28 13:10:14.273723,$,Completed
ORD010971,CUST02542,2025-10-13 04:44:09.616827,$,Completed
ORD010972,CUST01250,2025-07-28 01:07:26.550402,USD ,Completed
ORD010973,CUST02853,2026-03-18 03:46:08.418340,USD,Completed
ORD010974,CUST03196,2026-04-20 21:14:32.021142,USD,Completed
ORD010975,CUST03085,2025-11-27 15:50:31.132560,usd,Completed
ORD010976,CUST04591,2025-12-01 20:57:22.831604,USD,Cancelled
ORD010977,CUST04491,2026-06-07 02:09:29.074327,USD,Completed
ORD010978,CUST03539,2026-06-01 17:24:59.789247,US$,Cancelled
ORD010979,CUST03923_DUP,2026-02-08 17:01:29.586711,USD,Completed
ORD010980,CUST03504,2026-01-08 03:50:10.345140,USD,Completed
ORD010981,CUST01532,2026-02-06 08:51:43.338236,USD,Completed
ORD010982,CUST00163,2026-06-25 09:57:32.985710,USD,Completed
ORD010983,CUST04034,2025-07-10 11:48:25.799946,USD,Completed
ORD010984,CUST00722,2025-10-21 08:25:43.309012,USD,Completed
ORD010985,CUST02529,2026-02-04 04:16:32.583391,USD,Completed
ORD010986,CUST04319,2025-11-04 14:34:59.138658,usd,Completed
ORD010987,CUST04853,2026-04-25 17:59:16.800604,USD,Completed
ORD010988,CUST03170,2025-07-28 19:22:14.104980,USD,Completed
ORD010989,CUST03388,2026-01-02 14:14:52.552363,USD,Completed
ORD010990,CUST02663,2025-07-19 14:20:50.532451,US$,Completed
ORD010991,CUST01246,2026-05-08 14:58:42.253417,US$,Completed
ORD010992,CUST04210,2025-07-09 03:26:38.027437,USD,Completed
ORD010993,CUST04988,2025-07-15 05:38:18.870444,$,Cancelled
ORD010994,CUST02988,2026-03-14 08:29:46.668267,USD,Completed
ORD010995,CUST03059,2025-08-31 02:22:03.629779,US$,Completed
ORD010996,CUST04808,2025-08-28 05:21:30.612017,usd,Completed
ORD010997,CUST00714,2025-12-26 06:44:14.244071,USD,Cancelled
ORD010998,CUST02124,2025-12-12 08:59:13.793921,USD,Completed
ORD010999,CUST02317,2026-01-11 12:47:02.853697,USD,Completed
ORD011000,CUST04291,2026-06-19 06:10:23.794203,US$,Completed
ORD011001,CUST03615,2025-09-29 20:43:02.381118,USD,Completed
ORD011002,CUST01838,2026-05-18 16:21:47.658866,USD,Completed
ORD011003,CUST04278,2025-10-13 00:11:26.332443,US$,Completed
ORD011004,CUST01909,2026-05-21 17:22:07.820886,USD,Completed
ORD011005,CUST04522,2025-09-22 17:49:45.758693,USD,Completed
ORD011006,CUST00606,2025-07-12 09:21:37.419716,USD,Completed
ORD011007,CUST03905,2026-04-25 18:33:21.122727,USD,Completed
ORD011008,CUST01758,2025-12-27 11:02:35.786558,USD,Completed
ORD011009,CUST02709,2025-09-19 01:01:42.462746,US$,Completed
ORD011010,CUST03577,2025-08-14 18:46:00.083189,USD,Completed
ORD011011,CUST00678,2026-01-24 16:18:37.629817,usd,Completed
ORD011012,CUST03032,2026-03-10 04:56:15.436235,USD,Completed
ORD011013,CUST04163,2025-08-08 17:51:24.038998,$,Completed
ORD011014,CUST04349,2025-10-18 22:49:56.879509,USD,Completed
ORD011015,CUST03221,2026-03-20 08:20:28.412506,US$,Completed
ORD011016,CUST03118,2025-10-03 14:47:22.127459,USD,Completed
ORD011017,CUST02291,2025-09-10 00:13:00.200188,USD,Completed
ORD011018,CUST04792,2026-05-01 09:21:23.449561,$,Completed
ORD011019,CUST04121,2025-10-27 23:45:10.045614,USD,Completed
ORD011020,CUST02835,2026-04-26 22:08:55.341483,USD,Completed
ORD011021,CUST02346,2025-10-17 15:08:14.539117,USD,Completed
ORD011022,CUST01906,2025-10-18 12:14:40.337581,USD,Completed
ORD011023,CUST02231,2025-12-08 04:37:31.611104,US$,Completed
ORD011024,CUST00362,2025-07-22 03:00:37.744795,USD,Completed
ORD011025,CUST02777,2026-04-12 02:44:23.908376,USD,Completed
ORD011026,CUST00970,2026-05-25 08:02:20.838840,USD,Completed
ORD011027,CUST02866,2026-06-24 04:21:20.038758,USD,Completed
ORD011028,CUST03522,2025-10-23 01:18:09.754684,USD,Completed
ORD011029,CUST04386,2025-10-08 23:26:34.483232,USD,Completed
ORD011030,CUST04887,2025-12-25 17:23:17.507564,US$,Completed
ORD011031,CUST00517,2025-09-11 01:12:27.141354,$,Completed
ORD011032,CUST02061,2025-12-23 19:32:44.978498,usd,Completed
ORD011033,CUST01605,2026-02-25 11:34:42.525865,USD,Completed
ORD011034,CUST02972_DUP,2025-10-28 06:35:53.210673,US$,Completed
ORD011035,CUST03122,2026-05-08 19:56:13.672010,usd,Completed
ORD011036,CUST02755,2026-01-26 13:17:48.809712,USD,Completed
ORD011037,CUST00486,2026-05-26 02:40:27.019678,US$,Cancelled
ORD011038,CUST00080,2025-07-31 14:51:55.706274,USD,Completed
ORD011039,CUST01557,2025-07-04 23:37:50.625995,USD,Completed
ORD011040,CUST04063,2025-09-30 15:19:19.218313,$,Completed
ORD011041,CUST04724,2026-02-19 01:18:21.391465,US$,Completed
ORD011042,CUST04867,2026-04-22 05:43:54.270809,USD,Completed
ORD011043,CUST01509,2026-04-23 17:18:16.857335,$,Completed
ORD011044,CUST03246,2026-05-11 16:53:58.735714,USD,Completed
ORD011045,CUST03029,2025-09-25 07:53:24.909987,US$,Completed
ORD011046,CUST02090,2025-08-08 18:17:08.223628,USD,Completed
ORD011047,CUST00366,2026-05-22 14:19:42.946819,USD,Completed
ORD011048,CUST03715,2025-10-18 18:55:40.852262,USD,Completed
ORD011049,CUST01850,2025-11-29 04:43:15.648469,USD,Completed
ORD011050,CUST03644,2026-03-12 11:34:22.930071,usd,Completed
ORD011051,CUST03451,2025-12-19 20:50:54.398788,USD,Completed
ORD011052,CUST00256,2025-08-07 01:42:33.335756,USD,Completed
ORD011053,CUST01806,2025-12-31 03:14:08.063089,usd,Completed
ORD011054,CUST03616,2025-08-06 02:53:59.897508,US$,Completed
ORD011055,CUST04972,2026-05-27 03:20:47.383488,usd,Completed
ORD011056,CUST01435,2026-04-19 16:16:26.928965,USD,Completed
ORD011057,CUST01975,2026-02-14 08:31:42.483610,US$,Completed
ORD011058,CUST02626,2025-09-18 04:10:00.414950,USD,Completed
ORD011059,CUST02682,2025-07-29 22:35:50.896279,USD,Refunded
ORD011060,CUST04476,2026-05-06 23:47:15.645387,USD,Completed
ORD011061,CUST01299,2025-07-27 18:19:56.130101,USD,Completed
ORD011062,CUST00386,2025-08-18 06:03:08.593013,USD,Completed
ORD011063,CUST01617,2025-10-14 19:07:49.464363,USD,Completed
ORD011064,CUST04422,2025-11-04 09:03:49.283634,USD,Completed
ORD011065,CUST00314,2026-05-22 14:56:53.494557,USD,Completed
ORD011066,CUST04593,2026-02-08 23:21:11.918663,USD,Completed
ORD011067,CUST00105,2025-11-26 16:53:37.703838,$,Completed
ORD011068,CUST04023,2026-05-09 19:15:58.978234,USD,Completed
ORD011069,CUST04234,2026-06-15 13:10:19.392796,usd,Completed
ORD011070,CUST01876,2026-06-09 06:36:41.021149,USD,Completed
ORD011071,CUST00312,2026-02-16 19:44:01.303322,usd,Completed
ORD011072,CUST03554,2025-12-16 18:46:14.842400,USD,Completed
ORD011073,CUST02471,2026-01-23 22:38:13.204101,USD,Completed
ORD011074,CUST04183,2026-06-12 13:27:14.062668,USD,Completed
ORD011075,CUST01905,2026-04-30 02:51:01.719714,$,Completed
ORD011076,CUST02339,2025-09-04 04:48:08.813483,USD,Completed
ORD011077,CUST01532,2025-08-08 01:17:43.483764,USD,Completed
ORD011078,CUST03824_DUP,2026-05-13 19:50:05.387250,usd,Completed
ORD011079,CUST01629,2026-01-02 01:47:09.480669,USD,Completed
ORD011080,CUST01235,2025-10-14 11:02:21.198276,USD,Completed
ORD011081,CUST00660,2025-08-22 03:57:47.103417,US$,Completed
ORD011082,CUST03812,2026-05-15 13:02:42.808886,USD,Completed
ORD011083,CUST02909,2026-01-01 23:48:39.559273,US$,Completed
ORD011084,CUST01893,2026-05-31 10:45:32.035743,USD,Completed
ORD011085,CUST02232,2026-04-11 17:44:13.337918,USD,Completed
ORD011086,CUST04646,2026-02-03 12:54:45.282437,USD,Completed
ORD011087,CUST01172,2025-08-05 05:37:27.123785,USD,Completed
ORD011088,CUST02398,2026-02-23 20:13:06.392746,USD,Completed
ORD011089,CUST04035,2026-05-10 07:16:38.838665,$,Completed
ORD011090,CUST02156,2026-02-13 20:42:48.395395,USD,Completed
ORD011091,CUST04992,2025-10-30 00:20:42.961192,USD,Refunded
ORD011092,CUST00415,2025-11-14 07:45:55.973322,USD,Completed
ORD011093,CUST00061,2026-01-08 04:26:50.287781,USD,Completed
ORD011094,CUST00952,2025-08-21 02:58:05.450036,USD,Completed
ORD011095,CUST02821,2025-08-06 07:15:02.626055,USD,Completed
ORD011096,CUST04404,2025-12-04 22:43:35.965647,usd,Completed
ORD011097,CUST03411,2026-06-13 07:51:36.571437,$,Completed
ORD011098,CUST02504,2025-12-08 04:31:11.830732,usd,Cancelled
ORD011099,CUST01920,2025-12-02 07:50:12.114213,$,Completed
ORD011100,CUST02468,2026-01-26 21:05:50.025771,$,Cancelled
ORD011101,CUST03923,2025-12-10 18:54:38.723519,$,Cancelled
ORD011102,CUST00173,2026-01-26 06:23:31.517689,usd,Completed
ORD011103,CUST01878,2026-06-15 11:28:48.735721,USD,Completed
ORD011104,CUST04369,2025-10-31 20:44:03.394852,USD,Cancelled
ORD011105,CUST00657,2025-10-02 12:58:04.075197,USD,Completed
ORD011106,CUST00699,2026-05-27 18:21:33.069078,USD,Completed
ORD011107,CUST04223,2026-05-18 06:02:15.348296,USD,Completed
ORD011108,CUST04019,2025-08-12 08:03:49.516384,USD,Completed
ORD011109,CUST01176,2026-01-30 11:44:10.087135,$,Completed
ORD011110,CUST03120,2025-10-11 20:48:04.565819,USD,Completed
ORD011111,CUST01168,2025-12-04 05:35:31.113240,USD,Completed
ORD011112,CUST04258,2025-09-27 09:56:29.200327,US$,Completed
ORD011113,CUST04449,2026-01-09 15:35:46.762779,USD,Completed
ORD011114,CUST01367,2026-03-06 22:16:49.777798,USD,Completed
ORD011115,CUST01270,2026-02-16 07:46:34.448881,usd,Completed
ORD011116,CUST02558,2025-11-26 23:44:51.621007,USD,Completed
ORD011117,CUST01152,2026-05-08 00:43:43.695341,USD,Completed
ORD011118,CUST00233,2025-11-02 18:13:46.616784,USD,Completed
ORD011119,CUST04503,2025-12-24 18:44:38.682135,USD,Completed
ORD011120,CUST03005,2025-07-25 08:09:23.950218,USD,Completed
ORD011121,CUST01931,2025-10-07 21:54:26.112384,usd,Completed
ORD011122,CUST00239,2025-08-04 03:06:48.448971,USD,Completed
ORD011123,CUST02289,2025-07-10 01:02:14.813067,usd,Completed
ORD011124,CUST02669,2025-12-07 19:24:59.993778,usd,Completed
ORD011125,CUST02074,2025-11-24 19:22:46.253822,USD,Completed
ORD011126,CUST01441,2026-02-02 12:51:22.584276,USD,Completed
ORD011127,CUST02184,2025-09-04 19:47:30.074037,$,Completed
ORD011128,CUST04696,2025-10-02 05:32:00.043384,USD,Completed
ORD011129,CUST00747,2026-05-05 14:29:29.596339,USD,Cancelled
ORD011130,CUST00541,2026-04-20 03:52:09.299577,usd,Completed
ORD011131,CUST01182,2026-02-22 09:48:10.178929,USD,Completed
ORD011132,CUST01228,2025-09-08 12:50:17.121841,US$,Completed
ORD011133,CUST03352,2025-08-22 11:14:25.963953,USD,Completed
ORD011134,CUST02136,2026-04-05 19:06:18.323948,USD,Completed
ORD011135,CUST02026,2025-11-19 23:08:46.664279,USD,Completed
ORD011136,CUST02635,2025-09-14 22:49:52.883034,USD,Completed
ORD011137,CUST03201,2025-12-30 17:26:55.676714,USD,Completed
ORD011138,CUST00981,2026-01-05 10:26:31.777092,$,Completed
ORD011139,CUST02896,2025-07-01 06:53:16.783529,USD,Completed
ORD011140,CUST00908,2025-09-17 22:03:31.721799,USD ,Completed
ORD011141,CUST03688,2025-11-21 07:04:47.095875,$,Completed
ORD011142,CUST01180,2026-02-27 13:09:28.880756,usd,Completed
ORD011143,CUST01545,2025-10-26 00:35:39.913649,USD,Completed
ORD011144,CUST02955,2025-07-31 15:56:35.270985,USD,Completed
ORD011145,CUST00861,2026-05-23 00:59:53.976715,USD,Completed
ORD011146,CUST00001,2025-09-10 03:53:19.456152,USD,Completed
ORD011147,CUST01479,2025-12-15 07:46:09.632410,usd,Completed
ORD011148,CUST02598,2025-10-05 18:34:31.518764,USD,Completed
ORD011149,CUST03371,2026-02-06 08:42:02.343663,USD,Cancelled
ORD011150,CUST04949,2026-02-18 21:41:52.473178,USD,Completed
ORD011151,CUST03997,2025-07-15 07:23:36.346817,USD,Completed
ORD011152,CUST01859,2026-05-27 01:30:53.289941,USD,Completed
ORD011153,CUST01889,2026-06-13 23:46:47.039456,USD,Completed
ORD011154,CUST01649,2025-09-06 19:38:36.285562,USD,Cancelled
ORD011155,CUST04059,2026-06-07 15:15:37.035577,USD,Completed
ORD011156,CUST03229,2025-08-03 02:25:42.167382,USD,Completed
ORD011157,CUST00476,2025-12-30 05:07:06.640946,USD,Completed
ORD011158,CUST01689,2025-07-15 16:04:36.816879,US$,Completed
ORD011159,CUST04418,2026-05-17 05:43:03.821190,$,Completed
ORD011160,CUST01223,2026-01-23 08:32:56.448393,USD,Completed
ORD011161,CUST03307,2026-02-08 20:34:13.358940,USD,Completed
ORD011162,CUST04073,2026-06-25 01:07:29.888712,USD,Completed
ORD011163,CUST02386,2025-07-25 09:20:06.498521,USD,Completed
ORD011164,CUST04019,2026-05-05 08:56:02.335257,USD,Cancelled
ORD011165,CUST00815,2026-05-12 16:37:32.259178,USD,Completed
ORD011166,CUST02441,2025-12-27 13:12:11.200863,USD,Cancelled
ORD011167,CUST04159,2026-06-17 20:06:44.432616,USD,Completed
ORD011168,CUST00031,2026-04-07 17:22:30.008681,USD,Completed
ORD011169,CUST04794,2025-12-12 12:45:36.516300,USD,Cancelled
ORD011170,CUST04839_DUP,2025-07-05 16:50:04.401107,USD,Completed
ORD011171,CUST02291,2026-05-28 13:17:21.917337,USD,Completed
ORD011172,CUST01609,2025-08-06 16:52:18.713017,USD,Completed
ORD011173,CUST02753,2025-08-18 10:19:17.902856,US$,Completed
ORD011174,CUST00862,2025-12-04 01:30:04.257783,usd,Completed
ORD011175,CUST03415,2026-06-21 22:04:24.055076,USD,Completed
ORD011176,CUST00665,2026-04-15 20:20:43.365334,$,Completed
ORD011177,CUST01295,2026-05-20 22:16:25.875510,$,Completed
ORD011178,CUST00504,2025-07-10 11:02:31.907286,USD,Completed
ORD011179,CUST04778,2025-07-28 21:00:25.596829,USD,Completed
ORD011180,CUST01793,2026-04-08 13:37:13.514857,USD,Completed
ORD011181,CUST03749,2026-03-21 20:10:26.651444,USD,Cancelled
ORD011182,CUST02857,2026-01-31 20:12:40.131273,USD,Completed
ORD011183,CUST02446,2026-05-25 17:59:53.905714,USD,Completed
ORD011184,CUST01461,2026-01-20 09:34:07.625797,USD,Completed
ORD011185,CUST01848,2026-06-14 23:52:12.034064,US$,Refunded
ORD011186,CUST03625,2025-07-16 12:57:02.043029,usd,Completed
ORD011187,CUST03739,2026-05-09 11:25:16.042034,USD,Completed
ORD011188,CUST01128,2026-01-17 12:16:41.967779,USD,Completed
ORD011189,CUST02239,2026-03-09 10:22:18.618597,USD,Completed
ORD011190,CUST00410,2026-04-29 12:14:35.524029,usd,Completed
ORD011191,CUST00317,2025-07-14 10:53:03.264313,USD ,Completed
ORD011192,CUST01417,2026-06-08 19:00:13.724946,USD,Completed
ORD011193,CUST04552,2025-10-28 12:21:25.794879,USD,Completed
ORD011194,CUST04097,2026-01-14 19:09:58.859023,USD,Completed
ORD011195,CUST02990,2026-06-17 13:54:47.459394,US$,Completed
ORD011196,CUST01517,2026-02-09 07:15:21.790632,USD,Completed
ORD011197,CUST03718,2025-12-30 07:06:50.098673,USD,Completed
ORD011198,CUST03147,2026-04-24 04:46:38.731776,USD,Completed
ORD011199,CUST04699,2026-03-04 11:02:02.478159,USD,Completed
ORD011200,CUST02690,2026-04-03 23:42:28.270312,usd,Completed
ORD011201,CUST00393,2026-02-17 09:55:01.070556,USD,Completed
ORD011202,CUST03787,2025-10-05 15:57:05.258365,USD,Completed
ORD011203,CUST03375,2025-09-06 18:41:18.244957,USD,Completed
ORD011204,CUST00017,2025-07-27 08:34:51.435338,USD,Completed
ORD011205,CUST03272_DUP,2025-08-30 15:33:28.938969,USD,Completed
ORD011206,CUST04853,2025-08-08 00:57:50.855473,USD,Completed
ORD011207,CUST03266,2026-04-16 01:03:12.708749,usd,Cancelled
ORD011208,CUST00813,2025-09-05 01:25:21.034000,USD,Completed
ORD011209,CUST01264,2025-07-06 02:11:41.862920,$,Completed
ORD011210,CUST04994,2026-03-03 21:35:30.044370,$,Completed
ORD011211,CUST04698,2025-07-30 19:33:31.963774,US$,Completed
ORD011212,CUST03226,2025-09-03 16:53:20.235863,USD,Cancelled
ORD011213,CUST01904,2025-12-19 22:13:13.391040,USD,Cancelled
ORD011214,CUST04014,2026-03-20 01:44:21.500343,USD,Completed
ORD011215,CUST03074,2025-07-02 09:23:53.410760,USD,Completed
ORD011216,CUST01050,2025-12-13 04:20:28.631162,USD,Completed
ORD011217,CUST00152,2026-04-23 22:29:39.927013,usd,Completed
ORD011218,CUST03013,2025-10-13 09:28:59.087919,USD,Completed
ORD011219,CUST04579,2026-03-31 21:39:46.548173,USD,Completed
ORD011220,CUST04181,2026-05-30 05:02:37.312531,USD,Completed
ORD011221,CUST00417,2025-08-16 16:34:12.789381,USD,Completed
ORD011222,CUST01223,2025-10-30 20:22:51.360427,usd,Completed
ORD011223,CUST00037,2026-01-13 03:22:16.247671,US$,Cancelled
ORD011224,CUST03844,2025-10-13 12:19:39.303468,USD,Refunded
ORD011225,CUST03960,2025-12-05 17:43:35.037035,US$,Cancelled
ORD011226,CUST04117,2025-10-29 14:32:03.444471,usd,Completed
ORD011227,CUST03294,2025-08-23 14:12:23.741227,USD,Completed
ORD011228,CUST03062,2025-07-21 15:26:22.945619,USD,Completed
ORD011229,CUST03494,2025-08-08 14:28:06.539067,USD,Cancelled
ORD011230,CUST04525,2026-03-31 11:32:39.111386,USD,Completed
ORD011231,CUST04596,2025-11-23 22:49:18.536907,USD,Completed
ORD011232,CUST01471,2026-01-05 18:19:31.675568,USD,Completed
ORD011233,CUST03178,2025-09-20 01:53:34.070637,USD,Refunded
ORD011234,CUST03386,2026-04-27 23:17:23.456490,USD,Completed
ORD011235,CUST02945,2026-02-17 02:04:05.424815,USD,Completed
ORD011236,CUST01501,2026-05-23 02:15:21.756793,US$,Completed
ORD011237,CUST04079,2026-04-02 07:37:27.360940,US$,Completed
ORD011238,CUST01790,2026-03-19 22:15:06.189940,USD,Completed
ORD011239,CUST01615,2025-11-06 19:10:21.402175,usd,Completed
ORD011240,CUST04277,2025-07-07 11:06:38.688785,USD,Completed
ORD011241,CUST00970,2026-01-21 00:04:25.477826,USD,Completed
ORD011242,CUST04906,2025-09-01 10:59:52.523806,USD,Completed
ORD011243,CUST02088,2025-09-26 03:04:34.629940,USD,Completed
ORD011244,CUST03641,2026-05-29 04:48:09.497699,$,Completed
ORD011245,CUST03640,2026-03-10 19:36:35.501431,USD,Completed
ORD011246,CUST04529,2026-05-24 23:37:26.618953,$,Cancelled
ORD011247,CUST03744,2025-08-07 23:13:39.735219,USD,Completed
ORD011248,CUST02638,2026-01-11 23:03:19.444320,USD,Completed
ORD011249,CUST01093,2026-02-21 22:29:04.700890,USD,Completed
ORD011250,CUST03182,2025-07-07 19:51:03.080794,USD,Completed
ORD011251,CUST04811,2025-07-24 13:43:34.281960,$,Completed
ORD011252,CUST04867,2026-06-19 02:15:31.786064,US$,Cancelled
ORD011253,CUST00908,2025-09-13 02:12:15.745827,USD,Completed
ORD011254,CUST00637,2026-06-26 19:03:31.587831,usd,Completed
ORD011255,CUST00357,2026-04-14 08:54:56.704252,USD,Completed
ORD011256,CUST00938,2025-08-25 01:03:40.065753,usd,Completed
ORD011257,CUST00649,2026-04-25 18:28:48.282802,$,Completed
ORD011258,CUST03850,2026-01-12 03:53:16.433718,USD,Cancelled
ORD011259,CUST00381,2025-12-30 13:59:18.900096,USD,Completed
ORD011260,CUST00204,2026-02-05 04:41:47.373005,USD,Completed
ORD011261,CUST03524,2025-08-17 03:42:28.086835,USD,Completed
ORD011262,CUST04192,2025-11-22 09:43:22.575803,USD,Completed
ORD011263,CUST02618,2025-10-12 14:43:17.396096,USD,Completed
ORD011264,CUST02547,2025-08-15 22:24:18.356690,USD,Refunded
ORD011265,CUST02755,2026-01-07 13:28:48.846107,USD,Completed
ORD011266,CUST00890,2025-12-04 07:18:23.979990,USD,Cancelled
ORD011267,CUST00190,2025-10-11 00:28:08.502107,USD,Completed
ORD011268,CUST00216,2026-02-25 22:34:18.014861,USD,Completed
ORD011269,CUST01550,2026-01-08 10:20:44.856689,USD,Completed
ORD011270,CUST02138,2025-09-08 10:07:48.301501,USD,Completed
ORD011271,CUST02566,2026-02-16 01:11:11.822319,USD,Completed
ORD011272,CUST02618,2026-01-02 13:35:19.845149,USD,Completed
ORD011273,CUST01805,2026-03-17 15:16:51.194295,USD,Completed
ORD011274,CUST02651,2025-12-19 05:30:15.072159,USD,Completed
ORD011275,CUST01448,2025-08-05 07:36:19.691875,USD,Completed
ORD011276,CUST00805_DUP,2025-11-15 01:51:09.695859,US$,Completed
ORD011277,CUST04023,2025-08-14 22:42:19.202213,USD,Refunded
ORD011278,CUST01570,2026-04-04 07:35:10.146822,usd,Completed
ORD011279,CUST01610,2025-07-17 12:49:07.370165,US$,Completed
ORD011280,CUST02453,2026-05-21 04:43:17.645524,USD,Completed
ORD011281,CUST04100,2026-01-07 12:20:05.053386,$,Cancelled
ORD011282,CUST04731,2026-04-06 16:43:52.696344,USD,Completed
ORD011283,CUST04913,2026-06-04 07:05:38.248779,USD,Completed
ORD011284,CUST00175,2025-10-22 19:24:50.185807,USD,Completed
ORD011285,CUST04483,2025-12-19 06:37:27.675843,USD,Completed
ORD011286,CUST01828,2026-03-21 07:55:11.777888,usd,Completed
ORD011287,CUST00491,2025-08-24 08:20:26.159822,USD,Completed
ORD011288,CUST04055,2025-10-29 13:12:31.640880,USD,Completed
ORD011289,CUST03459,2025-10-10 10:41:52.658378,USD,Completed
ORD011290,CUST01217_DUP,2026-01-26 12:06:28.801105,USD,Refunded
ORD011291,CUST04363,2025-09-21 07:28:11.691862,US$,Completed
ORD011292,CUST02574,2026-01-11 17:38:45.652196,USD,Completed
ORD011293,CUST04906,2026-05-05 13:30:44.742985,USD,Completed
ORD011294,CUST03774,2025-08-18 11:37:13.559948,usd,Completed
ORD011295,CUST00305,2026-05-08 22:46:28.606996,USD,Refunded
ORD011296,CUST04435,2025-11-25 07:26:23.170090,usd,Completed
ORD011297,CUST04154,2025-07-30 12:54:09.004103,USD,Completed
ORD011298,CUST01739,2025-07-30 18:32:09.256604,usd,Completed
ORD011299,CUST01479,2025-09-12 11:26:20.639439,USD ,Completed
ORD011300,CUST00441,2026-04-29 18:50:40.344854,USD,Completed
ORD011301,CUST03790,2026-05-28 09:11:51.615149,usd,Completed
ORD011302,CUST01664,2026-05-15 17:23:57.756986,USD,Completed
ORD011303,CUST00251,2026-02-09 19:41:50.603577,USD,Completed
ORD011304,CUST01587,2025-11-15 07:54:06.524805,USD,Cancelled
ORD011305,CUST03423,2025-08-17 22:14:18.822166,usd,Completed
ORD011306,CUST02765_DUP,2025-12-16 20:33:29.212845,US$,Completed
ORD011307,CUST01010,2025-07-06 05:04:58.303278,usd,Completed
ORD011308,CUST01093,2025-10-06 16:18:26.901475,$,Completed
ORD011309,CUST00115,2026-05-23 12:55:05.053964,USD,Refunded
ORD011310,CUST04519,2026-05-16 03:49:24.836519,$,Completed
ORD011311,CUST03074,2026-06-18 20:17:57.779167,USD,Cancelled
ORD011312,CUST01557,2025-08-26 12:06:13.859527,$,Completed
ORD011313,CUST03981,2025-10-05 05:03:07.686217,USD,Completed
ORD011314,CUST02445,2026-04-18 20:30:37.073916,US$,Cancelled
ORD011315,CUST00522,2026-04-06 07:16:05.169632,US$,Completed
ORD011316,CUST02316,2026-04-12 08:39:58.300942,USD,Completed
ORD011317,CUST03985,2025-07-26 18:36:53.093908,USD,Completed
ORD011318,CUST00693,2026-02-02 07:32:45.364302,usd,Completed
ORD011319,CUST02731,2026-05-14 05:17:01.914921,US$,Completed
ORD011320,CUST01556,2025-09-12 22:10:06.937355,US$,Completed
ORD011321,CUST01853,2026-04-10 20:40:49.613483,USD,Completed
ORD011322,CUST03754,2026-05-19 02:45:45.404379,USD,Completed
ORD011323,CUST03881,2026-04-19 12:15:31.629988,US$,Completed
ORD011324,CUST00936,2025-11-28 04:09:22.446980,USD,Completed
ORD011325,CUST02683,2025-09-27 13:07:05.472985,USD,Completed
ORD011326,CUST00307,2026-04-21 03:11:21.465297,USD,Completed
ORD011327,CUST03143,2025-07-16 23:13:00.725012,USD,Completed
ORD011328,CUST03678,2025-08-25 02:15:07.655350,USD,Completed
ORD011329,CUST00457,2025-08-13 00:44:21.374378,USD,Completed
ORD011330,CUST04018,2025-08-27 14:18:20.925591,US$,Completed
ORD011331,CUST01862,2026-01-10 15:19:15.723027,USD ,Completed
ORD011332,CUST01589,2025-07-23 19:29:57.685336,usd,Completed
ORD011333,CUST00843,2026-06-29 15:31:26.808850,US$,Completed
ORD011334,CUST00450,2025-11-20 13:13:32.870962,$,Completed
ORD011335,CUST04741,2025-09-07 03:03:33.240031,USD,Completed
ORD011336,CUST01656,2025-12-02 22:21:40.890731,USD,Completed
ORD011337,CUST00619,2025-09-12 19:10:28.623429,usd,Completed
ORD011338,CUST03807,2025-09-21 18:54:16.808342,USD,Completed
ORD011339,CUST00341,2025-11-05 19:49:01.091367,USD,Refunded
ORD011340,CUST03356,2026-03-20 01:00:17.167045,$,Completed
ORD011341,CUST00504_DUP,2025-09-16 11:36:43.694300,USD,Completed
ORD011342,CUST01143,2026-01-06 10:23:14.452455,USD,Completed
ORD011343,CUST02248,2025-10-09 08:39:27.143783,USD,Completed
ORD011344,CUST03025,2025-12-16 00:44:06.092983,US$,Completed
ORD011345,CUST01196,2025-09-24 09:59:16.853725,USD,Completed
ORD011346,CUST04447,2026-02-24 10:43:41.932785,USD,Completed
ORD011347,CUST01983,2025-08-28 23:17:13.680187,USD,Cancelled
ORD011348,CUST00325,2025-09-14 11:44:44.666677,USD,Completed
ORD011349,CUST04204,2025-09-03 19:11:48.096998,USD,Refunded
ORD011350,CUST02425,2025-11-05 11:55:34.770046,USD,Completed
ORD011351,CUST03435,2026-02-24 21:38:12.277208,usd,Completed
ORD011352,CUST03212,2025-08-24 11:47:11.048738,$,Completed
ORD011353,CUST01092,2026-02-03 05:17:13.084605,USD,Completed
ORD011354,CUST03345,2025-12-02 11:19:20.129473,USD,Cancelled
ORD011355,CUST02605,2025-07-01 01:19:17.916887,usd,Completed
ORD011356,CUST01024,2025-10-02 22:55:21.896281,USD,Completed
ORD011357,CUST04889,2026-03-23 19:59:53.789484,usd,Completed
ORD011358,CUST03259,2026-06-03 07:29:54.067080,US$,Completed
ORD011359,CUST03201,2025-08-26 15:24:10.392284,USD,Completed
ORD011360,CUST02765,2026-03-06 01:03:33.499617,USD,Completed
ORD011361,CUST01729,2026-05-01 22:42:34.900599,USD,Completed
ORD011362,CUST01069,2025-12-15 15:05:20.141524,USD,Completed
ORD011363,CUST04258,2026-01-19 10:02:17.118694,USD,Completed
ORD011364,CUST01741,2025-10-13 20:20:48.847286,USD,Completed
ORD011365,CUST01483,2026-04-26 03:41:48.050010,USD,Completed
ORD011366,CUST02618,2026-01-31 20:13:07.362158,USD,Completed
ORD011367,CUST02912,2026-03-11 17:24:18.596643,USD,Completed
ORD011368,CUST02647,2026-04-17 04:02:24.808118,USD,Completed
ORD011369,CUST02752,2025-10-29 23:38:37.702250,USD,Completed
ORD011370,CUST00360,2026-04-05 05:13:32.375332,USD,Completed
ORD011371,CUST01969,2026-04-18 00:07:15.248991,USD,Completed
ORD011372,CUST04220,2026-05-03 16:04:20.587558,USD,Refunded
ORD011373,CUST04740,2026-01-01 09:32:20.806107,USD,Completed
ORD011374,CUST04463,2026-05-22 04:26:33.696616,US$,Completed
ORD011375,CUST02294,2025-12-31 18:53:28.131883,US$,Completed
ORD011376,CUST01197,2026-01-14 04:30:12.348325,usd,Completed
ORD011377,CUST00287,2026-03-13 06:42:26.156187,USD,Completed
ORD011378,CUST02519,2026-06-19 23:03:43.042180,USD,Completed
ORD011379,CUST01088,2026-06-18 04:30:02.114767,USD,Completed
ORD011380,CUST04701,2025-10-27 19:13:38.982676,USD,Completed
ORD011381,CUST00008,2026-05-16 00:30:11.826807,usd,Completed
ORD011382,CUST04086,2026-04-05 01:43:17.816293,USD,Completed
ORD011383,CUST04121,2025-08-28 20:51:42.926810,US$,Completed
ORD011384,CUST00164,2026-06-27 22:44:21.987474,USD,Completed
ORD011385,CUST01694,2025-11-22 01:59:15.023078,USD,Completed
ORD011386,CUST03809,2026-06-01 07:27:16.612241,USD,Completed
ORD011387,CUST04624,2025-09-28 18:28:30.523196,USD,Completed
ORD011388,CUST01918,2025-07-22 20:55:45.333181,USD,Completed
ORD011389,CUST01182,2026-02-21 19:17:15.567584,$,Completed
ORD011390,CUST04817,2026-04-24 08:41:57.023068,USD,Completed
ORD011391,CUST01176,2026-02-10 16:34:41.886150,USD,Cancelled
ORD011392,CUST01147,2025-08-12 02:49:09.733718,usd,Completed
ORD011393,CUST04593,2025-10-09 02:28:28.278705,USD,Completed
ORD011394,CUST00143,2026-01-20 16:37:14.527760,USD,Completed
ORD011395,CUST01416,2025-10-27 16:52:42.428936,USD,Completed
ORD011396,CUST00797,2025-10-23 13:36:42.948402,USD,Completed
ORD011397,CUST00724,2025-12-25 00:05:10.172727,usd,Completed
ORD011398,CUST02672,2026-06-27 20:47:14.917711,USD,Completed
ORD011399,CUST04213,2025-12-22 14:21:46.992633,usd,Completed
ORD011400,CUST02447,2026-03-19 12:09:33.878805,usd,Completed
ORD011401,CUST00150,2025-08-24 10:54:33.910109,USD,Completed
ORD011402,CUST04375,2025-08-13 14:47:57.716509,USD,Completed
ORD011403,CUST00838,2026-05-04 10:38:55.713518,USD,Completed
ORD011404,CUST04756,2025-08-24 01:50:16.800960,US$,Completed
ORD011405,CUST00122,2026-01-21 13:45:53.921054,$,Completed
ORD011406,CUST02744,2025-09-16 08:12:28.253918,$,Completed
ORD011407,CUST03226,2026-04-11 17:19:24.683051,USD,Completed
ORD011408,CUST04043,2026-01-11 01:29:14.724319,USD,Completed
ORD011409,CUST01994,2025-07-13 05:43:30.037910,USD,Cancelled
ORD011410,CUST02445,2026-03-16 02:50:22.162846,USD,Completed
ORD011411,CUST00168,2025-09-22 23:14:04.310503,USD,Completed
ORD011412,CUST04553,2025-11-12 02:20:28.099271,USD,Completed
ORD011413,CUST01682,2026-01-18 19:42:13.414112,$,Completed
ORD011414,CUST01639,2025-12-10 17:47:23.624616,USD,Completed
ORD011415,CUST02988,2025-10-05 01:01:35.581884,US$,Completed
ORD011416,CUST04916,2026-05-10 23:19:10.505363,USD,Completed
ORD011417,CUST01307,2025-08-14 19:14:36.203116,USD,Completed
ORD011418,CUST03481,2025-08-31 04:08:44.142728,USD,Completed
ORD011419,CUST03141,2026-03-25 01:22:46.115706,USD,Cancelled
ORD011420,CUST04110,2026-04-29 01:07:46.634242,usd,Completed
ORD011421,CUST01984,2026-05-25 02:11:50.708605,USD,Refunded
ORD011422,CUST00285,2026-03-31 06:57:57.491599,USD,Completed
ORD011423,CUST00776,2025-10-04 04:36:40.313126,USD,Completed
ORD011424,CUST01562,2025-11-22 19:44:07.548771,USD,Completed
ORD011425,CUST04741,2025-07-22 03:28:48.695548,USD,Completed
ORD011426,CUST04302,2026-03-10 05:28:13.197928,USD,Refunded
ORD011427,CUST00273,2026-01-18 10:22:10.847507,USD,Completed
ORD011428,CUST00926,2025-09-30 02:24:20.932102,$,Completed
ORD011429,CUST00466,2025-09-29 01:12:37.802045,usd,Completed
ORD011430,CUST03903,2025-08-25 06:08:03.123693,USD,Completed
ORD011431,CUST01061,2025-10-06 14:47:40.569553,USD,Completed
ORD011432,CUST04409,2026-05-20 17:48:20.587573,usd,Completed
ORD011433,CUST03180,2026-04-17 16:35:32.417030,USD,Completed
ORD011434,CUST00237,2025-09-21 06:14:36.362031,USD,Completed
ORD011435,CUST01440,2025-12-10 15:43:12.720615,USD,Completed
ORD011436,CUST01626,2026-05-08 13:07:06.203650,USD,Completed
ORD011437,CUST03538,2026-04-20 22:08:57.488877,US$,Completed
ORD011438,CUST03669,2026-04-12 20:15:56.817657,USD,Completed
ORD011439,CUST01217,2026-01-09 01:20:54.137074,USD,Completed
ORD011440,CUST04845,2025-12-13 09:18:55.126104,usd,Completed
ORD011441,CUST01358,2026-03-29 08:43:18.853454,USD,Completed
ORD011442,CUST01133,2025-11-13 12:35:01.997689,USD,Completed
ORD011443,CUST03223,2026-04-04 11:45:53.451922,USD,Completed
ORD011444,CUST00764_DUP,2025-08-10 12:43:10.727455,USD,Completed
ORD011445,CUST02930,2026-02-07 05:58:22.086509,USD,Completed
ORD011446,CUST01225,2025-07-01 14:32:09.404554,$,Completed
ORD011447,CUST03039,2025-11-06 08:01:23.661652,USD,Completed
ORD011448,CUST03332,2026-05-11 04:05:51.558898,USD,Completed
ORD011449,CUST01376,2026-04-09 22:02:08.726487,USD,Cancelled
ORD011450,CUST03519,2026-05-10 14:28:29.542213,usd,Completed
ORD011451,CUST02266,2025-10-20 02:29:50.518039,$,Completed
ORD011452,CUST04279,2025-09-22 00:40:05.790971,USD,Completed
ORD011453,CUST02777,2025-10-17 13:56:16.421716,USD,Completed
ORD011454,CUST02622,2025-11-08 02:24:22.913371,US$,Completed
ORD011455,CUST04912,2025-09-21 20:02:42.480322,USD,Completed
ORD011456,CUST00390,2026-05-12 22:28:21.244271,USD,Completed
ORD011457,CUST02436,2026-03-11 11:41:02.711728,USD,Completed
ORD011458,CUST01200,2026-05-06 11:24:19.392841,USD,Completed
ORD011459,CUST03074,2026-06-24 14:41:17.095186,USD,Completed
ORD011460,CUST03237,2025-12-06 17:11:38.778372,USD,Completed
ORD011461,CUST02018,2026-03-15 08:43:11.253021,USD,Completed
ORD011462,CUST03594,2026-04-24 00:11:42.702497,USD,Completed
ORD011463,CUST03223,2026-04-08 22:16:56.978514,US$,Refunded
ORD011464,CUST00084,2025-08-23 12:13:07.366328,$,Completed
ORD011465,CUST01786,2026-04-16 01:00:51.686048,USD,Completed
ORD011466,CUST03938,2025-09-06 20:10:57.112636,usd,Completed
ORD011467,CUST02326,2026-05-07 11:31:22.809196,USD,Completed
ORD011468,CUST04942,2026-04-04 07:45:58.404922,usd,Completed
ORD011469,CUST03945,2025-09-01 02:00:36.444093,$,Completed
ORD011470,CUST01444,2026-04-13 00:21:06.036128,US$,Completed
ORD011471,CUST04178,2026-01-12 19:39:46.006294,USD,Completed
ORD011472,CUST01444,2026-01-25 00:46:34.305049,US$,Completed
ORD011473,CUST03377,2025-11-19 09:04:10.239982,usd,Refunded
ORD011474,CUST00869,2025-08-23 17:01:53.112169,USD,Completed
ORD011475,CUST01185,2026-04-22 13:46:36.836812,USD,Completed
ORD011476,CUST02291,2025-11-20 22:40:27.302098,US$,Completed
ORD011477,CUST04536,2025-07-17 05:19:28.871490,USD,Completed
ORD011478,CUST04918,2025-08-02 20:51:35.872710,US$,Completed
ORD011479,CUST04138,2026-01-21 15:27:04.659898,USD,Completed
ORD011480,CUST00305,2025-12-08 16:39:54.560529,USD,Completed
ORD011481,CUST01455,2026-04-16 11:47:26.478878,US$,Completed
ORD011482,CUST00740,2026-04-24 06:07:48.980164,usd,Completed
ORD011483,CUST00302,2025-07-18 23:27:10.468606,USD,Completed
ORD011484,CUST01538,2025-10-20 03:30:42.595202,USD,Completed
ORD011485,CUST03218,2026-05-28 00:43:14.439905,USD,Completed
ORD011486,CUST00588,2025-12-30 19:02:33.822812,USD,Completed
ORD011487,CUST02261,2026-01-03 02:35:27.369773,USD,Cancelled
ORD011488,CUST03172,2025-09-11 12:04:40.169446,USD,Completed
ORD011489,CUST01592,2025-07-30 04:31:52.257250,USD,Completed
ORD011490,CUST04387,2026-02-03 19:32:24.687213,usd,Cancelled
ORD011491,CUST00570,2026-05-03 13:58:47.554990,$,Completed
ORD011492,CUST02154,2025-12-10 17:10:12.118267,USD,Completed
ORD011493,CUST04116,2025-11-27 14:00:57.993814,USD,Completed
ORD011494,CUST03450,2026-06-01 12:03:35.781725,US$,Completed
ORD011495,CUST03961,2025-09-25 01:06:35.877271,USD,Completed
ORD011496,CUST04762,2026-02-06 12:19:22.956515,USD,Completed
ORD011497,CUST00136,2025-12-19 03:24:37.700767,US$,Completed
ORD011498,CUST01962,2025-10-26 18:39:10.552341,USD,Completed
ORD011499,CUST00249,2025-08-18 06:27:30.227396,USD,Completed
ORD011500,CUST04586,2026-05-16 18:18:36.567185,USD,Completed
ORD011501,CUST04425,2025-10-13 04:30:56.838608,USD,Cancelled
ORD011502,CUST01128,2026-01-10 16:59:16.319653,$,Completed
ORD011503,CUST01851,2026-05-24 20:10:14.218180,USD,Cancelled
ORD011504,CUST01333,2025-12-24 19:57:02.390649,USD,Completed
ORD011505,CUST02945,2025-12-18 09:53:41.469761,USD,Completed
ORD011506,CUST03405,2026-03-25 00:36:07.533408,USD,Completed
ORD011507,CUST04941,2026-01-23 13:33:56.364754,$,Completed
ORD011508,CUST00394,2026-01-21 10:47:36.050030,USD,Completed
ORD011509,CUST02274,2025-11-02 05:40:07.562712,US$,Completed
ORD011510,CUST00180,2026-03-30 09:56:00.304671,usd,Completed
ORD011511,CUST03338,2025-11-06 04:02:11.274279,USD,Completed
ORD011512,CUST00363,2025-11-23 02:01:23.248067,USD,Completed
ORD011513,CUST02139,2025-12-16 22:54:42.664915,USD,Completed
ORD011514,CUST04128,2026-01-03 21:06:38.794181,USD,Refunded
ORD011515,CUST04190,2025-07-25 14:35:32.108377,USD,Completed
ORD011516,CUST03070,2025-10-15 18:27:56.571275,US$,Completed
ORD011517,CUST00908,2025-12-06 07:25:51.677551,USD,Completed
ORD011518,CUST03199,2026-06-01 17:09:33.408057,USD,Completed
ORD011519,CUST00355,2026-05-02 01:06:02.776508,USD,Completed
ORD011520,CUST01491,2026-01-29 12:50:08.935888,USD,Completed
ORD011521,CUST02108,2026-05-30 02:53:39.637410,USD,Completed
ORD011522,CUST02867,2026-02-19 23:29:13.624876,US$,Completed
ORD011523,CUST04829,2026-04-19 00:24:47.958328,USD,Completed
ORD011524,CUST03951,2026-02-02 12:36:22.059150,USD,Cancelled
ORD011525,CUST02997,2025-10-04 11:37:45.899664,USD ,Completed
ORD011526,CUST04526,2026-02-21 17:44:52.408495,USD,Refunded
ORD011527,CUST00711,2026-02-02 17:39:43.536075,usd,Completed
ORD011528,CUST01977,2026-06-13 11:08:21.868149,USD,Completed
ORD011529,CUST03096,2026-06-03 21:52:05.680928,USD,Completed
ORD011530,CUST02504,2026-04-29 03:50:12.570807,USD,Completed
ORD011531,CUST03821,2025-08-14 08:18:17.994659,usd,Completed
ORD011532,CUST01907,2025-07-16 09:58:26.646935,USD,Completed
ORD011533,CUST03815,2025-07-31 05:25:37.252463,USD,Completed
ORD011534,CUST02795,2025-11-03 03:58:44.294568,US$,Completed
ORD011535,CUST00529,2025-09-21 22:48:43.696571,USD,Completed
ORD011536,CUST02869,2025-10-11 08:04:21.726278,USD,Completed
ORD011537,CUST03352,2025-09-23 11:30:27.878043,$,Completed
ORD011538,CUST03137,2025-11-24 20:40:40.691201,USD,Completed
ORD011539,CUST03595,2025-12-20 20:50:46.142909,USD,Completed
ORD011540,CUST03421,2025-08-07 17:42:30.570614,USD,Completed
ORD011541,CUST00624,2025-09-02 17:18:31.697476,USD,Completed
ORD011542,CUST03121,2026-03-24 21:45:46.230515,US$,Completed
ORD011543,CUST02329,2026-01-09 22:31:09.168189,usd,Completed
ORD011544,CUST00140,2026-05-12 12:36:16.143141,USD,Cancelled
ORD011545,CUST00234,2026-06-18 15:22:23.094805,USD,Completed
ORD011546,CUST01097,2025-07-18 07:44:21.159996,$,Cancelled
ORD011547,CUST01658,2026-06-26 05:39:31.242575,USD,Completed
ORD011548,CUST03290_DUP,2026-05-09 18:55:40.949541,USD,Completed
ORD011549,CUST04790,2025-07-27 15:28:48.136757,USD,Completed
ORD011550,CUST01250,2026-04-17 21:37:23.979741,USD,Completed
ORD011551,CUST03047,2026-05-19 19:25:49.585215,USD,Completed
ORD011552,CUST04768,2026-06-16 23:30:02.440436,$,Completed
ORD011553,CUST02183,2026-04-26 01:55:31.215506,USD,Completed
ORD011554,CUST04605,2026-01-03 03:16:01.062790,USD,Completed
ORD011555,CUST01855,2025-08-19 03:49:59.729807,USD,Completed
ORD011556,CUST03210,2025-08-09 04:50:00.353934,US$,Completed
ORD011557,CUST02488,2026-01-23 02:15:01.479722,USD,Cancelled
ORD011558,CUST02898,2025-11-14 15:47:39.246103,USD ,Cancelled
ORD011559,CUST03724,2026-03-31 03:42:29.874410,USD,Completed
ORD011560,CUST02805,2025-09-06 08:15:41.102211,USD,Completed
ORD011561,CUST04736,2026-04-16 09:08:05.933412,$,Refunded
ORD011562,CUST01074,2025-09-04 19:57:58.132383,USD,Completed
ORD011563,CUST03477,2025-11-17 14:33:35.795907,USD,Completed
ORD011564,CUST01025,2025-08-30 06:07:49.053970,USD ,Completed
ORD011565,CUST01321,2025-11-10 21:57:59.268078,usd,Completed
ORD011566,CUST03299,2026-06-11 06:57:53.195964,USD,Cancelled
ORD011567,CUST03231,2025-09-14 12:40:30.834951,usd,Completed
ORD011568,CUST02328,2025-07-02 03:58:38.144722,usd,Completed
ORD011569,CUST04734,2025-11-10 19:40:15.285619,USD,Completed
ORD011570,CUST03141,2025-09-19 00:02:07.737380,USD,Cancelled
ORD011571,CUST02421,2025-07-03 11:21:59.218731,USD ,Completed
ORD011572,CUST04369,2025-08-01 04:31:23.510192,usd,Completed
ORD011573,CUST03952,2026-04-19 06:58:57.568425,USD,Completed
ORD011574,CUST00320,2025-09-03 00:02:10.535569,USD,Completed
ORD011575,CUST04705,2025-07-04 23:53:10.977937,$,Completed
ORD011576,CUST02820,2025-12-26 10:39:04.210322,USD,Completed
ORD011577,CUST02590,2025-09-05 23:38:22.547757,USD,Completed
ORD011578,CUST02320,2026-03-04 08:55:05.584305,US$,Completed
ORD011579,CUST00409,2025-10-18 20:33:50.251855,USD,Completed
ORD011580,CUST00830,2025-11-23 19:09:50.936029,US$,Completed
ORD011581,CUST01496,2025-08-26 13:14:07.567837,USD,Completed
ORD011582,CUST03439,2025-09-23 19:47:31.630300,$,Completed
ORD011583,CUST03727,2026-01-14 05:26:38.382361,usd,Completed
ORD011584,CUST01958,2025-11-19 10:35:11.713003,USD,Completed
ORD011585,CUST01457,2025-08-12 00:42:28.209420,USD,Completed
ORD011586,CUST04032,2025-10-30 21:33:58.585614,USD,Completed
ORD011587,CUST04233,2026-06-11 21:33:13.008338,USD,Completed
ORD011588,CUST04765,2026-04-12 00:04:49.922807,USD,Completed
ORD011589,CUST01035,2025-08-28 12:17:56.232208,US$,Completed
ORD011590,CUST03873,2025-07-18 02:45:21.038743,USD,Completed
ORD011591,CUST01294,2025-08-03 05:09:25.340589,USD,Completed
ORD011592,CUST03035,2025-09-07 10:47:09.901960,$,Completed
ORD011593,CUST02472,2026-02-02 10:31:54.726601,usd,Completed
ORD011594,CUST00122,2026-04-23 05:13:11.309772,USD,Completed
ORD011595,CUST04449,2026-02-04 09:20:24.342026,USD,Completed
ORD011596,CUST04809,2025-12-16 03:57:14.014413,usd,Completed
ORD011597,CUST02923,2025-08-16 15:06:29.341378,USD,Completed
ORD011598,CUST03129,2025-09-17 18:10:35.379556,USD,Completed
ORD011599,CUST00881,2026-06-17 00:04:05.247994,USD,Completed
ORD011600,CUST03223,2026-04-02 22:34:17.752935,USD,Completed
ORD011601,CUST02717,2026-01-27 23:34:13.677602,$,Completed
ORD011602,CUST02133,2025-11-11 18:58:03.635657,USD,Completed
ORD011603,CUST04172,2025-09-15 01:08:11.284674,US$,Completed
ORD011604,CUST02750,2025-10-20 08:41:54.266203,USD,Completed
ORD011605,CUST01033,2025-08-01 13:58:31.557668,US$,Refunded
ORD011606,CUST00152,2026-06-20 18:31:43.401794,usd,Cancelled
ORD011607,CUST02839,2025-07-20 12:56:33.866521,usd,Completed
ORD011608,CUST03919,2025-12-20 15:31:39.687868,USD,Completed
ORD011609,CUST00945,2026-02-21 20:05:08.897572,USD,Completed
ORD011610,CUST00461,2026-03-22 20:36:45.975410,USD,Completed
ORD011611,CUST00021,2025-07-14 16:29:09.725283,USD,Completed
ORD011612,CUST01180,2025-09-18 19:45:44.185587,USD,Completed
ORD011613,CUST04502,2026-05-17 11:10:33.750422,USD,Cancelled
ORD011614,CUST00555,2026-03-16 14:10:32.381599,$,Completed
ORD011615,CUST03515,2025-09-05 00:13:47.576032,USD,Refunded
ORD011616,CUST00226,2025-08-21 10:54:25.078300,$,Completed
ORD011617,CUST04572,2025-07-28 02:51:19.636675,USD,Completed
ORD011618,CUST03177,2026-02-01 19:13:21.939701,USD,Completed
ORD011619,CUST03554,2026-03-03 17:01:28.309974,USD,Completed
ORD011620,CUST00334,2025-08-18 23:50:05.826779,USD,Completed
ORD011621,CUST04157,2026-06-17 18:57:29.280046,USD,Cancelled
ORD011622,CUST02989,2025-11-19 23:24:35.211362,USD,Completed
ORD011623,CUST00787,2025-09-18 03:38:34.448207,USD,Completed
ORD011624,CUST04472,2025-10-20 07:28:20.057411,US$,Completed
ORD011625,CUST01841,2025-11-26 23:30:12.498233,USD,Completed
ORD011626,CUST01341,2026-04-26 10:35:40.288205,USD,Cancelled
ORD011627,CUST00316,2026-01-03 21:30:38.587127,USD,Completed
ORD011628,CUST00226,2026-06-10 01:27:06.140727,USD,Completed
ORD011629,CUST00172,2025-12-02 07:09:46.818180,usd,Completed
ORD011630,CUST04677,2026-05-31 11:54:17.666684,$,Completed
ORD011631,CUST04934,2025-12-23 16:02:39.204462,USD,Completed
ORD011632,CUST01591,2025-12-20 13:33:54.417599,US$,Completed
ORD011633,CUST00589,2025-07-15 20:45:26.390676,USD,Completed
ORD011634,CUST04576,2026-04-23 07:40:52.294519,USD,Completed
ORD011635,CUST02474,2025-11-28 09:17:10.040089,USD,Completed
ORD011636,CUST04641,2025-12-20 04:08:11.426708,USD,Completed
ORD011637,CUST01701,2025-09-29 04:48:32.360091,USD,Completed
ORD011638,CUST00925,2025-07-15 07:26:11.681679,USD,Completed
ORD011639,CUST03023,2026-03-13 17:04:26.409739,USD,Completed
ORD011640,CUST00732,2025-08-13 10:30:24.318186,US$,Completed
ORD011641,CUST01523,2025-07-31 13:17:09.465925,USD,Completed
ORD011642,CUST01932,2026-02-28 13:23:12.103297,USD,Completed
ORD011643,CUST03060,2025-12-26 10:00:13.894549,USD,Cancelled
ORD011644,CUST04811,2025-12-14 04:10:32.372960,USD,Completed
ORD011645,CUST00327,2026-04-05 18:56:30.925085,usd,Completed
ORD011646,CUST00839,2025-09-12 21:58:57.527340,USD,Completed
ORD011647,CUST04115,2025-11-25 17:41:17.389946,usd,Refunded
ORD011648,CUST03765,2025-12-13 13:28:22.964235,USD,Completed
ORD011649,CUST00278,2026-01-28 20:47:10.399832,US$,Completed
ORD011650,CUST00621,2025-09-20 08:07:49.537438,usd,Completed
ORD011651,CUST04294,2026-01-20 04:44:16.973449,USD,Cancelled
ORD011652,CUST00507,2026-03-27 13:26:19.372094,USD,Completed
ORD011653,CUST04183,2026-04-22 11:26:58.460539,USD,Completed
ORD011654,CUST03852,2025-09-11 21:08:50.572368,US$,Completed
ORD011655,CUST00676,2026-06-19 16:06:47.453747,USD,Completed
ORD011656,CUST02221,2025-11-08 07:08:13.107626,USD,Refunded
ORD011657,CUST00718,2026-05-23 07:36:19.391706,$,Completed
ORD011658,CUST00504,2025-11-02 15:53:03.294092,usd,Completed
ORD011659,CUST01862,2026-01-12 23:10:18.165233,USD,Completed
ORD011660,CUST03593,2025-07-25 02:59:12.669967,US$,Completed
ORD011661,CUST03368,2026-04-25 20:36:31.237480,USD,Completed
ORD011662,CUST02250,2026-05-22 08:04:45.248512,USD,Completed
ORD011663,CUST02748,2025-10-05 17:02:32.227003,usd,Completed
ORD011664,CUST04230,2026-05-30 20:29:13.009773,USD,Completed
ORD011665,CUST04645,2025-10-28 04:58:56.346662,USD,Cancelled
ORD011666,CUST04952,2025-10-31 05:31:30.850081,USD,Completed
ORD011667,CUST01486,2026-05-22 04:25:04.596513,USD,Completed
ORD011668,CUST02223,2025-12-05 07:42:51.295971,USD,Completed
ORD011669,CUST00225,2025-11-13 16:49:41.429846,usd,Completed
ORD011670,CUST00703,2026-05-03 13:36:16.863532,US$,Completed
ORD011671,CUST01449,2025-09-20 18:57:48.492801,USD,Completed
ORD011672,CUST04841,2025-07-02 17:14:58.351088,USD,Completed
ORD011673,CUST02273,2025-11-27 20:48:38.462786,US$,Completed
ORD011674,CUST04520,2026-01-07 08:53:28.573785,USD,Cancelled
ORD011675,CUST01377,2025-09-19 20:01:15.868334,USD,Cancelled
ORD011676,CUST04817,2025-10-16 01:44:53.710211,USD,Completed
ORD011677,CUST00610,2025-07-29 00:04:04.020479,usd,Completed
ORD011678,CUST01397,2026-05-15 18:12:07.586571,USD,Completed
ORD011679,CUST00497,2025-12-07 22:03:50.377860,usd,Completed
ORD011680,CUST01433,2026-02-27 00:54:50.526764,USD,Completed
ORD011681,CUST04526,2025-08-23 10:38:13.014799,USD,Completed
ORD011682,CUST03702,2025-10-08 16:59:47.309534,$,Completed
ORD011683,CUST04051,2026-06-18 03:56:05.831824,$,Completed
ORD011684,CUST01835,2026-04-06 06:27:08.895371,$,Completed
ORD011685,CUST03624,2026-03-31 13:52:37.740366,US$,Completed
ORD011686,CUST02173,2026-03-27 01:56:37.239951,USD,Completed
ORD011687,CUST02933,2026-04-23 15:41:35.652976,USD,Completed
ORD011688,CUST03530,2026-04-25 09:56:05.173034,USD,Completed
ORD011689,CUST04756,2025-08-11 12:10:13.897265,USD,Completed
ORD011690,CUST04035,2025-09-22 21:23:59.173841,usd,Completed
ORD011691,CUST03928,2025-09-08 13:49:20.901739,US$,Completed
ORD011692,CUST01288,2025-11-20 06:23:06.830554,USD,Completed
ORD011693,CUST03527,2026-05-18 16:03:18.463936,usd,Cancelled
ORD011694,CUST01514_DUP,2026-05-31 12:40:39.580932,USD,Cancelled
ORD011695,CUST00590,2025-12-31 04:05:00.377845,US$,Cancelled
ORD011696,CUST00570,2026-03-02 19:04:06.907995,usd,Completed
ORD011697,CUST00704,2025-12-31 03:27:05.195643,USD,Completed
ORD011698,CUST00420,2026-03-30 01:58:01.978376,USD,Completed
ORD011699,CUST00585,2025-11-05 12:20:45.346360,USD,Completed
ORD011700,CUST03892,2025-08-22 06:39:19.807755,USD,Completed
ORD011701,CUST01238,2026-01-06 21:15:47.866684,USD,Completed
ORD011702,CUST00311,2026-04-14 19:58:37.800409,usd,Completed
ORD011703,CUST00799,2025-08-12 19:37:25.226674,USD,Completed
ORD011704,CUST04503,2025-08-21 06:31:36.777668,USD,Completed
ORD011705,CUST04741,2025-07-24 11:06:00.536275,USD,Completed
ORD011706,CUST01001,2026-03-25 22:16:06.028529,US$,Completed
ORD011707,CUST02091,2026-03-04 13:24:42.145038,US$,Completed
ORD011708,CUST02031,2025-08-30 00:58:51.541511,USD ,Completed
ORD011709,CUST04229,2026-02-27 07:55:22.546251,USD,Completed
ORD011710,CUST03947,2025-09-13 18:45:48.696881,US$,Completed
ORD011711,CUST04818,2025-08-30 01:38:16.899733,USD,Completed
ORD011712,CUST04256,2025-10-02 19:33:11.313496,USD,Completed
ORD011713,CUST03690,2025-08-11 11:13:14.200115,$,Completed
ORD011714,CUST00335,2026-05-26 04:13:58.633512,USD,Completed
ORD011715,CUST04158,2026-06-21 03:09:02.523156,USD,Completed
ORD011716,CUST00185,2026-05-01 07:35:25.511643,usd,Completed
ORD011717,CUST03967,2026-03-13 05:02:46.985590,US$,Completed
ORD011718,CUST03272_DUP,2026-05-03 20:57:07.538334,USD,Completed
ORD011719,CUST03774,2026-01-18 14:47:10.259276,US$,Completed
ORD011720,CUST04967,2025-10-29 10:03:36.969409,US$,Completed
ORD011721,CUST03017,2026-01-07 12:01:59.401399,USD,Completed
ORD011722,CUST04809,2026-04-04 08:24:29.353422,USD,Completed
ORD011723,CUST04289,2025-08-08 12:12:21.728641,USD,Completed
ORD011724,CUST00558,2026-03-19 09:56:34.786684,USD,Completed
ORD011725,CUST03773,2026-03-21 07:04:36.600122,USD,Completed
ORD011726,CUST04401,2025-11-09 10:42:35.621070,USD,Completed
ORD011727,CUST00995,2026-06-09 23:59:06.507736,usd,Completed
ORD011728,CUST02304,2025-08-01 09:53:58.428435,$,Completed
ORD011729,CUST01681,2026-02-11 02:20:21.397163,USD,Completed
ORD011730,CUST03056,2025-10-27 22:06:26.130649,usd,Completed
ORD011731,CUST02971,2025-12-29 00:39:57.432272,usd,Cancelled
ORD011732,CUST00077,2025-09-18 14:09:31.001515,USD,Completed
ORD011733,CUST00848,2025-09-01 11:08:05.218722,USD,Refunded
ORD011734,CUST04287,2026-02-05 00:26:09.778131,USD,Completed
ORD011735,CUST02664,2025-08-19 18:53:07.220738,USD,Completed
ORD011736,CUST04878,2025-09-11 02:16:28.702091,USD,Completed
ORD011737,CUST03252,2026-05-28 13:02:46.690793,USD,Completed
ORD011738,CUST03675,2025-11-27 02:09:10.827281,USD,Completed
ORD011739,CUST02775,2026-06-08 19:32:23.829456,USD,Completed
ORD011740,CUST04084,2026-03-02 02:15:45.300246,USD,Cancelled
ORD011741,CUST04482,2026-01-28 17:49:43.991668,USD,Completed
ORD011742,CUST03563,2025-11-27 02:56:05.616569,USD,Completed
ORD011743,CUST01060,2026-04-01 06:10:20.378947,USD,Completed
ORD011744,CUST00918,2026-03-23 20:47:39.622485,USD,Cancelled
ORD011745,CUST00970,2026-05-05 15:35:40.363344,usd,Completed
ORD011746,CUST04978,2026-01-03 15:55:21.943225,USD,Completed
ORD011747,CUST03935,2026-06-09 06:30:39.512219,USD,Refunded
ORD011748,CUST03453,2025-07-21 17:56:48.935715,USD,Refunded
ORD011749,CUST00738,2026-02-25 00:10:16.315301,USD,Completed
ORD011750,CUST02826,2026-06-22 08:36:04.597245,USD,Completed
ORD011751,CUST02355,2026-01-07 12:32:04.169900,USD,Completed
ORD011752,CUST00155,2026-01-20 19:02:38.726548,USD,Completed
ORD011753,CUST02279,2026-02-22 14:21:12.934455,USD,Completed
ORD011754,CUST03087,2026-05-02 14:07:06.316916,USD,Completed
ORD011755,CUST01482,2026-05-06 21:19:30.064651,USD,Completed
ORD011756,CUST03488,2026-03-21 21:06:55.093757,USD,Completed
ORD011757,CUST01454_DUP,2026-05-31 10:04:07.323291,USD,Completed
ORD011758,CUST02226,2025-08-23 01:26:07.876729,usd,Cancelled
ORD011759,CUST02404,2025-09-24 12:14:08.144283,USD,Completed
ORD011760,CUST02202,2026-01-25 07:44:44.656481,US$,Completed
ORD011761,CUST03802,2026-05-24 21:21:25.077951,USD,Completed
ORD011762,CUST03136,2025-07-27 12:58:56.867099,usd,Refunded
ORD011763,CUST02429,2026-06-27 11:53:45.512515,US$,Completed
ORD011764,CUST01629,2025-08-28 11:09:59.174885,USD,Completed
ORD011765,CUST04334,2025-11-13 10:54:52.476935,USD,Completed
ORD011766,CUST04371,2026-04-03 05:16:28.024017,USD,Completed
ORD011767,CUST01327,2025-09-09 21:37:34.641306,usd,Refunded
ORD011768,CUST02699,2025-10-01 04:34:48.347235,USD,Cancelled
ORD011769,CUST02960,2026-06-05 15:37:53.044465,$,Refunded
ORD011770,CUST00930,2026-05-01 20:32:06.664176,USD,Completed
ORD011771,CUST03347,2025-12-05 15:51:45.578492,usd,Completed
ORD011772,CUST02199,2025-07-25 10:45:25.226807,USD,Completed
ORD011773,CUST02260,2025-10-18 02:13:15.702319,USD,Completed
ORD011774,CUST02917,2025-07-17 03:53:39.794236,USD,Completed
ORD011775,CUST04519,2026-02-19 03:04:59.487407,USD,Completed
ORD011776,CUST04070,2026-04-28 19:56:24.208478,US$,Completed
ORD011777,CUST01294,2025-07-18 06:50:18.934710,usd,Completed
ORD011778,CUST04610,2026-06-11 07:11:44.757547,USD ,Completed
ORD011779,CUST04113,2026-03-23 06:17:22.752423,USD,Completed
ORD011780,CUST01161,2026-03-01 09:31:15.449238,USD,Completed
ORD011781,CUST03080,2025-09-09 14:37:17.362002,usd,Completed
ORD011782,CUST03410,2025-07-25 14:03:44.255260,USD,Completed
ORD011783,CUST01786,2025-11-17 01:12:34.800175,usd,Completed
ORD011784,CUST01330,2025-12-26 06:40:04.999852,USD,Completed
ORD011785,CUST01665,2025-08-13 08:46:20.951697,$,Completed
ORD011786,CUST04898,2025-11-10 14:48:53.255072,USD,Completed
ORD011787,CUST02183,2026-02-21 20:35:02.761154,$,Completed
ORD011788,CUST03423,2025-12-10 23:33:59.776974,USD,Cancelled
ORD011789,CUST04847,2026-04-30 02:30:27.410795,usd,Completed
ORD011790,CUST01776,2026-06-21 20:56:43.397095,USD,Completed
ORD011791,CUST04767,2026-05-14 02:54:15.209735,USD,Completed
ORD011792,CUST04533,2025-12-21 03:44:49.137137,USD,Completed
ORD011793,CUST04432,2025-07-04 00:15:29.958260,USD,Completed
ORD011794,CUST01555,2026-05-19 15:28:55.796256,USD,Completed
ORD011795,CUST00140,2025-09-05 16:08:15.539410,$,Completed
ORD011796,CUST00240,2025-07-03 12:32:23.812942,US$,Refunded
ORD011797,CUST02798,2026-06-07 16:05:16.391503,USD,Completed
ORD011798,CUST01663,2026-05-07 02:50:00.267368,USD,Completed
ORD011799,CUST03343,2025-12-24 01:28:48.160768,usd,Completed
ORD011800,CUST03520,2026-04-16 21:33:37.473356,USD,Completed
ORD011801,CUST01999,2025-11-30 11:57:18.047513,$,Completed
ORD011802,CUST03533,2026-01-09 21:06:36.290042,USD,Refunded
ORD011803,CUST03385,2025-10-08 19:05:17.385705,USD,Cancelled
ORD011804,CUST00263,2026-06-14 06:38:38.533830,usd,Completed
ORD011805,CUST00618,2025-12-28 09:45:08.625434,USD,Completed
ORD011806,CUST02428,2025-10-22 09:04:22.738749,USD,Cancelled
ORD011807,CUST01977,2025-07-08 08:58:22.311292,USD,Completed
ORD011808,CUST00991,2026-05-06 07:12:25.097670,USD,Completed
ORD011809,CUST04811,2026-06-24 04:27:11.558044,USD,Completed
ORD011810,CUST03178,2025-08-23 20:45:10.453665,USD,Completed
ORD011811,CUST04313,2025-08-03 13:35:24.742696,USD,Completed
ORD011812,CUST01832,2026-04-21 23:59:55.770283,US$,Completed
ORD011813,CUST03340,2026-05-20 10:31:35.604830,US$,Cancelled
ORD011814,CUST00041,2025-08-30 00:01:57.179837,$,Completed
ORD011815,CUST01828,2026-06-13 13:26:05.858276,USD,Completed
ORD011816,CUST00760,2026-01-13 06:37:20.954959,USD,Completed
ORD011817,CUST01097,2025-12-01 06:55:23.373002,USD ,Completed
ORD011818,CUST04573,2025-07-29 02:34:17.478321,USD,Completed
ORD011819,CUST00569,2025-11-19 21:39:44.454530,USD,Completed
ORD011820,CUST02643,2025-12-22 07:59:54.401539,USD,Completed
ORD011821,CUST00704,2025-08-18 15:40:20.235947,USD,Completed
ORD011822,CUST04268,2025-09-14 19:56:22.048532,USD,Completed
ORD011823,CUST04710,2026-04-07 13:06:12.079288,USD,Completed
ORD011824,CUST02727,2026-04-07 10:33:49.410524,USD,Completed
ORD011825,CUST01778,2025-12-10 11:26:11.385700,USD,Completed
ORD011826,CUST04725,2026-01-15 07:43:46.311755,usd,Completed
ORD011827,CUST03690,2026-04-16 19:04:26.184634,USD,Completed
ORD011828,CUST02759,2026-03-23 04:31:18.749071,usd,Completed
ORD011829,CUST03158,2025-11-01 00:43:09.314531,usd,Completed
ORD011830,CUST02662,2026-03-21 18:59:16.131964,USD,Completed
ORD011831,CUST02120,2025-07-15 18:59:17.131813,USD,Completed
ORD011832,CUST03907,2026-05-21 20:40:50.152822,USD,Completed
ORD011833,CUST00081,2026-02-08 02:23:27.916383,USD,Completed
ORD011834,CUST02232,2026-03-15 00:34:05.796566,USD,Completed
ORD011835,CUST03318,2026-04-22 19:00:43.197762,US$,Completed
ORD011836,CUST02331,2026-03-30 17:36:33.301508,USD ,Completed
ORD011837,CUST02028,2026-05-25 03:26:46.523144,usd,Completed
ORD011838,CUST00991,2026-04-09 08:08:09.045362,$,Completed
ORD011839,CUST00731,2026-02-11 11:08:07.563152,USD,Completed
ORD011840,CUST00032,2025-07-19 09:55:19.514203,USD,Completed
ORD011841,CUST02818,2026-02-20 13:14:08.731989,USD,Completed
ORD011842,CUST04118,2026-05-28 08:32:49.798915,USD,Completed
ORD011843,CUST02393,2025-08-03 11:05:03.145753,USD,Completed
ORD011844,CUST03409,2026-06-28 03:53:39.897074,US$,Completed
ORD011845,CUST03692,2026-01-17 02:33:37.605327,USD,Completed
ORD011846,CUST02136,2026-04-09 00:55:40.408739,usd,Completed
ORD011847,CUST03890,2025-07-22 16:39:53.398836,USD,Cancelled
ORD011848,CUST03010,2026-02-05 22:41:23.482900,USD,Completed
ORD011849,CUST01962,2025-09-05 02:54:48.106537,US$,Completed
ORD011850,CUST02153,2025-11-30 09:37:52.796303,USD,Completed
ORD011851,CUST01249,2026-02-22 13:04:18.801691,USD,Cancelled
ORD011852,CUST02462,2025-11-23 00:35:22.189429,USD,Cancelled
ORD011853,CUST03171,2026-05-19 01:18:24.848653,USD,Completed
ORD011854,CUST02514,2026-05-20 13:27:48.737171,usd,Cancelled
ORD011855,CUST04729,2025-08-12 07:53:16.651371,USD,Cancelled
ORD011856,CUST00748,2026-06-28 04:17:21.356436,USD,Completed
ORD011857,CUST04969,2026-01-07 13:03:33.406482,USD,Completed
ORD011858,CUST03022,2026-03-08 18:56:06.954346,USD,Completed
ORD011859,CUST03038,2026-02-27 17:40:02.934386,USD,Cancelled
ORD011860,CUST00465,2025-07-06 12:20:22.570366,USD,Cancelled
ORD011861,CUST04960,2025-09-13 23:09:53.808328,US$,Completed
ORD011862,CUST00064,2026-01-25 15:35:55.107467,USD,Completed
ORD011863,CUST03023,2026-02-03 06:45:54.045695,USD,Completed
ORD011864,CUST02572,2026-01-20 01:35:00.989898,$,Completed
ORD011865,CUST04638,2026-02-22 11:31:30.154141,US$,Cancelled
ORD011866,CUST02954,2025-07-06 00:42:48.298435,USD,Cancelled
ORD011867,CUST00545,2026-03-06 22:15:42.423972,USD,Completed
ORD011868,CUST00372,2025-09-27 01:38:45.049953,USD ,Completed
ORD011869,CUST02686,2026-06-26 06:50:29.744051,USD,Completed
ORD011870,CUST02407,2025-10-22 12:41:18.993156,USD,Completed
ORD011871,CUST00210,2025-09-05 16:28:52.252532,USD,Completed
ORD011872,CUST02215,2025-07-23 19:25:22.497923,USD,Completed
ORD011873,CUST00895,2026-06-29 08:07:22.844175,USD,Completed
ORD011874,CUST00346,2026-06-24 23:06:54.629926,USD,Completed
ORD011875,CUST01426,2025-12-28 21:07:04.518557,USD,Completed
ORD011876,CUST01126,2025-07-01 08:31:16.060577,USD,Completed
ORD011877,CUST00694,2025-09-21 08:40:36.535795,USD,Completed
ORD011878,CUST02945,2026-06-04 11:36:07.747422,USD,Completed
ORD011879,CUST03889,2025-07-28 07:54:41.393256,USD,Completed
ORD011880,CUST01962,2026-06-25 00:45:15.214235,$,Completed
ORD011881,CUST00324,2026-02-11 03:17:12.869305,usd,Completed
ORD011882,CUST02584,2026-01-17 19:15:52.086238,USD,Completed
ORD011883,CUST03197,2025-12-26 07:20:44.570081,usd,Completed
ORD011884,CUST03821,2026-02-19 23:36:17.924453,USD,Completed
ORD011885,CUST04853,2026-02-09 06:22:55.600939,USD,Completed
ORD011886,CUST02978,2025-09-29 01:59:33.169676,$,Completed
ORD011887,CUST04371,2025-08-10 03:59:33.251703,USD,Completed
ORD011888,CUST02609,2025-07-15 17:31:07.078367,USD,Completed
ORD011889,CUST04674,2026-05-17 19:06:04.315541,USD,Completed
ORD011890,CUST00864,2025-11-17 12:41:29.890745,$,Completed
ORD011891,CUST00443,2026-05-23 17:38:06.260401,USD,Completed
ORD011892,CUST01042,2026-02-16 03:06:50.358831,US$,Completed
ORD011893,CUST04429,2026-01-14 18:19:31.222769,USD,Completed
ORD011894,CUST03313,2026-03-27 05:48:40.862014,usd,Completed
ORD011895,CUST02156,2025-12-30 12:23:01.868455,USD,Cancelled
ORD011896,CUST02445,2025-09-13 18:44:50.178461,USD,Completed
ORD011897,CUST00409,2026-03-25 11:27:25.559967,USD,Completed
ORD011898,CUST04744,2026-03-12 23:46:23.187073,USD,Completed
ORD011899,CUST02720,2026-02-02 18:19:06.836378,USD,Completed
ORD011900,CUST00400,2025-09-28 06:37:40.683916,USD,Cancelled
ORD011901,CUST00138,2026-04-07 04:05:54.551994,USD,Completed
ORD011902,CUST03507,2026-02-27 20:18:07.234548,USD,Completed
ORD011903,CUST02362,2026-01-21 15:56:16.298222,USD,Completed
ORD011904,CUST02627,2026-04-01 18:01:11.938756,US$,Completed
ORD011905,CUST01482,2025-11-01 21:53:08.117337,$,Completed
ORD011906,CUST02818,2026-02-01 05:57:34.245755,USD,Completed
ORD011907,CUST02083,2025-10-09 00:38:00.395471,USD,Completed
ORD011908,CUST00505,2026-04-24 21:27:41.955228,USD,Completed
ORD011909,CUST03248,2025-12-07 16:19:18.934464,USD,Cancelled
ORD011910,CUST00445,2026-01-12 21:01:19.497133,USD,Completed
ORD011911,CUST01943,2026-01-12 03:01:00.191737,USD,Refunded
ORD011912,CUST01494,2026-03-01 10:27:41.139251,USD,Completed
ORD011913,CUST04018,2026-03-11 07:32:23.875062,USD,Completed
ORD011914,CUST02261,2026-01-11 07:06:21.722480,USD,Cancelled
ORD011915,CUST02782,2025-09-29 19:45:18.449288,USD,Completed
ORD011916,CUST03505,2025-08-13 12:46:26.505299,USD,Completed
ORD011917,CUST01843,2026-01-22 15:22:25.074611,USD,Completed
ORD011918,CUST00841,2026-01-29 22:52:23.612371,USD,Completed
ORD011919,CUST02442,2025-07-29 13:26:59.651993,usd,Completed
ORD011920,CUST02357,2026-05-08 05:25:26.605008,USD,Completed
ORD011921,CUST01537,2026-01-02 08:39:09.752645,$,Completed
ORD011922,CUST01745,2025-12-03 16:09:57.329873,USD,Completed
ORD011923,CUST03581,2025-09-15 17:13:33.224469,$,Completed
ORD011924,CUST04944,2025-09-07 18:30:53.764801,USD,Completed
ORD011925,CUST00442,2026-02-04 03:41:26.793686,USD,Completed
ORD011926,CUST03684,2026-01-24 00:41:02.526886,$,Completed
ORD011927,CUST04711,2025-10-03 12:15:51.003672,USD,Completed
ORD011928,CUST02423,2025-07-02 22:08:14.502975,USD,Refunded
ORD011929,CUST01819,2026-05-14 18:51:13.125400,USD,Completed
ORD011930,CUST01734,2025-08-09 10:48:14.243690,USD,Completed
ORD011931,CUST00610,2025-09-22 03:35:21.596955,usd,Completed
ORD011932,CUST00963,2025-08-05 10:52:03.111549,USD,Refunded
ORD011933,CUST01777,2025-12-02 10:48:14.176141,USD,Completed
ORD011934,CUST04491,2025-07-14 16:14:53.899954,USD,Completed
ORD011935,CUST03655,2025-09-19 03:55:07.685696,usd,Completed
ORD011936,CUST04580,2026-06-17 00:41:28.654095,USD,Completed
ORD011937,CUST00771,2025-12-12 03:27:45.722306,US$,Completed
ORD011938,CUST04522,2026-01-27 11:35:34.663327,usd,Completed
ORD011939,CUST00089,2026-03-07 18:44:17.872489,USD,Completed
ORD011940,CUST03159,2026-04-06 20:47:22.403299,$,Completed
ORD011941,CUST04154,2026-06-21 23:34:04.947324,USD,Completed
ORD011942,CUST01608,2026-03-02 18:58:41.010876,$,Completed
ORD011943,CUST00267,2025-12-30 07:57:40.440638,USD,Completed
ORD011944,CUST04362,2025-08-03 12:28:47.642804,USD,Completed
ORD011945,CUST01150,2026-05-31 07:32:30.045737,usd,Completed
ORD011946,CUST00366,2025-11-01 01:59:41.773214,USD,Cancelled
ORD011947,CUST00447,2026-03-13 22:57:29.763366,USD,Completed
ORD011948,CUST04882,2026-04-21 23:27:12.398110,USD,Completed
ORD011949,CUST04233,2025-09-11 12:25:24.016085,USD,Completed
ORD011950,CUST02009,2025-08-06 17:22:00.516712,USD,Completed
ORD011951,CUST04855,2025-09-13 11:51:00.754746,USD,Completed
ORD011952,CUST03991,2025-07-28 21:06:50.985980,USD,Completed
ORD011953,CUST04238,2025-12-24 21:37:05.981420,USD,Completed
ORD011954,CUST02755,2026-06-26 13:48:09.528464,usd,Completed
ORD011955,CUST03021,2026-05-05 13:07:52.200073,USD,Completed
ORD011956,CUST01252,2026-05-12 23:36:44.652065,US$,Completed
ORD011957,CUST01495,2026-04-25 12:56:53.905005,US$,Completed
ORD011958,CUST00090,2025-10-02 06:35:59.034321,USD,Completed
ORD011959,CUST01112,2026-05-06 22:04:07.996550,USD,Completed
ORD011960,CUST03266,2026-04-29 00:47:20.635602,USD,Completed
ORD011961,CUST01877,2026-03-12 13:07:55.178668,USD,Completed
ORD011962,CUST02984,2025-08-14 22:15:07.829939,USD,Completed
ORD011963,CUST00780,2025-11-27 18:03:17.242410,USD,Completed
ORD011964,CUST03822,2026-05-04 10:33:19.770231,US$,Cancelled
ORD011965,CUST00752,2026-01-24 07:32:05.486506,USD,Completed
ORD011966,CUST03435,2025-07-15 01:55:00.079093,USD,Completed
ORD011967,CUST03375,2026-06-23 08:43:09.212077,USD,Completed
ORD011968,CUST00026,2026-05-25 00:54:32.069964,US$,Completed
ORD011969,CUST00736,2026-04-04 11:55:02.743178,USD,Completed
ORD011970,CUST00438,2026-03-12 02:50:48.004279,USD,Completed
ORD011971,CUST03220,2025-08-29 21:55:39.762381,US$,Completed
ORD011972,CUST01663,2025-09-02 00:08:15.988300,$,Completed
ORD011973,CUST03905,2025-08-30 22:30:38.363695,USD,Cancelled
ORD011974,CUST04310,2025-11-09 09:15:14.072080,USD,Cancelled
ORD011975,CUST02179,2026-04-28 21:52:04.077794,USD,Completed
ORD011976,CUST02776,2026-05-11 00:32:32.493450,usd,Completed
ORD011977,CUST04001,2026-04-03 06:25:49.107289,usd,Cancelled
ORD011978,CUST00055,2026-04-14 23:17:38.937694,USD,Completed
ORD011979,CUST01433,2025-08-20 16:27:26.498518,USD ,Completed
ORD011980,CUST03154,2026-04-25 04:16:20.554202,USD,Completed
ORD011981,CUST01622,2026-05-04 02:34:46.610189,$,Completed
ORD011982,CUST02519,2026-01-01 02:51:40.716261,USD,Completed
ORD011983,CUST04199_DUP,2026-02-19 12:58:31.615385,USD,Completed
ORD011984,CUST00254,2026-05-12 01:53:17.264973,$,Completed
ORD011985,CUST01450,2025-09-13 07:06:56.163925,USD,Completed
ORD011986,CUST01086,2026-06-29 00:05:21.602423,USD,Completed
ORD011987,CUST00231,2025-09-06 08:02:12.738173,USD,Completed
ORD011988,CUST01089,2025-08-23 20:09:40.703815,USD,Completed
ORD011989,CUST03858,2025-12-20 08:37:38.086901,USD,Completed
ORD011990,CUST00911,2025-07-16 12:13:06.909606,USD,Completed
ORD011991,CUST02545,2025-08-03 10:48:27.348235,USD,Completed
ORD011992,CUST03966,2026-04-29 23:06:21.688406,$,Completed
ORD011993,CUST03984,2025-10-27 06:28:29.410156,USD,Cancelled
ORD011994,CUST01217,2026-02-10 21:59:44.908239,USD,Completed
ORD011995,CUST02099,2026-05-14 11:54:23.537292,USD,Completed
ORD011996,CUST02354,2026-03-05 23:41:38.207731,USD ,Completed
ORD011997,CUST04615,2025-09-11 14:40:12.691561,US$,Completed
ORD011998,CUST01660,2025-12-26 19:57:47.726002,USD,Completed
ORD011999,CUST00575,2026-02-21 20:18:43.065460,USD,Completed
ORD012000,CUST02414,2025-09-21 21:45:08.352821,usd,Completed
ORD012001,CUST04127,2026-03-25 12:41:09.667115,USD,Cancelled
ORD012002,CUST04910,2026-01-19 22:05:24.563885,USD,Completed
ORD012003,CUST03145,2026-05-08 21:04:24.270949,US$,Completed
ORD012004,CUST01040,2025-12-07 15:15:42.363080,USD,Completed
ORD012005,CUST00710,2026-02-28 02:11:58.885957,USD,Completed
ORD012006,CUST02820,2026-04-18 23:25:38.595679,USD,Completed
ORD012007,CUST01729,2026-04-22 22:24:37.636976,USD,Completed
ORD012008,CUST04272,2026-06-19 05:41:24.752505,USD,Completed
ORD012009,CUST04211,2026-03-12 14:32:56.900626,USD,Completed
ORD012010,CUST01393,2025-07-09 23:31:13.197297,$,Completed
ORD012011,CUST01277,2025-12-31 04:38:07.405149,USD,Completed
ORD012012,CUST03653,2026-02-11 18:47:18.508291,USD,Completed
ORD012013,CUST02508,2025-10-07 06:26:56.070477,$,Cancelled
ORD012014,CUST03194,2025-08-29 12:27:33.435192,US$,Completed
ORD012015,CUST02413,2026-05-27 06:21:51.646203,USD,Completed
ORD012016,CUST04664,2026-05-25 02:45:24.269146,USD,Completed
ORD012017,CUST00994,2025-11-16 13:52:50.710793,USD,Completed
ORD012018,CUST00577,2025-08-25 23:20:12.647009,$,Completed
ORD012019,CUST01356,2026-02-06 13:55:18.132252,usd,Refunded
ORD012020,CUST04352,2026-01-26 00:33:46.972184,USD,Cancelled
ORD012021,CUST04792,2025-09-20 07:23:45.524587,USD,Completed
ORD012022,CUST00592,2025-11-18 15:04:17.446779,USD,Completed
ORD012023,CUST04595,2026-01-22 05:09:09.254985,USD,Completed
ORD012024,CUST04164,2026-02-16 02:52:32.898596,USD,Refunded
ORD012025,CUST01903,2026-02-08 20:05:56.704679,USD,Cancelled
ORD012026,CUST00829,2025-10-06 18:54:26.613865,USD,Completed
ORD012027,CUST02693,2025-09-05 22:39:14.013204,usd,Completed
ORD012028,CUST02167,2025-07-02 22:11:24.073641,USD,Completed
ORD012029,CUST02963,2025-11-21 12:44:28.485497,USD,Completed
ORD012030,CUST03848,2026-02-04 12:44:19.621033,USD,Completed
ORD012031,CUST00459,2025-11-29 11:58:03.927214,US$,Completed
ORD012032,CUST01758,2025-12-12 21:10:40.118537,US$,Completed
ORD012033,CUST00442,2025-09-11 20:54:10.564847,US$,Completed
ORD012034,CUST04188,2025-11-20 03:09:46.522693,USD,Completed
ORD012035,CUST01479,2026-05-11 18:46:40.017189,$,Completed
ORD012036,CUST03590,2026-02-18 10:12:47.852218,$,Completed
ORD012037,CUST02244,2026-06-16 22:55:19.748886,USD ,Completed
ORD012038,CUST01004,2026-01-12 21:28:42.635257,USD ,Completed
ORD012039,CUST01899,2026-06-01 09:10:18.464433,usd,Completed
ORD012040,CUST00551,2026-05-25 17:32:05.701358,USD,Completed
ORD012041,CUST02149,2025-11-21 13:37:33.679928,US$,Completed
ORD012042,CUST03022,2025-11-29 21:42:02.671513,USD,Completed
ORD012043,CUST03044,2026-04-24 06:23:01.974761,usd,Completed
ORD012044,CUST03203,2025-09-23 05:12:32.778859,$,Refunded
ORD012045,CUST02894,2026-03-26 17:03:00.640013,USD,Completed
ORD012046,CUST00762,2025-08-19 03:23:42.180742,usd,Completed
ORD012047,CUST04569,2025-11-30 04:39:59.368401,USD,Completed
ORD012048,CUST01776,2026-01-07 06:43:26.062774,USD,Cancelled
ORD012049,CUST03934,2025-08-14 08:58:00.729958,US$,Completed
ORD012050,CUST03963,2026-03-04 11:59:03.787495,$,Completed
ORD012051,CUST01422,2025-09-10 09:34:36.621456,US$,Completed
ORD012052,CUST02327,2025-12-21 20:54:27.335593,USD,Cancelled
ORD012053,CUST04623,2026-01-13 06:42:53.023486,USD,Completed
ORD012054,CUST00667,2026-02-11 23:34:54.448895,USD,Completed
ORD012055,CUST00807,2025-10-31 08:29:27.575858,USD,Completed
ORD012056,CUST02732,2025-11-16 07:50:04.654740,USD,Completed
ORD012057,CUST04252,2026-02-09 13:41:50.590939,USD,Completed
ORD012058,CUST00112,2026-06-25 19:55:14.304931,USD,Completed
ORD012059,CUST01307,2026-03-17 22:29:55.255728,USD,Refunded
ORD012060,CUST03820,2026-03-23 11:08:28.393275,usd,Completed
ORD012061,CUST00877,2025-11-11 19:25:48.952414,USD,Completed
ORD012062,CUST03348_DUP,2025-09-30 17:26:29.284588,USD,Completed
ORD012063,CUST04847,2026-03-27 07:16:09.375529,USD,Completed
ORD012064,CUST00654,2026-03-13 16:38:33.357837,USD,Completed
ORD012065,CUST04093,2025-08-18 11:25:56.090109,USD,Completed
ORD012066,CUST04288,2025-07-27 11:49:27.763629,USD,Completed
ORD012067,CUST02732,2025-07-28 18:35:38.683307,USD,Completed
ORD012068,CUST04789,2026-04-11 08:49:36.440496,$,Completed
ORD012069,CUST03982,2026-05-05 13:44:40.561564,USD,Cancelled
ORD012070,CUST03552,2026-04-03 09:55:04.213149,USD,Completed
ORD012071,CUST04309,2025-12-30 18:20:43.517561,US$,Completed
ORD012072,CUST04480,2025-09-05 22:30:09.592649,USD,Completed
ORD012073,CUST03486,2025-09-24 13:21:06.004744,USD,Completed
ORD012074,CUST04561,2025-11-08 16:36:33.194990,USD ,Completed
ORD012075,CUST01196,2025-08-01 04:29:15.930293,USD,Completed
ORD012076,CUST04081_DUP,2026-03-08 21:43:45.766351,USD,Completed
ORD012077,CUST02763,2025-10-24 23:47:15.204756,$,Completed
ORD012078,CUST00684,2025-07-25 21:48:23.547176,USD,Cancelled
ORD012079,CUST03269,2026-01-10 09:27:12.319928,USD,Completed
ORD012080,CUST02785,2026-01-09 12:18:42.533192,USD,Completed
ORD012081,CUST00747,2025-07-29 02:03:03.967084,USD,Completed
ORD012082,CUST04016,2025-08-23 08:37:10.370686,USD ,Completed
ORD012083,CUST01636,2026-03-03 03:35:18.777616,USD,Refunded
ORD012084,CUST04584,2025-12-05 13:15:20.693285,usd,Completed
ORD012085,CUST02068,2026-02-21 08:18:21.230547,USD,Completed
ORD012086,CUST03370,2025-09-12 22:05:35.094239,USD,Completed
ORD012087,CUST00821,2025-09-30 08:27:14.431994,USD,Completed
ORD012088,CUST02593,2026-05-10 09:35:44.824862,USD,Completed
ORD012089,CUST00769,2025-12-01 03:11:00.290170,USD ,Refunded
ORD012090,CUST02353,2025-09-14 15:00:41.833053,$,Completed
ORD012091,CUST04590,2026-01-20 11:00:30.722828,USD,Completed
ORD012092,CUST03135,2026-05-07 20:22:10.177257,USD,Completed
ORD012093,CUST00779,2026-01-31 17:07:37.233576,$,Completed
ORD012094,CUST01186_DUP,2025-08-22 20:42:18.887832,US$,Completed
ORD012095,CUST00373,2025-11-09 11:39:46.326930,USD,Completed
ORD012096,CUST02395,2026-05-16 11:14:58.920557,USD,Completed
ORD012097,CUST01380,2025-11-10 05:59:00.153687,usd,Cancelled
ORD012098,CUST00509,2026-05-21 10:59:45.888874,USD,Completed
ORD012099,CUST03647,2025-12-26 15:20:21.174990,US$,Completed
ORD012100,CUST01550,2026-01-29 12:42:00.747368,USD,Completed
ORD012101,CUST02421,2025-08-11 01:09:07.842184,usd,Completed
ORD012102,CUST00421,2026-02-18 04:20:31.018660,USD,Completed
ORD012103,CUST01508,2026-04-14 03:35:02.215195,usd,Completed
ORD012104,CUST04615,2025-09-02 02:37:06.521254,$,Completed
ORD012105,CUST04652,2026-03-07 19:05:10.110742,usd,Completed
ORD012106,CUST01664,2026-06-25 09:16:22.827117,USD,Completed
ORD012107,CUST00046,2025-09-20 10:29:33.930159,usd,Completed
ORD012108,CUST02947,2025-09-23 18:54:56.323718,USD,Completed
ORD012109,CUST01061,2025-07-01 02:02:29.434696,USD,Completed
ORD012110,CUST00330,2025-09-15 17:39:36.689063,USD,Completed
ORD012111,CUST02247,2025-09-29 00:13:17.089361,US$,Completed
ORD012112,CUST02981,2026-03-27 20:26:30.151191,$,Completed
ORD012113,CUST00136,2026-04-07 07:42:06.408321,USD,Completed
ORD012114,CUST01981,2025-08-02 10:01:59.589942,USD,Completed
ORD012115,CUST00498,2025-07-29 04:15:38.484547,$,Completed
ORD012116,CUST04232,2025-09-17 23:00:40.503228,USD,Completed
ORD012117,CUST04594,2025-10-21 12:31:11.544933,US$,Completed
ORD012118,CUST04230,2025-09-23 15:54:31.078168,USD,Completed
ORD012119,CUST00423,2025-12-04 15:17:31.203869,USD,Completed
ORD012120,CUST03439,2026-02-04 19:34:25.490009,USD,Completed
ORD012121,CUST01112,2026-06-16 08:13:52.160261,USD,Completed
ORD012122,CUST00691,2026-03-19 11:58:32.771097,$,Cancelled
ORD012123,CUST03515,2026-04-18 06:20:15.480427,$,Completed
ORD012124,CUST01739,2025-09-08 08:15:39.160195,USD,Completed
ORD012125,CUST00240,2026-05-18 16:32:00.811911,USD,Completed
ORD012126,CUST03666,2026-01-10 23:07:51.617344,USD,Completed
ORD012127,CUST04348,2025-08-30 12:53:47.496735,$,Completed
ORD012128,CUST01383,2025-10-25 21:23:44.824283,USD ,Completed
ORD012129,CUST04609,2025-08-06 14:49:25.940909,$,Completed
ORD012130,CUST00023,2026-01-17 19:56:52.631846,usd,Cancelled
ORD012131,CUST03608,2026-02-27 18:49:19.438571,USD,Completed
ORD012132,CUST02589,2025-11-12 08:18:34.931261,USD,Cancelled
ORD012133,CUST02459,2026-01-15 09:08:00.900580,USD,Refunded
ORD012134,CUST02324,2026-04-18 07:41:19.980905,USD,Completed
ORD012135,CUST01035,2026-06-17 19:49:42.960943,USD,Completed
ORD012136,CUST01169,2026-03-02 14:26:46.332682,USD,Cancelled
ORD012137,CUST03310,2025-12-30 11:03:31.325704,USD,Completed
ORD012138,CUST00289,2025-10-29 05:07:41.327123,USD,Completed
ORD012139,CUST02791,2026-04-23 20:05:20.888370,US$,Completed
ORD012140,CUST02159,2026-04-10 05:48:24.617304,USD,Completed
ORD012141,CUST04827,2025-12-19 02:21:36.835020,USD,Completed
ORD012142,CUST04212,2025-12-17 21:02:34.227547,US$,Cancelled
ORD012143,CUST00497,2026-03-16 10:20:43.889799,USD,Completed
ORD012144,CUST00241,2025-12-02 20:53:24.904382,$,Completed
ORD012145,CUST04434,2025-08-05 15:10:25.674202,usd,Completed
ORD012146,CUST00344,2025-08-31 03:25:08.372920,$,Completed
ORD012147,CUST02517,2025-11-29 07:54:03.227462,USD,Completed
ORD012148,CUST04501,2026-01-12 04:12:10.598871,USD,Completed
ORD012149,CUST02934,2025-09-23 19:58:57.025207,USD,Completed
ORD012150,CUST03249,2025-07-29 18:42:56.522774,USD,Refunded
ORD012151,CUST00794,2026-02-13 21:31:13.726021,USD,Completed
ORD012152,CUST04148,2026-02-02 14:31:06.039495,USD,Completed
ORD012153,CUST02449,2026-06-17 09:00:16.763427,USD,Completed
ORD012154,CUST04480,2026-04-19 00:57:24.003430,US$,Completed
ORD012155,CUST01401,2026-04-13 08:36:48.152228,usd,Completed
ORD012156,CUST02081,2025-10-06 19:27:14.127441,USD,Completed
ORD012157,CUST02481,2025-12-17 18:26:32.322763,USD,Cancelled
ORD012158,CUST00767,2026-04-15 00:19:32.829224,$,Refunded
ORD012159,CUST03977,2025-09-28 06:36:46.268921,USD,Completed
ORD012160,CUST04459,2026-06-03 21:28:18.975182,USD,Completed
ORD012161,CUST00438,2025-09-09 21:38:02.747900,$,Completed
ORD012162,CUST00696,2025-12-19 19:33:36.537490,$,Completed
ORD012163,CUST00209,2025-11-12 21:24:29.694932,USD,Completed
ORD012164,CUST00310,2025-09-29 06:32:19.323593,US$,Completed
ORD012165,CUST02216,2025-11-29 15:56:09.520564,usd,Refunded
ORD012166,CUST04543,2026-02-18 10:24:43.114427,USD,Completed
ORD012167,CUST00433,2026-06-15 01:02:53.524731,USD,Completed
ORD012168,CUST00830,2026-03-09 20:11:34.162717,USD,Cancelled
ORD012169,CUST03276,2025-10-31 06:29:48.764961,USD,Cancelled
ORD012170,CUST01336,2026-02-20 02:01:20.421695,USD,Completed
ORD012171,CUST03086,2026-02-16 06:11:21.819633,USD,Completed
ORD012172,CUST00153,2025-08-03 19:35:12.312668,USD,Completed
ORD012173,CUST00569,2026-05-28 15:56:00.974612,usd,Completed
ORD012174,CUST00285,2025-10-04 00:36:13.889842,$,Completed
ORD012175,CUST02105,2026-06-16 14:25:48.572659,USD,Completed
ORD012176,CUST02434,2026-06-01 12:50:41.933276,USD,Completed
ORD012177,CUST03569,2026-03-19 04:02:57.004790,US$,Completed
ORD012178,CUST02338,2026-01-09 23:29:38.570172,USD,Completed
ORD012179,CUST03227,2025-08-31 18:07:26.725624,usd,Completed
ORD012180,CUST04027,2025-10-30 03:38:21.648598,USD,Completed
ORD012181,CUST03752,2025-07-30 10:59:10.187160,$,Completed
ORD012182,CUST04032,2025-11-18 17:46:44.970508,USD,Completed
ORD012183,CUST04552,2026-01-24 03:49:16.865771,USD,Completed
ORD012184,CUST00390,2025-07-17 05:04:50.231383,USD,Completed
ORD012185,CUST00142,2026-04-26 03:59:14.502915,USD,Completed
ORD012186,CUST02360,2025-08-04 02:18:28.946395,usd,Completed
ORD012187,CUST04725,2025-10-30 15:50:52.163564,USD,Completed
ORD012188,CUST03907,2026-04-07 07:54:25.338088,USD,Completed
ORD012189,CUST00607,2026-06-01 18:49:36.857225,USD,Cancelled
ORD012190,CUST00814,2026-06-17 16:47:08.090081,USD,Completed
ORD012191,CUST04574,2026-03-21 04:52:12.556959,usd,Completed
ORD012192,CUST03578,2026-04-17 14:16:18.214011,USD,Completed
ORD012193,CUST04895,2025-11-21 03:48:30.344822,USD,Completed
ORD012194,CUST04052,2025-08-11 07:56:51.440783,USD,Completed
ORD012195,CUST01817,2025-09-22 06:08:49.269650,US$,Completed
ORD012196,CUST03788,2025-12-13 17:15:21.936109,USD,Completed
ORD012197,CUST02171,2025-09-04 13:20:32.310600,USD,Completed
ORD012198,CUST03409,2025-09-12 07:51:09.877510,USD,Completed
ORD012199,CUST04661,2026-02-08 19:42:12.588813,USD,Completed
ORD012200,CUST02577,2026-02-18 23:03:28.951708,USD,Completed
ORD012201,CUST00797,2026-01-21 18:45:28.846877,USD,Cancelled
ORD012202,CUST00407,2026-04-26 23:49:22.484084,usd,Completed
ORD012203,CUST04105,2025-07-23 15:29:35.520304,$,Completed
ORD012204,CUST02950,2026-06-29 20:23:10.424923,US$,Completed
ORD012205,CUST02180,2026-03-11 19:37:43.292293,USD,Completed
ORD012206,CUST02980,2025-08-20 12:38:10.383117,USD,Completed
ORD012207,CUST03233,2026-02-23 02:20:37.784931,USD,Completed
ORD012208,CUST04101,2025-09-12 09:37:22.849268,USD,Completed
ORD012209,CUST00366,2026-05-08 10:33:19.540036,USD,Completed
ORD012210,CUST04048,2025-10-10 03:21:17.517658,USD,Completed
ORD012211,CUST03910,2025-10-04 20:09:43.108601,USD,Completed
ORD012212,CUST02585,2025-12-06 23:30:10.638002,US$,Completed
ORD012213,CUST03429,2025-07-23 11:22:22.451983,USD,Completed
ORD012214,CUST04064,2025-12-02 01:58:56.535750,USD,Cancelled
ORD012215,CUST02094,2026-05-07 10:02:53.837486,$,Completed
ORD012216,CUST01801,2025-07-01 13:43:21.870101,USD,Completed
ORD012217,CUST03220,2026-06-28 14:50:28.684001,$,Completed
ORD012218,CUST02281,2026-01-11 18:59:57.623088,$,Completed
ORD012219,CUST02472,2026-06-27 19:32:58.350381,usd,Completed
ORD012220,CUST03468,2026-01-03 19:06:08.362039,USD ,Completed
ORD012221,CUST02893,2025-10-03 13:51:42.545435,USD,Completed
ORD012222,CUST02325,2026-02-16 08:56:02.906367,usd,Completed
ORD012223,CUST01092,2026-02-09 15:49:27.731538,USD,Completed
ORD012224,CUST00109,2026-04-06 17:48:01.469415,USD,Completed
ORD012225,CUST01570,2025-12-28 23:54:47.803991,USD,Completed
ORD012226,CUST00433,2025-08-22 06:13:01.828351,USD,Completed
ORD012227,CUST03284_DUP,2025-08-17 22:59:52.581762,$,Completed
ORD012228,CUST02997,2026-01-08 09:13:55.981613,USD,Completed
ORD012229,CUST04762,2026-02-07 07:05:25.604395,USD,Completed
ORD012230,CUST00702,2026-03-17 21:57:43.003307,USD,Completed
ORD012231,CUST03382,2025-08-07 03:50:05.461554,USD,Completed
ORD012232,CUST04724,2025-11-13 01:04:36.741547,usd,Completed
ORD012233,CUST03759,2026-03-07 08:46:46.637337,USD ,Completed
ORD012234,CUST02094,2026-04-27 17:38:21.163154,USD,Completed
ORD012235,CUST04080,2026-02-05 22:54:40.123521,USD,Refunded
ORD012236,CUST04837,2026-06-02 18:46:38.036426,USD,Completed
ORD012237,CUST01734,2026-05-12 23:07:33.285013,USD ,Completed
ORD012238,CUST03051,2026-01-14 18:19:28.550076,USD,Cancelled
ORD012239,CUST02255,2026-02-05 01:43:56.474198,USD,Completed
ORD012240,CUST04978,2025-10-04 02:05:08.266109,US$,Completed
ORD012241,CUST01223,2025-07-10 10:50:14.893975,USD,Completed
ORD012242,CUST04596,2026-01-24 03:22:56.226928,USD,Completed
ORD012243,CUST01567,2026-02-18 01:20:22.876051,USD ,Completed
ORD012244,CUST00793,2025-11-09 16:27:45.411310,USD,Cancelled
ORD012245,CUST02923,2025-11-10 22:05:31.959586,USD,Completed
ORD012246,CUST03018,2026-02-05 02:24:16.938485,USD,Completed
ORD012247,CUST02196,2026-01-27 15:26:24.063931,USD,Completed
ORD012248,CUST00912,2025-07-01 04:28:58.724199,USD,Completed
ORD012249,CUST01776,2026-03-11 21:03:54.094689,USD,Completed
ORD012250,CUST04472,2025-12-23 19:05:14.353786,USD,Completed
ORD012251,CUST00003,2025-10-29 22:22:00.602931,USD,Completed
ORD012252,CUST02039,2025-10-02 23:25:49.403323,USD,Completed
ORD012253,CUST04402,2026-05-31 18:10:45.569048,USD,Completed
ORD012254,CUST02351,2025-12-14 20:25:41.227536,USD,Completed
ORD012255,CUST00993,2026-04-03 14:34:12.119224,USD,Completed
ORD012256,CUST00579,2026-03-07 18:15:55.198560,USD,Completed
ORD012257,CUST02553,2026-01-16 00:26:32.737928,US$,Refunded
ORD012258,CUST00989,2026-01-24 02:51:56.896167,US$,Completed
ORD012259,CUST02411,2025-10-09 23:52:18.871308,US$,Completed
ORD012260,CUST04085,2025-08-31 11:23:31.425184,$,Completed
ORD012261,CUST00969,2026-06-29 20:21:00.634121,USD,Completed
ORD012262,CUST01418,2026-02-12 00:12:18.914395,USD,Completed
ORD012263,CUST02109,2026-04-06 04:18:58.377243,USD,Completed
ORD012264,CUST02970,2026-01-21 09:37:56.471907,USD,Completed
ORD012265,CUST03255,2025-09-30 14:44:06.150542,$,Completed
ORD012266,CUST01629,2026-04-16 19:00:01.751621,USD,Completed
ORD012267,CUST01663,2026-01-29 19:45:41.465275,US$,Completed
ORD012268,CUST00611,2026-05-07 09:04:13.871722,$,Cancelled
ORD012269,CUST01513,2025-09-09 12:18:24.261242,USD,Completed
ORD012270,CUST03123,2025-07-24 20:28:02.855912,USD,Completed
ORD012271,CUST04954,2026-03-11 17:55:47.412857,USD,Completed
ORD012272,CUST03090,2026-04-24 01:55:10.965982,$,Completed
ORD012273,CUST01860,2026-06-24 09:02:07.258305,USD,Cancelled
ORD012274,CUST02113,2025-07-16 08:42:06.848700,USD,Completed
ORD012275,CUST00630,2026-05-14 04:11:58.116921,US$,Completed
ORD012276,CUST00925,2025-11-10 04:42:16.921877,USD,Completed
ORD012277,CUST04532,2026-06-24 03:37:01.725923,USD,Completed
ORD012278,CUST02112,2026-06-08 00:32:36.648190,$,Completed
ORD012279,CUST04116_DUP,2025-08-08 10:23:59.312396,USD,Cancelled
ORD012280,CUST00229,2025-12-04 09:43:20.710526,USD,Completed
ORD012281,CUST01656,2026-05-21 11:10:56.898738,US$,Completed
ORD012282,CUST01930,2025-11-10 03:33:49.215982,USD,Completed
ORD012283,CUST03512,2025-11-21 15:22:27.432899,$,Completed
ORD012284,CUST03630,2025-10-28 03:30:38.478456,USD,Completed
ORD012285,CUST00027,2026-04-14 02:07:05.617066,USD,Completed
ORD012286,CUST03011,2025-09-20 23:09:18.510986,USD,Completed
ORD012287,CUST02687,2026-03-02 17:55:06.812967,USD,Completed
ORD012288,CUST04148,2026-02-24 13:58:36.547444,USD,Completed
ORD012289,CUST03078,2025-07-27 04:06:30.907586,USD,Completed
ORD012290,CUST02789,2025-11-22 12:08:39.213400,usd,Completed
ORD012291,CUST00018,2025-09-16 00:39:20.318367,$,Completed
ORD012292,CUST01686,2025-12-16 22:48:48.137045,USD,Completed
ORD012293,CUST00507,2026-03-10 05:09:26.091391,USD,Completed
ORD012294,CUST02050,2026-05-20 06:15:56.036239,$,Completed
ORD012295,CUST02571,2025-08-09 17:04:41.975984,USD,Completed
ORD012296,CUST03169,2025-09-03 06:31:11.504221,USD,Completed
ORD012297,CUST00802,2025-11-13 06:08:21.014466,$,Completed
ORD012298,CUST04931,2025-08-15 05:26:06.259986,usd,Completed
ORD012299,CUST04253,2026-03-09 17:54:28.771841,USD,Completed
ORD012300,CUST04730,2026-04-10 05:57:52.878031,USD,Completed
ORD012301,CUST00190,2026-05-21 19:06:00.832953,USD,Completed
ORD012302,CUST00685,2025-09-10 13:20:27.391304,USD,Completed
ORD012303,CUST02938,2025-12-27 11:27:00.710724,USD,Completed
ORD012304,CUST01564,2025-12-21 18:45:40.459121,US$,Completed
ORD012305,CUST02127,2026-05-23 12:39:03.536255,USD,Completed
ORD012306,CUST01395,2025-07-30 13:26:55.336353,USD,Completed
ORD012307,CUST01222,2025-10-21 11:28:33.808606,$,Completed
ORD012308,CUST04188,2026-02-08 06:42:50.330222,USD,Completed
ORD012309,CUST03414,2025-08-17 15:10:52.747263,USD,Completed
ORD012310,CUST03129,2026-03-16 21:13:46.536473,USD,Completed
ORD012311,CUST04549,2026-01-04 10:33:04.837242,USD,Completed
ORD012312,CUST03771,2025-10-25 03:29:13.678677,USD,Completed
ORD012313,CUST02299,2025-11-01 18:14:13.171371,USD,Completed
ORD012314,CUST02763,2025-11-06 07:05:17.628807,USD,Refunded
ORD012315,CUST01299,2025-11-09 14:58:18.041236,USD,Completed
ORD012316,CUST01272,2025-10-16 01:37:40.459294,USD,Completed
ORD012317,CUST01071,2026-01-21 01:15:19.897398,USD,Completed
ORD012318,CUST00364,2025-07-17 02:57:04.508220,USD,Completed
ORD012319,CUST01764,2026-03-02 01:10:22.074280,usd,Completed
ORD012320,CUST01827,2025-12-27 02:49:00.543424,USD,Completed
ORD012321,CUST03190,2025-11-14 09:39:23.687571,USD,Completed
ORD012322,CUST03460,2026-04-14 21:22:09.324889,USD,Completed
ORD012323,CUST01886,2026-01-12 16:45:10.669324,USD,Completed
ORD012324,CUST04795,2025-12-17 11:22:54.675880,USD,Cancelled
ORD012325,CUST04115,2025-07-05 13:30:44.017338,USD,Completed
ORD012326,CUST02908,2026-06-15 01:26:12.837520,usd,Completed
ORD012327,CUST03438,2025-12-31 20:05:33.109908,usd,Completed
ORD012328,CUST00122,2025-09-10 15:56:47.715646,US$,Completed
ORD012329,CUST04445,2025-12-28 09:39:30.788323,USD,Cancelled
ORD012330,CUST03159,2025-09-18 05:15:31.100264,USD,Completed
ORD012331,CUST04895,2025-08-02 05:41:06.222460,US$,Completed
ORD012332,CUST04229,2026-06-07 07:05:33.384936,USD,Completed
ORD012333,CUST04966,2026-05-24 23:47:38.574108,USD,Completed
ORD012334,CUST02332,2025-07-08 16:46:32.936244,USD,Refunded
ORD012335,CUST01065,2025-09-21 08:50:28.002285,USD,Completed
ORD012336,CUST02848,2025-09-20 13:46:59.772133,USD,Cancelled
ORD012337,CUST00997,2026-02-28 08:16:37.174329,USD,Completed
ORD012338,CUST00907,2026-05-12 19:24:17.090913,US$,Completed
ORD012339,CUST02438,2026-04-16 18:23:08.610970,USD,Completed
ORD012340,CUST01318,2025-09-25 18:37:01.997577,USD,Completed
ORD012341,CUST04117,2026-04-06 14:37:37.162938,USD ,Completed
ORD012342,CUST00356,2026-02-26 17:21:16.374168,usd,Completed
ORD012343,CUST02096,2025-12-21 02:20:31.532042,USD,Completed
ORD012344,CUST04560,2026-05-15 00:21:05.365296,USD,Completed
ORD012345,CUST04846,2025-09-05 12:34:56.681807,usd,Completed
ORD012346,CUST01173,2026-01-23 04:00:59.401481,USD,Completed
ORD012347,CUST01094,2026-06-02 13:53:02.049908,USD,Completed
ORD012348,CUST02150,2026-03-11 13:37:43.594677,$,Completed
ORD012349,CUST03623,2025-09-23 08:43:56.382852,$,Completed
ORD012350,CUST04154,2026-06-12 04:01:07.146726,US$,Completed
ORD012351,CUST02671,2025-11-01 13:51:53.665164,USD,Completed
ORD012352,CUST01440,2026-06-14 11:50:50.888609,$,Completed
ORD012353,CUST04980,2026-02-15 15:01:38.294942,USD,Completed
ORD012354,CUST00895,2026-05-30 15:06:16.891470,USD,Completed
ORD012355,CUST03911,2025-10-17 04:03:28.830835,$,Completed
ORD012356,CUST02526,2026-06-24 07:25:51.612332,US$,Cancelled
ORD012357,CUST03472,2025-07-26 01:48:51.253140,usd,Completed
ORD012358,CUST03208,2025-07-08 21:21:59.117443,USD,Completed
ORD012359,CUST01784,2026-05-23 23:33:06.350685,usd,Completed
ORD012360,CUST02483,2026-04-26 07:38:24.582198,USD,Completed
ORD012361,CUST01580,2025-10-14 04:04:34.468820,US$,Completed
ORD012362,CUST01336,2026-05-06 18:57:33.484290,USD,Completed
ORD012363,CUST04175,2025-11-10 12:59:49.419777,USD,Completed
ORD012364,CUST01125,2026-06-03 12:30:30.553900,USD,Cancelled
ORD012365,CUST03016,2025-08-27 01:42:25.380454,USD,Completed
ORD012366,CUST04134_DUP,2025-09-12 15:34:12.888952,USD,Completed
ORD012367,CUST02756_DUP,2025-07-09 17:51:28.713612,USD,Completed
ORD012368,CUST03544,2026-03-02 12:59:27.763577,USD,Completed
ORD012369,CUST03067,2025-11-18 16:22:15.550988,USD,Completed
ORD012370,CUST02967,2026-05-28 00:30:13.028406,USD,Completed
ORD012371,CUST01909,2026-06-17 20:41:43.706335,US$,Completed
ORD012372,CUST00520,2025-07-08 03:43:14.830182,usd,Completed
ORD012373,CUST04202,2025-10-17 17:44:04.924427,US$,Refunded
ORD012374,CUST02934,2026-03-29 01:13:30.085848,USD,Completed
ORD012375,CUST01277,2026-03-10 21:10:46.680146,USD,Completed
ORD012376,CUST00273,2025-12-10 03:55:50.197218,USD,Completed
ORD012377,CUST04517,2025-08-22 16:53:07.944091,USD,Completed
ORD012378,CUST02619,2026-01-26 21:57:07.580677,$,Completed
ORD012379,CUST01115,2025-12-26 02:16:33.453092,USD,Completed
ORD012380,CUST02412,2025-07-28 14:34:20.399201,usd,Completed
ORD012381,CUST03705,2026-05-30 09:37:28.987890,$,Completed
ORD012382,CUST04734,2025-09-04 17:52:14.834211,USD,Completed
ORD012383,CUST04614,2025-12-27 03:40:48.113975,USD,Completed
ORD012384,CUST02999,2026-05-18 06:27:35.831722,USD,Completed
ORD012385,CUST03736,2026-04-22 05:40:01.662527,USD,Completed
ORD012386,CUST01766,2026-02-13 17:11:06.021744,USD,Completed
ORD012387,CUST00609,2026-01-22 21:43:05.557263,USD,Completed
ORD012388,CUST02899,2025-11-03 09:05:42.141078,$,Completed
ORD012389,CUST03908,2026-02-26 13:51:53.557969,usd,Completed
ORD012390,CUST04878,2025-12-17 00:22:13.327174,US$,Completed
ORD012391,CUST00979,2026-05-07 23:40:11.964682,USD,Completed
ORD012392,CUST00579,2026-04-30 11:23:24.785471,US$,Completed
ORD012393,CUST03873,2026-05-25 17:30:45.386105,USD,Completed
ORD012394,CUST03084,2025-11-15 02:54:51.888386,USD,Completed
ORD012395,CUST04026,2025-10-30 21:23:55.708114,USD,Completed
ORD012396,CUST01742,2025-07-10 17:23:21.034467,USD,Completed
ORD012397,CUST04232,2026-06-27 15:09:30.388877,USD,Completed
ORD012398,CUST01045,2026-03-14 20:22:34.383574,USD,Completed
ORD012399,CUST00955,2025-11-22 12:07:28.396437,USD,Completed
ORD012400,CUST04118,2025-12-12 17:27:25.490417,USD,Refunded
ORD012401,CUST02734,2026-05-20 15:48:37.198311,USD,Completed
ORD012402,CUST04354,2026-05-21 04:42:47.594845,USD,Completed
ORD012403,CUST04475,2026-03-27 23:59:46.577005,USD,Completed
ORD012404,CUST04213,2026-04-11 03:47:33.501786,USD,Completed
ORD012405,CUST01009,2026-01-01 01:03:29.838695,USD,Completed
ORD012406,CUST03419,2026-01-06 07:11:53.650327,USD,Completed
ORD012407,CUST02410,2026-01-20 23:09:08.433843,USD,Completed
ORD012408,CUST04595,2026-05-07 05:07:58.539550,$,Completed
ORD012409,CUST04327,2026-03-09 15:54:02.261917,USD,Completed
ORD012410,CUST03056,2026-05-19 18:27:49.263132,USD,Completed
ORD012411,CUST04820,2026-02-07 18:36:11.595400,USD,Completed
ORD012412,CUST04635,2025-12-19 03:19:15.868871,USD,Completed
ORD012413,CUST00167,2025-08-21 05:03:00.660771,USD,Completed
ORD012414,CUST02191,2026-01-02 16:11:49.822727,$,Refunded
ORD012415,CUST00413,2026-06-29 20:37:52.242885,US$,Completed
ORD012416,CUST00589,2026-06-22 02:04:15.529818,USD,Completed
ORD012417,CUST01874,2025-11-11 23:36:18.488252,usd,Refunded
ORD012418,CUST00872,2025-07-30 07:45:44.708118,USD,Completed
ORD012419,CUST02692,2026-01-04 17:14:44.329470,USD,Completed
ORD012420,CUST02132,2025-07-24 10:40:51.495928,USD,Completed
ORD012421,CUST03599,2026-03-04 15:42:53.871885,USD,Completed
ORD012422,CUST01512,2026-03-09 18:06:21.242301,USD,Completed
ORD012423,CUST00523,2025-09-10 11:56:14.274151,USD,Cancelled
ORD012424,CUST04211,2025-08-27 01:27:02.830232,$,Cancelled
ORD012425,CUST04871,2026-01-16 14:38:46.370028,USD,Completed
ORD012426,CUST03553,2026-02-11 11:46:33.743387,USD,Completed
ORD012427,CUST01011,2026-03-11 07:46:01.884180,USD,Completed
ORD012428,CUST01681,2026-06-18 20:28:58.373526,USD,Completed
ORD012429,CUST00449,2025-07-29 04:31:46.879875,US$,Completed
ORD012430,CUST03463,2025-12-18 19:52:52.912678,USD,Completed
ORD012431,CUST03935,2025-07-23 05:37:53.166091,usd,Cancelled
ORD012432,CUST01777,2025-09-09 11:25:02.506069,USD,Cancelled
ORD012433,CUST03141,2026-04-02 07:07:33.173622,USD,Completed
ORD012434,CUST04594,2026-06-22 23:36:31.866189,US$,Completed
ORD012435,CUST00082,2026-02-26 00:02:43.811492,USD,Cancelled
ORD012436,CUST00491,2025-10-18 15:32:32.386551,usd,Completed
ORD012437,CUST02907,2026-05-01 05:47:17.235242,USD,Completed
ORD012438,CUST01459,2025-08-09 07:33:55.948887,USD,Completed
ORD012439,CUST00797,2026-02-16 14:40:50.567553,USD,Completed
ORD012440,CUST00334,2026-05-22 19:49:39.077771,USD,Completed
ORD012441,CUST01656,2026-01-28 20:51:17.039120,$,Refunded
ORD012442,CUST01572,2025-08-01 06:21:29.287975,USD,Completed
ORD012443,CUST01558,2025-08-06 19:13:49.066100,usd,Completed
ORD012444,CUST03550,2026-04-18 23:19:23.565604,USD,Cancelled
ORD012445,CUST02936,2025-10-07 05:53:46.382149,USD,Completed
ORD012446,CUST00658,2025-08-02 18:02:58.198212,USD,Cancelled
ORD012447,CUST00647,2025-09-09 04:31:09.871559,USD,Completed
ORD012448,CUST00852,2025-12-14 02:33:27.077828,USD,Completed
ORD012449,CUST04640,2025-10-18 23:28:38.128818,USD,Completed
ORD012450,CUST03031,2026-05-09 21:17:48.166923,USD,Completed
ORD012451,CUST01430,2025-11-05 18:09:23.815155,USD,Completed
ORD012452,CUST03706_DUP,2026-05-26 11:23:01.313994,USD,Completed
ORD012453,CUST02654,2026-03-04 22:01:45.348267,USD,Completed
ORD012454,CUST03353,2025-08-22 09:16:25.593922,$,Refunded
ORD012455,CUST02199,2026-05-07 05:48:09.342890,USD,Completed
ORD012456,CUST02244,2026-06-29 21:04:50.553376,USD,Refunded
ORD012457,CUST01764,2026-03-05 01:49:54.786568,US$,Completed
ORD012458,CUST04028,2026-03-25 20:27:18.766546,USD,Completed
ORD012459,CUST02707,2025-12-27 05:07:45.010882,USD,Completed
ORD012460,CUST02000,2025-10-03 00:50:30.462737,USD,Completed
ORD012461,CUST02104,2026-06-13 08:54:46.584676,US$,Refunded
ORD012462,CUST04980,2025-09-21 09:20:30.312589,USD,Completed
ORD012463,CUST03793,2025-12-26 14:09:28.514319,USD,Completed
ORD012464,CUST02695,2026-05-03 09:35:56.043981,USD,Completed
ORD012465,CUST02149,2026-06-08 01:41:44.502375,USD,Completed
ORD012466,CUST00508,2025-08-26 17:12:29.613982,usd,Completed
ORD012467,CUST01916,2025-08-15 21:29:56.579135,USD,Completed
ORD012468,CUST03886,2026-04-24 05:53:21.007529,USD,Refunded
ORD012469,CUST02537,2026-02-09 08:33:10.562908,USD,Completed
ORD012470,CUST00260,2026-02-27 06:09:15.738100,USD,Completed
ORD012471,CUST01225,2026-04-15 11:04:39.575404,USD,Completed
ORD012472,CUST00615,2025-12-16 07:32:21.892776,USD ,Completed
ORD012473,CUST03642,2026-02-24 21:58:05.936565,USD,Completed
ORD012474,CUST00552,2025-12-11 02:49:48.038376,USD,Completed
ORD012475,CUST04480,2026-06-29 03:35:55.043219,usd,Completed
ORD012476,CUST01795,2025-10-11 17:47:07.974204,USD,Completed
ORD012477,CUST00908,2026-03-03 17:54:20.436833,USD,Completed
ORD012478,CUST04167,2025-10-21 10:23:07.305254,USD,Completed
ORD012479,CUST02073,2025-08-08 08:37:23.822989,USD,Completed
ORD012480,CUST01887,2025-12-08 07:14:40.812304,usd,Completed
ORD012481,CUST01099,2026-02-01 12:03:41.296468,USD,Completed
ORD012482,CUST00733,2025-08-19 17:13:18.717180,$,Cancelled
ORD012483,CUST00527,2025-07-22 21:51:56.187744,USD,Completed
ORD012484,CUST00622,2025-11-14 00:17:31.326911,$,Completed
ORD012485,CUST04656,2025-08-08 21:25:21.515392,USD,Completed
ORD012486,CUST01081,2025-10-10 20:55:58.738690,USD,Cancelled
ORD012487,CUST04304,2026-05-19 18:57:55.859681,USD,Completed
ORD012488,CUST03331,2025-11-21 20:55:33.864999,USD,Completed
ORD012489,CUST03553,2025-10-11 15:53:46.779128,USD,Completed
ORD012490,CUST00090,2026-05-05 11:08:06.747249,US$,Completed
ORD012491,CUST04198,2026-03-29 22:18:13.322879,USD,Completed
ORD012492,CUST03863,2025-10-03 08:23:32.690760,USD,Completed
ORD012493,CUST00875,2026-02-10 07:32:29.442258,USD,Completed
ORD012494,CUST03648,2025-12-06 08:40:41.663819,USD,Completed
ORD012495,CUST03021,2025-08-10 23:06:40.980286,USD,Cancelled
ORD012496,CUST04747,2025-12-30 04:19:28.865855,$,Completed
ORD012497,CUST00641,2025-09-06 22:02:38.331523,US$,Completed
ORD012498,CUST01898,2025-12-07 07:04:21.707595,USD,Completed
ORD012499,CUST00589,2025-12-14 23:08:32.324882,usd,Completed
ORD012500,CUST04033,2026-02-13 21:29:23.632017,USD,Completed
ORD012501,CUST00591,2025-10-11 12:38:19.982834,USD,Refunded
ORD012502,CUST00335,2025-09-25 16:04:49.235637,USD,Cancelled
ORD012503,CUST03698,2025-11-19 06:14:30.011337,USD,Completed
ORD012504,CUST01393,2025-08-16 12:44:07.324327,US$,Completed
ORD012505,CUST01583,2025-12-08 17:27:28.300467,usd,Refunded
ORD012506,CUST02609,2025-08-27 09:04:37.045464,US$,Completed
ORD012507,CUST01708,2025-08-01 18:47:46.131352,USD,Completed
ORD012508,CUST00937,2025-10-05 11:03:38.815639,USD,Completed
ORD012509,CUST00558,2025-09-30 11:55:18.999804,USD,Completed
ORD012510,CUST00323,2026-05-04 18:12:41.387396,USD,Completed
ORD012511,CUST03536,2025-12-04 12:19:11.459383,US$,Completed
ORD012512,CUST01863,2025-10-03 04:49:53.711572,USD,Completed
ORD012513,CUST04275,2025-11-27 19:27:24.267392,USD,Completed
ORD012514,CUST04300,2026-05-01 08:37:33.919406,$,Completed
ORD012515,CUST00385,2026-01-19 15:19:29.642286,USD,Completed
ORD012516,CUST00264,2025-07-08 12:13:17.298438,USD,Refunded
ORD012517,CUST04735,2026-02-25 01:38:36.386718,$,Cancelled
ORD012518,CUST04386,2025-07-01 13:19:21.512910,USD,Completed
ORD012519,CUST03795,2025-10-17 13:13:06.135986,USD ,Completed
ORD012520,CUST01181,2025-12-12 21:02:50.321999,USD,Completed
ORD012521,CUST03838,2026-02-11 12:29:13.776742,USD,Completed
ORD012522,CUST03330,2026-01-19 11:00:48.670038,USD,Completed
ORD012523,CUST03058,2025-08-03 00:00:35.502607,US$,Completed
ORD012524,CUST03131,2026-02-17 23:42:53.483310,USD,Completed
ORD012525,CUST03981,2026-03-31 14:08:21.428213,usd,Completed
ORD012526,CUST03847,2025-07-10 20:10:03.672548,USD,Completed
ORD012527,CUST04059,2026-01-21 05:53:47.364557,US$,Completed
ORD012528,CUST00234,2026-04-21 23:02:01.680821,USD,Completed
ORD012529,CUST01277,2025-10-03 20:34:06.229361,USD,Completed
ORD012530,CUST03571,2026-02-14 19:20:37.568926,USD,Completed
ORD012531,CUST03163,2025-07-12 15:48:06.506173,USD,Completed
ORD012532,CUST01486,2026-04-10 23:29:18.892146,USD,Completed
ORD012533,CUST04289,2025-11-10 09:36:56.472628,USD,Completed
ORD012534,CUST02176,2025-07-18 05:05:59.508435,USD,Completed
ORD012535,CUST02386,2026-03-02 15:07:24.466734,USD,Completed
ORD012536,CUST03304,2025-09-22 06:33:38.556952,USD ,Completed
ORD012537,CUST02719,2025-11-28 14:21:33.993305,$,Refunded
ORD012538,CUST04985,2025-09-01 03:03:25.318328,usd,Completed
ORD012539,CUST01193,2026-05-30 12:39:06.316111,USD,Completed
ORD012540,CUST01880,2026-03-03 01:47:56.639384,USD,Completed
ORD012541,CUST02277,2025-10-20 09:33:50.718347,USD,Completed
ORD012542,CUST04957,2026-05-13 11:24:30.287977,USD,Completed
ORD012543,CUST04359,2026-06-12 21:34:20.546148,usd,Completed
ORD012544,CUST02868,2025-07-06 03:39:08.062462,usd,Completed
ORD012545,CUST03398,2025-12-06 13:24:58.497284,USD,Completed
ORD012546,CUST02534,2025-12-10 16:39:32.359123,USD,Completed
ORD012547,CUST02386,2025-10-05 02:22:34.569570,USD ,Completed
ORD012548,CUST01768,2025-08-23 19:08:42.669153,USD,Completed
ORD012549,CUST03167,2025-07-25 21:34:12.493436,usd,Completed
ORD012550,CUST00781,2026-06-04 01:38:20.235834,USD,Completed
ORD012551,CUST01809,2025-12-03 13:11:33.458083,USD,Completed
ORD012552,CUST02108,2026-06-07 12:45:41.008205,$,Cancelled
ORD012553,CUST02178,2025-12-22 10:39:28.739249,usd,Completed
ORD012554,CUST00321,2025-09-04 05:41:22.740885,USD,Completed
ORD012555,CUST03234,2025-12-30 17:06:11.378267,USD,Completed
ORD012556,CUST04102,2025-10-23 11:07:01.574603,USD,Completed
ORD012557,CUST02671,2026-04-15 02:43:21.550273,USD,Cancelled
ORD012558,CUST01080,2026-03-30 12:38:30.960613,usd,Completed
ORD012559,CUST00793,2025-12-10 10:46:18.220475,USD,Completed
ORD012560,CUST04153,2025-09-11 06:57:53.636138,USD,Completed
ORD012561,CUST01153,2026-05-11 03:37:38.016350,USD,Cancelled
ORD012562,CUST03911,2026-04-22 18:51:14.265820,USD,Completed
ORD012563,CUST04600,2026-02-26 01:26:33.406518,$,Completed
ORD012564,CUST03785,2026-04-12 15:00:40.245490,USD,Completed
ORD012565,CUST04904,2025-08-13 09:24:47.146750,USD,Refunded
ORD012566,CUST03208,2025-10-13 08:51:16.566600,$,Completed
ORD012567,CUST00637_DUP,2025-12-27 14:12:43.799744,USD,Completed
ORD012568,CUST03575,2025-11-27 03:11:53.788275,$,Completed
ORD012569,CUST02661,2025-11-04 23:02:17.047281,usd,Completed
ORD012570,CUST03045,2026-02-21 03:06:00.629356,usd,Completed
ORD012571,CUST02221,2026-04-28 09:09:14.090873,USD,Completed
ORD012572,CUST03186,2026-02-09 17:48:27.538656,USD,Completed
ORD012573,CUST04067,2026-02-16 06:13:29.708804,usd,Completed
ORD012574,CUST00906,2026-04-20 02:09:56.946492,USD,Completed
ORD012575,CUST04939,2026-02-28 23:32:09.427765,$,Completed
ORD012576,CUST03325,2026-04-14 10:28:08.231830,USD,Completed
ORD012577,CUST03433,2026-03-27 13:49:26.478022,USD,Completed
ORD012578,CUST03526,2026-04-09 10:43:06.526928,USD,Completed
ORD012579,CUST03888,2025-10-15 16:47:42.392276,USD,Completed
ORD012580,CUST00555,2026-01-15 22:42:55.213801,usd,Completed
ORD012581,CUST02581,2025-12-12 05:20:03.498670,$,Completed
ORD012582,CUST02019,2025-11-10 12:25:00.983208,USD,Completed
ORD012583,CUST04538,2026-04-30 11:25:16.026516,USD,Completed
ORD012584,CUST03343,2026-02-08 08:33:27.415610,USD,Completed
ORD012585,CUST00738,2025-11-15 10:25:22.830046,USD,Completed
ORD012586,CUST02488,2025-09-23 13:22:17.360098,USD,Refunded
ORD012587,CUST03146,2026-05-29 17:07:34.203701,US$,Refunded
ORD012588,CUST03203,2025-10-09 15:00:56.724530,USD,Completed
ORD012589,CUST02014,2025-08-28 10:03:28.240863,$,Completed
ORD012590,CUST04935,2025-11-15 13:24:08.298972,US$,Completed
ORD012591,CUST02815,2026-05-13 21:19:56.388970,USD,Cancelled
ORD012592,CUST04416,2026-04-06 13:00:37.309787,USD,Completed
ORD012593,CUST02312,2026-05-15 14:22:56.212816,USD,Cancelled
ORD012594,CUST03097,2025-07-21 15:35:31.909433,USD,Completed
ORD012595,CUST00287,2025-10-16 13:39:26.728514,USD,Completed
ORD012596,CUST00534,2026-01-14 22:27:48.561578,USD,Completed
ORD012597,CUST00558,2026-04-02 19:49:06.503978,usd,Completed
ORD012598,CUST02722_DUP,2026-05-22 08:19:20.514178,USD,Completed
ORD012599,CUST04440,2025-07-02 19:26:08.489943,USD,Completed
ORD012600,CUST03506,2025-09-05 02:03:38.943897,USD ,Completed
ORD012601,CUST02449,2026-02-14 12:00:36.314918,USD,Completed
ORD012602,CUST04534,2025-12-08 21:35:09.151158,USD,Completed
ORD012603,CUST02975,2026-03-08 20:39:29.038521,US$,Refunded
ORD012604,CUST03801,2026-03-10 12:47:07.054802,USD,Completed
ORD012605,CUST03153,2025-10-28 15:52:09.437755,USD,Completed
ORD012606,CUST00538,2025-11-07 22:00:20.795476,USD,Completed
ORD012607,CUST03172,2026-04-16 03:07:21.733984,US$,Refunded
ORD012608,CUST04306,2026-01-10 09:45:20.383888,$,Completed
ORD012609,CUST01069,2026-06-09 00:16:29.394188,USD,Completed
ORD012610,CUST01311,2025-11-13 12:11:57.269990,USD,Completed
ORD012611,CUST01968,2025-11-29 13:05:12.181221,usd,Completed
ORD012612,CUST03725,2026-04-25 10:06:17.631240,USD,Completed
ORD012613,CUST03165,2025-09-10 04:21:35.828781,USD,Completed
ORD012614,CUST01309,2025-09-30 22:04:44.260633,US$,Completed
ORD012615,CUST04829,2025-08-25 21:54:44.522013,USD,Completed
ORD012616,CUST02939,2025-10-28 03:12:37.875252,$,Completed
ORD012617,CUST03782,2025-09-10 01:53:51.540036,USD,Cancelled
ORD012618,CUST02432,2026-03-05 08:58:18.469897,USD,Completed
ORD012619,CUST04836,2025-10-11 23:17:54.009393,US$,Completed
ORD012620,CUST00258,2025-12-25 16:08:33.823652,USD,Refunded
ORD012621,CUST02765,2025-07-03 10:55:32.778763,USD,Completed
ORD012622,CUST00051,2026-04-22 00:13:07.644925,USD,Completed
ORD012623,CUST04788,2025-11-01 13:09:48.305246,USD,Completed
ORD012624,CUST01939,2026-05-27 11:53:35.546590,$,Cancelled
ORD012625,CUST04199,2025-12-28 04:31:22.567285,US$,Refunded
ORD012626,CUST02617,2026-04-07 15:57:29.298273,USD,Completed
ORD012627,CUST01108,2025-07-30 13:54:45.026123,US$,Completed
ORD012628,CUST02095,2026-04-20 07:01:13.007330,US$,Completed
ORD012629,CUST02795,2026-03-20 10:37:32.992772,USD ,Cancelled
ORD012630,CUST02124,2026-01-18 01:33:39.114851,USD,Completed
ORD012631,CUST03212,2025-07-25 08:49:26.839919,usd,Completed
ORD012632,CUST02583,2025-10-11 20:55:40.522716,USD,Completed
ORD012633,CUST00890,2026-02-23 10:56:11.389064,USD,Completed
ORD012634,CUST01750,2025-09-13 21:41:58.744449,USD,Completed
ORD012635,CUST01862,2026-03-29 02:29:15.436506,USD,Completed
ORD012636,CUST02000,2025-07-07 16:03:50.437903,USD,Cancelled
ORD012637,CUST03445,2026-06-08 11:23:20.158908,USD,Completed
ORD012638,CUST00444,2025-07-25 16:48:32.139024,USD,Completed
ORD012639,CUST01022,2026-06-14 07:50:28.733537,$,Completed
ORD012640,CUST03035,2025-12-17 15:34:14.554196,usd,Completed
ORD012641,CUST01244,2026-01-13 11:44:30.320088,USD,Completed
ORD012642,CUST00851,2026-01-17 08:45:08.390399,USD,Completed
ORD012643,CUST04690,2025-08-19 03:27:20.067760,USD,Completed
ORD012644,CUST00401,2025-08-16 11:45:13.799947,USD,Completed
ORD012645,CUST01748,2025-08-21 19:01:58.893054,US$,Completed
ORD012646,CUST04925,2025-12-28 21:26:39.636886,USD,Completed
ORD012647,CUST04230,2025-11-23 05:49:08.566746,US$,Completed
ORD012648,CUST04976,2025-08-15 13:13:52.624262,USD,Refunded
ORD012649,CUST03464,2026-02-05 23:09:25.660985,US$,Completed
ORD012650,CUST00147,2025-09-21 12:22:59.394620,US$,Completed
ORD012651,CUST04180,2025-07-14 05:29:30.247500,USD,Completed
ORD012652,CUST04149,2025-07-16 00:53:08.343062,USD,Completed
ORD012653,CUST02179,2026-06-17 13:52:12.877702,USD,Completed
ORD012654,CUST04255,2026-03-27 11:49:10.980088,USD,Refunded
ORD012655,CUST02033,2026-02-07 14:53:51.408900,US$,Completed
ORD012656,CUST04597,2025-07-03 20:53:46.963034,USD,Refunded
ORD012657,CUST04299,2026-06-21 01:53:39.199222,USD ,Completed
ORD012658,CUST04858,2025-12-02 19:23:51.290910,USD,Completed
ORD012659,CUST03342,2026-02-22 14:58:36.921245,USD,Completed
ORD012660,CUST01462,2025-11-10 18:00:19.885839,USD,Completed
ORD012661,CUST02240,2025-08-15 12:56:20.517972,USD,Completed
ORD012662,CUST02822,2025-10-19 17:24:20.314759,$,Completed
ORD012663,CUST03126,2025-12-28 09:52:44.488908,USD,Completed
ORD012664,CUST04783,2026-05-19 19:43:29.039055,USD,Completed
ORD012665,CUST00240,2026-04-07 12:24:19.861526,US$,Completed
ORD012666,CUST03970,2025-08-07 16:44:12.372998,$,Completed
ORD012667,CUST01188,2026-06-28 03:00:33.612256,usd,Cancelled
ORD012668,CUST02160,2025-10-02 15:06:36.506016,USD,Completed
ORD012669,CUST00743,2025-08-23 22:14:59.337812,USD,Completed
ORD012670,CUST04724,2026-02-10 22:13:10.798243,USD,Completed
ORD012671,CUST01697,2026-06-18 22:44:56.058264,US$,Completed
ORD012672,CUST04971,2026-02-12 07:19:37.449822,usd,Completed
ORD012673,CUST03209,2026-01-20 05:25:13.792937,USD,Completed
ORD012674,CUST03413,2026-04-23 16:29:14.669818,USD,Completed
ORD012675,CUST00874,2025-10-02 03:12:20.649590,USD,Completed
ORD012676,CUST02222,2025-11-14 17:40:46.779914,USD,Completed
ORD012677,CUST02789,2026-05-28 16:13:22.689352,$,Completed
ORD012678,CUST03452,2025-10-12 21:42:03.373528,USD,Completed
ORD012679,CUST01543,2025-07-14 23:41:05.244777,USD,Completed
ORD012680,CUST03413,2026-01-06 18:16:31.657845,USD,Completed
ORD012681,CUST03645,2025-12-22 21:02:35.842641,USD,Completed
ORD012682,CUST00588,2026-04-29 22:47:03.635368,$,Completed
ORD012683,CUST04859,2025-07-30 17:25:04.798754,USD,Completed
ORD012684,CUST02387,2025-10-18 08:45:39.826833,USD,Completed
ORD012685,CUST03057,2026-06-01 09:36:09.755131,USD,Completed
ORD012686,CUST04795,2025-12-18 18:58:07.846513,USD,Completed
ORD012687,CUST02871,2025-09-04 06:58:08.964222,USD,Completed
ORD012688,CUST00355,2025-10-27 20:18:19.129255,USD,Completed
ORD012689,CUST00117,2026-03-19 21:25:43.276680,$,Completed
ORD012690,CUST01754,2025-09-29 13:40:06.716797,US$,Completed
ORD012691,CUST04828,2025-11-21 17:45:16.982727,USD,Completed
ORD012692,CUST02874,2026-03-15 17:06:26.417188,USD,Completed
ORD012693,CUST01423,2026-03-01 15:35:09.658216,USD,Completed
ORD012694,CUST02968,2026-06-20 17:26:02.741645,USD,Completed
ORD012695,CUST02366,2025-09-09 07:14:49.973625,USD,Completed
ORD012696,CUST02223,2025-07-25 20:13:02.497925,USD,Completed
ORD012697,CUST02358,2025-12-01 10:31:52.809988,USD,Completed
ORD012698,CUST03236,2026-04-27 10:40:29.872696,usd,Completed
ORD012699,CUST00896,2025-09-18 17:40:40.465326,USD,Completed
ORD012700,CUST02591,2026-03-09 19:12:55.630037,USD,Completed
ORD012701,CUST01065,2026-02-13 14:43:21.525648,USD,Completed
ORD012702,CUST03553,2026-06-08 20:08:28.945863,USD,Completed
ORD012703,CUST00298,2026-02-07 03:41:33.544171,$,Completed
ORD012704,CUST03903,2026-04-28 03:59:35.635392,$,Cancelled
ORD012705,CUST00388,2026-04-16 00:56:56.956595,USD,Completed
ORD012706,CUST04378_DUP,2025-11-28 22:54:28.633273,USD,Completed
ORD012707,CUST03811,2025-08-29 15:10:17.334546,USD,Completed
ORD012708,CUST02055,2026-05-28 21:33:27.294387,USD,Completed
ORD012709,CUST00054,2025-07-02 15:55:05.785545,USD,Completed
ORD012710,CUST00440,2025-09-23 11:49:53.307372,USD,Completed
ORD012711,CUST00244,2025-10-18 05:12:14.026587,USD,Refunded
ORD012712,CUST01635,2025-12-23 10:54:21.081487,USD,Completed
ORD012713,CUST02384,2025-07-03 02:38:14.573910,US$,Refunded
ORD012714,CUST00731,2026-02-27 15:21:06.293804,USD ,Completed
ORD012715,CUST01099,2026-04-04 11:01:55.258701,$,Completed
ORD012716,CUST02366,2025-11-24 03:35:06.932152,USD,Completed
ORD012717,CUST01836,2026-04-10 15:03:25.699764,USD,Refunded
ORD012718,CUST02918,2025-08-27 00:24:09.546526,USD,Completed
ORD012719,CUST01191,2026-02-28 16:58:25.285920,USD,Completed
ORD012720,CUST00399,2026-06-01 02:37:04.990700,USD,Completed
ORD012721,CUST02621,2026-04-11 16:00:04.019892,$,Completed
ORD012722,CUST01701,2025-10-09 14:41:09.351641,$,Completed
ORD012723,CUST00687,2026-04-17 18:24:31.174766,USD,Completed
ORD012724,CUST04262,2025-10-08 19:29:23.084926,US$,Completed
ORD012725,CUST02757,2026-02-02 15:50:11.916817,USD,Completed
ORD012726,CUST04490,2025-09-11 05:25:28.275121,USD,Completed
ORD012727,CUST00263,2025-07-22 05:31:18.625700,USD,Completed
ORD012728,CUST00152,2025-12-08 11:48:16.469895,usd,Completed
ORD012729,CUST04248,2026-06-04 14:15:52.333835,USD,Completed
ORD012730,CUST01418,2025-08-17 03:20:23.213008,USD,Completed
ORD012731,CUST02486,2026-03-19 17:54:00.689123,USD,Completed
ORD012732,CUST04471,2026-05-20 15:51:00.497842,USD,Completed
ORD012733,CUST03604,2026-05-30 15:50:48.800540,usd,Completed
ORD012734,CUST00611,2025-12-23 08:51:44.589779,US$,Completed
ORD012735,CUST01035,2026-06-11 20:56:53.332947,USD,Completed
ORD012736,CUST00846,2025-09-26 07:02:18.662077,usd,Completed
ORD012737,CUST04833,2026-03-24 22:28:00.147313,USD,Completed
ORD012738,CUST04411,2025-09-22 15:11:10.207807,USD,Completed
ORD012739,CUST03400,2025-12-24 09:21:44.583867,USD,Completed
ORD012740,CUST04884,2026-03-04 19:29:40.511988,USD,Completed
ORD012741,CUST03660,2026-04-30 20:09:42.617519,usd,Completed
ORD012742,CUST04331,2025-07-18 05:19:59.061687,USD,Completed
ORD012743,CUST01614,2026-04-03 23:11:29.018998,USD,Completed
ORD012744,CUST01892,2026-05-13 20:20:35.566906,US$,Completed
ORD012745,CUST03776,2026-01-11 20:23:54.616199,USD,Completed
ORD012746,CUST03664,2025-10-17 22:19:03.486112,USD,Completed
ORD012747,CUST03730,2026-03-13 19:59:33.437021,USD,Completed
ORD012748,CUST04916,2025-07-18 02:33:33.844980,USD,Completed
ORD012749,CUST01049,2026-01-06 09:09:40.732140,USD,Completed
ORD012750,CUST04201,2025-10-20 01:43:28.195140,USD,Completed
ORD012751,CUST00881,2025-11-05 13:39:42.668549,USD,Completed
ORD012752,CUST01309,2025-07-14 20:31:16.944645,US$,Completed
ORD012753,CUST04826,2025-11-29 13:43:48.250360,USD,Completed
ORD012754,CUST00166,2026-01-18 16:45:41.005256,USD,Completed
ORD012755,CUST02755,2026-03-01 01:30:09.038030,$,Completed
ORD012756,CUST03389,2026-06-14 12:28:23.183496,USD,Completed
ORD012757,CUST01595,2026-01-17 00:59:04.148491,USD,Completed
ORD012758,CUST00268,2025-11-11 16:53:24.802324,USD,Completed
ORD012759,CUST04144,2025-08-27 09:16:26.625609,USD,Completed
ORD012760,CUST02780,2026-02-05 23:35:54.441474,$,Completed
ORD012761,CUST04105,2025-07-09 02:00:26.181944,USD,Completed
ORD012762,CUST02317,2025-11-06 08:20:46.623526,USD,Completed
ORD012763,CUST04890,2025-07-16 23:20:41.530021,USD,Completed
ORD012764,CUST04259,2025-10-30 18:11:40.527889,USD,Completed
ORD012765,CUST00038,2026-02-17 21:48:45.401169,USD,Completed
ORD012766,CUST03423,2025-10-30 09:04:05.128888,$,Refunded
ORD012767,CUST03623,2026-02-06 06:03:11.630934,USD,Completed
ORD012768,CUST04639,2026-02-14 19:21:55.055603,usd,Completed
ORD012769,CUST04404,2026-01-07 15:58:20.706425,USD,Completed
ORD012770,CUST00263,2025-12-06 12:45:08.762393,US$,Completed
ORD012771,CUST04047,2026-04-30 22:06:16.988985,USD,Completed
ORD012772,CUST04645,2026-02-03 17:00:09.327923,USD,Completed
ORD012773,CUST04371,2026-06-04 00:15:35.061484,$,Completed
ORD012774,CUST00135,2025-11-14 17:42:49.860991,USD,Cancelled
ORD012775,CUST04723,2025-11-06 00:58:26.742690,USD,Completed
ORD012776,CUST01994,2026-06-05 07:21:14.409688,USD,Completed
ORD012777,CUST00886,2025-09-16 14:29:35.296862,$,Completed
ORD012778,CUST01068,2025-10-14 02:31:27.179043,USD,Completed
ORD012779,CUST01565,2026-01-24 16:58:11.617213,USD,Completed
ORD012780,CUST01228,2026-02-10 18:51:42.188522,usd,Completed
ORD012781,CUST02137,2025-11-10 18:35:34.396302,usd,Completed
ORD012782,CUST02067,2025-11-30 04:37:11.092342,$,Completed
ORD012783,CUST01584,2026-05-16 16:29:28.721519,usd,Completed
ORD012784,CUST01185,2025-09-17 10:39:55.959597,$,Cancelled
ORD012785,CUST02695,2025-09-02 01:29:17.651875,USD,Completed
ORD012786,CUST03129,2025-09-23 06:59:29.974046,USD,Completed
ORD012787,CUST04265,2026-01-13 20:39:40.134819,US$,Completed
ORD012788,CUST04553,2026-03-21 01:48:16.118542,US$,Completed
ORD012789,CUST03067,2026-02-25 07:07:41.711876,USD,Completed
ORD012790,CUST02350,2026-02-28 06:33:01.549521,USD,Completed
ORD012791,CUST04368,2025-07-13 14:13:12.197396,USD ,Completed
ORD012792,CUST01839,2026-05-26 16:15:37.258538,USD,Refunded
ORD012793,CUST03710,2025-12-10 16:00:09.334877,US$,Completed
ORD012794,CUST02427,2025-12-06 07:23:18.323878,US$,Completed
ORD012795,CUST02329,2026-02-18 06:46:00.105998,USD,Completed
ORD012796,CUST04209,2025-07-10 20:35:22.831031,USD,Completed
ORD012797,CUST03779,2025-12-23 20:20:26.102230,US$,Completed
ORD012798,CUST02233,2025-09-24 02:03:45.720203,USD,Completed
ORD012799,CUST02428,2025-10-19 22:13:23.937410,US$,Completed
ORD012800,CUST04684,2025-09-27 19:56:46.289866,USD,Completed
ORD012801,CUST02593,2026-01-19 15:15:36.215605,USD,Completed
ORD012802,CUST02758,2026-01-06 21:17:43.995848,USD,Completed
ORD012803,CUST00894,2025-09-15 09:32:13.957757,USD,Completed
ORD012804,CUST03972,2026-06-26 08:46:42.290920,USD,Completed
ORD012805,CUST02603,2026-03-29 22:37:26.487422,usd,Completed
ORD012806,CUST00391,2026-03-17 09:44:16.009598,USD,Completed
ORD012807,CUST01507,2025-09-17 19:50:36.294261,USD,Completed
ORD012808,CUST00291,2025-09-20 07:00:42.272286,USD,Completed
ORD012809,CUST00689,2025-08-08 12:35:04.015181,USD,Completed
ORD012810,CUST01563,2025-10-30 14:24:02.370246,USD,Completed
ORD012811,CUST00139,2026-03-09 02:20:25.608739,USD,Completed
ORD012812,CUST00085,2026-04-02 06:28:12.288238,USD,Completed
ORD012813,CUST01216,2025-10-13 05:11:33.264803,USD,Completed
ORD012814,CUST02967,2025-11-07 10:26:28.322235,USD,Completed
ORD012815,CUST04807,2026-03-28 02:23:59.508799,USD,Completed
ORD012816,CUST00061,2025-10-16 00:21:37.036599,USD,Completed
ORD012817,CUST04344,2025-09-26 06:46:12.580874,USD,Completed
ORD012818,CUST02456,2025-07-27 14:20:36.656749,USD,Completed
ORD012819,CUST04854,2026-06-01 21:03:06.650759,USD,Completed
ORD012820,CUST03142,2026-06-11 08:28:10.046897,US$,Completed
ORD012821,CUST03040,2025-12-25 17:27:31.029842,USD,Completed
ORD012822,CUST00449,2026-05-21 20:38:50.557289,USD,Completed
ORD012823,CUST03339,2026-06-26 03:24:38.784415,USD,Completed
ORD012824,CUST03131,2026-06-04 06:56:22.617886,USD,Completed
ORD012825,CUST00894,2026-04-16 09:01:09.112087,$,Completed
ORD012826,CUST01119,2025-08-16 02:36:18.254152,USD,Completed
ORD012827,CUST01838,2026-05-04 16:02:11.453399,USD,Completed
ORD012828,CUST04728,2026-02-21 21:47:03.024082,USD,Completed
ORD012829,CUST01042,2026-01-14 12:28:24.144505,USD,Completed
ORD012830,CUST01295,2026-01-03 10:04:19.737295,usd,Completed
ORD012831,CUST00992,2026-05-11 22:26:47.936664,USD,Completed
ORD012832,CUST01113,2026-05-27 01:00:54.999009,$,Completed
ORD012833,CUST04156,2025-07-15 00:40:50.074767,US$,Completed
ORD012834,CUST01529,2026-03-07 07:19:31.781620,USD,Completed
ORD012835,CUST01410,2026-05-23 20:56:37.713582,USD,Completed
ORD012836,CUST04199_DUP,2026-04-01 09:02:48.944577,USD,Completed
ORD012837,CUST00430,2025-10-20 00:37:44.165308,USD,Completed
ORD012838,CUST04758,2026-05-10 11:02:50.276093,USD,Completed
ORD012839,CUST00753,2026-01-12 23:19:42.762624,USD,Completed
ORD012840,CUST04116,2025-09-02 20:32:05.930443,USD,Refunded
ORD012841,CUST01468,2026-03-07 06:55:19.497307,US$,Completed
ORD012842,CUST04426,2025-08-03 07:45:42.639965,USD,Completed
ORD012843,CUST02022,2026-06-05 19:06:27.558193,USD,Completed
ORD012844,CUST04116_DUP,2025-09-08 11:36:25.801622,USD,Completed
ORD012845,CUST01001,2025-07-30 02:31:59.949098,USD,Completed
ORD012846,CUST04968,2025-09-28 01:32:18.498016,usd,Completed
ORD012847,CUST03978,2025-08-03 19:04:16.245993,USD,Completed
ORD012848,CUST00870,2026-06-09 23:18:36.786238,USD,Completed
ORD012849,CUST00841,2025-07-25 23:31:17.595396,USD,Completed
ORD012850,CUST01713,2025-07-09 07:53:06.066055,usd,Completed
ORD012851,CUST03653,2026-06-19 17:16:14.115022,USD ,Completed
ORD012852,CUST02396,2025-12-18 02:33:46.409370,USD,Cancelled
ORD012853,CUST02472,2025-09-06 22:21:26.569012,USD,Cancelled
ORD012854,CUST04587,2026-05-31 02:22:35.678149,USD,Completed
ORD012855,CUST03330,2026-01-20 17:00:35.004784,USD,Completed
ORD012856,CUST01194,2026-03-31 16:46:07.382539,USD,Completed
ORD012857,CUST00210,2026-06-22 22:37:55.882528,USD,Completed
ORD012858,CUST01446,2026-01-09 13:19:05.710560,usd,Completed
ORD012859,CUST03016,2025-10-11 18:36:04.208354,USD,Completed
ORD012860,CUST04614,2025-12-22 11:39:27.176919,$,Completed
ORD012861,CUST01072,2026-03-05 21:09:52.806266,USD,Completed
ORD012862,CUST01035,2026-03-12 06:00:32.982223,USD,Refunded
ORD012863,CUST02584,2026-05-27 18:54:31.443899,USD,Completed
ORD012864,CUST03804,2026-06-03 13:07:54.108641,USD,Completed
ORD012865,CUST03487,2026-02-01 00:32:34.481009,USD,Completed
ORD012866,CUST01167,2025-11-23 05:26:07.729756,USD,Completed
ORD012867,CUST03706_DUP,2025-11-05 16:42:29.565030,USD,Completed
ORD012868,CUST00156,2025-09-30 10:19:09.480234,USD,Completed
ORD012869,CUST04723,2026-05-19 07:50:52.401430,USD,Completed
ORD012870,CUST01656,2025-12-24 09:33:58.581627,USD,Completed
ORD012871,CUST02536,2026-06-28 09:56:22.121915,usd,Completed
ORD012872,CUST00357,2025-08-28 00:05:50.104983,USD,Completed
ORD012873,CUST03245,2026-03-15 15:01:33.425952,USD,Completed
ORD012874,CUST04175,2025-07-14 02:43:56.479051,USD,Completed
ORD012875,CUST03580,2025-08-27 03:45:55.481755,US$,Completed
ORD012876,CUST00498,2025-09-15 18:08:55.519696,usd,Cancelled
ORD012877,CUST01118,2025-10-25 10:44:17.526927,US$,Completed
ORD012878,CUST02824,2025-07-31 03:58:02.960232,USD,Completed
ORD012879,CUST01160,2026-05-13 06:22:47.588715,USD,Completed
ORD012880,CUST03197,2026-01-23 00:49:18.092367,usd,Completed
ORD012881,CUST02095,2026-05-01 14:31:03.421256,USD,Completed
ORD012882,CUST02616,2026-03-28 07:38:16.776267,usd,Completed
ORD012883,CUST01065,2026-03-08 14:15:28.310706,USD,Completed
ORD012884,CUST02146,2025-09-22 09:14:57.797675,USD,Completed
ORD012885,CUST00147,2026-05-05 23:26:40.382987,USD,Completed
ORD012886,CUST04996,2025-12-15 07:42:45.528822,USD,Completed
ORD012887,CUST04500,2025-12-31 16:17:36.597747,USD,Cancelled
ORD012888,CUST00292,2025-11-26 13:44:56.862288,USD,Completed
ORD012889,CUST02467,2026-03-13 06:00:37.606618,USD,Completed
ORD012890,CUST00788,2026-02-16 10:57:51.365681,US$,Completed
ORD012891,CUST01015,2025-11-16 07:33:19.531701,USD,Completed
ORD012892,CUST00781,2025-08-06 23:40:30.314503,USD,Completed
ORD012893,CUST02217,2025-12-08 22:54:10.848637,$,Completed
ORD012894,CUST01573,2025-08-02 05:05:57.822197,USD,Completed
ORD012895,CUST00172,2026-06-29 21:10:08.386347,USD,Completed
ORD012896,CUST04927,2025-09-17 17:00:47.445349,USD,Completed
ORD012897,CUST01616,2025-08-31 07:23:10.886541,USD,Completed
ORD012898,CUST01445,2025-09-15 03:38:03.807362,$,Cancelled
ORD012899,CUST04124,2026-01-20 00:25:36.999471,USD,Completed
ORD012900,CUST02976,2025-08-17 08:26:18.039961,USD,Completed
ORD012901,CUST04290,2025-12-19 13:44:10.711855,USD,Completed
ORD012902,CUST02093,2026-05-16 19:17:05.474906,USD,Completed
ORD012903,CUST02935,2026-01-21 21:04:13.114415,USD,Completed
ORD012904,CUST02987,2026-05-29 15:43:17.922355,USD,Completed
ORD012905,CUST02106,2026-04-20 04:14:56.356023,USD,Completed
ORD012906,CUST02832,2025-10-08 15:46:10.958681,$,Completed
ORD012907,CUST02431,2025-09-28 10:01:48.746905,usd,Refunded
ORD012908,CUST02465,2026-02-23 08:26:57.131740,US$,Completed
ORD012909,CUST04615,2025-12-07 18:52:00.929739,usd,Completed
ORD012910,CUST00144,2026-04-27 16:03:07.798337,USD,Completed
ORD012911,CUST02993,2026-02-15 08:42:33.548430,USD,Completed
ORD012912,CUST01496,2026-06-12 22:21:02.123303,usd,Completed
ORD012913,CUST00802,2026-05-29 17:30:17.235631,US$,Cancelled
ORD012914,CUST04673,2025-07-03 16:56:54.318732,US$,Cancelled
ORD012915,CUST04782,2025-12-10 00:00:45.168410,USD,Completed
ORD012916,CUST01077,2025-12-04 06:18:32.347201,USD,Completed
ORD012917,CUST01153,2025-10-19 23:46:27.417098,USD,Completed
ORD012918,CUST04104,2026-03-04 10:16:52.281083,US$,Refunded
ORD012919,CUST02425,2025-10-12 08:30:56.594408,USD,Cancelled
ORD012920,CUST04913,2026-01-02 14:52:20.967873,US$,Completed
ORD012921,CUST01799,2026-01-15 15:01:50.990746,USD,Completed
ORD012922,CUST02628,2025-11-11 13:42:04.534562,US$,Completed
ORD012923,CUST04650,2025-08-18 15:10:15.036104,$,Completed
ORD012924,CUST03617,2025-07-26 10:39:11.167810,USD,Completed
ORD012925,CUST02336,2026-02-11 01:51:19.435004,USD,Completed
ORD012926,CUST04476,2025-10-22 13:55:19.118647,USD,Completed
ORD012927,CUST00521,2025-09-13 17:01:52.137805,USD,Completed
ORD012928,CUST02756,2025-11-03 23:35:59.530860,usd,Completed
ORD012929,CUST01318,2025-07-10 09:22:45.862535,USD,Completed
ORD012930,CUST00985,2025-12-06 22:00:25.111212,US$,Completed
ORD012931,CUST02313,2026-03-14 19:52:47.787501,USD,Completed
ORD012932,CUST00863,2026-02-18 00:39:31.269970,$,Completed
ORD012933,CUST03081,2026-03-10 19:40:42.924994,USD,Cancelled
ORD012934,CUST03022,2025-10-10 08:11:44.718308,USD,Cancelled
ORD012935,CUST03490,2026-01-11 07:40:01.992620,US$,Completed
ORD012936,CUST02420,2026-06-15 15:11:07.608068,US$,Completed
ORD012937,CUST01659,2026-02-02 07:17:02.801215,USD,Completed
ORD012938,CUST00333,2026-04-21 13:36:12.450965,USD,Completed
ORD012939,CUST02420,2025-11-18 16:44:00.746326,USD,Completed
ORD012940,CUST02992,2025-12-26 12:26:12.499053,US$,Completed
ORD012941,CUST03305,2025-11-22 09:45:22.737283,USD,Completed
ORD012942,CUST02168,2026-03-27 16:57:13.488871,$,Refunded
ORD012943,CUST03630,2026-03-23 10:05:35.064210,USD ,Completed
ORD012944,CUST01193,2026-04-27 11:19:35.524800,USD,Completed
ORD012945,CUST03348_DUP,2025-11-07 04:58:22.249259,USD,Completed
ORD012946,CUST03888,2025-11-07 16:31:02.641841,US$,Completed
ORD012947,CUST00832,2025-08-10 19:36:01.169227,USD,Completed
ORD012948,CUST03469,2025-09-28 07:33:25.136188,$,Completed
ORD012949,CUST03222,2026-05-27 10:23:20.981202,usd,Cancelled
ORD012950,CUST03294,2026-06-05 15:01:43.791988,USD,Completed
ORD012951,CUST01996,2026-03-19 19:02:13.875859,USD,Completed
ORD012952,CUST03212,2026-03-25 18:56:41.845966,USD,Completed
ORD012953,CUST00457,2025-09-29 16:29:46.925186,USD,Completed
ORD012954,CUST03765,2026-02-08 13:01:14.978661,USD,Completed
ORD012955,CUST04378_DUP,2025-11-27 13:57:42.449300,US$,Completed
ORD012956,CUST04790,2026-05-21 14:35:25.531895,USD,Cancelled
ORD012957,CUST01857,2026-05-20 09:09:38.689218,USD,Completed
ORD012958,CUST04921,2026-04-05 03:38:06.457455,$,Completed
ORD012959,CUST02586,2025-12-15 08:31:32.587526,USD,Completed
ORD012960,CUST04316,2025-07-06 21:28:24.350704,USD,Completed
ORD012961,CUST02331,2025-08-07 11:47:54.656954,USD,Completed
ORD012962,CUST00567,2026-03-06 22:14:10.810124,USD,Completed
ORD012963,CUST02026,2025-11-08 06:25:21.114847,USD,Cancelled
ORD012964,CUST00949,2026-01-01 04:53:45.344744,USD,Completed
ORD012965,CUST04406,2026-04-16 18:38:14.736693,$,Completed
ORD012966,CUST00370,2026-06-26 08:53:46.027919,USD,Completed
ORD012967,CUST02743,2025-09-18 07:40:51.662649,USD,Completed
ORD012968,CUST04487,2025-12-10 11:52:07.179937,US$,Completed
ORD012969,CUST00818,2026-01-14 05:11:45.038803,USD,Completed
ORD012970,CUST02970,2025-09-26 02:47:28.387943,$,Completed
ORD012971,CUST04425,2025-11-10 01:29:29.595348,USD,Completed
ORD012972,CUST03218,2025-08-31 01:57:41.738207,USD,Completed
ORD012973,CUST03130,2026-05-12 12:53:48.768603,USD,Completed
ORD012974,CUST04047,2026-04-19 20:24:15.996302,USD,Refunded
ORD012975,CUST03039,2026-03-10 19:05:45.983578,US$,Cancelled
ORD012976,CUST02506,2026-03-13 02:34:10.770625,USD,Completed
ORD012977,CUST01669,2025-08-28 13:15:10.162424,US$,Completed
ORD012978,CUST01661,2025-12-06 02:28:25.098715,USD,Cancelled
ORD012979,CUST01068,2026-06-06 14:22:01.292570,USD,Completed
ORD012980,CUST01464,2025-11-02 11:56:17.587059,USD,Completed
ORD012981,CUST01162,2026-04-10 11:55:37.004439,USD,Completed
ORD012982,CUST03173,2026-01-22 22:43:07.934887,usd,Completed
ORD012983,CUST03566,2025-09-16 15:19:58.496014,USD,Completed
ORD012984,CUST04976,2026-04-09 16:09:41.685574,USD,Cancelled
ORD012985,CUST00363,2025-08-12 21:24:01.698038,$,Cancelled
ORD012986,CUST04079,2026-06-08 21:47:00.699856,USD,Completed
ORD012987,CUST01600,2026-06-04 05:43:24.588344,USD,Completed
ORD012988,CUST03377,2025-07-12 18:05:30.115021,USD,Completed
ORD012989,CUST03543,2025-07-02 10:53:28.172136,USD,Completed
ORD012990,CUST03847,2026-03-15 22:26:27.609732,USD,Completed
ORD012991,CUST00230,2026-06-22 23:22:01.001440,US$,Completed
ORD012992,CUST00902,2025-07-27 20:29:06.987764,$,Completed
ORD012993,CUST01042,2026-04-28 12:15:37.429427,US$,Completed
ORD012994,CUST04769,2026-04-25 15:42:36.552713,usd,Completed
ORD012995,CUST02780,2026-01-14 14:18:44.921039,usd,Completed
ORD012996,CUST02151,2026-05-14 15:10:58.147162,USD,Completed
ORD012997,CUST03527,2025-07-19 16:36:02.347610,USD,Completed
ORD012998,CUST01507,2025-09-22 07:52:18.530422,USD,Completed
ORD012999,CUST04304,2026-02-12 23:49:16.320932,USD,Completed
ORD013000,CUST04878,2025-08-03 07:54:40.538509,$,Completed
ORD013001,CUST03919,2025-11-01 21:16:13.778244,USD,Completed
ORD013002,CUST04604,2026-04-24 18:14:37.310018,USD,Completed
ORD013003,CUST00139,2026-04-10 19:06:00.835674,USD,Completed
ORD013004,CUST01958,2025-07-21 13:26:03.826578,usd,Completed
ORD013005,CUST03423,2025-12-06 12:11:35.925596,$,Completed
ORD013006,CUST01584,2025-11-22 00:28:05.087389,US$,Completed
ORD013007,CUST00330,2026-03-04 21:26:45.520077,USD,Completed
ORD013008,CUST04911,2025-11-01 03:16:44.550893,USD,Completed
ORD013009,CUST03158,2026-01-21 08:41:02.954037,USD,Completed
ORD013010,CUST01498,2025-07-24 10:23:21.822755,USD,Completed
ORD013011,CUST04956,2025-09-27 11:57:21.671758,USD,Completed
ORD013012,CUST00709,2025-08-02 11:06:43.425262,USD,Completed
ORD013013,CUST00111,2025-07-18 04:07:03.153414,$,Completed
ORD013014,CUST04820,2025-09-23 04:45:45.959269,USD,Completed
ORD013015,CUST03154,2026-05-07 17:00:16.090910,USD,Completed
ORD013016,CUST00232,2025-12-14 22:52:25.741305,$,Completed
ORD013017,CUST02430,2025-11-19 20:50:23.451629,usd,Completed
ORD013018,CUST03185,2026-02-11 15:46:26.244409,USD,Completed
ORD013019,CUST00801,2026-06-19 09:05:46.403593,USD,Completed
ORD013020,CUST01647,2025-09-17 03:58:51.432772,USD,Completed
ORD013021,CUST01588,2025-11-30 03:35:00.708764,USD,Completed
ORD013022,CUST00106,2025-09-09 10:41:47.776826,USD,Completed
ORD013023,CUST00163,2026-05-06 06:57:06.615310,USD,Cancelled
ORD013024,CUST02577,2025-09-03 20:02:36.390292,US$,Completed
ORD013025,CUST02147,2026-01-16 16:14:57.266655,USD ,Completed
ORD013026,CUST04283,2026-06-03 11:42:08.493892,usd,Completed
ORD013027,CUST04342,2025-11-26 04:25:39.633106,usd,Completed
ORD013028,CUST00439,2025-07-27 19:01:37.462228,USD,Completed
ORD013029,CUST01998,2025-10-11 05:31:27.621164,USD,Completed
ORD013030,CUST01766,2026-01-30 09:40:13.261369,USD,Completed
ORD013031,CUST01166,2025-07-01 01:01:59.931629,USD,Completed
ORD013032,CUST02772,2025-08-26 13:00:33.346047,USD,Completed
ORD013033,CUST02156,2026-01-17 20:07:57.349000,USD,Completed
ORD013034,CUST04436,2026-01-04 23:09:25.632645,$,Completed
ORD013035,CUST04199_DUP,2026-06-02 12:57:45.204799,USD,Completed
ORD013036,CUST03586,2026-05-01 05:18:56.061634,$,Completed
ORD013037,CUST00510,2025-10-04 04:12:31.049988,$,Completed
ORD013038,CUST04919,2025-12-27 10:19:50.886167,USD,Completed
ORD013039,CUST02272,2025-10-20 21:51:34.063161,usd,Completed
ORD013040,CUST03648,2026-01-25 11:07:31.239420,USD,Completed
ORD013041,CUST02418,2026-01-20 04:53:46.593154,USD,Completed
ORD013042,CUST03479,2025-10-06 07:06:25.001006,USD,Completed
ORD013043,CUST02939,2026-06-13 18:41:47.810205,USD,Completed
ORD013044,CUST00687,2025-09-26 14:32:56.968181,USD,Completed
ORD013045,CUST04078_DUP,2026-04-15 05:24:17.789192,USD,Completed
ORD013046,CUST00732,2025-07-22 21:25:19.417619,$,Completed
ORD013047,CUST01628,2026-04-07 02:04:38.727415,USD ,Completed
ORD013048,CUST02885,2025-11-07 20:23:34.916434,USD,Completed
ORD013049,CUST03232,2025-10-04 00:27:24.485092,USD,Completed
ORD013050,CUST03666,2025-07-07 19:11:49.313131,USD,Completed
ORD013051,CUST00492,2025-11-29 21:27:18.943541,usd,Completed
ORD013052,CUST00278,2026-02-03 01:04:39.674726,US$,Completed
ORD013053,CUST01674,2026-05-24 03:25:44.192573,USD,Completed
ORD013054,CUST01258,2025-12-23 23:39:24.891544,USD,Completed
ORD013055,CUST02636,2026-04-21 17:48:02.626952,USD,Completed
ORD013056,CUST01955,2026-05-09 04:08:57.491664,USD,Completed
ORD013057,CUST03029,2026-05-20 00:22:31.717542,$,Completed
ORD013058,CUST01418,2026-05-15 16:08:48.701909,USD,Refunded
ORD013059,CUST03993,2025-11-11 15:32:28.964267,USD,Completed
ORD013060,CUST00565,2026-02-28 12:32:11.381638,USD,Completed
ORD013061,CUST00022,2025-10-24 09:17:39.372429,USD,Completed
ORD013062,CUST00933_DUP,2026-04-01 17:45:00.206333,USD,Completed
ORD013063,CUST04188,2026-04-03 10:46:02.348779,USD,Completed
ORD013064,CUST02067,2026-02-06 11:33:04.239929,USD,Completed
ORD013065,CUST02682,2025-08-20 08:33:16.135532,US$,Completed
ORD013066,CUST00977,2026-05-20 16:37:11.912956,USD,Completed
ORD013067,CUST03263,2026-01-24 05:09:12.903817,USD,Completed
ORD013068,CUST03913,2025-07-09 14:29:56.021455,USD,Completed
ORD013069,CUST04729,2025-07-04 14:26:51.032518,USD,Completed
ORD013070,CUST03574,2026-04-26 02:01:38.072679,USD,Completed
ORD013071,CUST02646,2025-11-12 19:46:39.713709,USD ,Completed
ORD013072,CUST01851,2025-10-14 18:28:33.758161,USD,Cancelled
ORD013073,CUST04038,2025-10-14 19:08:12.225823,$,Completed
ORD013074,CUST00926,2025-10-20 05:18:52.135854,$,Completed
ORD013075,CUST03488,2026-06-03 05:31:32.027560,USD,Completed
ORD013076,CUST03341,2026-05-02 05:41:47.341854,USD,Completed
ORD013077,CUST00646,2025-11-08 22:09:41.589546,US$,Completed
ORD013078,CUST01746,2025-11-13 15:03:40.524446,USD,Completed
ORD013079,CUST01868,2026-03-05 14:38:56.946428,US$,Completed
ORD013080,CUST03501,2026-04-05 22:13:50.759562,USD,Completed
ORD013081,CUST00322,2026-02-10 03:23:56.911004,USD,Completed
ORD013082,CUST00347,2026-05-23 04:57:45.012612,USD,Completed
ORD013083,CUST02227,2025-08-10 17:14:49.279076,$,Completed
ORD013084,CUST01195,2025-12-26 22:33:35.756551,USD,Completed
ORD013085,CUST04320,2026-01-12 21:24:20.699541,usd,Completed
ORD013086,CUST02391,2026-04-05 09:11:45.359595,US$,Completed
ORD013087,CUST00817,2025-09-22 04:09:27.317473,USD,Completed
ORD013088,CUST04305,2026-03-26 10:06:27.262681,usd,Completed
ORD013089,CUST04791,2025-09-09 09:58:50.319082,USD,Completed
ORD013090,CUST02560,2025-07-08 08:08:40.391285,usd,Completed
ORD013091,CUST04060,2025-12-27 01:26:28.170238,USD,Completed
ORD013092,CUST01915,2026-05-12 09:14:43.247583,USD,Completed
ORD013093,CUST02166,2026-03-26 13:54:55.033830,USD,Cancelled
ORD013094,CUST03953,2025-11-10 19:43:51.278769,USD,Completed
ORD013095,CUST04350,2025-08-20 19:06:27.121341,USD,Completed
ORD013096,CUST00216,2025-12-09 19:48:10.275307,usd,Completed
ORD013097,CUST00120,2026-01-14 18:47:28.125006,USD,Completed
ORD013098,CUST03711,2026-06-20 09:23:43.468032,usd,Completed
ORD013099,CUST03544,2026-04-10 19:31:00.380006,US$,Completed
ORD013100,CUST04159,2025-08-31 11:51:22.807582,USD,Completed
ORD013101,CUST04246,2025-11-15 23:32:30.545845,US$,Completed
ORD013102,CUST03695,2026-03-22 10:06:19.728905,USD,Completed
ORD013103,CUST02762,2026-03-26 00:06:13.279415,usd,Completed
ORD013104,CUST04572,2026-01-10 02:09:32.416740,USD,Completed
ORD013105,CUST04419,2025-11-06 19:15:13.416959,$,Completed
ORD013106,CUST01409,2025-07-21 15:31:43.877516,USD,Completed
ORD013107,CUST01913,2025-08-16 22:13:58.143856,US$,Completed
ORD013108,CUST02307,2025-12-19 14:13:29.719932,USD,Completed
ORD013109,CUST04838,2025-08-17 12:54:08.858841,USD,Completed
ORD013110,CUST04186,2026-05-13 20:34:07.071475,USD,Completed
ORD013111,CUST00983,2026-01-02 10:26:08.082893,USD,Completed
ORD013112,CUST00406,2026-02-08 17:36:17.534245,$,Completed
ORD013113,CUST03840,2025-07-23 17:55:31.870624,USD,Completed
ORD013114,CUST01804,2025-08-21 15:29:11.290538,USD ,Completed
ORD013115,CUST04833,2026-02-28 00:43:35.182477,USD,Completed
ORD013116,CUST03079,2025-08-08 11:50:20.231119,USD,Completed
ORD013117,CUST03471,2025-07-27 15:56:28.024308,usd,Cancelled
ORD013118,CUST02066,2026-02-04 14:32:05.500026,USD,Completed
ORD013119,CUST04218,2026-01-20 03:58:33.800834,USD,Refunded
ORD013120,CUST02749,2025-08-27 01:14:35.633632,USD,Completed
ORD013121,CUST04306,2026-06-14 15:19:29.570877,US$,Completed
ORD013122,CUST02457,2026-06-05 09:41:45.986164,USD,Completed
ORD013123,CUST01772,2026-02-23 08:00:13.885643,usd,Completed
ORD013124,CUST00068,2025-12-27 06:33:24.846370,$,Completed
ORD013125,CUST03367,2025-12-02 02:18:26.701466,USD,Completed
ORD013126,CUST00652,2025-10-27 22:53:07.790179,$,Completed
ORD013127,CUST04059,2025-09-16 03:14:38.365744,USD,Completed
ORD013128,CUST03638,2026-04-13 07:06:16.044466,USD,Completed
ORD013129,CUST04540,2026-02-19 15:53:59.876975,USD,Completed
ORD013130,CUST02540,2026-05-10 06:03:56.669170,USD,Completed
ORD013131,CUST04799,2025-10-21 10:13:58.000610,USD,Completed
ORD013132,CUST02147,2026-01-11 17:47:58.274261,USD,Completed
ORD013133,CUST00055,2026-04-21 09:27:06.259798,USD,Completed
ORD013134,CUST04685,2025-10-23 07:25:09.281433,USD,Completed
ORD013135,CUST04695,2026-05-07 02:37:41.156092,USD,Completed
ORD013136,CUST00326,2026-05-25 09:29:02.071781,USD,Cancelled
ORD013137,CUST03186,2026-04-14 02:35:53.831309,usd,Completed
ORD013138,CUST04927,2026-03-28 20:41:43.093810,usd,Completed
ORD013139,CUST00537,2025-12-20 16:00:50.921185,USD,Completed
ORD013140,CUST00679,2026-06-12 16:03:02.482780,USD,Completed
ORD013141,CUST00513,2025-07-07 19:20:31.839265,USD,Completed
ORD013142,CUST04520,2026-02-13 02:03:16.248092,USD,Completed
ORD013143,CUST00970,2025-11-25 13:21:44.869702,USD,Completed
ORD013144,CUST01590,2025-10-09 09:26:45.900959,US$,Completed
ORD013145,CUST01461,2026-04-23 14:44:17.803922,US$,Completed
ORD013146,CUST00262,2025-08-24 02:51:16.161173,USD,Completed
ORD013147,CUST04038,2025-10-18 17:44:23.841509,USD,Completed
ORD013148,CUST01907,2026-05-27 00:35:12.817634,USD,Completed
ORD013149,CUST03434,2025-08-16 06:50:19.694402,USD,Cancelled
ORD013150,CUST03495,2026-03-15 15:59:45.101570,US$,Completed
ORD013151,CUST01190,2026-04-02 00:21:48.705839,US$,Completed
ORD013152,CUST01364,2026-04-05 07:40:40.597438,USD,Completed
ORD013153,CUST00673,2026-05-27 22:20:17.732493,USD,Completed
ORD013154,CUST01180_DUP,2026-06-25 11:59:02.455529,USD,Completed
ORD013155,CUST02445,2025-10-29 21:00:34.356064,US$,Completed
ORD013156,CUST00830,2026-04-30 16:11:22.805802,USD,Completed
ORD013157,CUST04900,2026-01-23 02:52:36.030416,USD,Completed
ORD013158,CUST01300,2025-08-29 13:39:35.075584,USD,Completed
ORD013159,CUST01157,2026-04-02 10:52:00.278104,usd,Cancelled
ORD013160,CUST04368,2025-07-01 04:00:03.385387,USD,Completed
ORD013161,CUST01178,2026-06-08 05:54:51.812659,$,Completed
ORD013162,CUST00227,2026-03-27 14:20:44.913743,USD,Completed
ORD013163,CUST01347,2026-06-26 12:47:16.414730,USD,Completed
ORD013164,CUST04175,2025-07-02 09:27:05.467046,USD,Completed
ORD013165,CUST02012,2025-10-02 23:33:29.831528,USD,Completed
ORD013166,CUST01503,2026-02-05 14:39:02.190490,USD,Completed
ORD013167,CUST04010,2026-04-27 19:54:47.139126,$,Refunded
ORD013168,CUST00802,2026-01-16 01:34:15.005677,USD,Completed
ORD013169,CUST04697,2025-08-23 22:20:09.722769,USD,Completed
ORD013170,CUST03656,2025-07-19 16:39:03.843631,$,Completed
ORD013171,CUST00578,2025-07-01 05:55:01.485209,USD,Completed
ORD013172,CUST03619,2026-02-26 11:11:20.946524,USD,Completed
ORD013173,CUST03145,2026-03-24 16:32:07.440425,USD,Completed
ORD013174,CUST02182_DUP,2026-06-07 22:00:22.404933,$,Completed
ORD013175,CUST04866,2026-05-07 04:01:39.502220,usd,Completed
ORD013176,CUST03807,2025-11-08 05:05:26.316316,USD,Completed
ORD013177,CUST00912,2025-09-25 14:03:10.605244,USD,Completed
ORD013178,CUST00537,2025-11-27 09:43:22.875040,USD,Completed
ORD013179,CUST02298,2026-01-23 05:30:06.419835,usd,Cancelled
ORD013180,CUST02200,2026-05-27 02:46:16.867445,USD,Completed
ORD013181,CUST00373,2026-03-22 14:23:48.421826,USD,Cancelled
ORD013182,CUST01841,2025-10-19 15:06:38.108678,USD,Completed
ORD013183,CUST04442,2025-09-27 09:15:05.748439,usd,Completed
ORD013184,CUST01740,2025-08-29 20:11:22.206457,USD,Completed
ORD013185,CUST04171,2026-04-28 04:53:31.718646,usd,Completed
ORD013186,CUST04495,2026-04-15 23:19:58.292850,USD,Completed
ORD013187,CUST02454,2025-07-19 14:32:26.008249,USD,Completed
ORD013188,CUST02057,2025-07-25 22:14:02.338173,$,Completed
ORD013189,CUST04059,2025-12-13 12:21:35.352236,USD,Completed
ORD013190,CUST02778,2026-01-27 17:48:20.111004,USD,Completed
ORD013191,CUST04266,2025-11-15 04:12:38.065946,USD,Completed
ORD013192,CUST00625,2025-10-31 13:12:06.226851,USD,Completed
ORD013193,CUST01742,2026-04-08 06:36:06.881344,usd,Completed
ORD013194,CUST02513,2025-12-17 05:31:45.841023,US$,Refunded
ORD013195,CUST01638,2025-10-16 19:19:49.968980,usd,Completed
ORD013196,CUST01669,2026-01-07 07:39:55.576371,USD,Completed
ORD013197,CUST03238,2025-11-26 07:32:05.091242,USD,Completed
ORD013198,CUST04264,2026-01-30 08:13:16.008128,USD,Completed
ORD013199,CUST02541,2025-08-20 03:48:00.541543,USD,Completed
ORD013200,CUST00493,2026-01-01 21:44:17.246558,usd,Completed
ORD013201,CUST04268,2025-09-26 22:16:19.471632,USD,Completed
ORD013202,CUST01914,2025-09-06 17:06:24.883199,USD,Completed
ORD013203,CUST04684,2026-05-15 07:23:13.993251,$,Completed
ORD013204,CUST03904,2025-12-05 15:10:24.939074,USD ,Completed
ORD013205,CUST02107,2026-05-05 03:37:41.695084,usd,Completed
ORD013206,CUST01337,2025-11-24 18:29:59.193145,USD,Completed
ORD013207,CUST01375,2025-07-29 16:41:51.928064,USD,Refunded
ORD013208,CUST01215,2026-06-26 16:16:10.767518,USD,Completed
ORD013209,CUST00225,2025-09-05 22:06:49.739426,USD,Completed
ORD013210,CUST03086,2026-04-12 22:29:46.626237,USD,Completed
ORD013211,CUST03053,2026-02-15 12:58:32.779449,USD,Refunded
ORD013212,CUST01033,2026-05-29 12:41:38.296114,US$,Completed
ORD013213,CUST01259,2026-04-25 04:51:48.625971,USD,Completed
ORD013214,CUST03399,2026-06-09 03:18:21.653097,usd,Completed
ORD013215,CUST01280,2025-07-20 19:27:06.819160,usd,Cancelled
ORD013216,CUST03473,2026-03-30 11:51:44.169675,USD,Completed
ORD013217,CUST03008,2026-06-28 16:49:19.570868,$,Cancelled
ORD013218,CUST03446,2025-10-04 09:30:35.836534,usd,Completed
ORD013219,CUST01554,2026-04-24 00:23:18.003866,USD,Completed
ORD013220,CUST00386,2026-03-31 09:40:39.209741,USD,Completed
ORD013221,CUST03070,2026-04-18 07:24:09.540866,$,Completed
ORD013222,CUST03962,2025-07-01 21:42:37.898517,usd,Completed
ORD013223,CUST04159,2026-03-26 03:12:05.390756,US$,Cancelled
ORD013224,CUST01058,2026-02-11 23:57:32.013808,USD ,Completed
ORD013225,CUST03712,2025-11-10 01:29:42.444786,USD,Completed
ORD013226,CUST03760,2025-07-30 17:33:19.920450,USD,Completed
ORD013227,CUST00588,2026-05-28 01:40:30.670799,US$,Completed
ORD013228,CUST04558,2025-07-30 09:20:55.560138,USD,Cancelled
ORD013229,CUST03306,2025-08-16 09:41:27.570190,USD,Completed
ORD013230,CUST03871,2025-08-05 04:53:45.273221,US$,Completed
ORD013231,CUST04107,2025-09-16 04:31:07.363915,USD,Completed
ORD013232,CUST04137,2025-07-02 21:26:49.058797,usd,Completed
ORD013233,CUST04830,2025-08-27 22:21:55.256091,usd,Completed
ORD013234,CUST03518,2025-12-31 03:20:17.857637,USD,Completed
ORD013235,CUST03822,2026-05-09 11:16:46.182836,USD,Completed
ORD013236,CUST03793,2026-03-24 15:55:26.828719,USD,Completed
ORD013237,CUST00648,2025-11-17 19:21:34.911739,USD,Completed
ORD013238,CUST01449,2025-11-18 18:17:42.640768,usd,Completed
ORD013239,CUST00401,2026-01-05 21:14:43.263511,US$,Completed
ORD013240,CUST03991,2026-03-11 00:17:30.119755,usd,Completed
ORD013241,CUST04680,2026-03-09 10:36:29.199059,usd,Completed
ORD013242,CUST02692,2025-09-24 08:02:52.371670,US$,Completed
ORD013243,CUST04848,2026-05-17 23:20:15.360288,USD,Completed
ORD013244,CUST03639,2025-08-18 06:01:07.222401,$,Cancelled
ORD013245,CUST03416,2025-12-16 03:42:27.127698,USD ,Completed
ORD013246,CUST02479,2026-01-12 09:25:39.529944,USD,Completed
ORD013247,CUST00675,2025-09-17 15:13:30.281986,USD,Completed
ORD013248,CUST03768,2026-06-03 02:42:05.879610,USD,Completed
ORD013249,CUST03858,2026-01-06 11:52:54.094013,usd,Completed
ORD013250,CUST03655,2025-09-01 14:47:40.576653,USD ,Completed
ORD013251,CUST01942,2026-04-16 08:08:02.674314,USD,Completed
ORD013252,CUST02254,2025-08-10 15:38:35.793550,USD,Refunded
ORD013253,CUST01193,2026-05-29 07:57:07.421271,USD,Completed
ORD013254,CUST03033,2026-06-28 08:03:22.870743,US$,Cancelled
ORD013255,CUST01286,2025-08-07 17:42:30.935779,USD ,Completed
ORD013256,CUST03177,2025-12-03 01:00:40.225082,USD,Cancelled
ORD013257,CUST03177,2026-02-06 00:00:08.842857,USD,Refunded
ORD013258,CUST01902,2026-01-01 09:35:14.981508,USD,Completed
ORD013259,CUST02061,2025-12-12 02:30:12.795887,usd,Completed
ORD013260,CUST03582,2025-07-11 09:49:22.639102,USD,Completed
ORD013261,CUST04851,2025-10-02 18:33:57.815291,USD,Refunded
ORD013262,CUST04115,2026-03-19 10:00:13.604641,USD,Completed
ORD013263,CUST01656,2025-12-03 03:35:51.185312,USD,Completed
ORD013264,CUST04266,2026-04-23 20:42:55.308530,USD,Completed
ORD013265,CUST04833,2025-12-28 03:16:48.160459,USD,Completed
ORD013266,CUST04134,2025-09-28 07:02:56.749719,USD,Completed
ORD013267,CUST04079,2026-03-13 02:02:40.409890,$,Completed
ORD013268,CUST03659,2026-05-15 02:03:40.540792,USD,Completed
ORD013269,CUST04338,2026-05-26 02:24:26.912777,$,Completed
ORD013270,CUST01021,2025-11-25 08:47:49.280125,USD,Completed
ORD013271,CUST00925,2026-06-26 15:49:20.161650,usd,Completed
ORD013272,CUST00987,2025-12-27 19:00:58.444497,usd,Completed
ORD013273,CUST01066,2026-05-05 15:26:54.747868,USD,Completed
ORD013274,CUST01844,2025-08-29 06:22:11.556337,USD,Completed
ORD013275,CUST03748,2025-11-17 01:30:49.173872,USD,Completed
ORD013276,CUST01667,2025-11-12 11:33:24.239029,US$,Completed
ORD013277,CUST03052,2025-10-28 18:12:08.691788,$,Completed
ORD013278,CUST02306,2025-07-31 06:59:52.591145,USD,Cancelled
ORD013279,CUST02436,2026-04-14 19:54:18.611772,USD,Completed
ORD013280,CUST01499,2026-03-16 20:04:42.682898,USD,Completed
ORD013281,CUST01651,2025-08-26 00:50:12.725531,USD,Completed
ORD013282,CUST00333,2026-03-25 15:40:44.349553,US$,Completed
ORD013283,CUST01296,2026-05-11 11:51:17.794486,usd,Completed
ORD013284,CUST01214_DUP,2026-05-13 00:23:37.235794,$,Completed
ORD013285,CUST00862,2026-04-21 04:13:21.584731,USD,Completed
ORD013286,CUST00804,2025-11-07 05:56:04.548847,USD,Completed
ORD013287,CUST04213,2025-07-03 14:55:43.468623,USD,Completed
ORD013288,CUST02919,2026-04-17 17:26:50.534420,usd,Completed
ORD013289,CUST00085,2026-01-16 03:35:06.172014,USD,Completed
ORD013290,CUST02568,2025-08-10 00:02:19.070464,usd,Completed
ORD013291,CUST04081,2026-02-13 18:14:09.450492,USD,Completed
ORD013292,CUST03029,2025-08-10 01:36:26.315995,USD,Completed
ORD013293,CUST01701,2026-05-11 05:11:46.274083,USD,Completed
ORD013294,CUST04715,2025-10-30 10:24:41.536325,US$,Completed
ORD013295,CUST01207,2026-06-29 04:54:27.837322,USD,Completed
ORD013296,CUST03902,2026-04-16 10:52:43.012038,usd,Completed
ORD013297,CUST01303,2025-11-18 05:15:05.403576,USD,Completed
ORD013298,CUST00599,2025-10-21 03:26:53.614003,USD,Cancelled
ORD013299,CUST01984,2026-05-21 05:59:12.134829,USD,Completed
ORD013300,CUST00382,2026-02-09 05:33:43.438858,USD,Completed
ORD013301,CUST01178,2025-10-30 05:42:33.946732,USD ,Completed
ORD013302,CUST04186,2026-03-14 19:05:53.296853,USD,Completed
ORD013303,CUST00419,2026-05-27 04:41:43.693258,USD,Completed
ORD013304,CUST00139,2025-09-11 23:23:14.505301,USD,Completed
ORD013305,CUST01934,2026-01-28 06:58:30.626827,USD,Completed
ORD013306,CUST04991,2025-10-03 16:19:35.753066,USD,Cancelled
ORD013307,CUST02130,2026-01-12 19:15:20.210220,USD,Completed
ORD013308,CUST04048,2026-03-13 15:45:46.242094,USD,Completed
ORD013309,CUST04095,2026-01-12 17:51:01.514685,USD,Completed
ORD013310,CUST01824,2026-03-15 10:07:44.786636,$,Completed
ORD013311,CUST01036,2025-12-29 22:39:40.420811,USD,Completed
ORD013312,CUST02711,2026-05-07 11:53:52.398036,usd,Completed
ORD013313,CUST04914,2026-03-10 04:50:23.283643,USD,Completed
ORD013314,CUST00189,2025-11-25 02:32:41.914732,USD,Completed
ORD013315,CUST03969,2025-07-27 13:06:56.227387,USD,Refunded
ORD013316,CUST02684,2025-12-30 07:37:25.939796,USD,Completed
ORD013317,CUST02688,2026-04-07 10:04:08.664073,usd,Completed
ORD013318,CUST02239,2025-09-20 21:02:39.042080,USD,Completed
ORD013319,CUST00498,2026-04-24 15:43:44.956154,USD,Completed
ORD013320,CUST01321,2026-04-20 04:43:52.218203,USD,Completed
ORD013321,CUST03156,2026-06-28 01:06:01.172935,USD,Completed
ORD013322,CUST00325,2025-12-26 22:07:46.559771,USD,Completed
ORD013323,CUST00812,2026-02-28 15:11:10.189707,USD,Completed
ORD013324,CUST02977,2025-09-03 12:57:21.695047,USD,Completed
ORD013325,CUST00788,2025-11-27 13:00:35.967302,USD,Refunded
ORD013326,CUST02148,2025-12-24 12:43:55.270139,USD,Completed
ORD013327,CUST04297,2026-03-19 12:16:47.422538,USD,Completed
ORD013328,CUST02978,2026-01-22 21:36:56.596678,USD,Completed
ORD013329,CUST00963,2026-01-16 15:13:21.647890,USD,Completed
ORD013330,CUST02641,2026-06-12 18:12:39.098796,$,Completed
ORD013331,CUST03450,2026-05-21 13:01:11.717540,USD,Completed
ORD013332,CUST04829,2026-01-07 14:20:51.084812,USD,Completed
ORD013333,CUST01925,2025-10-16 07:50:30.115721,USD,Completed
ORD013334,CUST03784,2025-09-09 11:04:51.501447,$,Completed
ORD013335,CUST03729,2025-12-08 20:23:43.802146,USD,Completed
ORD013336,CUST04524,2025-11-17 21:14:46.085599,USD,Completed
ORD013337,CUST01125,2026-04-02 06:36:02.190885,usd,Completed
ORD013338,CUST04024,2025-12-16 00:54:41.099025,usd,Completed
ORD013339,CUST00787,2025-08-22 19:33:07.578380,USD,Refunded
ORD013340,CUST04480,2026-01-02 04:55:27.856314,USD,Completed
ORD013341,CUST01585,2025-10-14 16:39:46.440681,USD,Completed
ORD013342,CUST02843,2026-05-26 12:13:44.677054,US$,Completed
ORD013343,CUST03333,2025-07-08 19:27:10.432788,US$,Completed
ORD013344,CUST02594,2026-04-09 11:17:44.299556,US$,Completed
ORD013345,CUST01611,2025-09-16 09:13:33.405098,US$,Completed
ORD013346,CUST01674,2025-08-23 11:47:19.635544,$,Completed
ORD013347,CUST03341,2025-09-24 18:40:52.117715,USD,Completed
ORD013348,CUST03442,2026-02-11 02:05:38.660284,USD,Completed
ORD013349,CUST01095_DUP,2025-08-21 11:21:11.055997,$,Completed
ORD013350,CUST00696,2025-12-01 16:00:16.034951,USD,Completed
ORD013351,CUST00675,2026-01-01 02:05:31.194614,usd,Completed
ORD013352,CUST04122,2025-08-08 13:21:42.382932,usd,Completed
ORD013353,CUST01455,2025-09-18 10:40:07.825819,USD,Completed
ORD013354,CUST04186,2025-08-27 14:00:15.579904,USD,Completed
ORD013355,CUST02557,2026-04-17 05:50:20.815808,usd,Completed
ORD013356,CUST01259,2025-08-09 14:46:17.506320,US$,Completed
ORD013357,CUST00447,2026-01-20 18:57:00.736171,USD,Completed
ORD013358,CUST01321,2026-02-26 03:40:28.230862,USD,Completed
ORD013359,CUST04311,2026-03-07 05:09:46.877320,USD,Completed
ORD013360,CUST03791,2025-09-18 23:12:56.560715,USD,Cancelled
ORD013361,CUST01512,2025-10-14 23:18:57.322619,USD,Completed
ORD013362,CUST03476,2026-06-17 17:27:51.309349,USD,Completed
ORD013363,CUST00878,2026-02-17 14:57:10.365206,USD,Completed
ORD013364,CUST01804,2025-10-31 18:59:27.765824,USD,Completed
ORD013365,CUST03487,2026-04-20 19:03:57.236639,USD,Completed
ORD013366,CUST00727,2026-01-09 01:15:05.248249,USD,Completed
ORD013367,CUST01517,2025-07-12 11:28:44.819659,$,Completed
ORD013368,CUST00136,2026-01-19 12:55:09.271110,USD,Completed
ORD013369,CUST04600,2025-12-04 00:07:55.722023,USD,Cancelled
ORD013370,CUST00627,2025-10-12 02:29:14.272073,USD,Completed
ORD013371,CUST01116,2025-10-17 14:48:59.685206,USD,Completed
ORD013372,CUST03403,2025-10-16 09:48:12.960695,USD,Completed
ORD013373,CUST00780,2025-11-02 19:49:16.060246,USD,Completed
ORD013374,CUST02235,2026-06-11 11:54:30.359235,USD,Cancelled
ORD013375,CUST00386,2025-11-07 08:36:02.455179,usd,Completed
ORD013376,CUST00283,2026-03-29 14:13:09.590263,USD,Completed
ORD013377,CUST00548,2025-07-23 05:14:25.291164,USD,Completed
ORD013378,CUST00957,2025-12-06 13:57:01.170681,USD,Completed
ORD013379,CUST03044,2026-05-19 14:55:56.605508,USD,Completed
ORD013380,CUST00518,2026-01-07 17:23:03.153198,US$,Completed
ORD013381,CUST02645,2026-03-24 21:32:10.827262,USD,Completed
ORD013382,CUST00879,2025-10-31 14:14:27.764544,USD,Completed
ORD013383,CUST02815,2026-03-27 15:29:06.929175,USD,Completed
ORD013384,CUST01365,2026-03-21 14:36:37.782174,$,Completed
ORD013385,CUST02716,2025-12-07 10:10:48.780673,USD,Completed
ORD013386,CUST03239,2025-08-13 17:31:07.546813,USD,Completed
ORD013387,CUST04638,2026-05-19 12:37:25.496670,USD,Completed
ORD013388,CUST04569,2026-01-06 21:19:38.429102,USD,Completed
ORD013389,CUST00776,2025-08-09 19:24:31.480852,USD,Cancelled
ORD013390,CUST04038,2025-08-06 07:10:16.602998,$,Refunded
ORD013391,CUST04918,2025-10-15 09:02:14.308777,USD,Completed
ORD013392,CUST00908,2026-05-29 22:20:24.259827,USD,Completed
ORD013393,CUST04408,2026-03-09 18:43:09.116901,USD,Refunded
ORD013394,CUST04054,2025-09-01 10:27:17.254584,USD,Completed
ORD013395,CUST00346,2025-09-21 12:16:06.705054,USD,Completed
ORD013396,CUST02424,2025-10-27 16:28:52.851286,USD,Completed
ORD013397,CUST04884,2025-10-24 21:33:50.509092,USD,Completed
ORD013398,CUST02750,2026-03-24 22:43:24.130212,US$,Refunded
ORD013399,CUST01515,2026-01-03 05:32:25.603252,USD,Completed
ORD013400,CUST01214_DUP,2026-06-18 18:01:13.030979,USD ,Completed
ORD013401,CUST02900,2025-11-12 19:01:32.329890,USD,Completed
ORD013402,CUST01581,2025-09-30 12:26:49.290483,$,Completed
ORD013403,CUST02523,2025-08-12 19:50:33.716722,USD,Completed
ORD013404,CUST04729,2025-07-12 09:13:14.038132,US$,Cancelled
ORD013405,CUST04511,2025-08-07 21:14:11.935292,USD,Completed
ORD013406,CUST01569,2025-12-09 03:28:07.645555,$,Completed
ORD013407,CUST02213,2025-10-29 08:59:28.753723,US$,Refunded
ORD013408,CUST03024,2026-05-29 23:38:32.692883,USD,Completed
ORD013409,CUST04528,2026-06-19 20:37:37.193928,USD,Completed
ORD013410,CUST02870,2025-09-21 00:08:17.885767,USD,Completed
ORD013411,CUST00192,2026-01-25 02:11:55.401101,USD,Completed
ORD013412,CUST03870,2025-07-27 13:10:33.214732,USD,Cancelled
ORD013413,CUST01080,2026-01-07 11:27:50.300953,USD ,Completed
ORD013414,CUST00478,2025-09-07 11:18:06.691042,US$,Completed
ORD013415,CUST00848,2025-10-26 09:28:50.103028,$,Completed
ORD013416,CUST00271,2025-08-04 16:49:15.446854,USD,Completed
ORD013417,CUST02859,2026-06-11 21:10:41.678153,USD,Completed
ORD013418,CUST01180,2025-11-03 05:27:42.771982,US$,Completed
ORD013419,CUST03825,2025-12-01 18:48:26.774623,USD,Completed
ORD013420,CUST03826,2025-09-14 14:16:19.847432,$,Completed
ORD013421,CUST04599,2026-05-04 01:28:28.022232,USD,Completed
ORD013422,CUST03514,2026-01-09 07:26:02.436313,USD,Completed
ORD013423,CUST04266,2025-07-19 02:59:41.498300,USD,Completed
ORD013424,CUST03821,2025-12-23 02:38:35.837643,USD,Completed
ORD013425,CUST03595,2026-04-11 11:56:06.093191,USD,Completed
ORD013426,CUST02118,2025-09-16 23:38:47.534885,USD,Completed
ORD013427,CUST04840,2025-12-06 01:12:06.700236,USD,Completed
ORD013428,CUST04933,2025-08-27 02:44:18.380066,USD,Completed
ORD013429,CUST03393,2025-08-29 05:01:34.810699,usd,Completed
ORD013430,CUST02817,2026-04-06 09:01:19.756068,USD,Refunded
ORD013431,CUST04279,2026-03-08 14:22:01.054557,USD,Completed
ORD013432,CUST04377,2026-01-25 21:53:22.047396,US$,Completed
ORD013433,CUST02289,2025-10-22 01:35:46.166708,$,Completed
ORD013434,CUST02493,2026-03-09 11:23:14.981472,$,Completed
ORD013435,CUST02763,2026-01-13 14:25:42.058644,$,Completed
ORD013436,CUST04078_DUP,2026-03-31 13:58:31.698407,USD,Completed
ORD013437,CUST03719,2025-11-17 04:29:47.682271,USD,Completed
ORD013438,CUST01622_DUP,2026-04-01 21:24:04.150038,USD,Completed
ORD013439,CUST03372,2025-08-11 03:35:26.081560,USD,Completed
ORD013440,CUST00192,2026-01-05 10:51:14.695086,USD,Completed
ORD013441,CUST00955,2025-11-02 16:47:23.517204,USD,Refunded
ORD013442,CUST04036,2026-05-23 07:51:23.141299,USD,Completed
ORD013443,CUST04432,2025-09-29 05:13:50.571725,USD,Completed
ORD013444,CUST03779,2025-10-06 21:26:18.942070,USD,Completed
ORD013445,CUST04744,2026-06-17 19:07:18.921398,USD,Completed
ORD013446,CUST00479,2025-11-09 18:20:07.900746,USD,Cancelled
ORD013447,CUST03693,2025-09-13 04:56:53.488030,$,Completed
ORD013448,CUST02618,2025-09-03 04:00:39.013721,USD,Completed
ORD013449,CUST00425,2026-03-27 19:47:46.766418,USD,Completed
ORD013450,CUST03397,2026-05-02 13:57:47.598949,$,Completed
ORD013451,CUST00213,2026-01-21 10:17:03.274188,USD,Completed
ORD013452,CUST03345,2026-01-30 10:52:14.239640,usd,Completed
ORD013453,CUST00031,2025-12-13 08:04:26.122024,USD,Cancelled
ORD013454,CUST00016,2026-06-09 22:19:10.740310,USD,Completed
ORD013455,CUST01496,2025-10-03 07:35:53.561835,US$,Completed
ORD013456,CUST01282,2026-05-08 20:43:31.508344,US$,Completed
ORD013457,CUST04892,2025-10-24 13:34:31.940104,USD,Completed
ORD013458,CUST04577,2026-01-09 23:17:52.037517,USD,Completed
ORD013459,CUST00091,2026-02-18 06:11:35.468040,USD,Completed
ORD013460,CUST00220,2025-12-26 17:49:08.534228,USD,Completed
ORD013461,CUST00989,2025-11-11 01:42:07.959233,USD,Completed
ORD013462,CUST00854,2025-09-02 00:02:27.900799,USD,Refunded
ORD013463,CUST01564,2025-07-16 06:23:55.883483,$,Completed
ORD013464,CUST03608,2025-12-17 22:37:43.673077,usd,Completed
ORD013465,CUST00122,2025-10-06 07:50:06.261885,USD,Completed
ORD013466,CUST01595,2025-09-20 03:39:47.628679,usd,Completed
ORD013467,CUST04841,2026-03-22 14:57:32.338307,USD,Completed
ORD013468,CUST04317,2026-01-05 03:34:31.918893,USD ,Completed
ORD013469,CUST00161,2026-02-14 19:07:09.626594,USD,Completed
ORD013470,CUST02601,2026-02-02 16:20:37.048718,USD,Completed
ORD013471,CUST02036,2026-04-16 13:03:10.097341,usd,Refunded
ORD013472,CUST02407,2025-10-24 09:05:27.895086,usd,Completed
ORD013473,CUST00986,2025-11-17 06:08:00.026162,US$,Cancelled
ORD013474,CUST02935,2026-06-16 18:34:56.671884,USD,Completed
ORD013475,CUST00812,2025-08-13 13:39:07.132071,USD,Completed
ORD013476,CUST00255,2025-09-12 07:35:56.127077,USD,Completed
ORD013477,CUST04219,2026-02-10 15:16:42.169209,USD,Completed
ORD013478,CUST03574,2026-03-30 01:01:09.655968,USD,Completed
ORD013479,CUST00671,2025-07-25 04:31:11.683455,USD,Completed
ORD013480,CUST00881,2026-03-23 18:03:43.394189,$,Completed
ORD013481,CUST03314,2025-07-20 13:12:51.012426,$,Completed
ORD013482,CUST03963,2026-03-11 21:46:47.111597,USD,Completed
ORD013483,CUST03487,2025-07-30 22:32:30.221837,USD,Completed
ORD013484,CUST04034,2026-03-08 08:50:24.008985,USD,Completed
ORD013485,CUST04142,2025-11-01 13:39:50.171904,USD,Completed
ORD013486,CUST03675,2025-11-25 22:39:43.977287,USD,Completed
ORD013487,CUST00223,2026-04-16 06:21:13.912519,USD,Completed
ORD013488,CUST02005,2025-10-12 06:57:27.277209,USD,Cancelled
ORD013489,CUST04217,2026-01-26 09:56:21.957566,USD,Completed
ORD013490,CUST04775,2026-05-21 17:26:02.963248,USD,Completed
ORD013491,CUST01725,2026-03-10 22:34:47.943192,USD,Completed
ORD013492,CUST00902,2026-03-17 15:20:04.589638,USD,Cancelled
ORD013493,CUST04570,2026-02-21 12:45:47.988830,USD,Completed
ORD013494,CUST01622,2026-02-27 19:03:15.982345,USD,Completed
ORD013495,CUST03757,2025-08-06 07:33:47.847317,USD,Completed
ORD013496,CUST04842,2026-01-28 17:25:55.247158,USD,Completed
ORD013497,CUST03358,2025-11-13 14:33:31.299161,USD,Completed
ORD013498,CUST03355,2026-04-26 21:39:51.177047,USD,Refunded
ORD013499,CUST00703,2026-02-01 21:07:28.834942,USD,Completed
ORD013500,CUST01966,2025-10-05 12:27:36.097731,US$,Completed
ORD013501,CUST00177,2026-06-08 10:11:48.522398,USD,Completed
ORD013502,CUST03692,2026-03-17 08:54:00.387856,USD,Cancelled
ORD013503,CUST02796,2026-02-19 02:07:42.673252,USD,Cancelled
ORD013504,CUST02820,2026-05-30 07:10:33.965734,USD,Completed
ORD013505,CUST04993,2025-11-26 02:44:36.532769,USD,Completed
ORD013506,CUST04388,2026-04-08 22:29:21.806889,USD,Completed
ORD013507,CUST03433,2026-03-07 08:55:32.975823,USD,Completed
ORD013508,CUST04481,2025-08-10 10:29:45.546200,$,Completed
ORD013509,CUST02239,2026-04-28 13:40:29.201686,USD,Completed
ORD013510,CUST01500,2025-11-24 18:01:22.114999,US$,Completed
ORD013511,CUST02563,2026-05-12 23:00:40.354126,USD,Refunded
ORD013512,CUST00463,2025-10-02 12:36:46.559975,USD,Completed
ORD013513,CUST04002,2025-10-29 12:57:19.083437,USD,Completed
ORD013514,CUST02024,2026-03-03 10:10:19.937979,USD,Completed
ORD013515,CUST01595,2025-08-19 15:22:58.063522,US$,Completed
ORD013516,CUST04416,2025-08-31 14:34:17.440406,USD,Completed
ORD013517,CUST01324,2025-10-29 03:33:27.030873,USD,Completed
ORD013518,CUST01671,2026-03-28 09:38:05.605966,USD,Completed
ORD013519,CUST02695,2025-07-17 03:44:43.731408,US$,Completed
ORD013520,CUST00028,2026-05-16 03:12:35.350227,USD,Completed
ORD013521,CUST03225,2026-05-07 22:24:39.558481,US$,Completed
ORD013522,CUST04302,2026-06-20 21:56:10.749128,USD,Completed
ORD013523,CUST01093,2026-01-22 14:24:36.253305,USD,Cancelled
ORD013524,CUST03339,2026-06-24 10:24:28.333313,USD,Completed
ORD013525,CUST01795,2025-10-09 21:16:07.158321,USD,Completed
ORD013526,CUST03886,2026-05-04 15:11:16.595773,USD,Completed
ORD013527,CUST00792,2025-08-22 14:24:23.273105,USD,Completed
ORD013528,CUST04369,2026-06-24 14:57:08.943754,$,Completed
ORD013529,CUST02979,2026-01-01 09:52:28.413086,USD,Cancelled
ORD013530,CUST02573,2025-11-25 15:48:36.350557,usd,Completed
ORD013531,CUST01142,2025-12-28 00:58:23.776959,usd,Completed
ORD013532,CUST01478,2026-05-20 05:02:01.526790,US$,Completed
ORD013533,CUST00077,2026-05-11 10:25:47.493015,USD,Completed
ORD013534,CUST03467,2025-08-22 18:43:25.797923,US$,Cancelled
ORD013535,CUST02928,2025-08-25 01:37:55.194487,US$,Completed
ORD013536,CUST02050,2026-02-05 20:27:14.588778,USD,Completed
ORD013537,CUST04746,2026-03-21 12:30:13.548064,USD,Completed
ORD013538,CUST03626,2025-10-21 13:19:45.514171,USD,Cancelled
ORD013539,CUST01586,2025-10-14 14:01:05.898436,USD,Completed
ORD013540,CUST04061,2026-05-06 20:32:04.514137,$,Completed
ORD013541,CUST00645,2025-09-02 22:18:47.248075,usd,Completed
ORD013542,CUST04525,2026-06-19 15:17:24.599531,usd,Completed
ORD013543,CUST02465,2025-12-06 01:51:26.396213,USD,Completed
ORD013544,CUST01116,2025-07-04 13:06:06.948992,USD,Completed
ORD013545,CUST00536,2025-11-22 16:23:35.944475,USD,Completed
ORD013546,CUST02028,2026-03-04 23:46:21.997729,USD,Completed
ORD013547,CUST01981,2025-11-02 14:51:59.965901,US$,Completed
ORD013548,CUST00392,2026-01-12 00:54:03.497932,USD,Completed
ORD013549,CUST01310,2026-03-05 16:16:46.882561,USD,Completed
ORD013550,CUST01446,2026-01-03 03:51:24.884792,USD,Completed
ORD013551,CUST00691,2026-03-17 14:31:09.404522,usd,Completed
ORD013552,CUST01765,2026-06-01 23:49:37.562824,$,Completed
ORD013553,CUST01864,2026-03-28 23:17:01.519836,USD,Completed
ORD013554,CUST04836,2025-11-17 14:50:05.595388,USD,Completed
ORD013555,CUST04955,2026-05-01 13:40:35.079859,USD,Completed
ORD013556,CUST03493,2026-04-16 08:00:48.483834,USD,Completed
ORD013557,CUST04017,2025-08-26 15:42:56.377284,USD,Cancelled
ORD013558,CUST02718,2025-08-31 12:10:37.748007,USD,Cancelled
ORD013559,CUST04689,2026-01-11 06:59:12.285359,$,Cancelled
ORD013560,CUST02995,2025-07-29 11:12:35.522415,USD,Completed
ORD013561,CUST03565,2025-10-01 11:51:51.923298,USD,Completed
ORD013562,CUST03741,2026-06-18 06:13:01.630160,USD,Completed
ORD013563,CUST00566,2025-10-26 22:39:42.500768,$,Completed
ORD013564,CUST04452,2026-02-03 16:54:43.191879,USD,Completed
ORD013565,CUST03982,2025-07-10 09:10:28.574930,USD,Refunded
ORD013566,CUST04834,2026-01-09 07:07:12.925917,$,Completed
ORD013567,CUST02226,2025-09-01 07:57:23.205905,USD,Completed
ORD013568,CUST04596,2026-02-17 05:42:52.829045,USD,Completed
ORD013569,CUST01423,2026-05-21 03:12:21.710074,USD,Completed
ORD013570,CUST00091,2025-11-27 11:59:52.946958,USD,Completed
ORD013571,CUST03044,2026-06-29 03:10:35.597826,$,Cancelled
ORD013572,CUST02222,2026-03-02 01:43:17.220760,USD ,Completed
ORD013573,CUST00946,2025-11-09 07:25:44.855742,USD,Completed
ORD013574,CUST01901,2026-05-22 04:06:09.121564,$,Completed
ORD013575,CUST04552,2026-05-06 01:43:04.104938,USD,Completed
ORD013576,CUST04593,2026-04-03 06:26:00.055584,USD,Completed
ORD013577,CUST04080_DUP,2025-07-25 18:52:00.872245,USD,Completed
ORD013578,CUST03587,2025-11-21 15:25:21.950818,USD,Completed
ORD013579,CUST02621,2025-10-28 14:16:21.494495,USD,Cancelled
ORD013580,CUST04652,2025-07-11 16:59:18.025553,USD,Completed
ORD013581,CUST00829,2026-03-03 02:07:32.849847,USD,Completed
ORD013582,CUST02790,2025-12-27 10:58:20.166280,USD,Completed
ORD013583,CUST04114,2026-01-06 03:25:24.623885,USD,Cancelled
ORD013584,CUST04783,2026-05-16 17:56:06.212777,usd,Completed
ORD013585,CUST02539,2025-07-01 17:52:04.579775,USD,Completed
ORD013586,CUST02422,2026-01-07 20:09:40.055085,USD,Cancelled
ORD013587,CUST00945,2025-09-15 16:03:16.804868,USD,Completed
ORD013588,CUST00033,2026-04-30 07:22:02.915784,US$,Completed
ORD013589,CUST03288,2026-02-13 05:50:13.432210,USD,Completed
ORD013590,CUST03463,2026-05-29 23:25:53.462604,USD,Completed
ORD013591,CUST01760,2026-03-15 09:01:11.351816,USD,Completed
ORD013592,CUST01955,2026-02-26 10:14:24.903954,USD,Completed
ORD013593,CUST03247,2025-10-15 23:19:16.379161,USD,Completed
ORD013594,CUST03599,2025-12-21 23:57:57.895834,USD,Completed
ORD013595,CUST00300,2026-06-14 07:43:40.134279,USD,Completed
ORD013596,CUST00532,2025-09-06 21:13:08.563254,USD,Completed
ORD013597,CUST02816,2026-06-21 08:04:31.781353,USD,Completed
ORD013598,CUST04157,2026-01-26 22:08:57.643440,$,Refunded
ORD013599,CUST02917_DUP,2025-08-24 23:07:59.353365,USD,Completed
ORD013600,CUST02845,2025-09-12 00:40:41.892534,$,Completed
ORD013601,CUST00502,2026-04-09 16:19:03.498698,USD,Completed
ORD013602,CUST03722,2025-09-11 11:12:40.254013,USD,Completed
ORD013603,CUST04851,2026-05-20 01:34:32.168796,USD,Completed
ORD013604,CUST04491,2025-09-24 16:49:09.038627,USD,Completed
ORD013605,CUST03865,2026-05-03 08:49:59.192823,$,Completed
ORD013606,CUST02956,2025-08-01 17:47:04.319159,USD,Cancelled
ORD013607,CUST04267,2025-07-15 03:37:32.999565,USD,Cancelled
ORD013608,CUST04415,2025-09-27 02:16:51.017196,USD,Completed
ORD013609,CUST04868,2026-06-22 02:37:23.010592,USD,Completed
ORD013610,CUST01973,2025-09-04 16:44:01.670999,USD,Completed
ORD013611,CUST00659,2025-11-27 03:19:42.655010,USD,Cancelled
ORD013612,CUST02278,2025-10-16 14:35:47.909737,US$,Completed
ORD013613,CUST00454,2026-05-30 22:49:13.075488,usd,Completed
ORD013614,CUST01175,2025-09-13 11:50:42.033642,USD,Completed
ORD013615,CUST02069,2026-01-10 04:55:41.378961,USD,Cancelled
ORD013616,CUST03985,2025-09-17 19:41:03.499450,USD,Cancelled
ORD013617,CUST01745,2026-06-05 13:14:27.880383,USD,Completed
ORD013618,CUST01136,2026-03-08 19:58:15.708839,USD,Completed
ORD013619,CUST01193,2025-10-14 02:20:15.225300,USD,Completed
ORD013620,CUST01134,2025-11-20 21:23:50.923615,USD,Completed
ORD013621,CUST03923,2025-07-27 21:52:43.239740,USD,Completed
ORD013622,CUST02007,2026-01-26 08:05:29.838006,USD,Completed
ORD013623,CUST01300,2026-04-10 02:53:03.354163,USD,Completed
ORD013624,CUST01777,2025-08-11 17:21:06.565758,USD,Completed
ORD013625,CUST03650,2025-11-06 15:18:41.974931,USD,Completed
ORD013626,CUST02900,2026-06-13 05:53:54.925271,USD,Completed
ORD013627,CUST02230,2025-12-18 02:31:51.211458,USD,Completed
ORD013628,CUST03739,2025-12-23 21:04:28.336480,USD,Completed
ORD013629,CUST04156,2026-02-21 08:38:48.347563,US$,Completed
ORD013630,CUST04224,2026-06-17 08:19:31.364972,usd,Completed
ORD013631,CUST04705,2026-05-19 09:49:26.578902,usd,Cancelled
ORD013632,CUST02368,2025-12-26 15:50:29.765751,usd,Completed
ORD013633,CUST01166,2025-08-21 20:44:59.966424,USD,Completed
ORD013634,CUST01398,2026-03-29 01:40:06.829029,USD,Refunded
ORD013635,CUST02919,2025-08-10 05:48:57.102236,US$,Completed
ORD013636,CUST01319,2025-12-06 07:33:07.165458,USD,Completed
ORD013637,CUST01867,2026-02-14 17:56:19.248954,USD,Completed
ORD013638,CUST01806,2025-07-24 13:45:46.499019,USD,Completed
ORD013639,CUST00609_DUP,2025-08-24 21:51:06.094798,USD,Completed
ORD013640,CUST04966,2025-08-31 01:17:23.158813,USD,Completed
ORD013641,CUST03627,2026-03-02 21:05:46.651777,USD,Completed
ORD013642,CUST00680,2025-08-06 21:46:24.737383,USD,Completed
ORD013643,CUST02209,2025-12-24 10:01:13.773162,usd,Completed
ORD013644,CUST02328,2025-09-08 14:30:20.273984,USD,Completed
ORD013645,CUST04919,2025-12-29 00:32:20.200395,$,Completed
ORD013646,CUST01823,2026-03-21 03:11:59.401370,USD,Completed
ORD013647,CUST01542,2025-09-07 18:18:29.866825,USD,Completed
ORD013648,CUST02079,2025-07-28 16:24:34.451253,USD,Completed
ORD013649,CUST02892,2025-09-03 08:43:07.415456,USD,Completed
ORD013650,CUST01794,2026-04-19 05:46:00.497864,USD,Completed
ORD013651,CUST01900,2025-10-19 02:26:35.109592,$,Completed
ORD013652,CUST00626,2026-04-05 04:47:49.231348,USD,Cancelled
ORD013653,CUST03190,2025-12-20 20:14:26.816480,USD,Completed
ORD013654,CUST03442,2026-04-01 03:59:25.442463,USD,Cancelled
ORD013655,CUST02182_DUP,2025-08-12 23:55:36.597619,USD,Cancelled
ORD013656,CUST03631,2025-08-07 22:37:54.444705,USD,Completed
ORD013657,CUST03923,2025-07-21 15:06:11.900335,USD,Completed
ORD013658,CUST00712,2026-06-19 16:07:43.017414,USD,Completed
ORD013659,CUST01885,2026-02-18 20:56:54.188361,usd,Completed
ORD013660,CUST02999,2025-12-19 13:01:43.703938,USD,Completed
ORD013661,CUST03047,2026-03-08 07:43:12.900589,USD,Completed
ORD013662,CUST02747,2026-01-31 06:32:01.846312,usd,Completed
ORD013663,CUST00451,2025-12-15 02:49:21.273367,usd,Completed
ORD013664,CUST02134,2026-06-19 23:49:41.565583,USD,Cancelled
ORD013665,CUST03614,2026-02-09 14:40:29.396784,USD,Completed
ORD013666,CUST00194,2026-03-30 20:37:06.938268,$,Completed
ORD013667,CUST01050,2026-02-18 15:00:42.265255,USD,Completed
ORD013668,CUST03729,2026-03-11 21:50:53.605860,USD,Completed
ORD013669,CUST01434,2026-03-16 16:36:43.230113,US$,Completed
ORD013670,CUST00323,2026-01-20 23:17:25.458082,$,Completed
ORD013671,CUST03227,2026-04-04 22:48:38.983995,USD,Completed
ORD013672,CUST04558,2025-07-08 20:54:27.317832,USD,Completed
ORD013673,CUST03451,2026-03-21 22:52:22.722867,USD,Completed
ORD013674,CUST00136,2026-03-22 10:57:08.589432,USD,Refunded
ORD013675,CUST02326,2026-01-30 14:36:48.747822,USD,Completed
ORD013676,CUST01871,2025-12-16 21:26:20.478618,$,Completed
ORD013677,CUST04175,2026-02-05 22:16:29.324536,US$,Completed
ORD013678,CUST03517,2026-06-17 17:09:17.244802,USD,Completed
ORD013679,CUST01385,2025-11-24 17:53:29.566808,USD,Completed
ORD013680,CUST04704,2025-11-10 01:32:02.605824,usd,Completed
ORD013681,CUST00148,2025-07-19 00:24:44.008682,USD,Cancelled
ORD013682,CUST02501,2025-10-29 19:52:55.128379,USD,Completed
ORD013683,CUST01557,2026-06-09 08:43:18.200445,USD,Completed
ORD013684,CUST02006,2025-12-28 04:01:03.116393,USD,Completed
ORD013685,CUST01560,2026-03-12 03:12:02.260587,USD,Completed
ORD013686,CUST04970,2026-02-18 10:04:28.762311,USD,Completed
ORD013687,CUST03247,2025-11-12 20:54:29.184323,USD,Completed
ORD013688,CUST01029,2025-08-17 09:09:47.832662,USD,Cancelled
ORD013689,CUST01987,2025-10-14 07:30:29.734808,usd,Completed
ORD013690,CUST03247,2025-07-02 02:11:58.106581,US$,Completed
ORD013691,CUST01652,2025-11-18 11:17:59.004454,USD,Completed
ORD013692,CUST03212,2026-03-16 09:05:46.301254,$,Refunded
ORD013693,CUST00580,2025-09-10 07:27:25.632184,US$,Completed
ORD013694,CUST03091,2025-09-05 11:04:25.384930,USD,Cancelled
ORD013695,CUST00909,2025-09-12 21:45:36.875329,USD ,Completed
ORD013696,CUST03157,2025-10-04 03:21:25.462554,USD,Completed
ORD013697,CUST02066,2025-12-14 16:27:44.465545,$,Completed
ORD013698,CUST04957,2025-08-04 14:43:15.232534,US$,Completed
ORD013699,CUST03403,2026-04-28 08:09:38.709122,usd,Cancelled
ORD013700,CUST04874,2026-05-07 09:37:44.591912,USD,Completed
ORD013701,CUST04790,2025-12-19 13:10:23.549942,USD,Completed
ORD013702,CUST00030,2026-06-04 18:05:06.279206,USD,Completed
ORD013703,CUST01535,2026-05-17 13:21:16.528822,USD,Completed
ORD013704,CUST00106,2026-05-01 19:37:55.423271,US$,Completed
ORD013705,CUST04353,2026-06-20 10:26:52.329749,USD,Cancelled
ORD013706,CUST01555,2026-01-26 01:32:40.213774,$,Completed
ORD013707,CUST02191,2025-11-04 15:45:50.004564,USD,Completed
ORD013708,CUST00176,2026-05-24 02:47:27.701486,$,Completed
ORD013709,CUST04242,2025-12-30 11:44:41.283778,USD,Completed
ORD013710,CUST01816,2026-06-17 08:04:17.387662,USD,Completed
ORD013711,CUST00067,2026-05-28 19:42:20.963495,USD,Completed
ORD013712,CUST02232,2025-10-22 01:58:49.607435,USD,Completed
ORD013713,CUST01187,2026-06-20 02:25:40.140344,USD,Completed
ORD013714,CUST03534,2025-09-13 17:44:06.014369,USD,Completed
ORD013715,CUST04031,2025-12-02 20:37:30.164012,USD,Refunded
ORD013716,CUST04577,2026-01-25 15:49:15.474434,USD,Cancelled
ORD013717,CUST04356,2025-07-04 06:53:16.183948,USD,Completed
ORD013718,CUST00775,2026-01-10 09:38:41.892598,USD,Refunded
ORD013719,CUST00816,2025-08-06 13:58:22.703375,USD,Completed
ORD013720,CUST00386,2025-09-04 21:35:04.230642,US$,Completed
ORD013721,CUST04217,2025-08-24 06:06:08.558399,USD,Completed
ORD013722,CUST00215,2025-09-13 09:39:18.217902,USD,Completed
ORD013723,CUST01266,2025-09-30 15:34:11.886804,USD,Completed
ORD013724,CUST03751,2026-05-15 18:31:10.744769,US$,Completed
ORD013725,CUST03496,2025-11-17 06:59:47.451566,USD,Completed
ORD013726,CUST00272,2025-08-23 20:31:00.310970,USD,Cancelled
ORD013727,CUST02737,2025-11-26 00:38:37.822657,USD,Completed
ORD013728,CUST02282,2025-08-30 19:48:30.218964,USD,Cancelled
ORD013729,CUST03143,2026-05-21 06:05:57.890902,USD,Completed
ORD013730,CUST01348,2026-03-06 11:24:47.119705,USD,Completed
ORD013731,CUST03946,2025-09-10 20:23:19.435707,usd,Completed
ORD013732,CUST02836,2026-03-30 22:36:49.270259,USD,Cancelled
ORD013733,CUST01249,2026-06-19 06:00:04.248307,USD,Completed
ORD013734,CUST03755,2026-03-26 09:41:33.786654,$,Completed
ORD013735,CUST04765,2026-06-17 11:16:10.498409,USD,Cancelled
ORD013736,CUST02126,2025-09-24 16:17:17.002858,USD,Completed
ORD013737,CUST02347,2026-05-23 22:08:10.047659,usd,Completed
ORD013738,CUST01755,2025-12-27 17:25:45.737238,USD ,Completed
ORD013739,CUST00603,2026-01-14 14:40:59.919723,USD,Completed
ORD013740,CUST04199,2025-12-20 22:15:27.570155,USD,Completed
ORD013741,CUST03142,2025-07-08 11:57:42.134835,USD,Completed
ORD013742,CUST03973,2025-09-14 01:00:55.833795,USD,Completed
ORD013743,CUST02590,2026-05-15 08:53:42.324508,USD,Completed
ORD013744,CUST04348,2025-08-03 23:43:05.992080,USD,Completed
ORD013745,CUST00975,2026-06-18 22:02:03.744568,USD,Completed
ORD013746,CUST01735,2026-04-03 02:58:24.749187,usd,Completed
ORD013747,CUST04467,2025-07-29 06:43:42.808169,USD,Completed
ORD013748,CUST02633,2026-02-18 21:41:47.602238,US$,Completed
ORD013749,CUST01037,2026-06-10 23:54:26.449860,USD,Completed
ORD013750,CUST01902,2025-12-03 02:24:17.370608,USD,Completed
ORD013751,CUST02759,2025-12-01 08:18:04.682840,USD,Completed
ORD013752,CUST02242,2026-06-13 03:51:22.404661,USD ,Completed
ORD013753,CUST01076,2026-02-09 00:32:57.051292,USD,Completed
ORD013754,CUST01075,2025-12-26 15:24:17.904545,USD,Completed
ORD013755,CUST00137,2026-06-22 11:16:06.011712,USD,Completed
ORD013756,CUST01157,2025-09-22 06:09:53.713384,USD,Completed
ORD013757,CUST03122,2026-05-15 04:08:23.714736,US$,Completed
ORD013758,CUST03588,2025-11-07 03:35:48.182289,USD,Completed
ORD013759,CUST03309,2026-05-27 19:50:35.229830,USD,Completed
ORD013760,CUST02926,2025-11-24 01:00:01.454393,USD ,Completed
ORD013761,CUST01951,2026-04-16 15:30:23.697242,USD,Completed
ORD013762,CUST04436,2025-08-22 23:21:26.001479,USD,Refunded
ORD013763,CUST04396,2026-01-08 08:26:40.948416,US$,Cancelled
ORD013764,CUST01638,2026-04-12 21:54:07.902311,USD,Completed
ORD013765,CUST02040,2025-09-26 07:16:33.154275,usd,Completed
ORD013766,CUST03375,2025-12-24 11:33:39.101362,USD,Completed
ORD013767,CUST04236,2026-02-23 09:38:06.689544,USD,Cancelled
ORD013768,CUST03215,2025-07-15 08:39:15.614989,USD,Completed
ORD013769,CUST03896,2025-07-01 15:57:11.104801,USD,Completed
ORD013770,CUST00909,2026-02-05 12:35:54.040998,USD,Completed
ORD013771,CUST03475,2026-05-04 22:20:52.761833,USD,Refunded
ORD013772,CUST03499,2026-06-16 07:24:26.122180,USD,Completed
ORD013773,CUST03078,2025-10-14 14:29:03.974692,$,Refunded
ORD013774,CUST02671,2025-08-29 07:27:26.860227,usd,Completed
ORD013775,CUST03097,2026-04-16 06:13:25.457772,USD,Completed
ORD013776,CUST04617,2026-01-18 14:30:39.227210,USD,Completed
ORD013777,CUST04900,2026-04-14 18:44:19.313321,USD,Completed
ORD013778,CUST00329,2026-04-24 02:53:24.189620,USD,Cancelled
ORD013779,CUST03876,2025-08-14 11:41:25.008914,US$,Completed
ORD013780,CUST02437,2025-07-12 02:02:24.044796,USD,Refunded
ORD013781,CUST02276,2025-09-23 20:51:54.790435,USD ,Completed
ORD013782,CUST02721,2025-08-18 15:32:22.665057,usd,Completed
ORD013783,CUST03833,2026-06-06 21:16:46.713448,USD,Completed
ORD013784,CUST03705,2026-02-05 15:52:09.427575,USD,Refunded
ORD013785,CUST00335,2026-05-23 00:41:10.146301,USD,Completed
ORD013786,CUST03166,2026-02-21 12:17:41.806520,USD,Completed
ORD013787,CUST01305,2025-12-16 12:06:13.825292,$,Completed
ORD013788,CUST04279,2026-06-27 14:45:08.667410,USD,Completed
ORD013789,CUST02163,2026-06-25 06:01:30.947075,USD,Completed
ORD013790,CUST02358,2026-01-10 22:00:54.642787,USD,Completed
ORD013791,CUST02565,2026-06-28 08:36:40.464323,USD,Completed
ORD013792,CUST00507,2026-02-25 13:05:44.749949,USD ,Completed
ORD013793,CUST03894,2026-03-29 18:47:54.426291,USD,Completed
ORD013794,CUST03724,2025-11-28 16:42:41.353767,USD,Completed
ORD013795,CUST00358,2025-07-08 22:22:35.938995,US$,Completed
ORD013796,CUST00402,2025-08-01 21:32:57.022618,USD,Completed
ORD013797,CUST01645,2026-04-21 01:46:04.703623,USD,Completed
ORD013798,CUST03799,2025-10-07 19:00:13.657152,USD,Completed
ORD013799,CUST00229,2025-07-12 00:13:30.527441,USD,Completed
ORD013800,CUST00729,2025-11-25 19:11:10.384230,US$,Cancelled
ORD013801,CUST01479,2025-12-17 22:54:09.318100,USD,Completed
ORD013802,CUST00511,2025-07-10 12:09:34.642087,US$,Completed
ORD013803,CUST03036,2025-10-01 18:13:29.552016,USD,Cancelled
ORD013804,CUST03517,2025-10-21 05:24:23.769966,US$,Completed
ORD013805,CUST04565,2025-09-14 00:17:00.458022,USD,Completed
ORD013806,CUST00581,2025-07-03 00:18:16.686144,USD,Completed
ORD013807,CUST02259,2026-05-27 14:46:26.643557,usd,Completed
ORD013808,CUST03187,2025-10-02 16:22:42.975543,USD,Completed
ORD013809,CUST02220,2026-05-13 20:33:46.080607,usd,Completed
ORD013810,CUST04081_DUP,2026-02-28 00:39:33.192747,usd,Refunded
ORD013811,CUST03456,2025-09-18 18:40:28.858963,USD,Completed
ORD013812,CUST00700,2026-03-30 03:44:35.284853,USD,Completed
ORD013813,CUST02049,2025-11-14 19:25:54.172901,$,Completed
ORD013814,CUST03953,2026-06-05 20:10:47.002011,USD,Completed
ORD013815,CUST00530,2026-02-11 10:10:46.588451,usd,Completed
ORD013816,CUST01184,2025-12-20 22:25:45.859424,USD,Completed
ORD013817,CUST04331,2025-11-02 10:08:39.698496,USD,Completed
ORD013818,CUST00221,2026-04-10 08:20:50.418222,USD,Completed
ORD013819,CUST02221,2025-11-09 16:43:56.543733,$,Completed
ORD013820,CUST04893,2025-11-07 09:47:04.604492,USD,Completed
ORD013821,CUST03890,2025-07-28 06:12:03.623227,USD,Completed
ORD013822,CUST04219,2026-05-09 05:11:40.036687,US$,Completed
ORD013823,CUST01591,2026-03-29 00:03:35.797785,US$,Completed
ORD013824,CUST01586,2025-12-14 00:59:18.316937,$,Completed
ORD013825,CUST03524,2026-06-26 23:33:17.045750,USD,Completed
ORD013826,CUST00047,2025-11-11 09:48:29.158539,USD,Refunded
ORD013827,CUST00460,2026-06-07 15:58:36.968444,USD,Completed
ORD013828,CUST04081,2025-10-23 16:14:31.214370,USD,Completed
ORD013829,CUST01945,2025-07-02 06:06:18.544003,$,Completed
ORD013830,CUST04400,2026-03-24 07:36:48.064757,USD,Completed
ORD013831,CUST04989,2026-06-04 00:19:08.083934,USD,Completed
ORD013832,CUST03677,2025-07-17 12:25:33.898864,usd,Completed
ORD013833,CUST03150,2026-02-16 10:38:23.328361,USD,Completed
ORD013834,CUST02758,2025-08-28 09:13:46.550636,USD,Completed
ORD013835,CUST00531,2026-06-03 17:52:38.857772,USD,Completed
ORD013836,CUST01542,2025-07-30 03:49:47.693228,$,Completed
ORD013837,CUST04979,2025-09-22 18:49:22.021077,USD,Completed
ORD013838,CUST00700,2025-08-23 11:28:31.093250,USD,Completed
ORD013839,CUST04583,2025-12-31 03:07:06.358061,USD,Completed
ORD013840,CUST01247,2025-07-20 10:58:25.490649,USD,Completed
ORD013841,CUST02658,2025-09-16 16:31:42.419783,USD,Completed
ORD013842,CUST02496,2026-05-25 19:41:18.430377,US$,Completed
ORD013843,CUST02138,2026-04-21 02:09:04.972072,usd,Refunded
ORD013844,CUST00357,2025-08-21 16:40:10.934716,USD,Cancelled
ORD013845,CUST00313,2025-09-09 01:26:12.558231,USD,Completed
ORD013846,CUST03405,2025-07-16 01:17:32.079997,USD,Completed
ORD013847,CUST00722,2025-10-14 19:34:02.273766,usd,Completed
ORD013848,CUST00641,2026-02-13 13:09:26.406622,$,Completed
ORD013849,CUST01011,2025-12-21 19:48:05.219459,USD,Cancelled
ORD013850,CUST01620,2026-02-15 07:35:48.508636,USD,Completed
ORD013851,CUST02645,2025-08-06 12:44:09.850815,usd,Completed
ORD013852,CUST00255,2025-11-20 20:50:23.067146,USD,Completed
ORD013853,CUST01458,2026-01-14 06:53:05.218080,usd,Completed
ORD013854,CUST02273,2025-08-10 00:41:15.466142,USD,Completed
ORD013855,CUST04184,2026-06-13 11:24:05.272701,USD,Completed
ORD013856,CUST02240,2026-06-10 05:57:57.299328,USD,Completed
ORD013857,CUST02690,2026-03-15 12:22:47.663573,US$,Completed
ORD013858,CUST03360,2025-07-13 21:09:17.733931,USD,Completed
ORD013859,CUST04055_DUP,2026-06-22 15:34:55.537864,USD,Completed
ORD013860,CUST02472,2026-02-08 11:24:14.290798,USD,Completed
ORD013861,CUST03988,2025-08-05 17:09:27.116008,USD,Completed
ORD013862,CUST04679,2026-06-07 18:07:31.811626,USD,Completed
ORD013863,CUST04768_DUP,2026-05-27 23:09:26.723413,$,Completed
ORD013864,CUST00135,2026-04-22 11:19:31.483079,USD,Refunded
ORD013865,CUST00813,2026-04-14 08:46:16.989888,USD,Completed
ORD013866,CUST00509,2026-03-18 19:29:18.985741,USD,Completed
ORD013867,CUST03272_DUP,2025-12-03 05:43:53.576404,USD,Completed
ORD013868,CUST01212,2026-04-13 12:42:57.754732,USD,Completed
ORD013869,CUST03588,2026-04-29 17:24:09.940313,USD,Completed
ORD013870,CUST03357,2026-01-01 15:34:11.867698,USD,Completed
ORD013871,CUST02698,2026-04-15 17:31:34.859610,USD,Completed
ORD013872,CUST00150,2025-12-17 12:25:45.760223,usd,Completed
ORD013873,CUST01496,2026-01-24 22:48:31.917929,US$,Completed
ORD013874,CUST03694,2025-12-30 07:20:00.485429,USD,Cancelled
ORD013875,CUST03453,2026-02-11 19:06:01.108179,USD,Completed
ORD013876,CUST00058,2025-10-03 02:14:19.425166,USD,Completed
ORD013877,CUST03356,2026-02-14 22:31:32.527463,USD,Completed
ORD013878,CUST02796,2026-05-24 16:53:44.990129,USD,Completed
ORD013879,CUST03576,2026-04-17 11:41:08.495913,USD,Completed
ORD013880,CUST04768,2026-03-14 13:57:06.012768,USD,Completed
ORD013881,CUST03045,2026-04-06 16:24:52.839762,USD,Completed
ORD013882,CUST01110,2026-03-21 01:41:45.278622,USD,Completed
ORD013883,CUST01434,2025-09-20 06:10:42.164017,USD,Completed
ORD013884,CUST02252,2026-05-09 12:15:04.284292,USD,Completed
ORD013885,CUST04308,2025-10-22 01:47:10.287284,$,Completed
ORD013886,CUST04089,2026-03-07 10:13:41.718958,USD,Completed
ORD013887,CUST04272,2025-07-24 01:54:32.180485,USD,Completed
ORD013888,CUST03459,2025-08-20 09:25:33.828861,$,Completed
ORD013889,CUST02246,2025-10-10 20:51:21.562309,US$,Completed
ORD013890,CUST02253,2026-01-21 06:20:13.665143,USD,Completed
ORD013891,CUST02758,2025-12-11 09:28:18.209807,USD,Refunded
ORD013892,CUST00349,2025-10-05 18:07:28.472516,usd,Completed
ORD013893,CUST03688,2025-11-09 03:48:33.599472,$,Completed
ORD013894,CUST00767,2025-11-19 12:34:16.102915,USD,Completed
ORD013895,CUST00866,2025-12-08 04:35:48.135905,USD,Refunded
ORD013896,CUST04998,2026-02-13 17:51:53.954102,USD,Refunded
ORD013897,CUST04277,2025-12-21 20:49:15.850209,USD,Completed
ORD013898,CUST02387,2025-07-26 14:58:02.907703,USD,Refunded
ORD013899,CUST03202,2025-10-13 11:59:44.246594,USD,Completed
ORD013900,CUST01380,2026-03-07 14:16:42.826032,USD,Completed
ORD013901,CUST01724,2025-08-06 16:51:10.801469,USD,Completed
ORD013902,CUST02470,2025-11-03 08:57:06.514556,USD,Completed
ORD013903,CUST03819,2026-01-04 07:50:03.130447,USD,Completed
ORD013904,CUST01312,2025-10-08 13:34:51.078882,USD,Cancelled
ORD013905,CUST01049,2025-11-16 03:22:55.830821,USD,Completed
ORD013906,CUST01935,2026-06-06 19:03:34.510345,USD,Completed
ORD013907,CUST01098,2025-10-27 08:52:01.389310,USD,Completed
ORD013908,CUST00997,2026-03-12 19:02:21.336307,$,Completed
ORD013909,CUST01518,2026-02-16 06:13:45.722826,US$,Completed
ORD013910,CUST02970,2025-12-20 19:10:50.116877,US$,Completed
ORD013911,CUST04768,2026-05-25 17:00:51.023635,USD,Completed
ORD013912,CUST00070,2025-12-01 09:33:31.995900,USD,Completed
ORD013913,CUST04682,2026-01-21 14:26:06.752131,usd,Completed
ORD013914,CUST01866,2026-01-06 00:32:39.497885,USD,Completed
ORD013915,CUST01425,2026-04-16 00:24:29.426164,USD,Completed
ORD013916,CUST02574,2026-01-03 04:07:46.705567,US$,Completed
ORD013917,CUST02540,2026-02-11 20:53:43.365650,USD,Completed
ORD013918,CUST04214,2025-09-19 18:32:12.267346,USD,Completed
ORD013919,CUST00628,2025-11-04 17:32:52.905745,$,Completed
ORD013920,CUST04618,2025-10-31 13:54:41.249197,USD,Completed
ORD013921,CUST04276,2025-12-25 15:49:55.721626,$,Completed
ORD013922,CUST00629,2026-06-07 11:06:11.603499,USD,Completed
ORD013923,CUST00657,2025-10-23 08:21:02.369186,USD,Refunded
ORD013924,CUST03696,2026-02-03 22:41:19.005866,USD,Completed
ORD013925,CUST03620,2026-04-04 08:48:00.969608,USD,Completed
ORD013926,CUST04792,2025-09-10 09:24:25.958893,USD,Completed
ORD013927,CUST00831,2025-09-10 07:51:21.323925,USD,Completed
ORD013928,CUST00499,2026-01-31 07:56:38.364320,US$,Completed
ORD013929,CUST04903,2025-11-29 22:41:06.104838,usd,Completed
ORD013930,CUST01211,2025-11-30 00:44:38.412445,usd,Completed
ORD013931,CUST02226,2025-12-10 09:07:01.589602,USD,Completed
ORD013932,CUST01416,2026-05-08 15:22:08.734772,US$,Cancelled
ORD013933,CUST00720,2025-09-25 02:24:47.224605,usd,Completed
ORD013934,CUST00283,2026-06-20 15:06:06.825766,$,Completed
ORD013935,CUST01408,2026-03-31 17:27:41.643762,$,Completed
ORD013936,CUST04705,2026-02-10 05:49:54.143689,USD,Completed
ORD013937,CUST00263,2025-10-20 09:06:44.626442,USD,Completed
ORD013938,CUST04126,2026-06-02 00:27:51.109233,$,Completed
ORD013939,CUST00152,2025-11-24 18:04:53.824796,USD,Cancelled
ORD013940,CUST02869,2026-03-14 06:58:57.653251,USD,Completed
ORD013941,CUST03488,2026-05-03 11:10:03.969543,USD,Completed
ORD013942,CUST02291,2026-02-23 10:00:35.446412,$,Cancelled
ORD013943,CUST00412,2026-06-15 01:23:20.340361,usd,Completed
ORD013944,CUST04040,2026-06-19 01:31:30.740807,USD,Completed
ORD013945,CUST01105,2025-09-18 07:56:20.340135,US$,Completed
ORD013946,CUST01918,2025-11-25 15:30:23.266796,USD,Completed
ORD013947,CUST02712,2026-05-13 22:56:17.492506,USD,Completed
ORD013948,CUST00767,2025-08-07 08:56:28.372804,USD,Completed
ORD013949,CUST03505,2025-08-20 12:08:06.522605,USD,Completed
ORD013950,CUST03336,2025-09-21 11:02:14.173640,USD,Completed
ORD013951,CUST02286,2025-07-13 04:08:13.540117,usd,Cancelled
ORD013952,CUST00947,2025-09-12 13:05:58.111837,USD,Completed
ORD013953,CUST04642,2025-08-02 07:10:58.188450,$,Completed
ORD013954,CUST00205,2025-08-27 23:48:48.298034,US$,Completed
ORD013955,CUST02249,2025-07-06 23:28:38.579567,USD,Completed
ORD013956,CUST04767,2026-05-12 09:35:48.011169,USD,Completed
ORD013957,CUST04518,2026-06-02 22:40:00.566340,USD,Completed
ORD013958,CUST00836,2026-02-11 17:39:47.158058,USD,Completed
ORD013959,CUST01022,2026-05-30 11:57:25.477774,USD,Completed
ORD013960,CUST00298,2025-12-25 04:34:08.211575,usd,Completed
ORD013961,CUST00167,2026-06-01 08:47:30.919507,US$,Completed
ORD013962,CUST03893,2025-11-06 12:18:29.566613,USD,Completed
ORD013963,CUST03578,2025-12-09 12:18:29.598534,USD,Completed
ORD013964,CUST03878,2025-09-21 23:06:01.800102,US$,Completed
ORD013965,CUST02715,2026-02-28 18:19:50.704994,USD,Completed
ORD013966,CUST01564,2026-05-07 02:03:46.464740,USD,Completed
ORD013967,CUST04477,2025-08-08 04:49:19.146028,USD,Completed
ORD013968,CUST03801,2026-05-21 19:42:29.585606,USD,Completed
ORD013969,CUST01885,2025-07-29 18:38:52.621001,USD,Completed
ORD013970,CUST03974,2026-03-08 20:10:36.086089,USD,Completed
ORD013971,CUST00233,2025-09-28 09:25:06.128873,USD,Completed
ORD013972,CUST03904_DUP,2025-09-11 14:37:57.137009,USD,Completed
ORD013973,CUST00961,2026-01-04 13:14:43.630961,USD,Completed
ORD013974,CUST00382,2026-03-13 19:33:22.324683,USD,Completed
ORD013975,CUST04946,2026-06-24 07:06:50.094040,USD,Completed
ORD013976,CUST04832,2025-10-27 07:06:21.220273,USD,Refunded
ORD013977,CUST02240,2025-08-25 05:15:35.752935,USD,Cancelled
ORD013978,CUST00770,2025-07-19 18:32:48.023655,USD,Completed
ORD013979,CUST00001,2026-03-30 02:12:53.535753,USD,Completed
ORD013980,CUST04259,2025-12-01 07:12:37.206334,USD,Completed
ORD013981,CUST00701,2026-03-29 20:59:22.869431,USD,Completed
ORD013982,CUST01361,2026-05-17 09:27:37.305045,USD,Completed
ORD013983,CUST02798,2026-03-21 09:27:09.611502,US$,Completed
ORD013984,CUST04190,2026-03-07 14:28:08.480478,USD,Completed
ORD013985,CUST03086,2025-09-28 11:09:36.933725,USD,Completed
ORD013986,CUST02640,2026-03-12 13:09:19.695533,USD,Completed
ORD013987,CUST03203,2025-11-03 07:30:29.607687,USD,Completed
ORD013988,CUST03419,2026-06-05 19:11:31.588465,USD,Completed
ORD013989,CUST00388,2026-06-16 13:39:13.906809,USD,Completed
ORD013990,CUST01910,2026-02-04 02:07:35.917193,USD,Completed
ORD013991,CUST02819,2026-03-03 01:47:30.615712,USD,Completed
ORD013992,CUST00294,2026-05-22 11:49:02.423777,USD,Completed
ORD013993,CUST04409,2026-05-25 06:57:29.730247,US$,Completed
ORD013994,CUST03731,2026-02-03 10:15:36.450241,USD,Completed
ORD013995,CUST01855,2025-11-23 18:43:10.431015,USD,Completed
ORD013996,CUST01517,2025-11-11 16:02:02.721099,USD,Completed
ORD013997,CUST02481,2025-08-03 06:32:32.821038,USD,Cancelled
ORD013998,CUST02912,2025-12-04 21:39:13.250278,$,Completed
ORD013999,CUST01820,2026-06-22 16:48:49.038174,USD,Cancelled
ORD014000,CUST01114,2025-09-21 04:17:40.474192,USD ,Completed
ORD014001,CUST04577,2025-09-22 12:56:17.117042,USD,Completed
ORD014002,CUST01497,2026-04-24 13:58:55.825031,USD,Completed
ORD014003,CUST00581,2025-08-09 21:17:23.693182,USD,Completed
ORD014004,CUST00515,2025-11-29 01:33:44.667582,USD,Completed
ORD014005,CUST01077,2026-06-27 08:20:07.117617,USD,Completed
ORD014006,CUST02828,2025-11-05 04:46:14.727543,USD,Completed
ORD014007,CUST04060,2025-11-12 09:21:17.176069,USD,Completed
ORD014008,CUST02061,2026-02-24 12:24:57.560777,USD,Completed
ORD014009,CUST02735,2025-09-21 20:16:13.062723,USD,Completed
ORD014010,CUST03417,2026-04-05 02:07:46.621296,USD,Completed
ORD014011,CUST04733,2026-04-22 23:53:15.399494,US$,Completed
ORD014012,CUST01309,2026-03-26 21:47:12.330562,USD,Completed
ORD014013,CUST01387,2026-02-18 12:38:29.224299,US$,Completed
ORD014014,CUST01221,2026-03-23 15:29:31.254848,USD,Completed
ORD014015,CUST01133,2026-01-03 06:14:44.915251,USD,Refunded
ORD014016,CUST04783,2025-11-27 05:07:41.425169,$,Completed
ORD014017,CUST01118,2025-10-30 10:09:51.332359,USD,Refunded
ORD014018,CUST04756,2026-05-02 11:28:03.331386,USD,Completed
ORD014019,CUST00862,2025-09-03 07:48:25.215075,$,Refunded
ORD014020,CUST00297,2026-05-16 08:43:56.542979,USD,Completed
ORD014021,CUST02023,2026-04-21 08:56:47.110963,USD,Completed
ORD014022,CUST01069,2025-11-01 11:38:44.438942,USD,Completed
ORD014023,CUST00506,2025-12-23 03:38:12.504908,US$,Completed
ORD014024,CUST00996,2025-09-17 01:06:28.553978,USD,Completed
ORD014025,CUST02132,2025-11-08 16:40:58.138394,USD,Cancelled
ORD014026,CUST04648,2025-09-16 19:19:01.774274,USD,Completed
ORD014027,CUST01151,2026-02-26 08:08:41.403496,USD,Completed
ORD014028,CUST00794,2026-01-24 02:10:56.388143,USD,Completed
ORD014029,CUST03496,2025-08-16 21:42:10.791722,US$,Completed
ORD014030,CUST03699,2025-07-11 01:25:56.811429,USD,Completed
ORD014031,CUST02426,2025-12-17 02:32:52.113666,USD,Completed
ORD014032,CUST03393,2025-10-31 15:02:07.028039,USD,Completed
ORD014033,CUST02446,2026-06-07 22:17:58.636418,usd,Completed
ORD014034,CUST03711,2025-08-30 11:24:57.081626,USD,Completed
ORD014035,CUST03868,2025-12-17 06:40:49.049042,USD,Cancelled
ORD014036,CUST03613,2026-03-06 22:16:01.608369,USD,Cancelled
ORD014037,CUST03784,2026-01-25 18:47:51.194487,USD,Cancelled
ORD014038,CUST03979,2025-08-31 14:50:25.693048,US$,Completed
ORD014039,CUST04800,2026-04-13 09:18:30.712277,usd,Cancelled
ORD014040,CUST03963,2026-06-19 19:29:09.066132,USD,Completed
ORD014041,CUST00456,2025-07-05 10:10:03.569174,USD,Completed
ORD014042,CUST02073,2026-06-04 07:58:43.857877,$,Completed
ORD014043,CUST01456,2025-09-09 21:23:46.306152,USD,Cancelled
ORD014044,CUST02467,2026-01-19 00:07:01.028953,USD,Completed
ORD014045,CUST03171,2026-03-20 10:41:46.063288,USD,Refunded
ORD014046,CUST04202,2026-02-16 13:32:26.631359,US$,Completed
ORD014047,CUST00796,2025-12-22 08:14:01.199976,USD,Completed
ORD014048,CUST02997,2026-03-10 01:50:14.401973,USD,Completed
ORD014049,CUST02569,2026-04-11 23:17:49.859240,USD,Completed
ORD014050,CUST02620,2025-12-18 13:54:48.159744,USD,Cancelled
ORD014051,CUST02383,2026-05-13 01:49:01.939257,USD,Completed
ORD014052,CUST01684,2026-04-20 18:47:27.147515,USD,Completed
ORD014053,CUST03061,2025-08-10 19:55:42.161838,$,Completed
ORD014054,CUST03441,2026-01-21 10:46:04.006150,USD,Completed
ORD014055,CUST01930,2025-11-26 05:06:12.954899,$,Completed
ORD014056,CUST00281,2026-05-06 08:44:01.626882,usd,Refunded
ORD014057,CUST00032,2026-01-19 09:12:55.821137,US$,Refunded
ORD014058,CUST03164,2026-03-04 20:46:06.638887,USD,Completed
ORD014059,CUST02437,2026-05-01 15:34:51.628733,USD,Completed
ORD014060,CUST04331,2025-10-29 18:25:14.376715,$,Completed
ORD014061,CUST00891,2025-11-13 20:25:23.538417,USD,Completed
ORD014062,CUST04956,2026-05-26 07:34:55.542423,USD,Completed
ORD014063,CUST03999,2025-11-07 16:31:30.259252,$,Cancelled
ORD014064,CUST04430,2026-01-02 00:00:11.136723,usd,Completed
ORD014065,CUST02611,2026-04-04 11:27:17.623330,$,Refunded
ORD014066,CUST04016,2025-11-04 22:31:38.857247,USD,Completed
ORD014067,CUST02941,2026-01-27 17:16:42.974485,usd,Completed
ORD014068,CUST02635,2026-02-16 20:32:20.582616,usd,Completed
ORD014069,CUST01675,2025-09-18 23:31:45.614414,$,Completed
ORD014070,CUST01957,2025-12-17 08:39:27.335410,USD,Completed
ORD014071,CUST03259,2026-05-20 03:17:08.984129,US$,Completed
ORD014072,CUST01399,2026-04-10 07:06:11.540993,USD,Completed
ORD014073,CUST04149,2025-08-08 20:17:08.669683,USD ,Completed
ORD014074,CUST04764,2026-04-13 20:55:40.194415,US$,Completed
ORD014075,CUST00652,2025-12-10 19:58:05.491901,usd,Completed
ORD014076,CUST01738,2026-05-30 00:50:13.594664,USD,Completed
ORD014077,CUST03445,2025-11-27 21:35:36.649058,USD,Completed
ORD014078,CUST04912,2025-12-04 04:50:59.975570,usd,Completed
ORD014079,CUST00899,2026-04-29 15:11:27.111214,USD,Completed
ORD014080,CUST03536,2025-11-02 13:35:08.471755,usd,Completed
ORD014081,CUST04295,2025-10-03 07:49:54.461287,USD,Completed
ORD014082,CUST03111,2026-03-01 21:51:22.809061,USD,Completed
ORD014083,CUST00526,2025-09-02 22:25:33.747919,USD,Completed
ORD014084,CUST03335,2025-12-18 09:53:49.011369,USD,Completed
ORD014085,CUST04039,2026-05-20 21:38:58.553946,USD,Completed
ORD014086,CUST01324,2026-03-16 01:56:23.259477,USD ,Cancelled
ORD014087,CUST01131,2025-07-30 23:11:14.682594,USD,Completed
ORD014088,CUST01152,2025-10-07 03:23:43.926983,USD,Completed
ORD014089,CUST03639,2026-04-16 07:45:44.162567,US$,Cancelled
ORD014090,CUST04971,2026-03-06 17:50:34.412462,US$,Completed
ORD014091,CUST03758,2026-01-13 05:36:08.004182,USD,Completed
ORD014092,CUST03891,2026-05-11 15:07:03.210835,USD,Completed
ORD014093,CUST04649,2025-12-26 17:56:01.677494,USD,Completed
ORD014094,CUST02121,2026-02-28 10:19:11.626522,USD,Completed
ORD014095,CUST03393,2025-08-02 02:16:50.081482,usd,Completed
ORD014096,CUST04098,2025-11-20 03:21:57.210956,US$,Completed
ORD014097,CUST02460,2026-06-17 14:35:20.095638,USD,Cancelled
ORD014098,CUST00926,2025-11-07 08:53:15.500027,USD,Completed
ORD014099,CUST01038,2025-12-16 08:24:09.709672,usd,Completed
ORD014100,CUST03902,2025-08-07 14:23:33.085950,US$,Completed
ORD014101,CUST00872,2026-04-25 20:24:18.998048,USD,Completed
ORD014102,CUST04115,2026-01-28 10:58:36.550739,USD,Completed
ORD014103,CUST03007,2026-02-12 16:14:58.895925,USD,Completed
ORD014104,CUST04980,2025-08-17 19:39:23.150114,usd,Completed
ORD014105,CUST04036,2026-02-10 22:20:06.764798,USD,Completed
ORD014106,CUST01191,2026-02-02 00:55:20.938480,USD,Completed
ORD014107,CUST01915,2026-02-21 04:33:04.889697,USD,Refunded
ORD014108,CUST04611,2025-10-22 05:49:40.604026,USD,Completed
ORD014109,CUST04737,2025-11-03 09:37:07.702374,USD,Completed
ORD014110,CUST02179,2025-09-03 09:42:47.522934,USD,Completed
ORD014111,CUST00661,2025-08-21 11:26:10.138884,$,Completed
ORD014112,CUST03202,2025-12-23 03:27:43.188192,USD,Completed
ORD014113,CUST00543,2026-02-01 15:25:54.324864,usd,Completed
ORD014114,CUST01237,2026-06-25 19:58:32.841556,USD,Completed
ORD014115,CUST02879,2025-07-02 16:26:59.765356,USD,Completed
ORD014116,CUST04592,2025-10-13 04:37:20.742307,usd,Refunded
ORD014117,CUST03506,2025-12-12 14:36:56.717309,usd,Completed
ORD014118,CUST01871,2026-01-06 12:57:57.880244,$,Completed
ORD014119,CUST02516,2025-10-14 16:52:05.514402,USD ,Completed
ORD014120,CUST03401,2025-10-30 06:13:27.435852,usd,Completed
ORD014121,CUST00228,2025-12-11 05:27:39.369126,USD,Cancelled
ORD014122,CUST01656,2026-06-01 03:46:23.558105,USD,Completed
ORD014123,CUST01133_DUP,2025-07-07 22:36:46.749877,USD,Completed
ORD014124,CUST00307,2026-02-10 15:25:46.864622,USD ,Completed
ORD014125,CUST03327,2025-11-19 13:51:25.223314,USD,Completed
ORD014126,CUST03284,2025-08-27 06:14:11.198992,USD,Completed
ORD014127,CUST02520,2026-01-03 19:43:05.928060,USD,Completed
ORD014128,CUST02584,2025-11-04 00:27:55.900007,USD,Refunded
ORD014129,CUST00965,2026-01-02 16:33:25.449302,USD,Completed
ORD014130,CUST03284,2025-10-21 01:47:51.352527,USD,Cancelled
ORD014131,CUST00364,2025-07-24 00:05:54.122544,usd,Completed
ORD014132,CUST04064,2025-07-04 05:07:25.740811,USD,Completed
ORD014133,CUST00964,2026-05-27 17:40:04.501492,USD,Completed
ORD014134,CUST03365,2026-03-19 13:16:12.168522,USD,Completed
ORD014135,CUST00624,2025-12-28 01:15:55.187143,USD,Completed
ORD014136,CUST00117,2026-04-30 08:25:35.365261,USD,Completed
ORD014137,CUST03516,2026-04-20 06:15:00.931294,USD,Completed
ORD014138,CUST02986,2026-04-12 11:27:12.105778,USD,Refunded
ORD014139,CUST03271,2025-08-17 15:39:55.382703,US$,Completed
ORD014140,CUST01206,2026-06-05 03:08:08.722106,USD,Refunded
ORD014141,CUST03890,2025-12-05 18:41:29.479700,USD,Completed
ORD014142,CUST02408,2025-10-14 09:51:32.398954,USD,Cancelled
ORD014143,CUST03436,2025-12-18 01:50:20.362362,USD,Completed
ORD014144,CUST04589,2025-11-25 16:53:33.067256,USD,Completed
ORD014145,CUST01494,2025-10-07 20:09:26.686648,USD,Completed
ORD014146,CUST04233,2025-11-24 22:44:01.139304,USD,Completed
ORD014147,CUST02752,2026-05-31 15:31:57.233998,USD,Refunded
ORD014148,CUST02921,2026-01-14 06:42:57.788257,USD,Completed
ORD014149,CUST00446,2026-02-21 03:39:48.718426,usd,Completed
ORD014150,CUST00150,2026-04-11 23:23:52.713796,USD,Completed
ORD014151,CUST00353,2025-11-06 15:34:27.043226,usd,Completed
ORD014152,CUST00340,2026-06-01 05:19:47.819965,usd,Completed
ORD014153,CUST02503,2025-11-22 18:12:18.137169,USD,Completed
ORD014154,CUST04057,2026-01-21 09:35:28.084222,USD,Completed
ORD014155,CUST02351,2026-02-09 21:04:30.751092,usd,Completed
ORD014156,CUST04059,2025-12-13 08:14:41.125559,usd,Completed
ORD014157,CUST02590,2026-05-20 21:10:08.524991,usd,Completed
ORD014158,CUST03030,2026-04-20 22:11:02.363045,USD ,Completed
ORD014159,CUST02720,2025-11-12 22:32:33.019773,USD,Completed
ORD014160,CUST02509,2025-09-01 00:31:50.579231,USD,Completed
ORD014161,CUST04689,2025-10-25 12:51:04.977249,USD,Completed
ORD014162,CUST00984,2025-10-17 12:31:43.616644,USD,Completed
ORD014163,CUST02257,2025-07-14 10:21:54.910870,usd,Completed
ORD014164,CUST02316,2026-04-03 08:31:28.325776,usd,Completed
ORD014165,CUST02383,2026-03-11 04:47:50.186727,usd,Completed
ORD014166,CUST00612,2025-11-10 13:05:13.494123,usd,Completed
ORD014167,CUST00413,2026-03-09 06:57:17.145386,USD,Completed
ORD014168,CUST01131,2026-03-12 23:51:59.624505,USD,Completed
ORD014169,CUST02711,2025-09-24 02:38:03.884273,$,Completed
ORD014170,CUST04886,2026-06-20 10:44:22.515347,USD,Completed
ORD014171,CUST01102,2026-05-01 09:16:47.538460,USD,Completed
ORD014172,CUST00797,2025-12-17 11:45:24.777963,US$,Completed
ORD014173,CUST00533,2026-01-31 15:47:31.423187,US$,Completed
ORD014174,CUST00348,2025-11-24 19:56:46.030134,USD,Completed
ORD014175,CUST03189,2026-03-02 07:56:54.523111,USD,Completed
ORD014176,CUST04575,2025-08-31 21:16:34.028274,USD,Completed
ORD014177,CUST03671_DUP,2026-04-24 19:33:45.390548,USD,Refunded
ORD014178,CUST00955,2026-06-06 21:28:09.762438,USD,Completed
ORD014179,CUST01822,2025-10-29 06:54:06.326300,US$,Completed
ORD014180,CUST03804,2025-08-22 23:49:56.085372,usd,Completed
ORD014181,CUST00739,2026-02-23 06:41:29.244931,USD,Completed
ORD014182,CUST04164,2026-06-06 05:59:12.860115,USD,Completed
ORD014183,CUST02054,2026-04-04 20:38:54.543257,USD,Cancelled
ORD014184,CUST00582,2025-09-14 01:45:33.936445,USD,Completed
ORD014185,CUST00522,2025-12-31 23:24:54.350193,USD,Completed
ORD014186,CUST02081,2025-12-07 02:27:25.939409,USD,Completed
ORD014187,CUST03341,2026-01-23 10:31:17.397962,USD,Completed
ORD014188,CUST01897,2025-10-19 17:01:40.501344,USD,Completed
ORD014189,CUST03946,2025-12-25 02:38:30.814251,USD,Completed
ORD014190,CUST00259,2026-04-21 03:16:51.559215,USD,Cancelled
ORD014191,CUST04880,2026-03-14 10:30:41.739399,USD,Completed
ORD014192,CUST00524,2025-12-16 15:01:27.545011,USD,Completed
ORD014193,CUST04775,2025-12-26 11:27:55.467482,US$,Completed
ORD014194,CUST02745,2026-03-08 09:10:36.153021,USD,Completed
ORD014195,CUST02361,2025-11-07 07:34:37.175687,USD,Completed
ORD014196,CUST03396,2025-08-07 13:57:04.798509,USD,Completed
ORD014197,CUST00372,2026-01-18 01:49:46.555124,USD,Cancelled
ORD014198,CUST03212,2026-05-25 16:11:51.775664,USD,Completed
ORD014199,CUST00356,2026-03-08 03:30:10.260818,US$,Completed
ORD014200,CUST00029,2026-03-14 20:23:16.425642,usd,Completed
ORD014201,CUST02714,2026-06-08 02:32:09.360480,usd,Completed
ORD014202,CUST00632,2025-12-16 21:05:41.423046,usd,Completed
ORD014203,CUST00237,2025-11-30 09:34:59.200315,USD,Completed
ORD014204,CUST03079,2025-09-03 11:55:50.725468,US$,Completed
ORD014205,CUST02747,2025-08-03 12:23:43.736181,USD,Completed
ORD014206,CUST01240,2026-06-21 02:36:14.383222,USD,Cancelled
ORD014207,CUST03654,2025-10-28 21:26:54.334448,USD,Completed
ORD014208,CUST02237,2026-05-11 17:31:53.247846,USD,Completed
ORD014209,CUST02932,2026-05-18 15:32:52.387819,USD,Completed
ORD014210,CUST03865,2026-01-13 05:41:19.999717,USD,Completed
ORD014211,CUST04154,2026-04-10 01:50:29.986193,$,Completed
ORD014212,CUST04829_DUP,2025-10-14 05:43:10.250142,USD,Completed
ORD014213,CUST02625,2026-06-06 05:27:06.651751,USD,Completed
ORD014214,CUST00896,2025-10-24 22:24:22.322687,$,Completed
ORD014215,CUST03023,2025-12-15 13:55:28.674887,US$,Completed
ORD014216,CUST03150,2025-12-23 22:52:44.435937,USD,Completed
ORD014217,CUST01655,2025-10-12 09:27:24.240171,USD,Completed
ORD014218,CUST04582,2026-05-03 16:57:53.224355,USD,Completed
ORD014219,CUST01712,2025-11-06 05:07:48.987935,USD,Completed
ORD014220,CUST04369,2025-09-13 05:23:23.499529,USD,Completed
ORD014221,CUST03468,2026-04-12 14:53:49.131331,USD,Completed
ORD014222,CUST02602,2025-07-12 18:02:53.942680,USD,Cancelled
ORD014223,CUST02814,2026-04-14 21:35:31.059948,usd,Refunded
ORD014224,CUST04886,2026-06-22 06:27:33.013216,USD,Completed
ORD014225,CUST01510,2025-07-05 10:09:01.801744,US$,Completed
ORD014226,CUST04007,2026-03-28 17:51:39.183554,USD,Completed
ORD014227,CUST03363,2025-07-21 00:36:55.140675,USD,Completed
ORD014228,CUST02325,2025-12-20 01:20:23.668316,US$,Completed
ORD014229,CUST01197,2025-08-11 08:40:39.601620,USD,Completed
ORD014230,CUST04434,2025-09-18 16:18:30.274591,USD,Completed
ORD014231,CUST00356,2026-06-18 02:02:59.016326,usd,Completed
ORD014232,CUST03367,2025-07-27 07:27:37.865843,USD,Completed
ORD014233,CUST04632,2025-09-10 18:51:20.170785,usd,Completed
ORD014234,CUST03553,2026-06-24 03:08:22.528078,USD,Completed
ORD014235,CUST02657,2026-04-17 16:16:20.860821,usd,Completed
ORD014236,CUST00060,2025-12-14 14:19:51.106993,USD,Completed
ORD014237,CUST04685,2026-06-24 02:07:11.402852,USD,Completed
ORD014238,CUST01231,2025-07-23 18:44:22.804329,USD ,Completed
ORD014239,CUST02972_DUP,2026-03-19 00:53:29.497523,$,Completed
ORD014240,CUST00299,2025-09-22 09:36:31.021798,USD,Completed
ORD014241,CUST03824,2026-06-25 10:52:37.024731,US$,Completed
ORD014242,CUST00764,2025-08-18 07:42:48.966426,USD,Completed
ORD014243,CUST02708,2025-07-22 00:20:10.203928,USD,Refunded
ORD014244,CUST01544,2025-08-25 07:59:07.593538,USD,Completed
ORD014245,CUST03409,2025-12-08 20:19:05.690764,USD,Completed
ORD014246,CUST03272_DUP,2025-09-22 16:36:15.343792,USD,Completed
ORD014247,CUST02763,2025-11-18 12:09:19.503572,USD,Completed
ORD014248,CUST00504_DUP,2026-02-24 14:50:36.544731,US$,Completed
ORD014249,CUST00057,2025-11-14 18:03:49.505813,USD,Completed
ORD014250,CUST04512,2025-09-29 05:59:31.589004,$,Completed
ORD014251,CUST02564,2025-08-25 08:44:57.040403,USD,Completed
ORD014252,CUST00501,2025-11-27 09:25:29.183389,USD,Completed
ORD014253,CUST01763,2025-07-07 14:11:18.520141,US$,Completed
ORD014254,CUST03325,2025-08-22 15:34:44.715895,usd,Completed
ORD014255,CUST02787,2025-11-16 04:41:20.983965,usd,Completed
ORD014256,CUST00795,2025-08-16 06:07:29.756287,USD,Completed
ORD014257,CUST04172,2026-03-25 22:54:16.827243,USD,Completed
ORD014258,CUST01859,2026-05-20 13:01:18.494381,USD,Cancelled
ORD014259,CUST02264,2025-11-22 16:58:06.215914,USD,Cancelled
ORD014260,CUST03432,2025-07-30 04:02:20.051066,USD,Completed
ORD014261,CUST04536,2026-05-24 11:28:07.038769,USD,Cancelled
ORD014262,CUST03652,2026-05-09 16:41:16.453001,usd,Completed
ORD014263,CUST02407,2026-02-09 23:39:09.343585,USD,Completed
ORD014264,CUST00544,2025-08-21 10:33:08.861637,USD,Completed
ORD014265,CUST04615,2025-07-22 18:39:37.960530,USD,Completed
ORD014266,CUST01402,2026-02-23 20:33:04.639813,USD,Completed
ORD014267,CUST04319,2025-11-06 04:06:40.625765,USD,Completed
ORD014268,CUST03671,2026-03-30 11:05:32.387866,USD,Completed
ORD014269,CUST01664,2025-08-08 14:56:18.168060,USD ,Completed
ORD014270,CUST00760,2026-01-20 20:16:02.798295,USD,Cancelled
ORD014271,CUST00410,2025-11-28 19:52:11.551703,USD,Completed
ORD014272,CUST02808,2026-03-07 22:22:39.024073,US$,Refunded
ORD014273,CUST00335,2026-05-12 01:17:07.823944,USD,Completed
ORD014274,CUST01797,2026-01-11 13:57:41.418503,$,Completed
ORD014275,CUST02524,2026-02-28 14:05:19.735937,US$,Refunded
ORD014276,CUST02002,2026-04-13 01:45:55.962749,USD,Completed
ORD014277,CUST03071,2026-03-22 20:45:33.372597,USD,Completed
ORD014278,CUST04576,2025-08-28 12:43:12.557359,$,Completed
ORD014279,CUST01508,2025-10-14 16:24:32.386222,USD,Completed
ORD014280,CUST03079,2025-11-28 16:19:05.542203,$,Completed
ORD014281,CUST01905,2026-03-31 13:22:27.999285,USD,Completed
ORD014282,CUST00523,2025-12-31 08:45:10.958030,US$,Completed
ORD014283,CUST03429,2026-03-07 23:16:24.156030,USD,Completed
ORD014284,CUST03272,2026-06-09 17:06:55.807904,USD,Completed
ORD014285,CUST02432,2026-01-08 16:12:44.796314,USD,Completed
ORD014286,CUST00212,2026-04-09 22:25:28.817362,USD,Completed
ORD014287,CUST03311,2026-05-27 16:10:40.741045,USD,Completed
ORD014288,CUST02261,2025-07-13 03:20:29.764392,USD,Completed
ORD014289,CUST04572,2026-06-25 03:53:19.169946,USD,Completed
ORD014290,CUST03330,2025-08-24 21:39:19.911711,usd,Refunded
ORD014291,CUST02020,2026-03-17 04:56:14.221241,$,Completed
ORD014292,CUST00512,2026-06-18 14:21:50.974663,USD,Completed
ORD014293,CUST01271,2025-10-20 12:21:50.107207,USD,Completed
ORD014294,CUST00749,2025-12-25 11:06:57.112636,USD,Completed
ORD014295,CUST02884,2025-11-26 20:23:48.855010,usd,Completed
ORD014296,CUST04020,2026-04-03 08:03:36.789114,USD,Completed
ORD014297,CUST02384,2026-01-25 17:05:37.679541,$,Completed
ORD014298,CUST00854,2025-10-22 22:48:45.979178,USD,Completed
ORD014299,CUST04754,2025-10-28 10:38:01.814255,$,Completed
ORD014300,CUST03551,2025-12-14 09:45:24.852482,usd,Cancelled
ORD014301,CUST03440,2026-01-23 14:19:22.672685,USD,Completed
ORD014302,CUST00324,2025-10-29 16:02:02.367207,USD,Completed
ORD014303,CUST03039,2026-06-28 17:14:04.575920,USD,Completed
ORD014304,CUST00193,2025-11-13 14:47:26.657968,usd,Completed
ORD014305,CUST04658,2026-05-04 06:04:01.728438,USD,Completed
ORD014306,CUST04263,2026-02-23 08:26:47.588745,$,Completed
ORD014307,CUST02728,2025-11-02 03:06:23.450007,USD,Completed
ORD014308,CUST01846,2025-07-05 16:07:31.626208,USD,Completed
ORD014309,CUST02915,2026-01-03 10:58:28.134777,USD,Completed
ORD014310,CUST02562,2025-12-25 19:53:27.230993,USD,Cancelled
ORD014311,CUST04010,2026-02-25 20:42:57.901339,USD,Completed
ORD014312,CUST01275,2025-12-24 22:44:10.898231,USD,Completed
ORD014313,CUST04164,2025-08-01 12:21:55.323569,usd,Completed
ORD014314,CUST00234,2025-12-16 17:05:00.270580,$,Completed
ORD014315,CUST00522,2025-11-21 08:48:59.998782,usd,Refunded
ORD014316,CUST02457,2026-04-15 04:30:16.401372,USD,Completed
ORD014317,CUST04433,2025-12-05 15:59:01.526409,$,Completed
ORD014318,CUST02260,2026-03-29 21:28:09.115657,USD,Completed
ORD014319,CUST02227,2025-08-06 15:17:44.622330,USD,Completed
ORD014320,CUST02058,2026-02-24 21:56:29.559464,USD,Completed
ORD014321,CUST04655,2025-07-24 14:36:08.458699,USD,Completed
ORD014322,CUST00607,2025-07-25 02:00:30.298924,$,Completed
ORD014323,CUST00078,2026-01-30 22:44:26.469333,USD,Completed
ORD014324,CUST00865,2025-10-16 05:33:59.120538,USD,Completed
ORD014325,CUST01341,2025-08-22 18:08:36.878933,USD,Completed
ORD014326,CUST03989,2025-10-05 11:53:34.726845,USD,Completed
ORD014327,CUST01075,2025-08-02 14:28:24.887828,USD,Cancelled
ORD014328,CUST02648,2026-01-24 12:49:40.136108,USD,Completed
ORD014329,CUST01356,2025-10-25 13:49:25.216603,usd,Completed
ORD014330,CUST03556,2026-05-24 07:48:48.286381,USD,Completed
ORD014331,CUST02208,2025-11-09 22:01:47.301925,USD,Cancelled
ORD014332,CUST00225,2026-04-17 09:33:02.710521,usd,Completed
ORD014333,CUST01845,2026-03-04 12:21:46.038482,usd,Completed
ORD014334,CUST03679,2025-07-08 06:23:41.456777,USD,Completed
ORD014335,CUST00624,2025-07-27 06:06:56.029594,$,Completed
ORD014336,CUST04368,2026-01-17 08:20:34.106494,US$,Completed
ORD014337,CUST03819,2025-11-24 07:32:11.182479,$,Completed
ORD014338,CUST00342,2026-05-16 18:17:00.556894,USD,Completed
ORD014339,CUST02047,2025-12-07 09:10:23.436334,USD,Refunded
ORD014340,CUST01326,2025-11-21 06:25:19.590134,USD,Completed
ORD014341,CUST03420,2025-07-11 04:20:11.810117,USD,Refunded
ORD014342,CUST01816,2025-07-13 00:05:06.973727,USD,Completed
ORD014343,CUST02525,2026-01-03 11:53:56.221212,usd,Completed
ORD014344,CUST02941,2025-10-17 10:44:11.653576,US$,Completed
ORD014345,CUST01817,2026-06-07 22:11:07.415805,USD,Cancelled
ORD014346,CUST02496,2026-04-04 20:13:38.699502,USD,Completed
ORD014347,CUST04790,2025-11-26 15:01:12.290450,USD,Completed
ORD014348,CUST01537,2026-01-25 20:00:12.062412,USD,Completed
ORD014349,CUST03875,2025-07-30 22:47:07.115700,USD,Completed
ORD014350,CUST01480,2026-06-28 15:10:37.458442,USD,Completed
ORD014351,CUST03622,2026-04-21 04:06:38.464657,USD,Completed
ORD014352,CUST02094,2026-02-10 05:27:06.888060,USD,Completed
ORD014353,CUST02349,2025-10-09 23:05:35.107447,USD,Completed
ORD014354,CUST03315,2026-03-28 12:51:26.729963,USD,Completed
ORD014355,CUST02809,2026-06-19 03:18:37.347298,USD,Cancelled
ORD014356,CUST02909,2025-09-02 17:16:29.768235,USD,Completed
ORD014357,CUST04683,2025-08-27 14:48:58.330348,USD,Completed
ORD014358,CUST04337,2026-01-18 17:50:21.356649,USD,Cancelled
ORD014359,CUST01801,2026-06-14 04:20:00.465957,$,Completed
ORD014360,CUST02065,2025-08-04 07:53:51.323396,USD,Completed
ORD014361,CUST02863,2026-02-06 20:24:06.650184,usd,Refunded
ORD014362,CUST02740,2026-03-26 23:21:14.498087,USD,Completed
ORD014363,CUST00860,2025-11-06 23:01:26.503699,USD,Completed
ORD014364,CUST00576,2025-12-23 16:51:33.053711,USD,Completed
ORD014365,CUST04366,2025-12-24 10:47:06.567372,US$,Completed
ORD014366,CUST00672,2026-01-12 03:05:39.939756,US$,Completed
ORD014367,CUST03497,2026-02-25 07:37:24.513743,USD,Cancelled
ORD014368,CUST03707,2025-07-18 19:33:08.522343,USD,Completed
ORD014369,CUST00750,2026-01-27 13:39:20.138881,usd,Completed
ORD014370,CUST01696,2025-12-26 04:16:35.525108,US$,Completed
ORD014371,CUST00247,2026-04-19 22:44:29.725725,USD,Completed
ORD014372,CUST04925,2025-08-08 01:27:03.472233,USD,Completed
ORD014373,CUST01790,2025-07-12 17:24:11.263882,USD ,Completed
ORD014374,CUST02670,2025-07-10 12:31:13.019469,$,Completed
ORD014375,CUST04101,2026-02-04 15:42:03.826816,USD,Refunded
ORD014376,CUST03642,2026-04-05 04:59:51.283543,USD,Completed
ORD014377,CUST03815_DUP,2025-10-20 10:30:03.134355,USD,Completed
ORD014378,CUST04411,2025-09-29 12:15:41.608243,USD,Cancelled
ORD014379,CUST02919,2025-07-22 23:23:20.557291,USD,Completed
ORD014380,CUST02245,2025-11-17 01:00:19.240331,usd,Completed
ORD014381,CUST04556,2025-07-27 10:34:32.247049,US$,Completed
ORD014382,CUST03118,2026-02-08 18:33:10.875897,USD,Completed
ORD014383,CUST00633,2026-05-28 04:16:15.148319,USD,Completed
ORD014384,CUST02033,2025-12-11 05:10:11.617468,$,Completed
ORD014385,CUST01197,2025-12-10 05:57:01.477634,US$,Completed
ORD014386,CUST01974,2026-01-18 23:37:51.008622,$,Refunded
ORD014387,CUST03154,2025-09-02 00:59:54.261281,USD,Completed
ORD014388,CUST02864,2025-08-05 11:21:46.187377,USD,Completed
ORD014389,CUST03531,2025-10-13 18:12:21.775752,$,Completed
ORD014390,CUST04613,2025-12-23 03:11:49.636377,$,Completed
ORD014391,CUST02972,2026-05-05 09:53:27.409976,USD,Completed
ORD014392,CUST02968,2025-09-25 05:56:02.537664,USD,Cancelled
ORD014393,CUST01232,2026-03-14 17:26:28.166070,USD,Completed
ORD014394,CUST03349,2025-11-21 13:46:24.758563,USD,Completed
ORD014395,CUST00467,2026-04-21 16:03:06.271965,US$,Cancelled
ORD014396,CUST01357,2025-08-02 01:20:12.045296,USD,Completed
ORD014397,CUST01528,2026-03-05 00:43:33.597215,USD,Completed
ORD014398,CUST04932,2026-01-30 13:46:13.444420,USD,Completed
ORD014399,CUST01199,2025-11-30 04:08:52.316433,USD,Cancelled
ORD014400,CUST01093,2025-11-26 06:26:50.453806,USD,Completed
ORD014401,CUST00093,2026-03-22 02:39:53.354148,USD,Completed
ORD014402,CUST00103,2025-12-04 16:13:37.284735,US$,Completed
ORD014403,CUST03897,2025-12-20 23:48:14.911509,USD,Cancelled
ORD014404,CUST04193,2025-08-08 08:02:30.463480,USD,Completed
ORD014405,CUST01041,2025-11-08 00:48:49.471262,USD,Completed
ORD014406,CUST04856,2026-05-19 11:33:31.958857,USD,Cancelled
ORD014407,CUST04055,2025-12-19 12:00:52.331863,USD,Completed
ORD014408,CUST03857,2026-06-18 15:10:38.236152,USD,Completed
ORD014409,CUST03961,2026-06-17 19:01:32.915704,USD,Completed
ORD014410,CUST02878,2025-12-15 05:18:20.519138,USD,Completed
ORD014411,CUST03928,2026-01-21 13:59:35.582597,USD ,Completed
ORD014412,CUST03733,2025-08-21 15:53:48.350915,$,Completed
ORD014413,CUST03939,2025-08-14 01:55:24.201576,US$,Completed
ORD014414,CUST03624,2026-01-11 03:46:23.303012,USD,Completed
ORD014415,CUST03896,2026-04-18 07:26:11.771204,US$,Completed
ORD014416,CUST00321,2026-06-13 20:51:51.409490,USD,Completed
ORD014417,CUST01004,2025-12-24 17:02:26.613289,usd,Completed
ORD014418,CUST04725,2026-01-16 11:22:07.845157,USD,Completed
ORD014419,CUST03025,2025-10-28 00:06:39.672445,US$,Completed
ORD014420,CUST01583,2025-10-23 10:50:33.144336,USD ,Completed
ORD014421,CUST01194,2026-06-26 21:00:52.649812,$,Completed
ORD014422,CUST01095_DUP,2025-07-31 23:27:11.310434,USD,Cancelled
ORD014423,CUST03777,2026-03-04 01:48:34.071181,$,Cancelled
ORD014424,CUST01804,2025-07-18 09:51:04.179707,USD,Completed
ORD014425,CUST03081,2025-08-31 09:54:11.486256,USD,Completed
ORD014426,CUST01898,2026-06-04 20:02:35.388279,USD,Completed
ORD014427,CUST02222,2025-09-28 12:44:46.999640,USD,Completed
ORD014428,CUST04015,2026-03-14 15:50:37.586725,USD,Completed
ORD014429,CUST02776,2025-12-19 20:43:25.891110,USD,Completed
ORD014430,CUST00995,2026-05-28 01:11:11.619596,USD,Completed
ORD014431,CUST04223,2026-01-06 12:35:28.197470,usd,Completed
ORD014432,CUST04753,2026-01-10 04:40:39.501439,US$,Cancelled
ORD014433,CUST04293,2025-08-11 19:26:57.817869,$,Completed
ORD014434,CUST04802,2026-01-02 14:25:53.473455,usd,Completed
ORD014435,CUST03596,2025-08-01 22:34:20.352983,USD,Completed
ORD014436,CUST04316,2026-06-10 23:42:44.503093,usd,Completed
ORD014437,CUST02911,2025-09-19 15:46:40.425294,$,Completed
ORD014438,CUST01062,2026-05-21 02:56:15.655725,US$,Completed
ORD014439,CUST01886,2025-08-28 17:59:05.471079,USD,Completed
ORD014440,CUST01495,2025-09-16 20:11:10.566136,usd,Cancelled
ORD014441,CUST02635,2026-02-10 22:19:17.283882,USD,Completed
ORD014442,CUST00226,2026-06-29 13:01:36.274473,usd,Completed
ORD014443,CUST04458,2025-09-12 19:40:25.427231,USD,Completed
ORD014444,CUST01642,2025-08-06 14:33:58.047477,$,Completed
ORD014445,CUST03356,2025-12-26 15:44:54.725435,USD,Completed
ORD014446,CUST04247,2026-04-13 02:16:56.801107,USD,Cancelled
ORD014447,CUST02048,2026-04-23 12:46:56.452468,USD,Completed
ORD014448,CUST02775,2026-06-23 05:23:56.776157,US$,Completed
ORD014449,CUST01716,2025-11-04 05:17:09.187356,USD,Completed
ORD014450,CUST01615,2025-12-01 11:04:21.641507,usd,Completed
ORD014451,CUST04186,2025-11-16 12:25:19.439809,US$,Completed
ORD014452,CUST03516,2025-09-14 20:15:15.088201,USD,Completed
ORD014453,CUST03151,2025-10-02 08:22:07.276567,USD,Completed
ORD014454,CUST00637_DUP,2026-03-15 03:07:46.544735,USD,Completed
ORD014455,CUST03213,2026-01-25 01:13:25.198309,USD,Completed
ORD014456,CUST00936,2026-06-03 13:44:31.245466,$,Completed
ORD014457,CUST02594,2025-09-30 00:37:18.683734,USD,Cancelled
ORD014458,CUST00326,2026-03-13 19:21:24.605631,USD,Completed
ORD014459,CUST03808,2025-09-13 17:40:34.292670,$,Completed
ORD014460,CUST04187,2025-11-30 01:24:24.437671,USD,Completed
ORD014461,CUST03194,2025-12-13 02:39:33.384197,USD,Completed
ORD014462,CUST02830,2025-08-31 13:33:51.835610,USD,Refunded
ORD014463,CUST00691,2025-08-07 02:13:51.449549,USD,Cancelled
ORD014464,CUST02257,2025-09-12 13:20:26.787704,USD,Completed
ORD014465,CUST01643,2026-05-08 17:55:26.585734,usd,Completed
ORD014466,CUST03204,2025-11-21 21:08:18.899132,US$,Completed
ORD014467,CUST03188,2025-07-23 12:07:40.288916,usd,Completed
ORD014468,CUST03093,2025-09-20 13:04:32.694208,USD,Completed
ORD014469,CUST00499,2025-09-05 09:03:44.471675,US$,Completed
ORD014470,CUST04494,2026-02-14 00:26:02.638951,USD,Completed
ORD014471,CUST03699,2025-09-17 04:06:14.056372,USD,Completed
ORD014472,CUST01003,2026-02-04 21:55:24.840458,USD,Completed
ORD014473,CUST02621,2025-12-27 18:14:10.632181,$,Cancelled
ORD014474,CUST04528,2025-09-01 18:55:58.705895,USD,Completed
ORD014475,CUST04911,2026-02-01 05:51:49.862822,USD,Completed
ORD014476,CUST03954,2025-07-01 06:07:29.564819,USD,Completed
ORD014477,CUST02333,2026-06-04 13:34:32.269409,$,Completed
ORD014478,CUST02975,2025-09-29 18:57:46.326619,USD,Completed
ORD014479,CUST01941,2026-02-27 19:15:53.596515,$,Completed
ORD014480,CUST01939,2026-06-13 10:00:03.450425,USD,Completed
ORD014481,CUST04759,2026-05-20 16:20:53.459614,USD,Completed
ORD014482,CUST01152,2026-01-23 13:10:49.063810,$,Completed
ORD014483,CUST04025,2026-01-16 12:12:27.388899,US$,Completed
ORD014484,CUST04790,2025-09-25 17:16:31.356301,USD,Completed
ORD014485,CUST00933_DUP,2025-09-10 10:10:13.521644,USD ,Refunded
ORD014486,CUST01603,2025-07-25 02:18:10.040760,USD,Completed
ORD014487,CUST03008,2025-07-29 20:33:26.911367,USD,Completed
ORD014488,CUST00066,2025-07-19 00:35:58.001071,USD,Completed
ORD014489,CUST01385,2026-02-06 13:12:56.317976,USD,Cancelled
ORD014490,CUST03918,2025-12-02 13:16:39.833427,USD,Completed
ORD014491,CUST04535,2025-08-26 14:06:45.759856,USD,Completed
ORD014492,CUST01272,2026-05-21 09:33:09.857840,USD,Completed
ORD014493,CUST00018,2026-03-02 17:29:55.040717,$,Completed
ORD014494,CUST04069,2026-03-30 21:20:34.340700,USD,Completed
ORD014495,CUST04072,2025-08-01 00:40:33.863581,USD,Completed
ORD014496,CUST02132,2026-01-28 06:40:07.661053,USD,Completed
ORD014497,CUST03300,2026-03-08 15:17:26.216050,USD,Completed
ORD014498,CUST02892,2026-05-21 01:16:21.725361,USD,Completed
ORD014499,CUST04387,2026-06-10 06:18:02.003290,USD,Completed
ORD014500,CUST01360,2026-01-18 14:36:11.993822,USD,Completed
ORD014501,CUST00962,2025-08-09 08:39:39.181296,USD,Refunded
ORD014502,CUST01632,2026-06-08 09:02:18.051281,USD,Completed
ORD014503,CUST04921,2026-04-14 14:12:37.228320,USD,Completed
ORD014504,CUST03046,2026-04-03 03:21:28.061171,USD,Cancelled
ORD014505,CUST00654,2025-11-25 00:01:54.734300,USD ,Completed
ORD014506,CUST00177,2025-12-25 10:02:26.350068,US$,Completed
ORD014507,CUST02865,2025-10-18 11:01:12.853002,USD,Completed
ORD014508,CUST04169,2026-02-17 10:11:30.006687,US$,Completed
ORD014509,CUST00454,2025-08-10 07:59:42.268809,USD,Completed
ORD014510,CUST00591,2025-10-07 14:29:19.277395,USD,Completed
ORD014511,CUST00831,2026-02-07 01:46:20.169298,USD,Completed
ORD014512,CUST04201,2025-11-02 15:32:33.696557,USD,Completed
ORD014513,CUST01796,2026-02-13 00:11:35.583047,USD,Completed
ORD014514,CUST01127,2026-05-07 03:07:39.045306,USD,Completed
ORD014515,CUST01684,2025-12-14 21:09:37.214388,USD,Completed
ORD014516,CUST03912,2026-05-08 17:25:34.554732,USD,Completed
ORD014517,CUST03181,2025-09-19 11:54:43.053549,USD,Completed
ORD014518,CUST02247,2025-09-14 15:28:33.693856,$,Completed
ORD014519,CUST02975,2025-12-10 03:26:37.486724,USD,Completed
ORD014520,CUST00177,2026-03-05 07:58:42.971389,USD,Completed
ORD014521,CUST02085,2026-01-17 00:08:23.178903,US$,Completed
ORD014522,CUST02565,2025-09-18 15:17:43.774873,USD,Completed
ORD014523,CUST02325,2025-08-30 01:40:47.828492,USD,Cancelled
ORD014524,CUST03091,2025-11-25 18:01:00.404784,USD,Completed
ORD014525,CUST02159,2026-01-17 15:01:53.431795,US$,Refunded
ORD014526,CUST03193,2025-11-24 08:05:38.110191,$,Completed
ORD014527,CUST04124,2025-08-14 05:34:16.839064,USD,Completed
ORD014528,CUST04692,2026-01-26 11:41:04.994403,USD,Completed
ORD014529,CUST01042,2026-05-25 16:02:54.943754,usd,Completed
ORD014530,CUST01020,2025-10-11 06:11:14.515966,USD,Refunded
ORD014531,CUST02518,2025-08-12 19:53:41.061531,US$,Completed
ORD014532,CUST03808,2025-07-24 06:36:40.949201,USD,Completed
ORD014533,CUST04191,2025-11-19 14:47:50.185162,USD,Completed
ORD014534,CUST04246,2026-04-13 01:01:17.865005,US$,Completed
ORD014535,CUST01500,2025-07-04 12:00:28.954818,USD,Completed
ORD014536,CUST01998,2026-05-06 21:51:25.999060,usd,Refunded
ORD014537,CUST03601,2026-01-12 15:47:20.479072,US$,Completed
ORD014538,CUST04656,2025-09-04 09:14:01.238961,US$,Completed
ORD014539,CUST02443,2026-03-16 03:33:08.546043,USD ,Completed
ORD014540,CUST00544,2025-08-31 07:33:10.079712,USD,Completed
ORD014541,CUST02596,2025-11-22 06:38:35.045634,USD,Completed
ORD014542,CUST01287,2025-12-01 18:25:33.277613,USD,Completed
ORD014543,CUST02869,2026-05-23 02:43:55.912089,USD ,Completed
ORD014544,CUST04721,2025-12-19 23:01:20.196974,USD,Completed
ORD014545,CUST04138,2025-10-29 15:40:06.330799,USD,Completed
ORD014546,CUST00837,2025-10-25 21:06:02.572802,USD,Completed
ORD014547,CUST04283,2025-12-31 17:12:42.986442,$,Completed
ORD014548,CUST00564,2026-04-12 19:45:13.706995,USD,Refunded
ORD014549,CUST00537,2026-01-30 11:37:29.362357,USD,Completed
ORD014550,CUST00409,2025-11-28 03:03:22.732158,USD,Completed
ORD014551,CUST00038,2025-07-01 23:57:16.967958,USD,Completed
ORD014552,CUST01121,2026-04-12 09:03:22.420061,usd,Completed
ORD014553,CUST03194,2026-03-26 17:05:36.245281,USD,Cancelled
ORD014554,CUST04868,2025-09-13 19:10:18.470859,USD,Completed
ORD014555,CUST01588,2025-12-06 06:05:12.163617,USD,Completed
ORD014556,CUST00859,2026-06-07 19:12:23.487889,USD,Completed
ORD014557,CUST04866,2025-09-30 17:15:24.802006,$,Completed
ORD014558,CUST02490,2025-09-18 05:41:57.967930,USD,Completed
ORD014559,CUST03619,2026-04-05 04:22:21.438726,USD,Completed
ORD014560,CUST02799,2026-06-20 08:53:58.936376,USD,Refunded
ORD014561,CUST03995,2026-03-24 00:18:14.621827,USD,Completed
ORD014562,CUST02620,2025-08-30 17:44:50.705353,USD,Completed
ORD014563,CUST04713,2025-09-09 05:03:06.313515,USD,Completed
ORD014564,CUST01250,2026-02-01 11:06:34.291028,USD,Completed
ORD014565,CUST03213,2026-02-06 17:55:11.812791,USD,Completed
ORD014566,CUST04376,2026-06-04 16:35:21.112986,$,Completed
ORD014567,CUST04367,2025-08-03 22:28:10.181358,USD,Completed
ORD014568,CUST04805,2026-05-02 15:28:57.774316,USD,Completed
ORD014569,CUST01307,2025-11-12 10:11:01.139299,USD,Completed
ORD014570,CUST00427,2026-05-20 11:54:57.758287,USD,Completed
ORD014571,CUST00160,2026-06-25 14:38:31.736879,US$,Completed
ORD014572,CUST02062,2026-05-09 22:53:21.943141,USD,Completed
ORD014573,CUST02846,2025-12-27 00:53:24.239266,USD,Completed
ORD014574,CUST01699,2025-07-30 23:45:34.156651,USD,Completed
ORD014575,CUST04275,2026-06-12 19:22:01.221223,US$,Refunded
ORD014576,CUST01954,2025-08-23 19:58:12.871510,usd,Completed
ORD014577,CUST01498,2025-11-28 03:36:33.063103,USD,Completed
ORD014578,CUST02804,2025-11-15 07:28:56.929100,USD,Completed
ORD014579,CUST04796,2026-02-09 16:31:30.752632,USD,Cancelled
ORD014580,CUST03265,2025-11-20 17:00:39.125703,usd,Completed
ORD014581,CUST01917,2025-10-11 14:01:49.440376,USD,Completed
ORD014582,CUST03177,2025-11-16 18:24:33.538089,USD,Completed
ORD014583,CUST04262,2025-09-04 10:33:28.090647,USD,Completed
ORD014584,CUST04179,2026-04-23 15:47:35.699486,USD,Completed
ORD014585,CUST02052,2025-11-02 00:23:38.068617,USD,Completed
ORD014586,CUST02369,2025-11-30 19:16:00.289285,USD,Completed
ORD014587,CUST04498,2026-04-26 21:55:34.675787,USD,Completed
ORD014588,CUST01739,2025-08-10 14:32:24.360152,USD,Completed
ORD014589,CUST04225,2026-02-06 23:29:55.689830,US$,Completed
ORD014590,CUST03779,2025-12-30 17:34:23.613153,USD,Completed
ORD014591,CUST04872,2026-06-07 21:33:51.883684,USD,Completed
ORD014592,CUST02702,2025-07-13 19:04:48.471029,usd,Completed
ORD014593,CUST01245,2026-04-25 12:07:51.602177,US$,Completed
ORD014594,CUST04040,2025-12-27 06:48:24.586197,USD,Refunded
ORD014595,CUST03013,2026-04-09 10:27:52.663334,USD,Completed
ORD014596,CUST01284,2026-06-02 15:11:49.882820,USD,Completed
ORD014597,CUST00385,2026-03-26 21:12:40.638537,usd,Completed
ORD014598,CUST03400,2025-07-21 22:37:09.241447,usd,Completed
ORD014599,CUST04882,2025-09-23 15:16:35.972433,USD,Completed
ORD014600,CUST02240,2026-02-25 06:54:15.578692,USD,Cancelled
ORD014601,CUST02016,2025-09-14 16:38:53.642066,US$,Completed
ORD014602,CUST00839,2026-06-07 15:03:26.667800,USD,Completed
ORD014603,CUST03702,2025-07-29 01:05:30.089990,USD,Completed
ORD014604,CUST04683,2025-07-10 04:38:05.991150,USD,Completed
ORD014605,CUST02067,2025-11-17 09:50:08.404732,usd,Cancelled
ORD014606,CUST03033,2026-03-12 15:45:13.729289,USD,Completed
ORD014607,CUST01661_DUP,2025-09-11 07:35:46.612443,USD,Completed
ORD014608,CUST00462,2026-06-11 05:43:49.695100,US$,Completed
ORD014609,CUST03160,2025-12-24 02:59:10.671755,USD,Completed
ORD014610,CUST03355,2026-02-25 06:29:43.769886,USD,Completed
ORD014611,CUST01240,2026-06-18 01:33:19.948819,USD,Completed
ORD014612,CUST02282,2026-01-11 00:16:16.993158,USD,Completed
ORD014613,CUST04643,2025-08-22 09:02:28.280007,USD,Completed
ORD014614,CUST03514,2026-04-04 00:30:05.479459,USD,Completed
ORD014615,CUST03716,2026-05-23 19:15:29.642822,USD,Completed
ORD014616,CUST04841,2026-05-09 18:11:54.146688,USD,Cancelled
ORD014617,CUST01091,2025-09-04 10:09:12.807818,USD,Completed
ORD014618,CUST02987,2026-04-06 15:20:20.844612,USD,Completed
ORD014619,CUST02776,2026-01-22 23:44:40.897733,$,Completed
ORD014620,CUST04210,2026-06-18 06:51:42.483685,USD,Completed
ORD014621,CUST00064,2026-05-15 10:27:36.302269,USD,Completed
ORD014622,CUST02627,2026-06-18 05:43:17.029834,USD,Completed
ORD014623,CUST01998,2026-02-28 23:30:23.504695,USD,Completed
ORD014624,CUST00168,2026-01-11 12:30:44.645835,USD,Completed
ORD014625,CUST01632,2025-10-06 20:41:24.388050,USD,Completed
ORD014626,CUST04349,2025-07-19 17:27:50.160834,USD,Cancelled
ORD014627,CUST03682,2025-07-02 16:02:06.712137,US$,Completed
ORD014628,CUST02962,2025-08-18 20:16:23.137238,USD,Completed
ORD014629,CUST02884,2025-11-09 03:04:46.574289,USD,Completed
ORD014630,CUST02344,2025-07-12 10:49:19.373342,USD,Completed
ORD014631,CUST02054,2025-10-06 04:32:02.503906,USD,Refunded
ORD014632,CUST02023,2025-09-08 22:32:30.861510,USD,Completed
ORD014633,CUST00104,2025-10-12 23:22:49.563948,USD,Completed
ORD014634,CUST00301,2025-10-07 19:56:43.366803,USD,Completed
ORD014635,CUST00620,2026-04-25 14:47:24.728760,USD,Cancelled
ORD014636,CUST04469,2026-02-22 03:50:24.734491,USD,Completed
ORD014637,CUST01989,2025-12-31 10:49:23.153309,USD,Completed
ORD014638,CUST02815,2026-03-23 00:52:36.893886,usd,Completed
ORD014639,CUST02730,2026-06-04 11:53:12.947185,$,Completed
ORD014640,CUST00638,2025-08-16 16:21:32.689122,USD,Completed
ORD014641,CUST00454,2026-06-08 07:28:13.551620,US$,Completed
ORD014642,CUST02154,2025-11-22 16:32:16.114309,usd,Completed
ORD014643,CUST04528,2025-09-17 08:49:15.151014,US$,Completed
ORD014644,CUST00054,2026-03-15 16:00:28.802054,USD,Completed
ORD014645,CUST00759,2026-06-21 12:32:50.794169,USD,Completed
ORD014646,CUST04481,2025-12-15 19:58:41.518006,USD,Completed
ORD014647,CUST01910,2026-04-04 21:14:24.898550,usd,Completed
ORD014648,CUST04645,2026-05-29 06:17:16.489138,$,Completed
ORD014649,CUST03394,2026-01-13 02:58:53.217695,$,Completed
ORD014650,CUST02019,2025-07-08 14:44:33.608537,USD,Completed
ORD014651,CUST02981,2026-05-05 03:07:48.479304,$,Completed
ORD014652,CUST04641,2025-08-31 03:24:37.363808,usd,Completed
ORD014653,CUST02002,2026-06-29 20:51:25.577723,$,Completed
ORD014654,CUST03348_DUP,2026-05-15 08:44:40.597627,USD,Completed
ORD014655,CUST01611,2026-02-10 01:43:41.793228,USD,Completed
ORD014656,CUST03987,2026-04-10 20:04:28.218886,USD,Completed
ORD014657,CUST02675,2025-11-26 11:12:25.326225,usd,Completed
ORD014658,CUST04502,2025-11-21 21:08:19.009565,USD,Completed
ORD014659,CUST04800,2025-11-15 23:28:05.455755,$,Completed
ORD014660,CUST02782,2025-08-11 05:44:35.648413,USD,Completed
ORD014661,CUST02320,2026-02-12 19:58:04.254962,$,Completed
ORD014662,CUST02650,2026-06-26 20:58:03.648208,$,Completed
ORD014663,CUST02868,2026-04-10 06:07:47.451545,USD,Completed
ORD014664,CUST03305,2026-03-10 10:43:30.356747,USD,Completed
ORD014665,CUST01499,2025-12-08 16:27:57.818543,USD,Completed
ORD014666,CUST03401,2025-08-31 13:37:17.474597,USD,Completed
ORD014667,CUST00313,2025-09-18 19:51:05.545327,USD,Completed
ORD014668,CUST00491,2025-08-30 03:13:41.362240,USD,Completed
ORD014669,CUST00368,2025-09-18 17:19:27.374938,$,Cancelled
ORD014670,CUST04431,2026-01-10 18:29:22.320433,US$,Completed
ORD014671,CUST04947,2025-12-11 19:17:41.259934,USD,Completed
ORD014672,CUST02213,2025-12-10 23:02:18.151652,USD,Completed
ORD014673,CUST03731,2026-06-17 00:11:16.677025,USD,Completed
ORD014674,CUST01963,2026-06-28 12:42:36.235223,USD,Cancelled
ORD014675,CUST03674,2026-01-31 13:44:52.173422,usd,Completed
ORD014676,CUST00073,2026-02-12 07:05:21.318209,USD,Completed
ORD014677,CUST00090,2025-07-21 16:19:45.868038,$,Completed
ORD014678,CUST04803,2026-01-05 22:14:16.310080,US$,Completed
ORD014679,CUST04873,2025-07-25 03:32:41.575958,USD,Completed
ORD014680,CUST02718,2025-08-23 17:01:47.565578,USD,Cancelled
ORD014681,CUST03669,2025-11-10 09:41:43.517040,USD,Completed
ORD014682,CUST00428,2025-10-28 14:17:39.338252,usd,Completed
ORD014683,CUST00571,2026-05-12 12:16:20.596385,$,Cancelled
ORD014684,CUST01361,2025-12-13 15:57:40.197588,US$,Completed
ORD014685,CUST02602,2026-01-24 08:44:09.296952,USD,Completed
ORD014686,CUST00589,2026-06-11 21:44:54.834977,USD ,Completed
ORD014687,CUST01218,2025-11-09 20:16:54.286541,USD,Completed
ORD014688,CUST01806,2026-03-01 22:28:15.607087,US$,Completed
ORD014689,CUST03495,2025-07-25 03:00:20.426531,USD,Cancelled
ORD014690,CUST00558,2025-11-19 07:37:35.667940,USD,Completed
ORD014691,CUST00248,2025-10-14 20:21:01.397592,US$,Completed
ORD014692,CUST02528,2026-02-18 12:36:59.477638,USD,Completed
ORD014693,CUST02637,2026-03-21 16:47:08.372199,USD ,Completed
ORD014694,CUST02071,2026-01-13 10:34:25.568158,USD,Completed
ORD014695,CUST02791,2026-01-10 05:57:35.568942,usd,Cancelled
ORD014696,CUST02097,2025-07-09 20:05:52.244134,USD,Completed
ORD014697,CUST03195,2026-02-04 20:22:45.633431,USD,Completed
ORD014698,CUST00607,2025-07-19 22:31:42.167583,USD,Refunded
ORD014699,CUST02862,2026-04-15 20:12:11.377138,USD,Completed
ORD014700,CUST00077,2025-07-12 02:10:52.290689,USD,Completed
ORD014701,CUST02343,2026-02-16 05:32:21.270265,USD,Cancelled
ORD014702,CUST01738,2026-03-15 14:29:12.953926,USD,Completed
ORD014703,CUST00412,2026-03-30 06:54:58.628550,USD,Completed
ORD014704,CUST01904,2025-10-27 17:37:57.131860,USD,Completed
ORD014705,CUST00586,2025-09-06 00:22:36.571938,US$,Completed
ORD014706,CUST00217,2025-08-22 11:11:07.228273,US$,Refunded
ORD014707,CUST01381,2025-08-04 05:44:01.343024,USD,Completed
ORD014708,CUST02641,2026-02-11 09:05:51.644867,US$,Completed
ORD014709,CUST02917_DUP,2026-05-23 01:34:10.678793,USD,Completed
ORD014710,CUST04701,2025-09-09 18:17:06.052794,USD,Completed
ORD014711,CUST04508,2026-01-19 22:08:20.024312,US$,Completed
ORD014712,CUST01494,2025-08-05 22:57:21.749146,USD,Completed
ORD014713,CUST01140,2025-07-04 19:29:47.289837,USD,Completed
ORD014714,CUST01322,2025-08-31 05:51:24.565377,usd,Cancelled
ORD014715,CUST01635,2025-07-09 19:53:08.765054,$,Cancelled
ORD014716,CUST03459,2025-11-03 12:13:43.470041,USD,Refunded
ORD014717,CUST00903,2026-01-06 22:49:20.521803,USD,Completed
ORD014718,CUST04494,2026-01-05 14:50:35.473640,US$,Completed
ORD014719,CUST00850,2026-04-13 08:07:09.408227,usd,Completed
ORD014720,CUST00239,2026-03-29 05:47:17.397648,usd,Completed
ORD014721,CUST02628,2025-09-22 00:52:33.367203,USD,Completed
ORD014722,CUST04385,2026-02-05 07:07:47.236818,USD,Completed
ORD014723,CUST00586,2026-01-18 01:02:45.344872,usd,Cancelled
ORD014724,CUST01640,2025-11-11 06:33:33.054841,US$,Completed
ORD014725,CUST02770,2025-10-04 02:30:35.732726,USD,Completed
ORD014726,CUST00751,2025-12-04 14:10:39.340524,USD,Completed
ORD014727,CUST00190,2026-01-05 10:15:46.088650,USD,Completed
ORD014728,CUST04662,2025-09-04 10:22:20.492597,USD,Completed
ORD014729,CUST01808,2026-06-02 14:50:00.341869,USD,Completed
ORD014730,CUST01333,2026-06-06 11:02:10.380590,USD,Cancelled
ORD014731,CUST00691,2025-07-30 07:30:01.842466,USD,Completed
ORD014732,CUST02499,2025-12-11 17:27:14.434962,USD,Completed
ORD014733,CUST00332,2026-02-05 10:49:08.106001,USD,Completed
ORD014734,CUST01939,2026-01-01 14:11:38.802170,USD,Completed
ORD014735,CUST00056,2025-08-26 20:34:57.063350,USD,Completed
ORD014736,CUST03319,2025-11-02 10:08:11.743434,usd,Completed
ORD014737,CUST01546,2025-07-17 03:03:15.026708,USD,Completed
ORD014738,CUST00182,2025-12-16 03:22:06.797783,USD,Completed
ORD014739,CUST02282,2026-06-05 06:19:53.208304,USD,Completed
ORD014740,CUST02144,2025-08-31 01:41:52.570392,USD,Cancelled
ORD014741,CUST02426,2026-02-28 21:10:29.771757,USD,Completed
ORD014742,CUST00617,2026-04-06 16:02:56.805912,USD,Completed
ORD014743,CUST02423,2026-06-20 04:38:35.567945,USD,Completed
ORD014744,CUST01942,2026-01-11 03:37:48.327797,USD,Completed
ORD014745,CUST00181,2025-10-23 00:07:32.072126,USD,Cancelled
ORD014746,CUST04507,2026-05-09 15:07:15.709564,USD,Cancelled
ORD014747,CUST02647,2025-09-19 19:19:28.685283,USD,Cancelled
ORD014748,CUST01853,2025-12-19 10:43:14.586809,USD,Completed
ORD014749,CUST02268,2025-10-06 10:13:23.571166,USD,Completed
ORD014750,CUST00812,2025-08-13 06:59:59.638284,USD,Completed
ORD014751,CUST01104,2026-05-05 07:31:18.565922,USD,Completed
ORD014752,CUST02798,2026-03-21 03:47:49.268104,$,Completed
ORD014753,CUST02941,2026-05-07 11:33:06.378408,USD,Completed
ORD014754,CUST03852,2025-12-16 08:29:28.767132,US$,Completed
ORD014755,CUST01115,2026-02-21 10:12:49.672653,USD,Completed
ORD014756,CUST01409,2025-10-28 21:48:52.679988,USD,Completed
ORD014757,CUST01442_DUP,2026-04-19 23:31:05.227772,USD,Completed
ORD014758,CUST01428,2025-11-30 07:53:11.480251,USD,Completed
ORD014759,CUST04034,2026-06-10 00:59:49.344001,USD,Completed
ORD014760,CUST00073,2025-11-12 09:14:59.184212,USD,Completed
ORD014761,CUST00781,2026-03-15 16:53:20.636596,USD,Completed
ORD014762,CUST03699,2026-03-18 02:33:40.083274,US$,Completed
ORD014763,CUST00624,2026-05-20 23:00:28.675516,USD ,Cancelled
ORD014764,CUST04220,2025-09-28 10:19:42.392169,USD,Completed
ORD014765,CUST03502,2025-07-14 14:30:06.256165,USD,Completed
ORD014766,CUST04990,2025-07-17 18:25:03.007849,usd,Completed
ORD014767,CUST00949,2026-02-27 18:56:50.383123,USD,Completed
ORD014768,CUST04639,2026-01-01 06:02:53.269319,USD,Completed
ORD014769,CUST01000,2025-10-11 20:46:22.569019,usd,Completed
ORD014770,CUST00472,2025-07-11 07:31:31.670499,USD,Completed
ORD014771,CUST02775,2025-08-28 01:27:33.544762,$,Completed
ORD014772,CUST02367,2026-01-13 21:53:27.450721,US$,Completed
ORD014773,CUST04558,2026-05-15 23:34:45.971946,USD,Cancelled
ORD014774,CUST01616,2025-09-15 17:37:59.352460,US$,Completed
ORD014775,CUST04697,2025-10-24 14:02:34.542834,USD,Completed
ORD014776,CUST00753,2026-06-22 04:28:14.535366,USD,Completed
ORD014777,CUST02445,2025-12-09 02:01:19.039986,USD,Completed
ORD014778,CUST03341,2025-10-23 22:44:09.329041,USD,Completed
ORD014779,CUST03440,2025-11-07 18:35:19.501116,USD,Completed
ORD014780,CUST04509,2026-02-14 13:20:12.428800,USD,Completed
ORD014781,CUST02498,2025-08-17 21:37:24.594176,USD,Completed
ORD014782,CUST03001,2026-04-08 19:31:57.124056,usd,Completed
ORD014783,CUST02430,2026-05-18 18:56:14.628036,US$,Refunded
ORD014784,CUST03983,2025-11-24 04:14:36.725785,USD,Completed
ORD014785,CUST02872,2026-03-01 09:01:48.836664,USD,Completed
ORD014786,CUST00783,2026-01-15 16:40:11.706257,USD,Completed
ORD014787,CUST02516,2025-08-25 21:08:01.245785,$,Completed
ORD014788,CUST04971,2026-03-23 09:48:30.802680,USD,Cancelled
ORD014789,CUST03668,2026-04-26 09:21:28.475957,USD,Completed
ORD014790,CUST04336,2025-11-09 13:27:04.208889,USD,Completed
ORD014791,CUST02822,2025-08-28 21:04:23.608089,USD,Completed
ORD014792,CUST01547,2025-07-07 23:11:17.136427,usd,Completed
ORD014793,CUST03863,2025-08-01 02:08:29.912283,USD,Completed
ORD014794,CUST02059,2025-07-09 02:12:52.737338,USD,Completed
ORD014795,CUST04659,2025-12-30 17:35:11.010381,USD,Completed
ORD014796,CUST01522,2025-07-13 15:13:00.877859,US$,Refunded
ORD014797,CUST01521,2026-04-04 00:12:40.889420,USD,Completed
ORD014798,CUST03710,2025-11-22 16:54:19.806536,US$,Completed
ORD014799,CUST01882,2025-11-25 03:00:46.919086,USD,Completed
ORD014800,CUST01131,2026-04-04 23:11:07.699912,USD,Refunded
ORD014801,CUST04978,2025-09-30 22:46:02.638802,usd,Completed
ORD014802,CUST01483,2026-03-11 16:59:57.608277,USD ,Completed
ORD014803,CUST00249,2025-09-13 21:29:39.335008,USD,Completed
ORD014804,CUST00501,2026-02-25 19:45:23.715502,USD,Completed
ORD014805,CUST00250,2025-10-09 02:21:27.295883,usd,Completed
ORD014806,CUST00895,2026-03-01 06:05:08.387532,US$,Completed
ORD014807,CUST03161,2025-07-14 06:24:14.506307,usd,Cancelled
ORD014808,CUST04061,2025-08-17 05:59:23.204816,USD,Completed
ORD014809,CUST02763,2025-08-23 13:18:41.491171,USD,Completed
ORD014810,CUST04501,2026-05-15 14:10:12.092652,USD,Completed
ORD014811,CUST03968,2025-10-12 13:03:23.141965,USD,Cancelled
ORD014812,CUST02421,2026-04-17 17:28:47.102961,USD,Completed
ORD014813,CUST02742,2025-08-15 21:24:05.442549,usd,Completed
ORD014814,CUST03861,2025-12-24 08:02:55.058996,USD,Completed
ORD014815,CUST00159,2026-01-15 11:53:42.681971,US$,Completed
ORD014816,CUST01831,2025-07-13 17:32:37.132432,USD,Completed
ORD014817,CUST02415,2025-10-11 23:14:13.010454,$,Completed
ORD014818,CUST01737,2025-12-02 21:20:19.245855,USD,Completed
ORD014819,CUST04385,2026-05-22 16:10:12.060258,USD,Cancelled
ORD014820,CUST04763,2026-02-27 21:34:23.186552,USD ,Completed
ORD014821,CUST04698,2025-10-30 12:22:10.558966,US$,Completed
ORD014822,CUST03888,2026-05-28 21:52:46.415653,USD,Completed
ORD014823,CUST01073,2026-01-14 05:19:06.547293,usd,Completed
ORD014824,CUST01630,2026-05-22 13:16:51.745411,USD,Completed
ORD014825,CUST00198,2025-08-06 21:06:43.133971,USD,Completed
ORD014826,CUST00278,2026-05-10 11:00:08.062555,USD,Completed
ORD014827,CUST03168,2025-10-17 00:03:45.548985,usd,Completed
ORD014828,CUST02347,2025-11-22 10:38:54.899509,$,Completed
ORD014829,CUST04948,2025-11-17 02:41:26.843267,USD,Completed
ORD014830,CUST00406,2025-10-05 15:19:56.954995,USD,Completed
ORD014831,CUST01908,2026-03-17 01:51:02.706623,USD,Completed
ORD014832,CUST01835,2025-09-09 07:43:52.181021,$,Completed
ORD014833,CUST03502,2025-10-21 16:49:54.641361,USD,Completed
ORD014834,CUST01998,2026-06-04 07:11:42.762279,USD,Completed
ORD014835,CUST00618,2025-11-12 12:12:36.365386,USD,Completed
ORD014836,CUST04010,2025-09-30 11:08:30.733367,USD,Completed
ORD014837,CUST00591,2025-10-26 19:05:27.579852,USD,Completed
ORD014838,CUST00683,2025-10-01 20:33:18.507120,USD,Cancelled
ORD014839,CUST02225,2026-03-14 23:08:19.075749,USD,Completed
ORD014840,CUST02126,2026-06-29 16:53:18.113008,USD,Completed
ORD014841,CUST00188,2025-07-30 20:16:41.837902,US$,Cancelled
ORD014842,CUST00704,2026-04-18 00:56:00.572251,USD,Completed
ORD014843,CUST03963,2026-04-11 23:16:04.166682,US$,Completed
ORD014844,CUST04924,2025-11-12 10:55:00.428290,US$,Completed
ORD014845,CUST03885,2025-10-20 13:03:13.776780,USD,Completed
ORD014846,CUST04309,2025-09-06 23:35:39.016657,USD,Completed
ORD014847,CUST03961,2025-08-21 12:04:41.009972,USD,Completed
ORD014848,CUST00203,2025-08-11 03:36:12.921173,USD,Completed
ORD014849,CUST03288,2026-05-08 07:57:28.021636,USD,Cancelled
ORD014850,CUST00411,2025-08-21 20:32:16.258464,usd,Completed
ORD014851,CUST03162,2025-10-21 03:11:57.483588,$,Completed
ORD014852,CUST04943,2026-01-17 20:38:38.610105,USD,Cancelled
ORD014853,CUST02995,2026-05-18 04:43:28.375440,usd,Completed
ORD014854,CUST01419,2025-09-12 04:58:02.503464,$,Completed
ORD014855,CUST04269,2026-05-21 07:12:33.326294,USD,Completed
ORD014856,CUST04928,2026-01-23 03:56:23.737142,USD,Completed
ORD014857,CUST04760,2026-02-22 19:45:15.051543,USD,Completed
ORD014858,CUST04031,2025-11-13 20:37:14.718302,USD,Completed
ORD014859,CUST01670,2025-07-22 23:08:44.175768,usd,Completed
ORD014860,CUST04834,2025-08-02 23:22:42.904998,US$,Completed
ORD014861,CUST02081,2025-12-18 18:02:43.510078,USD,Completed
ORD014862,CUST04792,2025-08-14 20:09:48.674886,usd,Completed
ORD014863,CUST02516,2025-12-05 13:32:28.641861,USD,Completed
ORD014864,CUST00053,2025-08-21 12:12:35.376560,USD,Cancelled
ORD014865,CUST03036,2025-11-22 04:50:37.175362,USD ,Completed
ORD014866,CUST04341,2025-10-23 11:47:27.468053,USD,Completed
ORD014867,CUST04880,2026-03-23 02:18:49.211250,USD,Completed
ORD014868,CUST01386,2026-02-05 19:43:00.801584,USD,Refunded
ORD014869,CUST02597,2025-12-29 21:01:03.366472,USD,Completed
ORD014870,CUST04402,2026-06-11 18:09:52.030213,USD ,Completed
ORD014871,CUST01595,2026-03-25 09:46:19.589477,USD,Completed
ORD014872,CUST03763,2026-01-18 17:12:19.636699,US$,Completed
ORD014873,CUST00857,2025-12-21 16:55:23.805331,USD,Completed
ORD014874,CUST02881,2026-03-25 22:15:50.884207,USD,Completed
ORD014875,CUST03502,2026-02-23 07:42:50.180867,USD,Completed
ORD014876,CUST01653,2025-11-05 15:54:54.873892,USD,Cancelled
ORD014877,CUST02403,2025-11-09 02:54:54.110490,usd,Completed
ORD014878,CUST00105,2025-07-04 06:56:41.341761,$,Completed
ORD014879,CUST03993,2025-10-09 14:41:51.417336,USD,Cancelled
ORD014880,CUST03729,2026-05-21 14:58:08.771972,USD,Completed
ORD014881,CUST01693,2026-02-03 03:08:46.325013,USD,Completed
ORD014882,CUST02221,2026-05-13 10:08:03.755628,USD,Completed
ORD014883,CUST03115,2025-11-16 00:53:46.381302,usd,Completed
ORD014884,CUST04661,2025-12-05 09:29:28.202265,USD,Completed
ORD014885,CUST03658,2026-02-08 09:31:48.229831,USD,Refunded
ORD014886,CUST00981,2025-07-15 00:07:49.996156,USD,Cancelled
ORD014887,CUST02138,2026-06-20 17:07:22.845041,$,Refunded
ORD014888,CUST04044,2025-10-20 11:58:13.744045,USD,Completed
ORD014889,CUST02070,2025-07-02 20:35:44.130820,USD,Completed
ORD014890,CUST00250,2025-11-16 13:09:27.524915,USD,Cancelled
ORD014891,CUST04902,2025-11-15 03:02:54.838547,USD,Completed
ORD014892,CUST04947,2025-09-05 17:58:12.257475,$,Cancelled
ORD014893,CUST00712,2025-09-29 20:11:44.188919,USD,Completed
ORD014894,CUST02813,2026-06-10 07:24:20.877298,$,Completed
ORD014895,CUST01454,2025-08-16 01:12:59.062539,USD,Completed
ORD014896,CUST04548,2026-03-25 18:26:46.787370,USD,Completed
ORD014897,CUST01178,2025-12-12 04:02:17.541589,USD,Completed
ORD014898,CUST02182,2025-08-11 05:20:35.715930,USD,Completed
ORD014899,CUST04986,2025-08-12 20:01:29.689600,USD,Completed
ORD014900,CUST01940,2026-03-21 16:10:04.180811,USD,Completed
ORD014901,CUST00441,2025-09-09 04:30:02.485809,USD,Cancelled
ORD014902,CUST04591,2026-02-05 15:54:33.339952,USD,Completed
ORD014903,CUST01285,2025-07-28 04:44:12.802517,USD,Completed
ORD014904,CUST00887,2026-05-18 23:22:51.267676,USD,Completed
ORD014905,CUST02597,2026-03-30 15:45:20.076753,usd,Completed
ORD014906,CUST04962,2025-12-10 19:49:12.889996,USD,Refunded
ORD014907,CUST02568,2026-02-14 07:49:01.691587,USD,Completed
ORD014908,CUST01447,2026-06-06 08:00:11.263808,USD,Cancelled
ORD014909,CUST00607,2026-05-25 10:28:07.820302,usd,Completed
ORD014910,CUST04045,2026-05-30 21:34:47.023649,$,Completed
ORD014911,CUST03423,2026-03-17 07:52:25.002646,USD,Completed
ORD014912,CUST01930,2026-03-28 16:01:30.556140,USD,Completed
ORD014913,CUST02541,2026-05-22 01:06:47.903204,$,Completed
ORD014914,CUST01000,2025-07-02 09:47:09.908877,USD,Completed
ORD014915,CUST02319,2026-02-08 06:20:28.955431,USD,Completed
ORD014916,CUST03914,2026-02-07 07:06:35.052062,usd,Completed
ORD014917,CUST02486,2026-02-14 11:56:20.070435,USD,Completed
ORD014918,CUST00615,2025-08-14 16:14:07.882040,US$,Completed
ORD014919,CUST01157,2026-01-13 22:02:11.907333,USD,Completed
ORD014920,CUST03921,2026-05-17 12:17:13.793104,USD,Completed
ORD014921,CUST04284,2025-12-03 08:39:32.863770,USD,Completed
ORD014922,CUST03186_DUP,2025-07-14 06:07:21.132757,USD,Completed
ORD014923,CUST03124,2026-03-19 06:31:44.771261,USD,Completed
ORD014924,CUST04235,2026-02-01 22:36:37.224205,USD,Completed
ORD014925,CUST01007,2025-10-19 15:38:24.887815,USD,Completed
ORD014926,CUST02471,2025-07-31 02:14:14.619428,USD,Completed
ORD014927,CUST01582,2026-01-23 01:53:32.943953,USD,Completed
ORD014928,CUST03751,2026-04-22 13:31:20.567502,USD,Completed
ORD014929,CUST01932,2025-09-12 08:41:53.771875,USD,Completed
ORD014930,CUST02213,2026-01-07 10:28:51.697965,$,Completed
ORD014931,CUST03940,2026-05-12 11:19:21.222034,usd,Completed
ORD014932,CUST04660,2025-08-18 20:36:14.591409,USD,Completed
ORD014933,CUST03749,2026-06-29 20:49:19.125453,usd,Completed
ORD014934,CUST04992,2026-03-05 19:59:06.419284,US$,Completed
ORD014935,CUST01344,2025-07-20 21:13:15.058158,$,Completed
ORD014936,CUST00008,2025-08-21 04:19:38.526581,$,Completed
ORD014937,CUST02936,2025-08-05 17:52:00.585027,USD,Cancelled
ORD014938,CUST03279,2026-03-17 23:32:11.034579,USD,Completed
ORD014939,CUST00086,2026-06-07 10:13:51.481338,USD,Completed
ORD014940,CUST04487,2025-07-08 14:25:36.992031,USD,Completed
ORD014941,CUST00813,2025-12-15 08:12:28.793770,USD ,Completed
ORD014942,CUST04251,2026-05-25 21:33:55.644166,USD,Completed
ORD014943,CUST00267,2026-04-27 02:28:50.931820,USD,Completed
ORD014944,CUST00987,2026-01-08 05:43:54.903228,USD,Completed
ORD014945,CUST00606,2026-04-23 02:59:56.065999,USD,Completed
ORD014946,CUST01639,2025-09-18 05:31:29.523317,USD,Completed
ORD014947,CUST02811,2025-08-02 12:06:09.856680,usd,Completed
ORD014948,CUST01131,2026-03-10 19:25:53.224689,US$,Completed
ORD014949,CUST04560,2026-06-24 11:44:06.617488,USD,Completed
ORD014950,CUST02678,2025-09-18 19:59:06.197191,USD,Completed
ORD014951,CUST04365,2025-12-15 12:11:48.802415,USD,Completed
ORD014952,CUST02364,2025-10-13 10:10:59.096514,USD,Cancelled
ORD014953,CUST01150,2026-03-03 01:43:12.347913,US$,Completed
ORD014954,CUST00868,2026-06-26 00:46:06.155830,US$,Completed
ORD014955,CUST03593,2025-12-28 06:25:54.407114,USD,Completed
ORD014956,CUST02947,2026-03-28 13:26:50.228686,USD,Completed
ORD014957,CUST01377,2025-07-01 22:38:24.694217,USD,Completed
ORD014958,CUST04443,2026-05-11 06:12:56.765275,USD,Completed
ORD014959,CUST03403,2026-03-16 02:16:59.996295,usd,Cancelled
ORD014960,CUST02821,2026-06-12 20:45:34.103678,USD,Completed
ORD014961,CUST01554,2025-12-22 11:19:48.511951,USD,Completed
ORD014962,CUST02191,2025-12-14 21:33:18.245577,USD,Completed
ORD014963,CUST03817,2025-09-10 01:28:37.304016,$,Completed
ORD014964,CUST01924,2026-03-02 11:24:18.998294,USD,Completed
ORD014965,CUST01471,2025-10-26 00:36:46.084856,USD,Completed
ORD014966,CUST04582,2026-05-29 20:48:17.484194,USD,Completed
ORD014967,CUST03841,2025-11-27 13:38:48.408921,usd,Completed
ORD014968,CUST03722,2025-11-13 02:26:35.421045,usd,Completed
ORD014969,CUST04888,2025-07-20 22:06:01.046893,usd,Completed
ORD014970,CUST03138,2026-05-25 01:52:02.548506,USD,Completed
ORD014971,CUST04242,2025-11-13 12:01:53.419981,USD,Completed
ORD014972,CUST03343,2025-09-13 13:21:04.139052,USD,Completed
ORD014973,CUST03121,2025-09-28 15:52:13.005289,US$,Completed
ORD014974,CUST02492,2026-05-28 02:19:23.814296,USD,Completed
ORD014975,CUST03102,2025-09-30 04:24:02.894655,usd,Refunded
ORD014976,CUST04271,2026-03-08 23:12:56.524630,USD,Completed
ORD014977,CUST00953,2026-06-12 16:58:47.258176,USD,Completed
ORD014978,CUST01137,2025-09-08 05:30:18.189781,USD,Completed
ORD014979,CUST02494,2025-09-09 11:31:11.665094,USD,Completed
ORD014980,CUST01200,2026-04-06 21:29:29.343495,US$,Completed
ORD014981,CUST04379,2026-03-02 04:54:31.403314,USD,Completed
ORD014982,CUST02647,2025-10-10 12:15:57.396219,USD,Completed
ORD014983,CUST04287,2026-03-31 04:07:09.640180,USD,Completed
ORD014984,CUST02838,2025-10-18 17:05:44.545575,USD,Completed
ORD014985,CUST03667,2026-06-23 17:59:08.206040,USD,Cancelled
ORD014986,CUST04415,2026-06-11 02:51:34.243183,USD,Completed
ORD014987,CUST00133,2025-09-17 05:04:51.323725,USD,Completed
ORD014988,CUST00296,2025-12-26 10:28:15.876314,USD,Completed
ORD014989,CUST00037,2026-01-16 17:19:55.938710,$,Completed
ORD014990,CUST03862,2025-12-15 03:35:56.276212,usd,Completed
ORD014991,CUST03305,2026-04-19 19:29:08.638542,$,Completed
ORD014992,CUST04414,2025-07-25 12:58:51.123503,usd,Completed
ORD014993,CUST02670,2026-02-15 21:25:26.139015,$,Completed
ORD014994,CUST03083,2026-02-11 18:40:06.466989,USD,Completed
ORD014995,CUST01481,2025-11-23 11:56:31.332217,USD,Completed
ORD014996,CUST03533,2025-10-29 05:24:23.403469,USD,Cancelled
ORD014997,CUST03275,2026-02-25 16:12:35.247700,USD,Completed
ORD014998,CUST00391,2025-09-23 04:04:22.435603,USD,Completed
ORD014999,CUST03905,2025-07-30 12:41:45.985397,USD,Completed
ORD015000,CUST01394,2026-04-12 20:14:33.373968,USD,Completed
